# OBJ File Exported By Crafty (c) 2006 Ryan Gregg
# http://nemesis.thewavelength.net/

mtllib a10.mtl

v 0.116154 0.625451 -4.804987
v 0.372650 0.490725 -4.778469
v 0.379881 0.474131 -4.775162
v 0.382083 0.446657 -4.769795
v 0.271462 0.313034 -4.743493
v 0.294834 0.308219 -4.742547
v 0.391399 0.339369 -4.748636
v 0.311050 0.295649 -4.740071
v 0.463191 0.234449 -4.728025
v 0.443470 0.316516 -4.744179
v 0.397184 0.318879 -4.744644
v 0.326024 0.234459 -4.728027
v 0.416025 0.316536 -4.744142
v 0.323174 0.266124 -4.734261
v -0.232710 0.625572 -4.804969
v -0.352809 0.511341 -4.749837
v -0.376870 0.468674 -4.739626
v -0.310524 0.296476 -4.692299
v -0.463168 0.327637 -4.701622
v -0.463168 0.263585 -4.682094
v -0.395012 0.330331 -4.702413
v -0.389885 0.342089 -4.705796
v -0.316112 0.285015 -4.688786
v -0.318176 0.263585 -4.682094
v -0.307376 0.301160 -4.693722
v -0.307397 0.291967 -4.740681
v -0.404105 0.327508 -4.701548
v -0.307451 0.327985 -4.701713
v -0.290869 0.307007 -4.742308
v -0.379439 0.444293 -4.733533
v -0.372153 0.491915 -4.745277
v -0.249365 0.625320 -4.804962
v -0.307190 0.373717 -4.755421
v -0.307091 0.505401 -4.781358
v -0.269797 0.313034 -4.743493
v -0.333390 0.527930 -4.785792
v -0.307071 0.511380 -4.749846
v -0.352830 0.505363 -4.781350
v -0.307470 0.319602 -4.744773
v -0.307169 0.381166 -4.716841
v -0.093720 0.657555 -4.615028
v 0.095991 0.503257 -4.601528
v -0.093751 0.503253 -4.601528
v 0.095454 0.657752 -4.615044
v -0.114528 0.402222 -4.761049
v 0.116837 0.402228 -4.761050
v -0.137169 0.299980 -4.740924
v -0.114556 0.292104 -4.739374
v -0.114534 0.395983 -4.759820
v -0.114531 0.422216 -4.720508
v 0.116899 0.422528 -4.720764
v 0.116961 0.396768 -4.759976
v 0.117331 0.292104 -4.739374
v 0.139216 0.299332 -4.740797
v -0.114556 0.339911 -4.652840
v 0.117331 0.195160 -4.477419
v 0.039946 0.160482 -4.416095
v -0.031603 0.160482 -4.416095
v -0.114489 0.625216 -4.804942
v 0.253528 0.625386 -4.804976
v -0.158111 0.312897 -4.743466
v -0.159065 0.625375 -4.804955
v -0.123954 0.625282 -4.804946
v 0.133550 0.625438 -4.804985
v 0.159775 0.312897 -4.743466
v 0.169683 0.625425 -4.804983
v -0.124797 0.652695 -4.666027
v -0.124603 0.721314 -4.679560
v -0.158701 0.721418 -4.679581
v -0.158896 0.652800 -4.666048
v 0.169962 0.653146 -4.664066
v 0.133402 0.721780 -4.677564
v 0.169985 0.721779 -4.677568
v -0.114556 0.249551 -4.573597
v -0.031646 0.195208 -4.477501
v 0.089482 0.176350 -4.444155
v 0.009613 0.249551 -4.573597
v 0.117331 0.339911 -4.652840
v 0.039936 0.176350 -4.444155
v -0.114556 0.194739 -4.478607
v 0.133380 0.653159 -4.664065
v -0.031565 0.176350 -4.444155
v 0.077362 0.249551 -4.573597
v 0.117331 0.249551 -4.573597
v 0.372621 0.523061 -4.614068
v 0.366412 0.498502 -4.609197
v 0.369543 0.473522 -4.604319
v 0.379853 0.506467 -4.610761
v 0.382055 0.478994 -4.605395
v 0.385280 0.368847 -4.583676
v 0.391371 0.371706 -4.584236
v 0.443441 0.348853 -4.579779
v 0.397154 0.351216 -4.580243
v 0.408576 0.342961 -4.578580
v 0.443992 0.343488 -4.578726
v 0.415996 0.348874 -4.579742
v 0.393295 0.346479 -4.579313
v -0.232670 0.657971 -4.640581
v -0.249325 0.657706 -4.640572
v -0.333349 0.560324 -4.621403
v -0.376851 0.494735 -4.608452
v -0.379418 0.470095 -4.603602
v -0.462774 0.343790 -4.578781
v -0.383173 0.360898 -4.582109
v -0.389865 0.366368 -4.583185
v -0.397394 0.343660 -4.578716
v -0.463147 0.351642 -4.580327
v -0.389002 0.348918 -4.579790
v -0.394993 0.354388 -4.580867
v -0.404085 0.351513 -4.580260
v -0.232538 0.638995 -4.636845
v -0.232371 0.646763 -4.638375
v -0.322413 0.542031 -4.617802
v -0.363247 0.512093 -4.611909
v -0.351436 0.507976 -4.611099
v -0.367712 0.468710 -4.603330
v -0.364752 0.492843 -4.608079
v -0.353756 0.491468 -4.607809
v -0.356363 0.468034 -4.603196
v -0.285330 0.572522 -4.623803
v -0.313750 0.541788 -4.617755
v -0.318873 0.546184 -4.618620
v 0.229005 0.612416 -4.631659
v 0.229005 0.633960 -4.635898
v 0.115850 0.633843 -4.635877
v 0.115850 0.612299 -4.631636
v 0.116125 0.657798 -4.640588
v 0.357490 0.509131 -4.611328
v 0.322176 0.533256 -4.616078
v 0.265295 0.611549 -4.631488
v 0.257066 0.605585 -4.630315
v -0.290297 0.577087 -4.624702
v 0.329882 0.539798 -4.617366
v -0.236331 0.625514 -4.634234
v -0.249915 0.638262 -4.636745
v -0.241452 0.629907 -4.635100
v -0.372134 0.518183 -4.613109
v -0.331004 0.557041 -4.620757
v -0.334673 0.552786 -4.619919
v -0.272045 0.586891 -4.626633
v -0.277469 0.590961 -4.627433
v -0.158850 0.657826 -4.640569
v -0.114448 0.657616 -4.640553
v 0.253500 0.657720 -4.640574
v -0.114609 0.646746 -4.638414
v -0.125024 0.657734 -4.640562
v 0.245112 0.633973 -4.635903
v 0.170037 0.657772 -4.640583
v 0.133334 0.657772 -4.640585
v 0.289213 0.732326 -3.079268
v 0.289213 0.837500 -3.650000
v -0.262954 0.662501 -3.700000
v 0.289213 0.837500 -3.650000
v 0.289213 -0.125918 -3.356633
v 0.289213 0.732326 -3.079268
v 0.289213 0.837500 -3.650000
v 0.289213 -0.037151 -3.934030
v -0.262954 -0.037151 -3.934030
v -0.262954 0.732326 -3.079268
v -0.262954 -0.125918 -3.356633
v -0.262954 0.837500 -3.650000
v -0.262954 0.837500 -3.650000
v -0.262954 0.837500 -3.650000
v -0.262954 0.732326 -3.079268
v -0.057120 0.795562 -3.053996
v -0.051839 0.901204 -3.626423
v -0.051839 0.901204 -3.626423
v -0.057120 0.795562 -3.053996
v 0.077140 0.795562 -3.053996
v -0.051839 0.901204 -3.626423
v 0.083710 0.901204 -3.626423
v 0.289213 0.662501 -3.700000
v 0.083710 0.901204 -3.626423
v 0.253528 0.625386 -4.804976
v 0.253528 0.625386 -4.804976
v -0.249365 0.625320 -4.804962
v 0.372650 0.490725 -4.778469
v 0.379881 0.474131 -4.775162
v 0.396809 0.318891 -4.746844
v -0.389904 0.333974 -4.747574
v -0.372173 0.485788 -4.777497
v -0.243480 0.181470 -5.944048
v 0.104221 0.208729 -5.894148
v 0.144748 0.382823 -5.739070
v 0.104221 0.183728 -5.944148
v 0.144748 0.357823 -5.789070
v -0.153596 0.357786 -5.789066
v -0.111976 0.183727 -5.944148
v 0.322987 0.310415 -5.732265
v 0.233368 0.206550 -5.894041
v 0.329381 0.301506 -5.731408
v 0.345830 0.217548 -5.723501
v 0.249906 0.203873 -5.893887
v 0.238004 0.206297 -5.894018
v -0.243480 0.181470 -5.944048
v -0.254783 0.179117 -5.943911
v -0.350706 0.201232 -5.774333
v -0.350706 0.201232 -5.774333
v -0.335091 0.282762 -5.782015
v -0.243480 0.181470 -5.944048
v 0.133334 0.657772 -4.640585
v 0.116125 0.657798 -4.640588
v 0.170037 0.657772 -4.640583
v 0.253500 0.657720 -4.640574
v 0.372650 0.490725 -4.778469
v 0.253528 0.625386 -4.804976
v 0.372621 0.523061 -4.614068
v 0.379853 0.506467 -4.610761
v 0.372621 0.523061 -4.614068
v 0.372650 0.490725 -4.778469
v 0.372650 0.490725 -4.778469
v 0.379853 0.506467 -4.610761
v 0.379881 0.474131 -4.775162
v 0.382055 0.478994 -4.605395
v 0.391399 0.339369 -4.748636
v 0.391371 0.371706 -4.584236
v 0.382083 0.446657 -4.769795
v 0.391371 0.371706 -4.584236
v 0.391399 0.339369 -4.748636
v 0.397184 0.318879 -4.744644
v 0.397155 0.351216 -4.580243
v 0.443470 0.316516 -4.744179
v 0.397155 0.351216 -4.580243
v 0.443441 0.348853 -4.579779
v 0.415996 0.348874 -4.579742
v 0.416025 0.316536 -4.744142
v 0.397184 0.318879 -4.744644
v -0.158850 0.657826 -4.640569
v -0.249325 0.657706 -4.640572
v -0.232670 0.657971 -4.640581
v -0.249365 0.625320 -4.804962
v -0.249365 0.625320 -4.804962
v -0.372134 0.518183 -4.613109
v -0.249325 0.657706 -4.640572
v -0.372173 0.485788 -4.777497
v -0.372173 0.485788 -4.777497
v -0.379418 0.470095 -4.603602
v -0.372134 0.518183 -4.613109
v -0.389865 0.366368 -4.583185
v -0.376891 0.462341 -4.772841
v -0.379458 0.437702 -4.767991
v -0.376851 0.494735 -4.608452
v -0.389904 0.333974 -4.747574
v -0.379458 0.437702 -4.767991
v -0.379418 0.470095 -4.603602
v -0.394993 0.354388 -4.580867
v -0.389904 0.333974 -4.747574
v -0.395032 0.321994 -4.745258
v -0.389865 0.366368 -4.583185
v -0.404085 0.351513 -4.580260
v -0.404124 0.319119 -4.744650
v -0.395032 0.321994 -4.745258
v -0.333349 0.560324 -4.621403
v -0.333390 0.527930 -4.785792
v -0.394993 0.354388 -4.580867
v -0.352830 0.505363 -4.781350
v -0.310524 0.296477 -4.692299
v -0.310543 0.287210 -4.739605
v -0.316112 0.285015 -4.688786
v -0.316133 0.275574 -4.736940
v -0.318176 0.263585 -4.682094
v -0.318197 0.253812 -4.731836
v -0.307397 0.291968 -4.740681
v -0.307376 0.301160 -4.693722
v -0.307470 0.319204 -4.746687
v -0.307451 0.327985 -4.701713
v -0.307090 0.505401 -4.781358
v -0.307071 0.511380 -4.749846
v -0.307190 0.373202 -4.757894
v -0.307169 0.381167 -4.716841
v 0.265295 0.591216 -4.734790
v 0.245112 0.633973 -4.635903
v 0.265295 0.611549 -4.631488
v 0.245112 0.613640 -4.739203
v -0.241452 0.629907 -4.635100
v -0.232371 0.626429 -4.741676
v -0.241452 0.609574 -4.738400
v -0.232538 0.618662 -4.740146
v -0.232371 0.646763 -4.638375
v -0.232538 0.638995 -4.636845
v -0.331004 0.557041 -4.620757
v -0.331004 0.536709 -4.724058
v -0.322413 0.521698 -4.721102
v -0.322413 0.542031 -4.617802
v -0.334673 0.532455 -4.723220
v -0.322413 0.542031 -4.617802
v -0.334673 0.552786 -4.619919
v -0.322413 0.521698 -4.721102
v -0.351436 0.487643 -4.714399
v -0.351436 0.507976 -4.611099
v -0.353756 0.491468 -4.607809
v -0.356363 0.468034 -4.603196
v -0.353756 0.471134 -4.711109
v -0.356363 0.447701 -4.706497
v -0.356363 0.447701 -4.706497
v -0.367712 0.468710 -4.603330
v -0.356363 0.468034 -4.603196
v -0.367712 0.448377 -4.706630
v -0.285330 0.552188 -4.727105
v -0.313750 0.541788 -4.617755
v -0.285330 0.572522 -4.623803
v -0.313750 0.521455 -4.721055
v -0.290297 0.556754 -4.728002
v -0.285330 0.572522 -4.623803
v -0.290297 0.577087 -4.624702
v -0.313750 0.521455 -4.721055
v -0.285330 0.552188 -4.727105
v -0.313750 0.541788 -4.617755
v -0.318873 0.546184 -4.618620
v -0.318873 0.525851 -4.721921
v 0.229005 0.592082 -4.734960
v 0.115850 0.612299 -4.631636
v 0.229006 0.612416 -4.631659
v 0.115850 0.591966 -4.734937
v 0.229005 0.613627 -4.739200
v 0.229006 0.633960 -4.635898
v 0.229006 0.612416 -4.631659
v 0.229005 0.592082 -4.734960
v 0.245112 0.613640 -4.739203
v 0.245112 0.633973 -4.635903
v 0.229006 0.633960 -4.635898
v 0.229005 0.613627 -4.739200
v 0.322176 0.512922 -4.719378
v 0.322176 0.533256 -4.616078
v 0.257068 0.605585 -4.630315
v 0.257068 0.585252 -4.733615
v 0.329882 0.519467 -4.720666
v 0.322176 0.533256 -4.616078
v 0.329882 0.539798 -4.617366
v 0.322176 0.512922 -4.719378
v 0.257068 0.585252 -4.733615
v 0.265295 0.611549 -4.631488
v 0.257068 0.605585 -4.630315
v 0.265295 0.591216 -4.734790
v -0.277469 0.570627 -4.730734
v -0.290297 0.577087 -4.624702
v -0.277469 0.590961 -4.627433
v -0.290297 0.556754 -4.728002
v -0.236331 0.605182 -4.737534
v -0.272045 0.586891 -4.626633
v -0.236331 0.625514 -4.634234
v -0.272045 0.566558 -4.729933
v -0.241452 0.609574 -4.738400
v -0.236331 0.625514 -4.634234
v -0.241452 0.629907 -4.635100
v -0.236331 0.605182 -4.737534
v -0.272045 0.566558 -4.729933
v -0.272045 0.586891 -4.626633
v -0.277469 0.590961 -4.627433
v -0.277469 0.570627 -4.730734
v -0.331004 0.536709 -4.724058
v -0.331004 0.557041 -4.620757
v -0.334673 0.552786 -4.619919
v -0.334673 0.532455 -4.723220
v 0.116154 0.625451 -4.804987
v 0.116837 0.402228 -4.761050
v -0.114527 0.402224 -4.761050
v -0.114489 0.625216 -4.804942
v 0.092482 0.625412 -4.804979
v 0.116154 0.625451 -4.804987
v -0.114527 0.402224 -4.761050
v 0.116837 0.402228 -4.761050
v 0.116899 0.422528 -4.720764
v 0.116899 0.422528 -4.720764
v -0.114531 0.422217 -4.720508
v -0.114527 0.402224 -4.761050
v -0.114531 0.422217 -4.720508
v -0.093751 0.503253 -4.601528
v -0.093720 0.657555 -4.615028
v -0.114489 0.634598 -4.747250
v -0.114489 0.634598 -4.747250
v 0.095454 0.657752 -4.615044
v -0.093720 0.657555 -4.615028
v 0.116154 0.634836 -4.747271
v 0.116899 0.422528 -4.720764
v -0.093751 0.503253 -4.601528
v 0.095991 0.503257 -4.601528
v 0.116154 0.634836 -4.747271
v -0.114531 0.422217 -4.720508
v 0.095454 0.657752 -4.615044
v 0.095991 0.503257 -4.601528
v 0.116899 0.422528 -4.720764
v -0.158850 0.657826 -4.640569
v -0.158896 0.652800 -4.666048
v -0.125024 0.657734 -4.640562
v -0.114489 0.625216 -4.804942
v -0.158962 0.637002 -4.746147
v -0.159065 0.625375 -4.804955
v -0.123954 0.625282 -4.804946
v -0.159065 0.625375 -4.804955
v -0.124274 0.705577 -4.759417
v -0.114448 0.657616 -4.640553
v -0.124797 0.652695 -4.666027
v -0.158768 0.705620 -4.759677
v -0.124468 0.636959 -4.745885
v -0.158701 0.721418 -4.679581
v -0.232710 0.625572 -4.804969
v -0.158896 0.652800 -4.666048
v -0.158962 0.637002 -4.746147
v -0.124603 0.721314 -4.679560
v 0.253528 0.625386 -4.804976
v 0.133334 0.657772 -4.640585
v 0.169962 0.653146 -4.664066
v 0.170037 0.657772 -4.640583
v 0.133380 0.653159 -4.664065
v 0.169862 0.705620 -4.759677
v 0.169962 0.653146 -4.664066
v 0.133402 0.721780 -4.677564
v 0.133498 0.705588 -4.759891
v 0.169985 0.721779 -4.677568
v 0.133476 0.636968 -4.746390
v 0.133380 0.653159 -4.664065
v 0.116154 0.625451 -4.804987
v 0.169683 0.625425 -4.804983
v 0.169840 0.636987 -4.746175
v 0.253500 0.657720 -4.640574
v 0.169683 0.625425 -4.804983
v 0.169840 0.636987 -4.746175
v 0.133550 0.625438 -4.804985
v 0.133476 0.636968 -4.746390
v 0.133550 0.625438 -4.804985
v 0.133476 0.636968 -4.746390
v 0.116154 0.625451 -4.804987
v -0.158962 0.637002 -4.746147
v -0.124274 0.705577 -4.759417
v -0.158768 0.705620 -4.759677
v -0.124468 0.636959 -4.745885
v -0.124468 0.636959 -4.745885
v -0.124274 0.705577 -4.759417
v -0.124603 0.721314 -4.679560
v -0.124797 0.652695 -4.666027
v -0.158896 0.652800 -4.666048
v -0.158768 0.705620 -4.759677
v -0.158701 0.721418 -4.679581
v -0.158962 0.637002 -4.746147
v 0.169840 0.636987 -4.746175
v 0.169985 0.721779 -4.677568
v 0.169862 0.705620 -4.759677
v 0.169962 0.653146 -4.664066
v 0.133476 0.636968 -4.746390
v 0.169862 0.705620 -4.759677
v 0.133498 0.705588 -4.759891
v 0.169840 0.636987 -4.746175
v 0.133380 0.653159 -4.664065
v 0.133498 0.705588 -4.759891
v 0.133402 0.721780 -4.677564
v 0.133476 0.636968 -4.746390
v -0.114489 0.625216 -4.804942
v 0.092482 0.625412 -4.804979
v -0.090613 0.625255 -4.804950
v -0.114489 0.634598 -4.747250
v -0.463168 0.263585 -4.682094
v -0.318176 0.263585 -4.682094
v -0.031646 0.159458 -4.490889
v -0.031646 0.195209 -4.477502
v -0.114556 0.194739 -4.478607
v -0.114556 0.158970 -4.492046
v 0.089482 0.176350 -4.444155
v 0.089482 0.140599 -4.457542
v 0.039946 0.124732 -4.429483
v -0.031603 0.160483 -4.416095
v 0.039946 0.160483 -4.416095
v -0.031603 0.124732 -4.429483
v 0.039936 0.140599 -4.457542
v 0.039936 0.176350 -4.444155
v 0.039946 0.160483 -4.416095
v 0.039946 0.124732 -4.429483
v -0.031603 0.124732 -4.429483
v -0.031603 0.160483 -4.416095
v 0.089482 0.140599 -4.457542
v 0.039936 0.176350 -4.444155
v 0.089482 0.176350 -4.444155
v 0.039936 0.140599 -4.457542
v -0.031646 0.195209 -4.477502
v -0.031565 0.176350 -4.444155
v -0.031565 0.140599 -4.457542
v -0.031646 0.159458 -4.490889
v 0.326024 0.234459 -4.728027
v 0.463191 0.234449 -4.728025
v -0.319443 0.259718 -3.796563
v -0.476438 0.259983 -3.796586
v 0.326024 0.203511 -4.457622
v 0.464987 0.204216 -4.457681
v -0.319443 0.259718 -3.796563
v -0.319443 0.202223 -4.453728
v -0.319443 -0.085152 -4.462774
v 0.326024 -0.033739 -3.893756
v -0.319443 -0.035028 -3.889861
v 0.326024 -0.083863 -4.466669
v 0.326024 0.261005 -3.800458
v 0.326024 0.203511 -4.457622
v -0.319443 -0.085152 -4.462774
v 0.326024 -0.033739 -3.893756
v 0.326024 -0.083863 -4.466669
v -0.319443 -0.035028 -3.889861
v 0.116899 0.402429 -4.761544
v 0.116899 0.422528 -4.720764
v -0.114531 0.422217 -4.720508
v -0.114531 0.402118 -4.761288
v -0.114556 0.292110 -4.739377
v -0.114556 0.339911 -4.652840
v -0.114556 0.158970 -4.492046
v 0.117331 0.159391 -4.490858
v 0.117331 0.195161 -4.477419
v 0.117331 0.158735 -4.604683
v 0.117331 0.249551 -4.573597
v 0.117331 0.292110 -4.739377
v 0.117331 0.339911 -4.652840
v -0.114556 0.249551 -4.573597
v -0.114556 0.194739 -4.478607
v -0.114556 0.158735 -4.604684
v -0.318176 0.312463 -4.778566
v -0.318176 0.263585 -4.682094
v -0.318176 -0.104253 -4.683482
v -0.318176 -0.123767 -5.200462
v 0.326024 -0.126306 -5.202775
v 0.326024 -0.110836 -4.732006
v 0.326024 0.234459 -4.728027
v 0.326024 0.311624 -4.779775
v -0.318176 -0.123767 -5.200462
v 0.326024 -0.110836 -4.732006
v -0.318176 -0.104253 -4.683482
v 0.326024 -0.126306 -5.202775
v 0.326024 0.311624 -4.779775
v -0.318176 0.312463 -4.778566
v -0.318176 -0.123767 -5.200462
v 0.326024 -0.126306 -5.202775
v -0.159065 0.625375 -4.804955
v -0.158850 0.657826 -4.640569
v -0.249365 0.625320 -4.804962
v -0.249325 0.657706 -4.640572
v -0.372134 0.518183 -4.613109
v -0.372173 0.485788 -4.777497
v -0.249365 0.625320 -4.804962
v -0.249325 0.657706 -4.640572
v -0.372173 0.485788 -4.777497
v -0.379418 0.470095 -4.603602
v -0.372134 0.518183 -4.613109
v -0.379458 0.437702 -4.767991
v -0.389865 0.366368 -4.583185
v -0.389904 0.333974 -4.747574
v -0.379418 0.470095 -4.603602
v -0.379418 0.470095 -4.603602
v -0.379458 0.437702 -4.767991
v -0.389904 0.333974 -4.747574
v 0.169683 0.625425 -4.804983
v 0.253500 0.657720 -4.640574
v 0.253528 0.625386 -4.804976
v 0.170037 0.657772 -4.640583
v 0.253528 0.625386 -4.804976
v 0.372650 0.490725 -4.778469
v 0.372621 0.523061 -4.614068
v 0.253500 0.657720 -4.640574
v 0.379853 0.506467 -4.610761
v 0.372650 0.490725 -4.778469
v 0.372621 0.523061 -4.614068
v 0.116154 0.625451 -4.804987
v 0.133550 0.625438 -4.804985
v 0.133334 0.657772 -4.640585
v 0.116125 0.657798 -4.640588
v 0.116125 0.657798 -4.640588
v 0.115850 0.591966 -4.734937
v 0.116154 0.625451 -4.804987
v 0.115850 0.612299 -4.631636
v 0.326024 -0.033739 -3.893756
v 0.464987 0.261710 -3.800519
v 0.326024 0.261005 -3.800458
v -0.319443 0.259718 -3.796563
v -0.319443 -0.035028 -3.889861
v -0.476438 0.259983 -3.796586
v -0.319443 0.259718 -3.796563
v -0.419938 0.463359 -3.733183
v 0.414073 0.459823 -3.731404
v 0.326024 0.261005 -3.800458
v 0.366412 0.465413 -4.774471
v 0.366412 0.498502 -4.609197
v 0.393295 0.313390 -4.744588
v 0.369544 0.473523 -4.604320
v 0.369543 0.440433 -4.769594
v 0.393295 0.346479 -4.579313
v 0.385280 0.335756 -4.748950
v 0.385280 0.368847 -4.583676
v 0.357489 0.476041 -4.776603
v 0.357490 0.509131 -4.611328
v 0.329882 0.539798 -4.617366
v 0.329882 0.506710 -4.782640
v -0.476438 0.259983 -3.796586
v -0.465697 0.346077 -4.466718
v -0.419938 0.463359 -3.733183
v -0.476438 0.259983 -3.796586
v -0.476438 0.234089 -4.092566
v -0.476438 0.234089 -4.092566
v -0.476438 0.202489 -4.453750
v -0.476438 0.202489 -4.453750
v -0.319443 0.202223 -4.453728
v -0.465697 0.346077 -4.466718
v -0.463168 0.327637 -4.701622
v -0.463168 0.263585 -4.682094
v 0.464987 0.204216 -4.457681
v 0.464987 0.234804 -4.108062
v 0.447107 0.339502 -4.473571
v 0.414073 0.459823 -3.731404
v 0.464987 0.234804 -4.108062
v 0.464987 0.261710 -3.800519
v 0.464987 0.261710 -3.800519
v 0.447107 0.339502 -4.473571
v 0.326024 0.261005 -3.800458
v 0.447107 0.339502 -4.473571
v 0.464987 0.234804 -4.108062
v 0.443470 0.316516 -4.744179
v 0.464987 0.204216 -4.457681
v 0.463191 0.234449 -4.728025
v -0.419938 0.501193 -3.736495
v -0.419938 0.463359 -3.733183
v -0.465697 0.346077 -4.466718
v -0.463168 0.327637 -4.701622
v -0.465697 0.383911 -4.470028
v -0.463168 0.341481 -4.702833
v 0.414073 0.497657 -3.734714
v 0.414073 0.459823 -3.731404
v 0.447106 0.377336 -4.476881
v 0.443470 0.316516 -4.744179
v 0.443470 0.330360 -4.745390
v 0.447107 0.339502 -4.473571
v -0.405834 0.501193 -3.736495
v -0.419938 0.501193 -3.736495
v -0.395356 0.383911 -4.470028
v -0.463168 0.341481 -4.702833
v -0.392827 0.341481 -4.702833
v -0.465697 0.383911 -4.470028
v 0.414073 0.497657 -3.734714
v 0.394778 0.497657 -3.734714
v 0.391508 0.330360 -4.745390
v 0.395145 0.377336 -4.476881
v 0.443470 0.330360 -4.745390
v 0.447106 0.377336 -4.476881
v -0.405834 0.501193 -3.736495
v -0.405834 0.589835 -3.744250
v -0.392827 0.430123 -4.710588
v -0.395356 0.460567 -4.476735
v 0.394778 0.586299 -3.742469
v -0.392827 0.341481 -4.702833
v -0.395356 0.383911 -4.470028
v 0.394778 0.497657 -3.734714
v 0.395145 0.453993 -4.483587
v 0.391508 0.330360 -4.745390
v 0.395145 0.377336 -4.476881
v 0.391508 0.419002 -4.753145
v 0.246680 -0.078351 -4.430228
v 0.246680 0.145240 -4.416481
v -0.220933 0.108839 -4.082280
v 0.246680 0.158809 -4.019730
v -0.220933 0.158809 -4.019729
v -0.220933 0.197851 -4.008506
v 0.246680 0.197851 -4.008506
v -0.220933 0.285048 -4.029532
v 0.246680 0.285048 -4.029532
v 0.246680 0.431466 -3.948434
v -0.220933 0.431466 -3.948434
v 0.246680 0.606444 -3.950383
v -0.220933 0.662501 -3.700000
v -0.262954 0.662501 -3.700000
v -0.262954 -0.037151 -3.934030
v 0.289213 -0.037151 -3.934030
v 0.157795 0.145240 -4.416481
v 0.246680 0.145240 -4.416481
v 0.157795 0.164880 -4.362692
v 0.246680 0.156981 -4.324159
v 0.157795 0.145240 -4.416481
v 0.246680 0.164880 -4.362692
v 0.157795 0.149047 -4.317387
v -0.220933 0.145240 -4.416481
v -0.143146 0.145240 -4.416481
v -0.220933 0.145240 -4.416481
v -0.143146 0.085616 -4.421869
v -0.143146 0.145240 -4.416481
v -0.143146 0.164880 -4.362692
v -0.143146 0.149047 -4.317386
v -0.143146 0.085616 -4.421869
v -0.220933 0.164880 -4.362692
v 0.246680 0.116773 -4.089051
v -0.220933 0.149047 -4.317387
v 0.157795 0.149047 -4.317387
v -0.143146 0.071725 -4.329109
v -0.018333 0.071683 -4.329177
v -0.143146 0.145240 -4.416481
v -0.143146 0.085616 -4.421869
v -0.143146 0.149047 -4.317386
v -0.143146 0.071725 -4.329109
v 0.157795 0.085616 -4.421869
v -0.143146 0.164880 -4.362692
v 0.157795 0.145240 -4.416481
v 0.157795 0.164880 -4.362692
v 0.157795 0.149047 -4.317387
v 0.157795 0.071616 -4.329287
v 0.119936 0.662501 -3.700000
v 0.119936 0.848778 -3.770884
v -0.097517 0.837500 -3.650000
v -0.220933 0.598510 -3.943611
v 0.246680 0.662501 -3.700000
v -0.220933 0.663433 -3.904347
v 0.119936 0.837500 -3.650000
v -0.098189 0.848778 -3.770888
v 0.246680 0.663433 -3.904348
v -0.097517 0.662501 -3.700000
v 0.119936 0.663470 -3.891795
v 0.119936 0.848778 -3.770884
v 0.119936 0.837500 -3.650000
v -0.098237 0.663433 -3.904348
v 0.119936 0.662501 -3.700000
v 0.119936 0.848778 -3.770884
v -0.098189 0.848778 -3.770888
v 0.119936 0.663470 -3.891795
v -0.097517 0.662501 -3.700000
v -0.098189 0.848778 -3.770888
v -0.097517 0.837500 -3.650000
v -0.098237 0.663433 -3.904348
v -0.220933 0.206485 -4.461887
v -0.262954 0.206485 -4.461887
v -0.220933 0.156981 -4.324159
v -0.262954 0.156981 -4.324159
v -0.220933 0.116773 -4.089051
v -0.262954 0.116773 -4.089051
v -0.220933 0.166743 -4.026501
v -0.262954 0.166743 -4.026501
v -0.262954 0.205784 -4.015278
v -0.220933 0.205784 -4.015278
v -0.220933 0.285048 -4.029532
v -0.262954 0.285048 -4.029532
v -0.262954 0.360861 -3.999569
v -0.220933 0.360861 -3.999569
v -0.262954 0.439399 -3.955205
v -0.220933 0.439399 -3.955205
v -0.220933 0.671366 -3.911119
v -0.262954 0.671366 -3.911119
v -0.262954 0.662501 -3.700000
v -0.220933 0.662501 -3.700000
v -0.220933 -0.089983 -4.563321
v -0.262954 -0.089983 -4.563321
v -0.262954 0.206485 -4.461887
v -0.220933 0.206485 -4.461887
v -0.262954 0.671366 -3.911119
v -0.220933 0.606444 -3.950383
v -0.262954 0.606444 -3.950383
v -0.220933 0.671366 -3.911119
v 0.246680 -0.089983 -4.563321
v 0.289213 0.206485 -4.461887
v 0.289213 -0.089983 -4.563321
v 0.246680 0.206485 -4.461887
v 0.289213 0.206485 -4.461887
v 0.246680 0.206485 -4.461887
v 0.289213 0.116773 -4.089051
v 0.246680 0.116773 -4.089051
v 0.246680 0.166743 -4.026501
v 0.289213 0.166743 -4.026501
v 0.246680 0.205784 -4.015278
v 0.289213 0.205784 -4.015278
v 0.289213 0.285048 -4.029532
v 0.246680 0.285048 -4.029532
v 0.246680 0.360861 -3.999569
v 0.289213 0.360861 -3.999569
v 0.246680 0.671366 -3.911119
v 0.246680 0.439399 -3.955207
v 0.289213 0.439399 -3.955207
v 0.289213 0.671366 -3.911119
v 0.246680 0.606444 -3.950383
v 0.289213 0.606444 -3.950383
v 0.246680 0.662501 -3.700000
v 0.289213 0.662501 -3.700000
v 0.289213 0.671366 -3.911119
v 0.246680 0.671366 -3.911119
v 0.246680 -0.089983 -4.563321
v 0.246680 -0.078351 -4.430228
v 0.246680 0.145240 -4.416481
v -0.220933 0.164880 -4.362692
v -0.220933 0.210604 -4.383118
v 0.246680 0.156981 -4.324159
v -0.220933 -0.078351 -4.430228
v 0.246680 0.210604 -4.383118
v 0.246680 0.164880 -4.362692
v 0.246680 0.206485 -4.461887
v -0.220933 0.145240 -4.416481
v -0.220933 0.206485 -4.461887
v -0.220933 -0.089983 -4.563321
v -0.220933 0.149047 -4.317387
v 0.246680 0.156981 -4.324159
v -0.262954 0.156981 -4.324159
v 0.289213 0.210604 -4.383118
v 0.289213 0.156981 -4.324159
v 0.246680 0.210604 -4.383118
v -0.262954 0.210604 -4.383118
v -0.220933 0.210604 -4.383118
v -0.220933 0.149047 -4.317387
v -0.220933 0.156981 -4.324159
v -0.220933 0.108839 -4.082280
v -0.220933 0.116773 -4.089051
v 0.246680 0.116773 -4.089051
v -0.220933 0.158809 -4.019729
v -0.220933 0.166743 -4.026501
v 0.246680 0.166743 -4.026501
v 0.246680 0.158809 -4.019730
v -0.220933 0.205784 -4.015278
v -0.220933 0.197851 -4.008506
v 0.246680 0.197851 -4.008506
v 0.246680 0.205784 -4.015278
v -0.220933 0.285048 -4.029532
v 0.246680 0.285048 -4.029532
v -0.220933 0.360861 -3.999569
v 0.246680 0.360861 -3.999569
v -0.220933 0.439399 -3.955205
v -0.220933 0.431466 -3.948434
v 0.246680 0.439399 -3.955207
v 0.246680 0.431466 -3.948434
v 0.246680 0.606444 -3.950383
v -0.220933 0.662501 -3.700000
v -0.220933 0.671366 -3.911119
v 0.246680 0.663433 -3.904348
v 0.246680 0.662501 -3.700000
v -0.262954 0.663433 -3.904347
v 0.246680 0.671366 -3.911119
v 0.246680 0.663433 -3.904348
v -0.262954 0.662501 -3.700000
v -0.262954 0.285048 -4.029532
v -0.262954 0.671366 -3.911119
v -0.262954 0.606444 -3.950383
v -0.262954 0.663433 -3.904347
v -0.262954 0.439399 -3.955205
v -0.262954 0.166743 -4.026501
v -0.262954 0.431466 -3.948434
v -0.262954 0.360861 -3.999569
v -0.262954 0.197851 -4.008506
v -0.262954 0.205784 -4.015278
v 0.289213 0.662501 -3.700000
v 0.289213 0.671366 -3.911119
v 0.289213 0.205784 -4.015278
v 0.289213 0.285048 -4.029532
v 0.289213 0.439399 -3.955207
v -0.220933 0.671366 -3.911119
v 0.289213 0.431466 -3.948434
v 0.289213 0.360861 -3.999569
v 0.289213 0.598510 -3.943611
v -0.220933 0.663433 -3.904347
v 0.289213 0.606444 -3.950383
v 0.289213 0.197851 -4.008506
v 0.289213 0.663433 -3.904348
v 0.289213 0.671366 -3.911119
v -0.262954 0.156981 -4.324159
v -0.220933 0.598510 -3.943611
v -0.220933 0.606444 -3.950383
v -0.220933 0.156981 -4.324159
v -0.220933 0.149047 -4.317387
v -0.220933 0.662501 -3.700000
v -0.220933 0.662501 -3.700000
v 0.246680 0.662501 -3.700000
v -0.262954 0.662501 -3.700000
v -0.262954 0.662501 -3.700000
v 0.246680 0.662501 -3.700000
v 0.289213 0.662501 -3.700000
v 0.289213 0.662501 -3.700000
v 0.157795 0.071616 -4.329287
v 0.157795 0.071616 -4.329287
v 0.031815 0.071660 -4.329216
v 0.157795 0.085616 -4.421869
v 0.055190 0.235274 -4.304764
v -0.018333 0.071683 -4.329177
v -0.143146 0.149047 -4.317386
v 0.031815 0.071660 -4.329216
v -0.220933 -0.078351 -4.430228
v -0.041225 0.238704 -4.327898
v -0.017822 0.085616 -4.421869
v 0.031560 0.085616 -4.421869
v 0.031075 0.075121 -4.352196
v -0.143146 0.071725 -4.329109
v 0.053770 0.238705 -4.328072
v -0.040988 0.235297 -4.304724
v -0.018457 0.075117 -4.352024
v 0.031560 0.085616 -4.421869
v -0.017822 0.085616 -4.421869
v 0.157795 0.085616 -4.421869
v -0.018333 0.071683 -4.329177
v -0.018457 0.075117 -4.352024
v 0.031075 0.075121 -4.352196
v 0.031815 0.071660 -4.329216
v -0.018457 0.075117 -4.352024
v 0.031075 0.075121 -4.352196
v 0.031871 0.128742 -4.320626
v 0.031130 0.132203 -4.343607
v 0.031871 0.128742 -4.320626
v -0.018277 0.128765 -4.320588
v -0.018401 0.132200 -4.343436
v -0.018401 0.132200 -4.343436
v 0.049980 0.155233 -4.340141
v 0.051287 0.151773 -4.317162
v -0.037318 0.151796 -4.317122
v -0.037537 0.155231 -4.339970
v -0.037537 0.155231 -4.339970
v -0.040988 0.235297 -4.304724
v -0.047748 0.215532 -4.307394
v 0.060389 0.218941 -4.330743
v 0.053770 0.238705 -4.328072
v 0.055190 0.235274 -4.304764
v -0.047748 0.215532 -4.307394
v 0.062009 0.215509 -4.307433
v -0.041225 0.238704 -4.327898
v -0.040988 0.235297 -4.304724
v -0.048019 0.218938 -4.330568
v -0.048019 0.218938 -4.330568
v 0.053770 0.238705 -4.328072
v 0.060389 0.218941 -4.330743
v 0.038773 0.218941 -4.330707
v 0.049980 0.155233 -4.340141
v 0.032847 0.155234 -4.340108
v 0.014445 0.218940 -4.330669
v -0.023294 0.155231 -4.339998
v -0.003645 0.155232 -4.340037
v -0.027661 0.218939 -4.330602
v -0.003957 0.218940 -4.330640
v 0.031130 0.132203 -4.343607
v -0.041225 0.238704 -4.327898
v 0.015069 0.155233 -4.340074
v 0.062009 0.215509 -4.307433
v 0.051287 0.151773 -4.317162
v 0.034717 0.151778 -4.317154
v 0.039397 0.215513 -4.307426
v -0.021799 0.151793 -4.317129
v 0.055190 0.235274 -4.304764
v -0.037318 0.151796 -4.317122
v -0.018277 0.128765 -4.320588
v 0.017251 0.151782 -4.317146
v -0.025166 0.215528 -4.307401
v 0.016005 0.215518 -4.307417
v -0.002710 0.151786 -4.317138
v -0.001461 0.215522 -4.307410
v 0.034717 0.151778 -4.317154
v 0.039397 0.215513 -4.307426
v 0.038773 0.218941 -4.330707
v 0.032847 0.155234 -4.340108
v 0.015069 0.155233 -4.340074
v 0.017251 0.151782 -4.317146
v 0.032847 0.155234 -4.340108
v 0.034717 0.151778 -4.317154
v 0.016005 0.215518 -4.307417
v 0.017251 0.151782 -4.317146
v 0.014445 0.218940 -4.330669
v 0.015069 0.155233 -4.340074
v -0.002710 0.151786 -4.317138
v -0.001461 0.215522 -4.307410
v -0.003957 0.218940 -4.330640
v -0.003645 0.155232 -4.340037
v -0.002710 0.151786 -4.317138
v -0.021799 0.151793 -4.317129
v -0.003645 0.155232 -4.340037
v -0.023294 0.155231 -4.339998
v -0.025166 0.215528 -4.307401
v -0.021799 0.151793 -4.317129
v -0.027661 0.218939 -4.330602
v -0.023294 0.155231 -4.339998
v -0.102104 0.740576 -4.710629
v -0.087056 0.792686 -4.677202
v -0.089971 0.740576 -4.710629
v -0.098822 0.792686 -4.677202
v -0.108073 0.641747 -4.702979
v -0.095284 0.641747 -4.702979
v -0.089895 0.739855 -4.694025
v -0.102016 0.739855 -4.694025
v 0.092011 0.740576 -4.710629
v 0.101180 0.792686 -4.677202
v 0.104144 0.740576 -4.710629
v 0.089415 0.792686 -4.677202
v 0.096537 0.641747 -4.702979
v 0.109325 0.641747 -4.702979
v 0.104033 0.739855 -4.694025
v 0.091912 0.739855 -4.694025
v -0.087056 0.792686 -4.677202
v -0.087073 0.789400 -4.700679
v -0.089895 0.739855 -4.694025
v -0.095284 0.641747 -4.702979
v -0.089971 0.740576 -4.710629
v -0.101746 0.625489 -4.805006
v -0.098822 0.792686 -4.677202
v -0.092581 0.712271 -4.775937
v -0.102016 0.739855 -4.694025
v -0.115396 0.625489 -4.805006
v -0.102104 0.740576 -4.710629
v -0.105053 0.712271 -4.775937
v -0.108073 0.641747 -4.702979
v -0.098840 0.789400 -4.700679
v -0.105053 0.712271 -4.775937
v -0.092581 0.712271 -4.775937
v -0.098822 0.792686 -4.677202
v -0.087056 0.792686 -4.677202
v -0.087073 0.789400 -4.700679
v -0.098840 0.789400 -4.700679
v -0.102016 0.739855 -4.694025
v -0.089895 0.739855 -4.694025
v -0.089971 0.740576 -4.710629
v -0.102104 0.740576 -4.710629
v -0.115396 0.625489 -4.805006
v -0.101746 0.625489 -4.805006
v -0.095284 0.641747 -4.702979
v -0.108073 0.641747 -4.702979
v -0.105053 0.712271 -4.775937
v -0.101746 0.625489 -4.805006
v -0.092581 0.712271 -4.775937
v -0.115396 0.625489 -4.805006
v 0.101180 0.792686 -4.677202
v 0.101198 0.789400 -4.700679
v 0.104033 0.739855 -4.694025
v 0.109325 0.641747 -4.702979
v 0.116649 0.625489 -4.805006
v 0.104144 0.740576 -4.710629
v 0.089415 0.792686 -4.677202
v 0.106981 0.712271 -4.775937
v 0.091912 0.739855 -4.694025
v 0.102999 0.625489 -4.805006
v 0.092011 0.740576 -4.710629
v 0.094508 0.712271 -4.775937
v 0.089431 0.789400 -4.700679
v 0.096537 0.641747 -4.702979
v 0.094508 0.712271 -4.775937
v 0.106981 0.712271 -4.775937
v 0.089415 0.792686 -4.677202
v 0.101198 0.789400 -4.700679
v 0.089431 0.789400 -4.700679
v 0.101180 0.792686 -4.677202
v 0.091912 0.739855 -4.694025
v 0.104144 0.740576 -4.710629
v 0.104033 0.739855 -4.694025
v 0.092011 0.740576 -4.710629
v 0.102999 0.625489 -4.805006
v 0.116649 0.625489 -4.805006
v 0.109325 0.641747 -4.702979
v 0.096537 0.641747 -4.702979
v 0.094508 0.712271 -4.775937
v 0.106981 0.712271 -4.775937
v 0.116649 0.625489 -4.805006
v 0.102999 0.625489 -4.805006
v 0.394778 0.586299 -3.742469
v 0.446655 0.586299 -3.742469
v 0.423742 0.419002 -4.753145
v 0.395145 0.453993 -4.483587
v 0.440281 0.453993 -4.483587
v 0.391508 0.419002 -4.753145
v -0.439541 0.589835 -3.744250
v -0.405834 0.589835 -3.744250
v -0.395356 0.460567 -4.476735
v -0.392827 0.430123 -4.710588
v -0.429064 0.460567 -4.476735
v -0.307071 0.511380 -4.749846
v -0.417494 0.430123 -4.710588
v -0.352809 0.511341 -4.749837
v -0.352809 0.511341 -4.749837
v -0.352830 0.505363 -4.781350
v -0.307090 0.505401 -4.781358
v 1.579853 0.286712 3.246609
v -1.087530 0.573162 3.250073
v -0.147913 -0.682431 -7.050618
v -1.448238 0.482505 4.647077
v -1.616232 0.512581 3.250742
v -1.563384 0.355633 4.647223
v -2.392335 -0.719363 0.079494
v 2.745373 -0.719363 0.072996
v -1.151476 0.210504 3.250152
v -1.156133 0.212561 4.646709
v 1.331781 0.113407 3.246922
v -2.617977 -0.328790 6.495954
v -0.237614 -0.350507 6.528798
v 0.220320 -0.350507 6.528162
v 2.586485 -0.328790 6.489372
v -2.745578 -0.497179 0.423835
v 0.067793 -0.411414 -3.956813
v -0.173979 -0.362777 -3.955909
v -0.006889 -0.819773 -3.947973
v -0.248661 -0.771136 -3.947069
v 0.034019 0.005933 7.208554
v 2.720226 -0.901833 -1.869681
v -2.417481 -0.901833 -1.863182
v 2.586485 -0.328790 6.489372
v 2.586485 -0.225503 6.489380
v -2.617977 -0.328790 6.495954
v -2.617977 -0.225503 6.495963
v 0.455172 -0.280154 7.098913
v 0.454404 -0.280154 6.492017
v 0.455172 -0.280154 7.098913
v 2.421559 -0.280154 7.096425
v 2.421559 -0.280154 7.096425
v -0.487938 -0.280154 7.100108
v -2.454325 -0.280154 7.102593
v 0.454404 -0.280154 6.492017
v -0.488706 -0.280154 6.493209
v -0.487938 -0.280154 7.100108
v -0.488706 -0.280154 6.493209
v -2.454325 -0.280154 7.102593
v -1.628083 0.062981 4.440711
v -1.443861 0.132496 3.250524
v -1.583674 0.286712 3.250700
v 0.066848 0.124264 2.271835
v -0.071850 0.124264 2.272012
v -0.069750 0.008504 3.931914
v -0.069756 0.510920 3.927529
v 0.066843 0.626680 2.267451
v 0.068942 0.510920 3.927354
v -0.071856 0.626680 2.267626
v 0.068947 0.008504 3.931739
v 2.369513 -0.586909 -1.899218
v -2.768193 -0.586909 -1.892719
v -0.171571 -0.453540 -5.996496
v -1.351903 0.821778 4.440364
v -0.246253 -0.828331 -5.945445
v -0.004210 -0.867849 -5.940146
v -0.004210 -0.867849 -5.940146
v 0.070472 -0.491802 -5.989344
v 2.305776 -0.573522 0.276958
v -2.831932 -0.573522 0.283457
v 1.083708 0.286712 3.247237
v 1.155846 0.212562 4.643694
v 1.155846 0.212562 4.643694
v 1.083708 0.286712 3.247237
v -1.333835 0.109966 4.646934
v 1.548553 0.326085 4.643198
v -0.057038 -0.270454 -7.138321
v -0.248661 -0.771136 -3.947069
v -2.716724 -0.833029 6.109430
v -2.717630 -0.848955 5.392573
v 2.567502 -0.848954 5.385887
v 2.568410 -0.833029 6.102745
v 1.623753 0.411616 3.246553
v 1.548553 0.326085 4.643198
v 0.436360 -0.625224 -3.949161
v 0.560099 -0.327916 -2.990703
v 1.347271 1.160027 1.415110
v -1.355725 1.160027 1.418619
v -2.509247 -0.535812 0.763408
v 2.789432 -0.573522 0.276346
v 8.125376 -0.149630 0.094962
v -1.433574 0.699112 3.250511
v -1.448238 0.482505 4.647077
v -1.433574 0.699112 3.250511
v 1.498045 -0.011629 4.436668
v -0.104477 -0.029754 7.224798
v -0.793764 0.320444 1.689928
v -0.816438 0.287596 1.789194
v -0.761313 0.493927 1.800085
v 0.757018 0.320444 1.687966
v 0.759590 0.266018 1.793027
v 0.735649 0.493171 1.789718
v -0.147913 -0.682431 -7.050618
v 2.429155 -0.551706 0.672117
v -2.464708 -0.571482 0.678411
v -2.038582 0.499123 3.230622
v -1.909110 0.897597 3.230460
v -1.570149 1.143867 3.230031
v -1.909110 0.100650 3.230460
v -1.570149 -0.145620 3.230031
v -0.812208 0.100650 3.229073
v -1.151169 1.143867 3.229500
v -1.151169 -0.145620 3.229500
v -0.812208 0.897597 3.229073
v -0.682737 0.499123 3.228908
v 0.094725 -0.682377 -7.050904
v -1.087529 0.286712 3.250073
v -1.087529 0.286712 3.250073
v -1.156133 0.212561 4.646709
v -0.761313 0.493927 1.800085
v 0.735649 0.493171 1.789718
v 1.331781 0.716387 3.246922
v 1.381644 0.524999 4.643409
v -2.819149 -0.666219 5.239253
v -2.629081 -0.666219 5.239014
v -2.717630 -0.848955 5.392573
v 2.567502 -0.848954 5.385887
v -0.252679 -0.596051 -7.054127
v 2.680276 -0.467604 7.109615
v 2.680276 -0.467604 7.109615
v -2.826040 -0.467605 7.116579
v -2.826040 -0.467605 7.116579
v 0.367252 0.307022 -5.761758
v -0.227398 -0.311297 5.436992
v 2.600209 -0.311297 5.433414
v -0.173979 -0.362777 -3.955909
v 0.067793 -0.411414 -3.956813
v 0.067793 -0.411414 -3.956813
v -0.173979 -0.362777 -3.955909
v -0.006889 -0.819773 -3.947973
v 2.720188 -0.586909 -1.899661
v -2.417518 -0.586909 -1.893163
v 1.579853 0.286712 3.246609
v 0.191489 -0.580372 -7.066144
v -2.408734 -0.469291 0.282921
v -2.339343 -0.571276 0.248291
v 2.366233 -0.469291 0.276882
v 2.641090 1.893391 6.719312
v 2.509872 1.893391 6.719480
v 2.471676 -0.467604 7.109877
v 2.641090 1.893391 6.719312
v 2.509872 1.893391 6.719480
v -2.617441 -0.467605 7.116314
v -2.656625 1.893391 6.726016
v -2.787843 1.893391 6.726179
v -2.787843 1.893391 6.726179
v -2.656625 1.893391 6.726016
v 0.034767 -0.224359 -7.085060
v 1.306974 0.101521 4.643501
v -1.448238 0.482505 4.647077
v -0.100793 -0.538532 -7.147834
v -0.147913 -0.682431 -7.050618
v -0.252679 -0.596051 -7.054127
v 8.127830 -0.139051 1.294142
v 1.742101 -0.038581 4.148266
v -0.385396 -0.501089 -0.260470
v -2.631564 -0.311297 5.440031
v 0.196044 -0.311297 5.436455
v -8.037451 0.162803 -0.279231
v -0.246253 -0.828331 -5.945445
v -0.092549 -0.118193 7.254849
v -0.104477 -0.029754 7.224798
v 0.030531 -0.113555 7.257761
v 2.758287 -0.852773 -0.812752
v -2.745578 -0.497179 0.423835
v -0.363203 0.302546 -5.770766
v -0.129472 -0.195972 7.198492
v 8.126466 0.109758 0.592018
v 8.065489 -0.053866 -0.285485
v 8.125376 -0.149630 0.094962
v -1.617700 0.380196 3.250744
v -1.583674 0.286712 3.250700
v -1.519966 0.222607 4.647168
v 0.345122 -0.355777 0.849639
v -1.053504 0.479679 3.250030
v 0.343717 -0.501089 -0.261391
v -0.893138 0.246332 4.334000
v 0.210181 0.131904 5.126753
v -8.166128 -0.149630 0.115568
v 0.987383 1.029039 1.415564
v -2.379420 -0.852773 -0.806255
v 2.334166 -0.852773 -0.812217
v 0.425530 0.701696 -3.482976
v -2.617977 -0.328790 6.495954
v -2.617977 -0.328790 6.495954
v 0.220320 -0.350507 6.528162
v -0.446979 0.577428 -2.987937
v -0.436624 0.700422 -3.479957
v -2.764699 -0.483301 0.317914
v 2.369551 -0.901833 -1.869237
v -2.590104 -0.434547 0.283152
v -0.226063 -0.203383 6.492997
v 2.544890 -0.961763 -1.869458
v 2.544851 -0.646839 -1.899439
v -0.237614 -0.350507 6.528798
v -2.592818 -0.961763 -1.862961
v 2.586485 -0.328790 6.489372
v -2.617977 -0.225503 6.495963
v -2.768156 -0.901833 -1.862739
v 2.586485 -0.225503 6.489380
v -2.592855 -0.646838 -1.892940
v 2.586485 -0.328790 6.489372
v 2.586485 -0.225503 6.489380
v 0.197379 -0.203383 6.492462
v -1.591169 -0.196598 3.808263
v -0.071856 0.626680 2.267626
v 0.066843 0.626680 2.267451
v 0.068947 0.008504 3.931739
v 2.544404 -0.790169 -2.253435
v -2.593305 -0.790170 -2.246936
v -8.129622 0.017286 0.795571
v 7.943899 0.026281 -0.589052
v 2.745353 -0.412031 0.058007
v 1.347271 1.067443 1.415109
v -2.392353 -0.412031 0.064505
v -2.831932 -0.573522 0.283457
v -2.764699 -0.483301 0.317914
v -0.164930 0.015345 7.083443
v -0.131711 -0.232033 -7.068342
v -0.164930 0.015345 7.083443
v -1.519966 0.222607 4.647168
v 1.832145 0.320198 1.414495
v 1.548553 0.326085 4.643198
v 1.478486 0.173433 4.643286
v 1.623753 0.411616 3.246553
v 1.429752 0.160763 3.246799
v 1.331781 0.113407 3.246922
v 1.233810 0.160763 3.247047
v 2.366233 -0.469291 0.276882
v -0.092549 -0.118193 7.254849
v 1.832145 0.880084 1.414495
v 1.851701 0.891108 1.779861
v -0.804346 0.697364 1.417921
v -0.895523 0.681288 1.418036
v 1.751964 0.833792 1.414597
v 1.083708 0.286712 3.247237
v -1.616232 0.512581 3.250742
v -1.433574 0.699112 3.250511
v -1.448238 0.482505 4.647077
v -2.590361 -0.769320 0.079745
v -2.788387 -0.719363 0.079995
v -2.788406 -0.412031 0.065005
v 2.547346 -0.769320 0.073246
v 2.349320 -0.719363 0.073497
v 2.349301 -0.412031 0.058507
v 0.572897 -0.265959 -6.031765
v -1.055349 0.242168 1.418240
v -0.995838 0.171244 1.418163
v 0.549259 0.014977 -5.822412
v -1.515551 0.161021 1.418821
v -1.547217 0.074020 1.418861
v 8.090587 0.017286 0.775057
v -2.788406 -0.412031 0.065005
v -7.973067 -0.001633 -0.005653
v -8.005117 0.090315 0.698106
v 2.349301 -0.412031 0.058507
v -2.788387 -0.719363 0.079995
v -2.788406 -0.412031 0.065005
v 2.349301 -0.412031 0.058507
v 2.349301 -0.412031 0.058507
v 2.349320 -0.719363 0.073497
v 2.283312 -0.569494 0.073581
v 2.305776 -0.573522 0.276958
v -0.057038 -0.270454 -7.138321
v 7.932010 -0.001633 -0.025770
v 0.030531 -0.113555 7.257761
v -2.896692 -0.604035 -0.306990
v 0.034767 -0.224359 -7.085060
v 0.000000 0.350169 -5.852433
v -0.238231 0.131904 5.127319
v -0.452180 0.414013 -5.222612
v -0.554265 0.180837 4.624765
v 2.853793 -0.604035 -0.314263
v 2.283312 -0.569494 0.073581
v 7.980867 0.123074 -0.499308
v 7.943899 0.026281 -0.589052
v 1.588758 -0.196598 3.804150
v 8.103218 0.044816 -0.214198
v -2.764699 -0.483301 0.317914
v -0.069756 0.510920 3.927529
v 0.068942 0.510920 3.927354
v -0.069750 0.008504 3.931914
v 0.068942 0.510920 3.927354
v -0.069756 0.510920 3.927529
v 0.066843 0.626680 2.267451
v -0.071850 0.124264 2.272012
v 0.066848 0.124264 2.271835
v -0.071856 0.626680 2.267626
v 0.068300 -0.428877 -5.152787
v 0.070472 -0.491802 -5.989344
v -0.004210 -0.867849 -5.940146
v 0.070472 -0.491802 -5.989344
v -0.057038 -0.270454 -7.138321
v -1.335602 0.143487 3.250387
v -1.519727 0.210504 3.250619
v -1.333835 0.109966 4.646934
v 1.579853 0.286712 3.246609
v 0.863080 0.246332 4.331779
v -1.743639 -0.038581 4.152767
v -2.631564 -0.311297 5.440031
v -2.631564 -0.311297 5.440031
v -2.631119 -0.182149 5.792033
v 0.196044 -0.311297 5.436455
v 2.673001 -0.531930 0.671703
v 5.472834 -0.275877 -0.881706
v 2.884500 -0.557950 -1.146175
v -5.516066 -0.275878 -0.867807
v -0.147913 -0.682431 -7.050618
v -2.928410 -0.557950 -1.138823
v -0.147913 -0.682431 -7.050618
v -0.028362 -0.646124 -7.110112
v -0.025459 -0.718581 -7.021751
v 0.205773 0.220454 1.640716
v 2.544890 -0.961763 -1.869458
v -0.199549 -0.311747 6.968473
v 8.008532 0.200356 0.460090
v 0.419835 0.225013 1.627536
v 0.150876 0.015345 7.083407
v 0.205773 0.220454 1.640716
v -0.456736 0.225013 1.628643
v -0.242641 0.220454 1.641285
v -0.242641 0.220454 1.641285
v 0.191489 -0.580372 -7.066144
v 2.544404 -0.790169 -2.253435
v -2.593305 -0.790170 -2.246936
v 0.558180 -0.478500 -5.737913
v 2.260456 -0.632554 -1.206495
v 2.830999 -0.632554 -1.207218
v -2.306708 -0.632554 -1.200719
v 0.147373 -0.735695 -6.920134
v 0.560099 -0.327916 -2.990703
v -0.025459 -0.718581 -7.021751
v 0.094725 -0.682377 -7.050904
v -2.592818 -0.961763 -1.862961
v 1.798463 -0.075525 3.803886
v -1.743639 -0.038581 4.152767
v 1.878022 0.123404 4.148092
v -2.768156 -0.901833 -1.862739
v -1.800873 -0.075525 3.808530
v 1.954110 0.109969 3.803689
v 0.751112 0.322109 4.149519
v -1.956520 0.109968 3.808727
v -2.819149 -0.666219 5.239253
v 0.743915 0.948755 1.781263
v -0.192929 -0.735696 -6.919548
v -2.826040 -0.467605 7.116579
v -2.039338 0.579655 3.808831
v 2.677830 -0.483530 5.177532
v 2.668633 -0.666219 5.232311
v 1.951549 0.948755 1.779734
v -0.907093 0.066032 1.783440
v 2.036929 0.579656 3.803586
v -0.751446 0.948755 1.783243
v 2.680276 -0.467604 7.109615
v 2.668633 -0.666219 5.232311
v -0.192929 -0.735696 -6.919548
v -0.234244 -0.792489 -6.617008
v -2.819149 -0.666219 5.239253
v 0.823435 0.732271 4.149429
v -2.828483 -0.483530 5.184497
v 1.109266 1.255322 1.780800
v 1.347732 1.297370 1.780498
v -1.116796 1.255322 1.783705
v -1.593729 1.255322 1.784309
v 0.899563 0.066033 1.781064
v -1.355263 1.297370 1.784007
v 1.586199 1.255322 1.780196
v -2.039338 0.337510 3.808831
v 0.746475 0.807198 3.805219
v 0.663657 0.579655 3.805321
v -0.668628 0.721213 1.783140
v -0.748886 0.807197 3.807200
v 0.663657 0.337510 3.805321
v 0.520739 -0.533683 -6.227143
v -0.752652 0.533566 4.151513
v -0.824974 0.123404 4.151605
v -1.951884 0.533566 4.153028
v 1.950344 0.533566 4.148002
v -0.666068 0.337510 3.807093
v -0.666067 0.579655 3.807093
v 1.798463 0.992691 3.803886
v 1.795902 1.134249 1.779932
v -1.803433 1.134249 1.784573
v 0.661096 0.721213 1.781367
v -1.800873 0.992691 3.808528
v 2.036929 0.337510 3.803584
v 1.350292 1.155812 3.804453
v 1.347732 1.297370 1.780498
v 1.350292 1.155812 3.804453
v 1.588760 1.113763 3.804150
v -1.352702 1.155811 3.807963
v -1.591169 1.113763 3.808264
v -1.352702 1.155811 3.807963
v -0.907093 1.134249 1.783441
v -1.114237 1.113763 3.807661
v 1.111827 1.113764 3.804758
v 0.902123 0.992691 3.805022
v -0.904533 0.992691 3.807397
v 0.899563 1.134249 1.781065
v -0.960896 0.894256 4.151777
v -1.355263 1.297370 1.784007
v 1.142484 0.999985 4.149025
v 1.954111 0.807198 3.803689
v 0.746475 0.109969 3.805217
v -1.956520 0.807197 3.808727
v 0.959356 -0.038581 4.149257
v -1.743639 0.894256 4.152766
v -0.748886 0.109968 3.807200
v -1.352267 1.036704 4.152270
v -1.560512 0.999985 4.152535
v -1.591169 1.113763 3.808264
v 1.350728 1.036704 4.148760
v 1.558973 0.999985 4.148498
v -1.352267 1.036704 4.152270
v 1.558973 0.999985 4.148498
v 1.351093 0.821778 4.436854
v 1.588760 1.113763 3.804150
v -1.448238 0.482505 4.647077
v -1.563384 0.355633 4.647223
v -1.519966 0.222607 4.647168
v -1.144023 -0.144311 4.152006
v 0.902123 -0.075525 3.805022
v 0.159869 -0.192179 7.159897
v -0.904533 -0.075525 3.807397
v 0.332792 -0.126943 6.562662
v 0.259694 -0.132112 6.967539
v 2.588352 -0.554450 0.768902
v 0.276441 -0.243624 6.808070
v -1.560512 -0.144311 4.152533
v 1.350728 -0.181030 4.148762
v 1.111827 -0.196598 3.804756
v -0.123913 -0.392879 6.809013
v -1.114237 -0.196598 3.807661
v 1.350292 -0.238646 3.804453
v -0.005254 -0.377068 6.968932
v 0.189043 -0.311747 6.968599
v 1.558973 -0.144310 4.148497
v -1.959080 0.948755 1.784771
v -2.041898 0.721213 1.784876
v -1.352702 -0.238646 3.807964
v 0.159869 -0.192179 7.159897
v 0.052547 -0.226272 7.215422
v 0.084662 -0.319001 7.085819
v -0.248661 -0.771136 -3.947069
v -0.405174 0.368480 -5.561763
v 0.561875 0.324038 -2.478951
v -0.350129 0.018382 6.192793
v -0.363203 0.302546 -5.770766
v 0.600381 -0.008382 -2.991088
v 0.558416 0.265045 -3.483486
v 0.346359 -0.372389 1.827799
v -0.382753 -0.372389 1.828721
v -2.790685 -0.474722 -1.701018
v 2.347023 -0.474722 -1.707515
v -0.383359 -0.271166 1.349737
v 2.743165 -0.474722 -1.708017
v -2.394543 -0.474722 -1.701518
v 8.133461 -0.141803 0.892833
v 7.784927 0.234691 0.414281
v 2.588352 -0.554450 0.768902
v 8.096486 -0.151180 0.325742
v -7.824872 0.234691 0.434025
v 2.459073 -0.548056 0.769916
v 2.429155 -0.551706 0.672117
v -0.249168 0.102233 6.562444
v -0.668628 0.479068 1.783138
v -0.816438 0.287596 1.789194
v -0.246253 -0.828331 -5.945445
v 0.759590 0.266018 1.793027
v 0.191489 -0.580372 -7.066144
v -0.151748 0.202205 6.191503
v -0.424777 -0.717099 -6.423369
v 0.735649 0.493171 1.789718
v 2.280999 -0.689457 -1.707432
v 0.094725 -0.682377 -7.050904
v 2.809189 -0.689457 -1.708100
v -0.557946 0.014055 -5.820424
v -0.893138 0.246332 4.334000
v -0.846373 0.288498 4.250516
v -0.893138 0.246332 4.334000
v 0.206260 0.306044 2.025598
v -0.242153 0.306044 2.026165
v 0.735649 0.493171 1.789718
v 0.438634 0.364971 1.991386
v -0.474614 0.364971 1.992541
v -0.761313 0.493927 1.800085
v -2.856710 -0.689457 -1.700934
v -0.463326 0.312292 1.733205
v -2.328518 -0.689457 -1.701602
v 0.426689 0.312291 1.732079
v -1.792366 0.681929 4.152828
v 2.034368 0.479069 1.779629
v -0.006889 -0.819773 -3.947973
v 2.034368 0.721213 1.779629
v 0.850267 0.339592 4.149395
v 0.806539 0.181160 3.785998
v -0.823488 0.181160 3.788104
v -0.757826 0.382633 3.829465
v -0.782171 0.701192 1.783283
v -1.859231 0.891108 1.784644
v 0.976234 0.904370 3.804928
v 1.148700 1.146980 1.780749
v -1.156230 1.146980 1.783754
v 0.973673 1.045928 1.780973
v -0.981204 1.045927 1.783534
v -1.526075 0.905373 4.152490
v -1.554296 1.146980 1.784258
v -0.851805 0.516082 4.151637
v -0.851294 0.891108 1.783368
v -0.779611 0.559635 3.807238
v -0.978643 0.904370 3.807489
v -1.852729 0.339592 4.152902
v 0.030531 -0.113555 7.257761
v 1.790827 0.173746 4.148204
v 0.777200 0.559635 3.805179
v 1.923385 0.357532 3.803728
v 1.546765 1.146980 1.780245
v 0.777200 0.357532 3.805179
v -1.925795 0.357531 3.808688
v 0.052547 -0.226272 7.215422
v 0.159869 -0.192179 7.159897
v 2.547328 -0.412031 0.058257
v 2.745353 -0.412031 0.058007
v 1.851190 0.516083 4.148130
v 1.854261 0.749550 3.803816
v 2.547328 -0.412031 0.058257
v -2.590380 -0.412031 0.064755
v 1.923385 0.559635 3.803729
v 2.745353 -0.412031 0.058007
v -2.392353 -0.412031 0.064505
v 2.745373 -0.719363 0.072996
v 0.846325 0.749550 3.805092
v -2.590380 -0.412031 0.064755
v -1.856671 0.749549 3.808601
v -2.392335 -0.719363 0.079494
v -1.925795 0.559635 3.808687
v 0.910629 0.681929 4.149318
v -2.392353 -0.412031 0.064505
v -1.352702 1.040516 3.807963
v 1.724352 0.904370 3.803980
v 1.188610 0.456883 4.643652
v -1.551735 1.005421 3.808213
v 1.347732 1.182074 1.780498
v 1.350292 1.040517 3.804453
v -1.355263 1.182074 1.784007
v 1.677382 0.817129 4.148348
v 1.721791 1.045927 1.780026
v -1.729322 1.045927 1.784480
v 1.549325 1.005421 3.804201
v -1.726762 0.904370 3.808437
v -0.848734 0.749550 3.807326
v 1.103999 0.355634 4.643759
v 1.155846 0.212562 4.643694
v 1.151260 1.005421 3.804706
v 1.350728 0.936021 4.148760
v -1.178459 0.905374 4.152050
v -1.153671 1.005421 3.807711
v -1.856671 0.167616 3.808600
v -1.928354 0.701192 1.784733
v -1.928354 0.499089 1.784733
v 0.976234 0.012797 3.804927
v 7.995698 0.162803 -0.299509
v 1.920824 0.701193 1.779772
v 1.920824 0.499090 1.779772
v 1.854261 0.167616 3.803815
v -0.978643 0.012797 3.807489
v -0.912169 0.173746 4.151713
v -1.678921 0.038546 4.152684
v -0.946932 1.087133 1.544582
v -1.355565 1.235864 1.545100
v 0.721366 0.489749 1.542382
v -1.764199 1.087132 1.545618
v -1.355565 1.235864 1.545100
v 1.347430 1.235864 1.541590
v -1.498855 -0.011629 4.440548
v -1.351903 -0.037540 4.440362
v -1.352267 -0.181030 4.152270
v -0.220958 -0.209079 7.085063
v -0.566387 -0.478964 -5.735855
v 0.843764 0.891108 1.781135
v -0.535645 -0.534268 -6.224226
v -0.444447 -0.706527 -5.960342
v 0.816103 0.288498 4.248412
v 0.774640 0.701193 1.781222
v 0.863080 0.246332 4.331779
v 1.347430 1.235864 1.541590
v 0.863080 0.246332 4.331779
v 0.805049 0.207545 4.092666
v 0.805049 0.207545 4.092666
v 1.498045 -0.011629 4.436668
v 1.627272 0.062981 4.436504
v 1.151261 -0.088256 3.804706
v -0.281717 -0.459074 -7.036318
v -0.252679 -0.596051 -7.054127
v -1.153671 -0.088256 3.807711
v 1.558973 -0.144310 4.148497
v -1.352702 -0.123351 3.807964
v -0.338699 -0.126943 6.563663
v -0.123917 0.129512 6.806249
v -0.002955 0.185570 6.561682
v -1.879561 0.123404 4.152938
v 1.350292 -0.123350 3.804453
v 1.176921 -0.049698 4.148981
v 1.549325 -0.088256 3.804201
v -0.284056 -0.243624 6.808287
v -1.352267 -0.080346 4.152270
v 1.724352 0.012797 3.803980
v 1.524537 -0.049698 4.148542
v -1.726762 0.012796 3.808436
v -1.551735 -0.088256 3.808215
v -1.723998 0.177289 4.440834
v 8.127830 -0.139051 1.294142
v -2.041898 0.479068 1.784876
v -0.284058 -0.019742 6.807100
v -0.164930 0.015345 7.083443
v -0.270205 -0.132112 6.967367
v 0.116300 -0.392879 6.808919
v 0.116300 -0.392879 6.808919
v 0.232116 -0.827276 -6.195996
v 1.878022 0.732271 4.148094
v 1.723189 0.606949 4.436383
v 0.220320 -0.350507 6.528162
v 0.145831 -0.441172 6.193517
v -8.166128 -0.149630 0.115568
v -0.823488 0.181160 3.788104
v 0.403022 -0.716881 -6.426054
v -2.789371 1.815819 5.517682
v -8.115144 -0.033142 -0.262036
v -2.789250 1.889852 5.613295
v -2.787843 1.893391 6.726179
v -2.789371 1.815819 5.517682
v -0.470531 -0.571350 -6.628364
v 2.639560 1.815818 5.510817
v 2.639560 1.815818 5.510817
v 2.639682 1.889852 5.606427
v -0.508187 -0.368297 -6.454104
v -0.446979 0.577428 -2.987937
v -0.359067 0.760055 -3.235597
v -0.245701 0.796263 -3.097115
v 2.641090 1.893391 6.719312
v 2.469231 -0.483530 5.177797
v 0.523834 -0.299207 1.318415
v 2.677830 -0.483530 5.177532
v -2.828483 -0.483530 5.184497
v -2.629081 -0.666219 5.239014
v -2.629081 -0.666219 5.239014
v -0.241901 0.573742 -0.131799
v 2.478566 -0.666219 5.232554
v 2.478566 -0.666219 5.232554
v -2.619884 -0.483530 5.184234
v 0.034019 0.005933 7.208554
v 0.150876 0.015345 7.083407
v 0.030531 -0.113555 7.257761
v 0.483022 -0.368354 -6.457660
v 1.951549 0.251527 1.779733
v -1.803432 0.066032 1.784574
v -1.959080 0.251526 1.784769
v 0.437675 -0.571397 -6.631769
v 0.237696 0.796700 -3.098778
v 0.348592 0.760836 -3.237580
v 7.960513 0.079811 1.297472
v -2.509247 -0.535812 0.763408
v -2.434276 -0.497179 0.423442
v 0.439248 0.577428 -2.990985
v -1.116796 -0.055040 1.783704
v -7.825530 0.018336 -0.085945
v -2.464708 -0.571482 0.678411
v 7.784269 0.018336 -0.105688
v -1.537039 1.098740 1.545330
v 1.109266 -0.055039 1.780800
v 0.342772 -0.303984 -1.008921
v 0.342573 -0.391726 -1.166166
v -0.386342 -0.303984 -1.007999
v -0.386541 -0.391726 -1.165244
v -1.174090 1.098740 1.544871
v 1.006369 1.006603 1.542021
v 0.824893 0.692279 1.542252
v -2.408734 -0.469291 0.282921
v 1.564860 0.002757 1.541316
v -1.178459 -0.049698 4.152050
v 0.549259 0.014977 -5.822412
v -8.139670 -0.149828 0.457057
v -8.166128 -0.149630 0.115568
v -1.204951 -0.011629 4.440176
v 0.561006 0.077441 -5.210680
v -0.171571 -0.453540 -5.996496
v -8.102691 -0.059980 0.204179
v 0.420386 0.369819 -5.563557
v 1.795902 0.066033 1.779931
v 2.544466 -0.683481 -2.203923
v -0.246253 -0.828331 -5.945445
v -0.912169 0.681929 4.151713
v 1.347732 -0.097087 1.780498
v -0.174865 -0.384698 -5.162511
v 0.068300 -0.428877 -5.152787
v -0.979808 0.606949 4.439893
v -0.174865 -0.384698 -5.162511
v -0.171571 -0.453540 -5.996496
v 0.034019 0.005933 7.208554
v 1.024075 0.038546 4.149175
v 1.074914 0.062981 4.437201
v 1.586199 -0.055039 1.780196
v -1.355263 -0.097088 1.784007
v -1.593729 -0.055040 1.784308
v -0.005257 0.112845 6.965971
v 0.150876 0.015345 7.083407
v -2.656625 1.893391 6.726016
v 0.412419 0.062965 4.903876
v -2.658032 1.889852 5.613130
v -1.859231 0.309174 1.784644
v -7.998225 0.079811 1.317656
v -2.658153 1.815818 5.517518
v 1.851701 0.309175 1.779861
v -7.823739 0.105560 1.329959
v 0.344212 0.018382 6.191046
v 0.233931 0.573742 -0.133215
v -2.658153 1.815818 5.517518
v -2.658032 1.889852 5.613130
v -2.789250 1.889852 5.613295
v 2.639682 1.889852 5.606427
v 2.508342 1.815818 5.510980
v 2.508463 1.889852 5.606592
v 2.508463 1.889852 5.606592
v 2.509872 1.893391 6.719480
v 2.508342 1.815818 5.510980
v -2.764698 -0.668233 0.317914
v 2.373010 -0.668233 0.311415
v -2.415423 -0.668233 0.317472
v -2.831932 -0.573522 0.283457
v 2.728975 -0.469291 0.276422
v 1.024075 0.817129 4.149174
v 0.342602 -0.489582 -1.142940
v 1.074914 0.721257 4.437203
v 0.342573 -0.391726 -1.166166
v 2.884500 -0.557950 -1.146175
v -8.165548 -0.139050 1.314750
v -2.928410 -0.557950 -1.138823
v -0.386541 -0.391726 -1.165244
v -0.386511 -0.489582 -1.142017
v 0.796879 0.918002 1.542287
v -2.928217 -0.439632 -0.986769
v 0.938796 1.087133 1.542107
v 1.832145 0.320198 1.414495
v 2.884500 -0.557950 -1.146175
v -0.129472 -0.195972 7.198492
v 1.973494 0.489749 1.540798
v 0.938796 0.113150 1.542107
v -0.995838 0.171244 1.418163
v -1.572995 0.002757 1.545375
v 1.897981 0.918002 1.540894
v -1.981629 0.710533 1.545891
v 1.897981 0.282280 1.540894
v -1.907104 0.502918 1.419317
v -1.981629 0.489749 1.545892
v 0.987383 1.029039 1.415564
v -1.138135 0.002757 1.544825
v -0.946931 0.113150 1.544582
v -0.804346 0.697364 1.417921
v -0.729502 0.489749 1.544307
v 1.832145 0.880084 1.414495
v 0.887919 0.334842 1.542172
v 2.884693 -0.439632 -0.994121
v -5.515933 -0.146397 -0.763472
v 5.472964 -0.146397 -0.777370
v 1.756064 1.087133 1.541074
v 1.130000 0.002757 1.541866
v -0.729502 0.710533 1.544307
v -0.816438 0.287596 1.789194
v -1.547217 0.074020 1.418861
v -2.928410 -0.557950 -1.138823
v 0.987383 0.171244 1.415564
v -0.761313 0.493927 1.800085
v 0.735649 0.493171 1.789718
v -0.793764 0.320444 1.689928
v -1.764199 0.113150 1.545616
v 0.052547 -0.226272 7.215422
v -0.816438 0.287596 1.789194
v -0.761313 0.493927 1.800085
v 0.757018 0.320444 1.687966
v -0.793764 0.320444 1.689928
v 0.735649 0.493171 1.789718
v 0.759590 0.266018 1.793027
v 0.196489 -0.373426 5.788456
v 0.757018 0.320444 1.687966
v 2.600654 -0.373426 5.785416
v 2.600209 -0.311297 5.433414
v 2.600209 -0.311297 5.433414
v -5.515182 -0.299917 -0.169233
v 5.473717 -0.299917 -0.183132
v -7.826292 0.048242 -0.688641
v -2.589927 -0.473243 0.423639
v -2.434276 -0.497179 0.423442
v 7.783506 0.048242 -0.708385
v 0.419835 0.225013 1.627536
v 0.205957 0.140581 1.787206
v -2.925261 -0.479712 1.349722
v -2.924867 -0.503502 1.661897
v -0.242455 0.140580 1.787774
v 2.888043 -0.503502 1.654544
v -0.456736 0.225013 1.628643
v 0.209005 0.081423 4.196078
v 0.425987 0.181486 1.758957
v -0.462555 0.181487 1.760082
v -2.408734 -0.469291 0.282921
v -0.382753 -0.372389 1.828721
v 2.459073 -0.548056 0.769916
v 1.806941 0.334842 1.541009
v -0.234244 -0.792489 -6.617008
v -0.018965 -0.786987 -6.788987
v 1.721791 0.154355 1.780024
v 0.204591 -0.792443 -6.618147
v -0.010257 -0.845138 -6.420480
v -2.509247 -0.535812 0.763408
v -1.815076 0.334842 1.545681
v -1.554296 0.053303 1.784258
v -1.729322 0.154355 1.784479
v -0.552067 0.228703 4.456911
v 2.586485 -0.328790 6.489372
v -0.443479 -0.570979 -1.936881
v -0.554265 0.180837 4.624765
v 0.522320 0.228703 4.455552
v -0.238231 0.131904 5.127319
v -0.846373 0.288498 4.250516
v 0.816103 0.288498 4.248412
v -0.003981 -0.707318 -0.129640
v 0.524943 0.180837 4.623401
v 2.586485 -0.225503 6.489380
v 2.421559 -0.280154 7.096425
v 2.586485 -0.225503 6.489380
v 2.586485 -0.328790 6.489372
v 0.454404 -0.280154 6.492017
v -2.454325 -0.280154 7.102593
v -2.617977 -0.225503 6.495963
v -2.617977 -0.328790 6.495954
v -0.488706 -0.280154 6.493209
v -2.617977 -0.328790 6.495954
v -2.617977 -0.225503 6.495963
v 1.155846 0.212562 4.643694
v -2.434276 -0.497179 0.423442
v -2.589927 -0.473243 0.423639
v -2.629607 -0.541732 0.775391
v 0.843764 0.309175 1.781135
v 1.083708 0.286712 3.247237
v 1.147655 0.210504 3.247156
v 1.096340 0.603579 3.247220
v 1.306974 0.101521 4.643501
v 1.331781 0.113407 3.246922
v -1.616232 0.512581 3.250742
v -1.539063 0.672413 3.250644
v -1.433574 0.699112 3.250511
v 1.623753 0.411616 3.246553
v 1.548553 0.326085 4.643198
v -1.616232 0.512581 3.250742
v 0.344214 -0.257350 6.192228
v 0.442351 -0.102771 4.904373
v -1.335602 0.143487 3.250387
v -1.237630 0.160762 3.250262
v -5.513418 -0.179512 1.225849
v -1.333835 0.109966 4.646934
v 5.475481 -0.179512 1.211949
v -0.350128 -0.257350 6.193975
v -8.204250 -0.143509 0.280719
v -2.593241 -0.879679 -2.197426
v 2.544466 -0.879679 -2.203924
v -2.629607 -0.541732 0.775391
v -0.237614 -0.350507 6.528798
v -2.714501 -0.571482 0.678728
v -2.896692 -0.604035 -0.306990
v 1.546765 0.053303 1.780247
v -1.156230 0.053303 1.783756
v -1.355263 0.018208 1.784007
v 1.806941 0.865440 1.541009
v -0.981204 0.154355 1.783534
v -0.895523 0.681288 1.418036
v -1.878102 0.692279 1.545761
v 1.869966 0.692279 1.540930
v 1.148700 0.053303 1.780750
v 1.528905 1.098740 1.541360
v 1.347271 1.067443 1.415109
v 1.347430 1.130739 1.541590
v -1.355565 0.069543 1.545100
v 1.165955 0.101542 1.541821
v -1.055349 0.242168 1.418240
v -0.833028 0.692279 1.544439
v -0.896054 0.865440 1.544518
v -1.014504 0.193680 1.544668
v -1.515551 0.161021 1.418821
v -1.760420 0.833792 1.419131
v 0.973673 0.154355 1.780971
v -0.896054 0.334842 1.544518
v 1.347732 0.018208 1.780498
v -1.537039 0.101542 1.545329
v 1.751964 0.833792 1.414597
v -1.815076 0.865440 1.545681
v 1.528905 0.101542 1.541360
v -2.745578 -0.497179 0.423835
v 7.980867 0.123074 -0.499308
v -8.144754 0.044816 -0.193648
v 8.115683 0.078201 -0.046301
v -7.986383 0.026281 -0.568904
v 8.086115 0.008459 1.295699
v 7.985728 0.143852 0.994054
v -8.023122 0.123074 -0.479067
v 8.116094 0.084435 0.903777
v 8.163897 -0.137233 0.992468
v 2.346984 -0.589269 -1.737496
v 2.346984 -0.589269 -1.737496
v -2.790722 -0.589268 -1.730998
v -2.790722 -0.589268 -1.730998
v -2.717630 -0.848955 5.392573
v -2.716724 -0.833029 6.109430
v -2.817423 -0.650293 6.603732
v -2.716724 -0.833029 6.109430
v 0.795890 0.697365 1.415808
v -1.164233 1.126262 1.418377
v 0.862395 0.880084 1.415722
v -1.138135 1.197525 1.544825
v -1.164233 1.126262 1.418377
v -1.355725 1.160027 1.418619
v 0.721366 0.710534 1.542383
v 0.795890 0.697365 1.415808
v 0.226099 -0.459153 -7.037145
v 0.191489 -0.580372 -7.066144
v 0.126618 -0.370255 -7.105871
v 2.568410 -0.833029 6.102745
v 2.670361 -0.650293 6.596789
v 2.567502 -0.848954 5.385887
v 2.568410 -0.833029 6.102745
v 1.707158 1.029039 1.414654
v -1.906116 0.918002 1.545796
v -1.164233 0.074020 1.418376
v 1.564860 1.197525 1.541316
v -0.805014 0.918002 1.544402
v -0.995838 1.029038 1.418163
v -1.572995 1.197525 1.545375
v -1.840600 0.880084 1.419231
v 0.795890 0.502919 1.415806
v 0.862395 0.320198 1.415722
v 1.347430 -0.035582 1.541589
v -1.715612 0.171243 1.419074
v 1.155777 0.074021 1.415350
v -1.907104 0.697365 1.419317
v 1.898649 0.502919 1.414411
v -1.715612 1.029038 1.419074
v 2.720226 -0.901833 -1.869681
v 1.538762 1.126262 1.414867
v 0.796879 0.282280 1.542288
v 1.130000 1.197525 1.541866
v -8.138601 0.043738 1.049870
v -5.515895 -0.316914 -0.732985
v -0.805014 0.282280 1.544402
v -0.159049 -0.459009 -7.136069
v -0.100793 -0.538532 -7.147834
v -1.547217 1.126262 1.418861
v 1.155777 1.126262 1.415352
v -1.760420 0.833792 1.419131
v 1.898649 0.697365 1.414411
v -8.024207 0.143852 1.014304
v 1.155777 0.074021 1.415350
v -0.870850 0.880084 1.418004
v -1.906116 0.282280 1.545797
v 0.298700 -0.043710 -6.510729
v 1.538762 1.126262 1.414867
v 1.973494 0.710534 1.540798
v -0.028362 -0.646124 -7.110112
v 1.707158 0.171244 1.414654
v 1.756064 0.113150 1.541073
v -0.870850 0.880084 1.418004
v -0.186231 -0.370511 -7.105480
v 1.538762 0.074021 1.414866
v 0.862395 0.320198 1.415722
v 1.347271 1.160027 1.415110
v -1.840600 0.320198 1.419232
v -8.165548 -0.139050 1.314750
v 5.473004 -0.316914 -0.746884
v -1.355725 0.040255 1.418619
v 0.345726 -0.306032 1.327387
v -1.355565 -0.035582 1.545100
v -8.123831 0.008459 1.316202
v -0.100793 -0.538532 -7.147834
v -0.030575 -0.456666 -7.167094
v -1.355725 0.040255 1.418619
v -0.252679 -0.596051 -7.054127
v 1.347271 0.040255 1.415109
v -0.057038 -0.270454 -7.138321
v -2.417481 -0.901833 -1.863182
v -1.840600 0.320198 1.419232
v 0.346359 -0.372389 1.827799
v -1.547217 1.126262 1.418861
v 2.369551 -0.901833 -1.869237
v -1.907104 0.697365 1.419317
v -0.030575 -0.456666 -7.167094
v 1.538762 0.074021 1.414866
v -0.870850 0.320198 1.418006
v -1.840600 0.880084 1.419231
v 1.898649 0.697365 1.414411
v -0.870850 0.320198 1.418006
v -0.804346 0.502918 1.417921
v 2.887647 -0.479712 1.342369
v 0.149851 0.048238 -6.530568
v 1.347271 1.160027 1.415110
v 2.743165 -0.904193 -1.708017
v 0.367252 0.307022 -5.761758
v -8.191434 -0.139518 0.906207
v -2.394543 -0.904193 -1.701519
v 0.230348 0.333877 -5.795077
v -8.139670 -0.149828 0.457057
v -8.216459 -0.139003 0.620275
v 0.422498 0.397447 0.559243
v 0.523833 0.162794 1.317230
v 0.539624 -0.077827 2.153390
v -0.092549 -0.118193 7.254849
v -0.129472 -0.195972 7.198492
v -0.960896 -0.038581 4.151777
v -1.075724 0.062981 4.440013
v 0.927962 0.466728 4.437390
v -0.104477 -0.029754 7.224798
v 0.823434 0.123405 4.149429
v 0.751112 0.533567 4.149520
v 0.978997 0.177289 4.437324
v 1.074914 0.062981 4.437201
v 0.927962 0.317510 4.437390
v -1.204951 -0.011629 4.440176
v -2.592017 -0.654944 -1.230339
v -0.383682 -0.342956 1.094985
v 5.475336 -0.120498 1.096971
v 2.545689 -0.654945 -1.236838
v -2.593241 -0.683481 -2.197426
v 7.786059 0.105560 1.310213
v -0.928772 0.317510 4.439827
v -1.560512 -0.144311 4.152533
v 0.034767 -0.224359 -7.085060
v 0.348469 -0.245459 -6.659452
v -0.752652 0.322109 4.151511
v 0.225555 -0.327052 -6.954979
v -0.979808 0.177289 4.439892
v -1.151476 0.649370 3.250154
v -1.498855 -0.011629 4.440548
v -1.087529 0.286712 3.250073
v -1.628083 0.062981 4.440711
v 0.209636 0.223042 4.695071
v 0.209148 0.273027 4.309488
v 1.723189 0.177289 4.436382
v 1.627272 0.062981 4.436504
v 1.142484 -0.144311 4.149025
v -0.131711 -0.232033 -7.068342
v -0.386126 -0.244632 -6.656820
v 1.204141 -0.011629 4.437040
v 0.496518 0.289643 4.073466
v 1.351093 -0.037540 4.436853
v -0.279133 -0.327013 -6.954042
v 0.133040 -0.056627 7.213404
v 0.030531 -0.113555 7.257761
v -0.527231 0.289643 4.074760
v 1.807471 0.518996 1.414527
v 1.869966 0.508004 1.540930
v 1.807471 0.518996 1.414527
v 2.444435 -0.819761 -2.184542
v 2.644545 -0.819761 -2.184795
v 1.898649 0.502919 1.414411
v -2.693272 -0.819761 -2.178044
v -2.493162 -0.819761 -2.178297
v 1.807471 0.681288 1.414527
v -0.239264 0.273027 4.310055
v 1.074914 0.721257 4.437203
v 0.978997 0.606949 4.437325
v -1.195899 1.039260 1.418416
v -1.355725 1.067443 1.418619
v 1.807471 0.681288 1.414527
v -0.238777 0.223042 4.695637
v 1.742101 -0.038581 4.148266
v 0.959356 0.894257 4.149259
v -1.355565 1.130739 1.545100
v -1.355725 1.160027 1.418619
v -1.355725 1.067443 1.418619
v -1.195899 1.039260 1.418416
v 1.707158 0.171244 1.414654
v -1.656100 0.958115 1.418999
v -0.995838 1.029038 1.418163
v -0.247327 -0.818096 -5.627355
v -0.408322 -0.677095 -5.428388
v -0.979808 0.606949 4.439893
v -1.775035 0.466728 4.440898
v -1.515551 1.039260 1.418821
v -2.631120 -0.373426 5.792034
v -8.215556 -0.137757 0.773019
v 1.751964 0.366490 1.414597
v -0.249547 -0.798292 -5.107747
v -0.226953 -0.373426 5.788992
v 1.647646 0.242168 1.414729
v 1.688492 0.193680 1.541159
v 1.751964 0.366490 1.414597
v -0.928772 0.466728 4.439828
v -0.951031 0.833792 1.418106
v -1.515551 1.039260 1.418821
v -8.163947 0.099419 0.189349
v -1.696627 1.006603 1.545532
v -0.227398 -0.311297 5.436992
v -0.951031 0.833792 1.418106
v -1.656100 0.958115 1.418999
v -8.165963 0.109758 0.612625
v 0.159869 -0.192179 7.159897
v 1.647646 0.242168 1.414729
v -1.055349 0.958115 1.418240
v -1.715612 1.029038 1.419074
v -1.951884 0.322109 4.153028
v -0.824974 0.732271 4.151605
v -8.048360 0.200356 0.480399
v -1.055349 0.958115 1.418240
v 1.351093 0.821778 4.436854
v -1.775035 0.317510 4.440898
v 1.204141 0.795866 4.437040
v -1.014504 1.006603 1.544669
v -1.498855 0.795866 4.440550
v -2.394580 -0.589268 -1.731500
v 1.350728 1.036704 4.148760
v -1.560512 0.999985 4.152535
v -1.351903 0.821778 4.440364
v -2.417518 -0.586909 -1.893163
v -2.417481 -0.901833 -1.863182
v -1.204951 0.795866 4.440176
v 0.887068 0.518996 1.415692
v 0.824893 0.508004 1.542250
v -0.002952 -0.439458 6.564641
v 1.155777 1.126262 1.415352
v -1.144023 0.999985 4.152006
v 1.046895 0.958115 1.415490
v 0.795890 0.502919 1.415806
v 1.046895 0.958115 1.415490
v 0.887068 0.518996 1.415692
v 1.187444 1.039262 1.415312
v 0.942575 0.366490 1.415622
v -1.075724 0.721257 4.440014
v 0.942575 0.366490 1.415622
v 0.145831 -0.441172 6.193517
v -2.394580 -0.589268 -1.731500
v 1.165955 1.098740 1.541819
v 1.187444 1.039262 1.415312
v 2.429155 -0.551706 0.672117
v -2.714501 -0.571482 0.678728
v -2.464708 -0.571482 0.678411
v 2.743127 -0.589269 -1.737998
v 2.588352 -0.554450 0.768902
v -2.629607 -0.541732 0.775391
v -2.589767 -0.630637 0.549604
v 2.720188 -0.586909 -1.899661
v 2.720226 -0.901833 -1.869681
v -0.895523 0.518995 1.418036
v 1.688491 1.006603 1.541160
v -1.355725 0.132839 1.418618
v 0.887919 0.865440 1.542172
v 1.774225 0.317510 4.436318
v 1.707158 1.029039 1.414654
v 1.046895 0.242168 1.415489
v 1.647646 0.958115 1.414729
v -0.895523 0.518995 1.418036
v 1.006369 0.193680 1.542023
v -1.760420 0.366490 1.419131
v -1.715612 0.171243 1.419074
v -1.760420 0.366490 1.419131
v 1.774225 0.466728 4.436317
v 0.887068 0.681288 1.415690
v 1.647646 0.958115 1.414729
v 1.187444 0.161021 1.415312
v 0.942575 0.833792 1.415622
v -0.951031 0.366490 1.418107
v 0.862395 0.880084 1.415722
v -0.833028 0.508004 1.544438
v -1.164233 0.074020 1.418376
v -1.656101 0.242167 1.418999
v -1.656101 0.242167 1.418999
v -1.355725 0.132839 1.418618
v 2.743127 -0.589269 -1.737998
v 1.347270 0.132839 1.415109
v -1.195899 0.161021 1.418416
v 1.950344 0.322109 4.148002
v -0.951031 0.366490 1.418107
v -1.195899 0.161021 1.418416
v -0.804346 0.502918 1.417921
v 0.987383 0.171244 1.415564
v -0.437665 0.397447 0.561585
v 1.347270 0.132839 1.415109
v 1.187444 0.161021 1.415312
v 1.347271 0.040255 1.415109
v 0.942575 0.833792 1.415622
v -1.174090 0.101542 1.544871
v 1.507097 0.161022 1.414907
v 1.507097 0.161022 1.414907
v 1.507097 1.039262 1.414907
v 1.347430 0.069543 1.541591
v 0.887068 0.681288 1.415690
v -1.696627 0.193679 1.545532
v 1.507097 1.039262 1.414907
v 1.046895 0.242168 1.415489
v -2.339343 -0.571276 0.248291
v -1.815927 0.681287 1.419202
v -1.879561 0.732271 4.152939
v -2.326326 -0.569493 0.079412
v 1.498045 0.795866 4.436668
v 2.811381 -0.569493 0.072914
v 2.283312 -0.569494 0.073581
v 2.789432 -0.573522 0.276346
v -1.878102 0.508004 1.545761
v -1.723998 0.606949 4.440834
v -7.998225 0.079811 1.317656
v 2.305776 -0.573522 0.276958
v -1.815927 0.518995 1.419201
v 1.742101 0.894257 4.148266
v -1.815927 0.681287 1.419202
v -1.628083 0.721257 4.440711
v -1.907104 0.502918 1.419317
v -1.815927 0.518995 1.419201
v 1.627272 0.721257 4.436504
v 0.380713 -0.688199 -5.615951
v 0.423750 -0.676962 -5.430274
v 2.546833 -0.315655 -0.332031
v 7.967142 0.095930 1.085695
v 2.758287 -0.363350 -0.812751
v 0.435628 -0.706124 -5.961519
v -2.803543 -0.363350 -0.805716
v 2.334166 -0.363350 -0.812214
v 2.546226 -0.281779 -0.812483
v 0.239588 -0.818159 -5.630108
v -2.591481 -0.281780 -0.805984
v -2.379420 -0.363350 -0.806253
v -2.590874 -0.315655 -0.325534
v 0.600381 -0.008382 -2.991088
v -7.826171 0.151921 -0.592567
v 2.347023 -0.904193 -1.707517
v 5.472834 -0.275877 -0.881706
v 2.369551 -0.901833 -1.869237
v 0.557010 0.138041 -4.386863
v -5.516066 -0.275878 -0.867807
v -7.826292 0.048242 -0.688641
v 1.351093 -0.037540 4.436853
v -2.924867 -0.503502 1.661897
v 0.558416 0.265045 -3.483486
v 1.350728 -0.080345 4.148760
v 0.425530 0.701696 -3.482976
v 7.783506 0.048242 -0.708385
v 7.783628 0.151921 -0.612309
v 1.204141 -0.011629 4.437040
v -5.513081 -0.199325 1.491635
v 2.369513 -0.586909 -1.899218
v 1.774225 0.317510 4.436318
v 1.851190 0.339592 4.148127
v 1.723189 0.177289 4.436382
v -2.592855 -0.646838 -1.892940
v -2.417518 -0.586909 -1.893163
v -2.768193 -0.586909 -1.892719
v -2.592650 -0.660847 -1.731248
v 2.544851 -0.646839 -1.899439
v 2.720188 -0.586909 -1.899661
v 2.369513 -0.586909 -1.899218
v 2.545055 -0.660848 -1.737747
v 2.349320 -0.719363 0.073497
v 2.547346 -0.769320 0.073246
v 2.547560 -0.725937 0.242110
v 2.745373 -0.719363 0.072996
v -2.392335 -0.719363 0.079494
v -2.590361 -0.769320 0.079745
v -2.768156 -0.901833 -1.862739
v -2.790684 -0.904193 -1.701019
v -2.590148 -0.725938 0.248609
v -2.788387 -0.719363 0.079995
v 1.774225 0.466728 4.436317
v 1.790828 0.681929 4.148205
v -1.351903 -0.037540 4.440362
v 2.735664 -0.687272 0.241872
v -1.526075 -0.049698 4.152490
v -2.590104 -0.434547 0.283152
v -0.304402 0.166328 5.653808
v 1.677382 0.038547 4.148347
v -2.590380 -0.412031 0.064755
v 2.680569 -0.612593 0.542919
v 1.627272 0.062981 4.436504
v -1.498855 -0.011629 4.440548
v 2.673001 -0.531930 0.671703
v 1.498045 -0.011629 4.436668
v -0.186205 0.283946 4.904992
v 2.547940 -0.630637 0.543106
v 0.210181 0.131904 5.126753
v 2.680569 -0.612593 0.542919
v -2.768193 -0.586909 -1.892719
v 1.723189 0.606949 4.436383
v 2.405752 -0.888932 -2.055212
v 8.125376 -0.149630 0.094962
v -1.025614 0.817129 4.151857
v -2.617441 -0.467605 7.116314
v -1.628083 0.062981 4.440711
v 1.498045 0.795866 4.436668
v 2.544654 -0.933305 -2.055388
v -2.778257 -0.755812 -2.048655
v 2.359451 -0.755812 -2.055153
v 2.729858 -0.755812 -2.055621
v -2.407850 -0.755812 -2.049124
v -1.723998 0.177289 4.440834
v 2.683556 -0.888932 -2.055563
v 2.480293 -0.650293 6.597029
v -2.627356 -0.650293 6.603491
v -2.493162 -0.819761 -2.178297
v 2.444435 -0.819761 -2.184542
v -1.204951 0.795866 4.440176
v 8.163914 -0.143509 0.260018
v -0.572284 0.138001 -4.382858
v 1.524537 0.905374 4.148542
v 0.524943 0.180837 4.623401
v 2.644545 -0.819761 -2.184795
v -1.075724 0.721257 4.440014
v -0.436624 0.700422 -3.479957
v -2.731956 -0.888932 -2.048713
v -2.693272 -0.819761 -2.178044
v 2.480293 -0.650293 6.597029
v -1.792366 0.173746 4.152827
v -1.025614 0.038546 4.151857
v -2.454151 -0.888932 -2.049065
v -2.817423 -0.650293 6.603732
v -2.627356 -0.650293 6.603491
v -2.593054 -0.933305 -2.048889
v -0.569510 0.265045 -3.479606
v -0.979808 0.177289 4.439892
v 1.627272 0.721257 4.436504
v 2.471676 -0.467604 7.109877
v 2.670361 -0.650293 6.596789
v 2.471676 -0.467604 7.109877
v 2.469231 -0.483530 5.177797
v -2.619884 -0.483530 5.184234
v -1.075724 0.062981 4.440013
v -2.617441 -0.467605 7.116314
v 0.927962 0.466728 4.437390
v 0.978997 0.606949 4.437325
v 0.209714 0.103112 4.756855
v -2.592614 -0.403143 -1.701267
v 0.806539 0.181160 3.785998
v 8.103218 0.044816 -0.214198
v 0.927962 0.317510 4.437390
v 0.099149 -0.458820 -7.136399
v -0.928772 0.466728 4.439828
v 0.034767 -0.224359 -7.085060
v -0.851805 0.339592 4.151637
v 0.024820 -0.375841 -7.157987
v 0.041015 -0.538314 -7.148023
v -1.852729 0.516082 4.152905
v 0.759590 0.266018 1.793027
v 0.850267 0.516082 4.149395
v -0.928772 0.317510 4.439827
v 2.545094 -0.403143 -1.707766
v -1.352267 0.936020 4.152272
v 1.351093 0.821778 4.436854
v 0.481328 0.128882 3.715651
v 1.204141 0.795866 4.437040
v 0.601499 -0.199516 -5.502765
v 0.910629 0.173746 4.149318
v 0.423750 -0.676962 -5.430274
v -1.498855 0.795866 4.440550
v 0.978997 0.177289 4.437324
v -1.775035 0.317510 4.440898
v -1.775035 0.466728 4.440898
v -1.351903 0.821778 4.440364
v 1.176919 0.905374 4.148981
v 2.545347 -0.340778 -1.507751
v -2.592361 -0.340778 -1.501254
v -0.020629 0.008046 -6.706868
v 2.729858 -0.755812 -2.055621
v 0.422501 -0.512050 0.561417
v -0.204819 0.117801 -6.338645
v -1.156133 0.212561 4.646709
v 2.359451 -0.755812 -2.055153
v 0.233935 -0.663144 -0.130448
v 0.208260 -0.577314 2.155590
v -0.153041 -0.022849 -6.699899
v 2.683556 -0.622692 -2.055563
v 2.454450 -0.691857 -2.165300
v 2.405752 -0.622692 -2.055211
v 2.544654 -0.578319 -2.055387
v 0.561004 -0.446671 -5.147067
v -1.678921 0.817129 4.152685
v 0.558180 -0.478500 -5.737913
v -1.723998 0.606949 4.440834
v -0.012649 -0.612991 2.156232
v -1.628083 0.721257 4.440711
v -0.327275 -0.042906 -6.508443
v 2.634580 -0.691857 -2.165528
v 0.233935 -0.663144 -0.130448
v -1.156133 0.212561 4.646709
v -2.683258 -0.691857 -2.158802
v -2.731956 -0.622692 -2.048713
v -2.454152 -0.622692 -2.049065
v -2.407850 -0.755812 -2.049124
v 1.478486 0.173433 4.643286
v -2.778257 -0.755812 -2.048655
v 1.306974 0.101521 4.643501
v 1.429752 0.160763 3.246799
v -1.151476 0.210504 3.250152
v -2.593054 -0.578319 -2.048889
v -0.241898 -0.663144 -0.129032
v -2.503128 -0.691857 -2.159030
v -5.514065 -0.186511 0.714026
v -0.515548 0.336980 3.816889
v -7.823739 0.105560 1.329959
v 0.727888 0.374694 3.954455
v -0.233564 0.421660 2.153914
v 2.886887 -0.487992 0.741228
v 0.439421 -0.666619 -5.121804
v 5.475817 -0.199325 1.477737
v 5.475817 -0.199325 1.477737
v 7.786059 0.105560 1.310213
v 0.234351 -0.778896 -4.379328
v 8.062162 -0.059980 0.183733
v -5.513081 -0.199325 1.491635
v 0.727888 0.374694 3.954455
v 8.125376 -0.149630 0.094962
v -7.824026 0.122828 1.103366
v 2.888043 -0.503502 1.654544
v -7.824578 0.116819 0.667030
v -0.241179 -0.708869 -1.370523
v 5.474564 -0.208773 0.485409
v -0.758901 0.374694 3.956336
v 0.345726 -0.306032 1.327387
v 0.436360 -0.625224 -3.949161
v -0.758901 0.374694 3.956336
v -0.003981 -0.707318 -0.129640
v 0.208257 0.421660 2.152824
v -0.835712 0.207545 4.094742
v -0.241898 -0.663144 -0.129032
v 0.561004 -0.446671 -5.147067
v 8.096486 -0.151180 0.325742
v 2.887477 -0.408990 1.207313
v 0.704762 0.407735 3.849872
v 0.484183 0.336980 3.815624
v -0.757826 0.382633 3.829465
v 7.785773 0.122828 1.083624
v -2.877252 -0.632554 -1.199998
v -0.757826 0.382633 3.829465
v 0.704762 0.407735 3.849872
v -0.007585 0.562809 0.560019
v 0.806539 0.181160 3.785998
v -2.803542 -0.852773 -0.805717
v -1.583674 0.286712 3.250700
v -0.012653 0.457337 2.153271
v -0.413605 -0.110896 5.655234
v -1.149164 0.398763 4.646698
v -1.519966 0.222607 4.647168
v -1.151476 0.649370 3.250154
v -1.519727 0.210504 3.250619
v 1.155846 0.212562 4.643694
v -1.149164 0.398763 4.646698
v -1.087530 0.573162 3.250073
v 1.147655 0.210504 3.247156
v 1.233810 0.699112 3.247049
v 1.233810 0.160763 3.247047
v 1.096340 0.603579 3.247220
v 1.188610 0.456883 4.643652
v 1.478486 0.173433 4.643286
v 1.579853 0.286712 3.246609
v -0.835712 0.207545 4.094742
v 1.623753 0.411616 3.246553
v -1.151476 0.210504 3.250152
v -0.545522 0.162794 1.319930
v -0.564927 -0.077827 2.156112
v -0.823488 0.181160 3.788104
v -0.816438 0.287596 1.789194
v -1.087529 0.286712 3.250073
v -1.156133 0.212561 4.646709
v 1.579853 0.286712 3.246609
v 1.535242 0.187461 3.246665
v 1.429752 0.160763 3.246799
v -1.433574 0.699112 3.250511
v 0.523222 -0.050939 -6.071866
v 0.401975 0.111706 -6.098922
v -0.425652 -0.268506 4.907726
v -0.500016 -0.283962 3.082997
v 1.535242 0.187461 3.246665
v -0.450136 -0.625224 -3.946142
v 0.476136 -0.122909 -6.292444
v 1.478486 0.173433 4.643286
v 1.429752 0.160763 3.246799
v 0.572897 -0.265959 -6.031765
v -0.417652 -0.470280 2.156833
v -0.452184 -0.666625 -5.119310
v -0.248661 -0.771136 -3.947069
v -1.539063 0.672413 3.250644
v 1.381644 0.524999 4.643409
v 1.429752 0.699112 3.246798
v 1.331781 0.716387 3.246922
v -1.448238 0.482505 4.647077
v 1.083708 0.286712 3.247237
v 1.020061 0.374972 3.247317
v 1.049683 0.479679 3.247279
v -1.335602 0.143487 3.250387
v 1.020061 0.374972 3.247317
v -1.443861 0.132496 3.250524
v -1.519727 0.210504 3.250619
v -1.443861 0.132496 3.250524
v -1.335602 0.143487 3.250387
v -1.333835 0.109966 4.646934
v -1.617700 0.380196 3.250744
v -1.053504 0.479679 3.250030
v -1.023881 0.374972 3.249991
v -1.087529 0.286712 3.250073
v -1.053504 0.479679 3.250030
v -1.023881 0.374972 3.249991
v 0.239609 0.750405 -2.478448
v 2.600654 -0.373426 5.785416
v -0.497223 -0.094774 4.024591
v -5.514337 -0.208773 0.499307
v -2.631119 -0.182149 5.792033
v -0.425653 0.062965 4.906543
v -2.926341 -0.514618 0.496395
v -0.226953 -0.182149 5.788993
v 1.515907 0.649370 3.246690
v -0.226508 -0.175071 6.140996
v 0.196489 -0.182149 5.788456
v 0.196934 -0.175071 6.140460
v 2.601100 -0.175071 6.137421
v -2.926023 -0.487992 0.748581
v -0.384332 -0.384294 0.580469
v -0.500018 0.110820 3.081812
v 2.600654 -0.182149 5.785416
v -1.149164 0.398763 4.646698
v 0.197379 -0.203383 6.492462
v 1.469137 0.476747 4.643298
v -0.367177 0.237433 4.023122
v 0.000000 0.804941 -3.097987
v -1.261689 0.513375 4.646842
v -1.335602 0.716387 3.250387
v -0.243787 0.750405 -2.476786
v -0.002089 0.803701 -2.477692
v 2.601100 -0.175071 6.137421
v -1.237630 0.699112 3.250263
v 2.600654 -0.182149 5.785416
v 1.579853 0.573162 3.246609
v 2.586485 -0.225503 6.489380
v -2.617977 -0.225503 6.495963
v -2.630673 -0.175071 6.144036
v -0.611466 -0.199678 -5.499941
v 7.784989 0.097492 0.464238
v 7.785220 0.116819 0.647287
v 2.547604 -0.434548 0.276651
v -0.004088 -0.488929 5.655425
v 1.188610 0.456883 4.643652
v 0.159715 0.241935 5.652052
v -2.926428 -0.325599 0.427569
v 8.173004 -0.140977 0.425927
v -2.392353 -0.412031 0.064505
v -0.000715 0.780306 -1.940813
v 8.176467 -0.137757 0.752287
v -0.004091 0.267137 5.652468
v -2.896692 -0.604035 -0.306990
v -5.514102 -0.063955 0.684853
v -2.617977 -0.225503 6.495963
v 2.853793 -0.604035 -0.314263
v 2.349301 -0.412031 0.058507
v 0.145827 0.202205 6.190754
v -2.831932 -0.573522 0.283457
v -2.630673 -0.175071 6.144036
v -2.631120 -0.373426 5.792034
v 1.049683 0.479679 3.247279
v -2.315698 -0.584399 -0.325882
v 8.133461 -0.141803 0.892833
v 5.472834 -0.275877 -0.881706
v 7.783661 0.003640 -0.586294
v 7.943899 0.026281 -0.589052
v 8.065489 -0.053866 -0.285485
v -5.516066 -0.275878 -0.867807
v -7.986383 0.026281 -0.568904
v -7.969875 -0.015357 -0.454821
v -0.151744 -0.441172 6.194265
v -8.115144 -0.033142 -0.262036
v 2.745353 -0.412031 0.058007
v 1.103999 0.355634 4.643759
v 2.547328 -0.412031 0.058257
v 2.884738 -0.643918 -0.958279
v -7.826137 0.003640 -0.566550
v -0.238860 0.095208 4.630014
v -0.239408 0.081423 4.196644
v -8.138601 0.043738 1.049870
v -8.005389 0.095930 1.105898
v -0.573765 -0.446696 -5.143776
v -8.191434 -0.139518 0.906207
v -8.123831 0.008459 1.316202
v 5.474834 -0.186511 0.700127
v -0.226063 -0.203383 6.492997
v 2.789432 -0.573522 0.276346
v 2.886481 -0.325599 0.420216
v -0.512946 0.128882 3.716908
v -2.339343 -0.571276 0.248291
v -0.304399 -0.388120 5.655976
v -7.824370 0.202409 0.830970
v 7.785428 0.202409 0.811227
v 5.474798 -0.063955 0.670953
v 7.965837 0.090315 0.677906
v 0.296220 0.166328 5.651915
v -0.613630 -0.170432 -4.800188
v -0.001166 0.674646 -0.773056
v -2.788406 -0.412031 0.065005
v -2.928171 -0.643918 -0.950928
v -0.573763 0.077390 -5.207198
v 7.927679 -0.015357 -0.474928
v 0.442055 -0.570979 -1.939906
v -0.186201 -0.489487 4.907754
v 5.474488 -0.051005 0.426836
v -5.514411 -0.051005 0.440736
v 2.755330 -0.420392 -1.508017
v -2.378026 -0.379568 -1.200630
v 8.127830 -0.139051 1.294142
v 2.260456 -0.632554 -1.206495
v -1.519966 0.222607 4.647168
v 2.885543 -0.343747 -0.322301
v 2.825325 -0.659233 -1.508106
v -2.927367 -0.343747 -0.314949
v 2.265369 -0.659233 -1.507397
v 0.342820 -0.522774 -0.970534
v -2.306708 -0.632554 -1.200719
v 0.329946 -0.693554 -6.795174
v -0.401604 -0.436425 -6.808712
v -0.422736 -0.576739 -6.800631
v 2.743165 -0.904193 -1.708017
v -2.802344 -0.420392 -1.500987
v -0.369639 -0.693450 -6.793010
v 2.347023 -0.904193 -1.707517
v 8.086115 0.008459 1.295699
v -1.563384 0.355633 4.647223
v 0.380840 -0.577003 -6.803191
v -0.386511 -0.489582 -1.142017
v -2.928335 -0.631508 -1.079751
v -0.385431 -0.201292 -0.288478
v 2.280999 -0.689457 -1.707432
v 0.314767 -0.573999 -6.934182
v 2.335364 -0.420392 -1.507486
v 0.342602 -0.489582 -1.142940
v 0.357065 -0.436767 -6.811010
v 2.884575 -0.631508 -1.087102
v -2.382378 -0.420392 -1.501519
v 7.960513 0.079811 1.297472
v 2.809189 -0.689457 -1.708100
v 0.343171 -0.241196 -0.693451
v -0.363532 -0.573707 -6.932526
v 8.091685 0.022004 1.117737
v -2.805935 -0.379568 -1.200088
v 0.343682 -0.201292 -0.289401
v -2.591981 -0.295239 -1.200359
v -0.385943 -0.241196 -0.692528
v 2.830999 -0.632554 -1.207218
v 2.759682 -0.379568 -1.207127
v -2.877252 -0.632554 -1.199998
v 2.331774 -0.379568 -1.206586
v 2.545727 -0.295239 -1.206856
v -0.386293 -0.522774 -0.969613
v 1.096340 0.603579 3.247220
v -1.616232 0.512581 3.250742
v 1.049683 0.479679 3.247279
v 1.188610 0.456883 4.643652
v 0.240704 -0.708869 -1.372137
v -0.241179 -0.708869 -1.370523
v -0.003864 -0.807215 -2.988394
v -1.583674 0.286712 3.250700
v -0.000712 -0.778868 -1.938022
v -1.617700 0.380196 3.250744
v -2.856710 -0.689457 -1.700934
v -2.872339 -0.659233 -1.500899
v -1.519966 0.222607 4.647168
v -2.805934 -0.885540 -1.200089
v -0.493443 -0.123237 -6.289749
v 2.728975 -0.469291 0.276422
v -2.328518 -0.689457 -1.701602
v -0.533742 -0.052181 -6.070002
v -2.805934 -0.885540 -1.200089
v 0.561959 -0.311103 -1.374002
v -1.237630 0.160762 3.250262
v -2.312383 -0.659233 -1.501607
v 0.551157 -0.309748 -0.132183
v -2.803580 -0.537848 -0.835699
v -2.803542 -0.852773 -0.805717
v 1.155846 0.212562 4.643694
v 2.547783 -0.473243 0.417140
v 1.233810 0.160763 3.247047
v 2.366233 -0.469291 0.276882
v -0.412996 0.110345 -6.097592
v 0.438485 -0.546735 -0.771899
v -2.394543 -0.904193 -1.701519
v -1.335602 0.143487 3.250387
v -0.582816 -0.267043 -6.029703
v 2.547604 -0.434548 0.276651
v 0.598356 -0.029997 -0.773499
v 1.147655 0.210504 3.247156
v 1.188610 0.456883 4.643652
v -1.333835 0.109966 4.646934
v 1.096340 0.603579 3.247220
v 2.331773 -0.885540 -1.206588
v 2.334166 -0.852773 -0.812217
v 2.334126 -0.537848 -0.842196
v -5.513564 -0.120498 1.110869
v 0.348085 -0.426982 4.023191
v -2.379458 -0.537848 -0.836234
v 0.208260 -0.577314 2.155590
v 2.758248 -0.537848 -0.842733
v 2.546187 -0.619419 -0.842464
v -1.237630 0.699112 3.250263
v -0.600682 -0.029997 -0.769650
v -2.591518 -0.619418 -0.835966
v -2.925737 -0.370073 0.974441
v -2.590911 -0.538215 -0.355516
v -1.087530 0.573162 3.250073
v -0.566050 -0.315514 -2.474163
v 0.412420 -0.268506 4.905061
v -1.335602 0.716387 3.250387
v -0.566051 0.324038 -2.475072
v -1.261689 0.513375 4.646842
v 0.296222 -0.388120 5.654085
v 1.233810 0.699112 3.247049
v 2.334126 -0.537848 -0.842196
v -2.803580 -0.537848 -0.835699
v -0.608111 -0.008382 -2.986931
v 2.546795 -0.538216 -0.362014
v -2.379458 -0.537848 -0.836234
v 0.116296 0.129512 6.806158
v 2.758248 -0.537848 -0.842733
v -2.927844 -0.381007 -0.692212
v 5.473689 -0.066262 -0.205357
v -5.515617 -0.097418 -0.512671
v 0.345076 -0.198525 0.812914
v 7.783899 0.194473 -0.398506
v 0.240794 0.728333 -1.941544
v 2.885065 -0.381007 -0.699564
v -0.440812 0.486741 -0.771250
v -0.242224 0.728334 -1.939893
v -0.559122 -0.309748 -0.128878
v -0.443481 0.572416 -1.938929
v -0.008868 -0.282940 7.166784
v -0.007024 -0.332741 7.085928
v -2.378025 -0.885540 -1.200632
v -1.149164 0.398763 4.646698
v 0.243258 0.102233 6.561710
v -0.384425 -0.181854 0.506757
v 0.344687 -0.181854 0.505834
v -0.559123 0.220346 -0.130063
v 1.515907 0.649370 3.246690
v 1.429752 0.699112 3.246798
v -0.545520 -0.299207 1.321116
v 2.886844 -0.341164 0.706939
v 0.084662 -0.319001 7.085819
v 1.579853 0.573162 3.246609
v -0.583712 -0.068207 1.320620
v -2.926065 -0.341164 0.714291
v -0.384037 -0.198525 0.813836
v 0.276440 -0.019742 6.806885
v -0.437662 -0.512050 0.563759
v 0.551155 0.220346 -0.133368
v 0.442053 0.572416 -1.941954
v 2.759680 -0.885540 -1.207129
v 0.438482 0.486741 -0.774073
v 2.758287 -0.852773 -0.812752
v -1.053504 0.479679 3.250030
v -5.515211 -0.066262 -0.191459
v 1.381644 0.524999 4.643409
v -2.379420 -0.852773 -0.806255
v -0.098710 -0.319001 7.085839
v 1.331781 0.716387 3.246922
v 0.216386 0.073541 6.806414
v -7.825901 0.194473 -0.378763
v 1.469137 0.476747 4.643298
v 5.473283 -0.097418 -0.526571
v -5.467710 -0.243187 -1.096288
v 0.537685 -0.277174 -4.515905
v 0.536817 -0.270697 -5.273023
v 0.596875 -0.270386 -5.270489
v 0.597742 -0.277276 -4.515284
v 0.403510 -0.572057 -2.633915
v 0.403510 -0.572057 -2.633915
v -0.403763 -0.572057 -2.632894
v -0.403763 -0.572057 -2.632894
v 0.029142 -0.887819 -7.152723
v 0.596980 -1.104257 -5.111198
v 0.536922 -1.104257 -5.111122
v 0.537605 -1.104257 -4.571094
v 0.597663 -1.104257 -4.571170
v -0.402826 -0.933018 -1.891967
v -0.402826 -0.933018 -1.891967
v 0.385483 -0.933018 -1.892963
v 0.385483 -0.933018 -1.892963
v 0.030364 -0.894417 -6.306405
v -0.053379 -0.894398 -6.306634
v -0.054601 -0.887718 -7.153355
v -0.041446 0.740450 -2.326561
v -0.006057 0.740450 -2.326605
v 0.009640 -0.458340 4.284699
v -0.036366 -0.458340 4.284756
v -0.037059 -0.543251 3.736832
v 0.008948 -0.543251 3.736773
v -5.426798 -0.266543 -0.690760
v -0.004967 0.516274 -1.464444
v -0.040356 0.516274 -1.464400
v -0.005195 0.967924 -1.645017
v -0.005252 0.516274 -1.690430
v -0.040351 0.967955 -1.461436
v -0.004962 0.967955 -1.461482
v -0.040584 0.967924 -1.644972
v -0.040641 0.516274 -1.690386
v 0.009269 -0.543251 3.990735
v 0.009243 -0.967442 3.970022
v 0.009019 -0.967442 3.793246
v -0.036987 -0.967442 3.793305
v -0.036763 -0.967442 3.970082
v -0.036737 -0.543251 3.990794
v 7.669346 0.053553 -0.718806
v 2.580429 1.861379 5.819219
v 2.580429 1.861379 5.819219
v -2.735147 1.848266 5.826110
v -2.735147 1.848266 5.826110
v 0.010316 -0.925477 4.819073
v 0.010082 -0.458340 4.634840
v -0.035914 -0.925477 4.642356
v 0.010093 -0.925477 4.642298
v -0.035690 -0.925477 4.819133
v -0.041436 1.203985 -2.318617
v -0.035923 -0.458340 4.634898
v -0.041203 1.204017 -2.135081
v -0.006046 1.203985 -2.318661
v -0.006517 0.740450 -2.690785
v -0.041906 0.740450 -2.690740
v -0.005815 1.204017 -2.135125
v 7.694737 0.041710 -1.564148
v 7.704810 0.072716 -1.564161
v 7.694222 0.065396 -1.971696
v 0.010599 -0.426205 5.042757
v -0.035407 -0.426205 5.042815
v -7.743653 0.053553 -1.544621
v 7.725320 0.012885 -0.718877
v -0.035215 -0.690720 5.194984
v -0.035358 -0.690720 5.081554
v 0.010773 -0.426205 5.179760
v -0.035234 -0.426205 5.179819
v 0.010792 -0.690720 5.194925
v 0.010648 -0.690720 5.081495
v -5.761610 -0.194085 -0.470708
v -5.742481 -0.294971 -0.760208
v -5.742484 -0.624220 -0.537838
v -5.707321 -0.294971 -0.760301
v -4.578621 -0.413960 -0.760207
v -4.597749 -0.313074 -0.470707
v -5.707324 -0.624220 -0.537931
v -5.687694 -0.194085 -0.470905
v -4.578623 -0.743208 -0.537835
v -4.543461 -0.413960 -0.760300
v -3.348027 -0.533070 -0.760205
v -3.367154 -0.432183 -0.470706
v -4.543463 -0.743208 -0.537929
v -4.523833 -0.313074 -0.470903
v -3.348028 -0.862317 -0.537834
v -3.312866 -0.533069 -0.760298
v -3.312868 -0.862317 -0.537929
v -3.293239 -0.432183 -0.470903
v 3.228911 -0.432187 -0.470704
v 3.248038 -0.533073 -0.760204
v 3.283199 -0.533073 -0.760298
v 3.248037 -0.862321 -0.537833
v 3.302826 -0.432187 -0.470901
v 3.283197 -0.862321 -0.537927
v 4.454861 -0.407205 -0.760202
v 4.435734 -0.306319 -0.470703
v 4.490021 -0.407205 -0.760296
v 4.454860 -0.736454 -0.537831
v 5.648072 -0.161677 -0.470701
v 5.667199 -0.262563 -0.760201
v 4.490019 -0.736453 -0.537925
v 4.509648 -0.306319 -0.470899
v 5.702361 -0.262563 -0.760294
v 5.667198 -0.591811 -0.537830
v 5.702358 -0.591811 -0.537923
v 5.721989 -0.161677 -0.470898
v -1.680918 -0.432184 -0.470705
v -1.661790 -0.533071 -0.760205
v -1.626629 -0.533071 -0.760298
v -1.661792 -0.862318 -0.537833
v -1.607002 -0.432184 -0.470903
v 1.567042 -0.432186 -0.470705
v -1.626631 -0.862318 -0.537928
v 1.586170 -0.533072 -0.760204
v 1.621331 -0.533072 -0.760297
v 1.586168 -0.862321 -0.537833
v 1.621329 -0.862321 -0.537927
v 1.640958 -0.432186 -0.470901
v -0.401774 -0.619760 -1.060342
v -0.401774 -0.619760 -1.060342
v 0.386535 -0.619760 -1.061338
v 0.386535 -0.619760 -1.061338
v 0.024800 -0.344813 -1.233794
v 0.024800 -0.933539 -1.233793
v -0.049270 -0.933539 -1.233699
v -0.049270 -0.344813 -1.233701
v -7.719971 0.053553 -0.699341
v 0.606099 -1.158929 -5.260033
v 0.553603 -1.086675 -5.259966
v -7.770543 0.034391 -1.952136
v -7.770028 0.034390 -1.544588
v -7.744170 0.053553 -1.952169
v -7.749517 0.094221 -0.699304
v 2.555351 2.121628 5.776938
v 2.580261 2.121628 5.686940
v 2.580261 2.121628 5.686940
v 2.580223 1.861379 5.656559
v 2.555200 1.861379 5.656593
v 7.698892 0.094221 -0.718843
v 2.580375 2.121628 5.776908
v -2.710291 2.108515 5.693801
v -2.735200 2.108515 5.783801
v -2.710329 1.848267 5.663424
v -2.710291 2.108515 5.693801
v -2.735353 1.848267 5.663455
v -2.710177 2.108514 5.783770
v -0.032001 -0.933539 0.776382
v 0.012616 -0.344814 0.776327
v 7.690373 0.053553 -1.971691
v 7.726822 0.065396 -1.971737
v 7.727338 0.065396 -1.564189
v 0.593821 -1.055136 -4.508010
v 7.746702 0.078687 -0.718904
v 0.602078 -1.107396 -4.451807
v 0.536817 -0.700905 -5.212283
v -0.420891 -0.559470 -1.181122
v 0.386382 -0.559470 -1.182143
v 0.386409 -0.622255 -1.160375
v -0.420942 -0.927163 -1.220894
v -0.401977 -0.927162 -1.220918
v 0.405296 -0.927162 -1.221939
v 0.386331 -0.927162 -1.221915
v -0.420864 -0.622255 -1.159354
v -5.529249 -0.185959 -0.790801
v -5.529919 -0.184306 -0.690631
v 5.388377 -0.295893 -0.704440
v 5.388377 -0.295893 -0.704440
v -7.757576 0.072716 -1.544604
v 0.592967 -1.055136 -5.182722
v -4.578623 -0.743208 -0.537835
v 4.454860 -0.736454 -0.537831
v 3.248037 -0.862321 -0.537833
v -1.661792 -0.862318 -0.537833
v 1.586168 -0.862321 -0.537833
v -3.348028 -0.862317 -0.537834
v 5.667198 -0.591811 -0.537830
v -5.742484 -0.624220 -0.537838
v 0.071716 -0.711173 -7.308158
v 0.053345 -0.735047 -7.332817
v 0.067746 -0.344814 0.445597
v 0.067746 -0.933539 0.445597
v 5.501271 -0.205761 -0.804752
v -0.087966 -0.344814 0.445793
v 0.012616 -0.933540 0.776326
v -0.032001 -0.344814 0.776384
v 0.597742 -0.703735 -4.508548
v -0.087966 -0.933539 0.445794
v 5.445479 -0.178892 -0.804682
v -0.087966 -0.933539 0.445794
v -7.719971 0.053553 -0.699341
v 7.727338 0.065396 -1.564189
v 0.597742 -0.277276 -4.515284
v 0.536922 -1.104257 -5.111122
v 0.596980 -1.104257 -5.111198
v 0.537685 -0.277174 -4.515905
v 0.536922 -0.765463 -5.120223
v 0.536922 -1.104257 -5.111122
v 0.596875 -0.701071 -5.211219
v 0.597663 -0.766975 -4.571170
v 0.596980 -0.765582 -5.119517
v 0.596980 -0.765582 -5.119517
v 0.596875 -0.701071 -5.211219
v -7.749517 0.094221 -0.699304
v -7.719971 0.053553 -0.699341
v 0.536192 -1.155264 -4.451723
v 0.536192 -1.107396 -4.451723
v -0.147007 -0.778284 -6.298033
v -0.037842 -0.859870 -7.310714
v -0.046776 -0.851715 -7.334913
v 0.030364 -0.894417 -6.306405
v 0.030364 -0.894417 -6.306405
v -7.729190 0.028418 -1.530587
v -7.743653 0.053553 -1.544621
v -7.719971 0.053553 -0.699341
v -7.743653 0.053553 -1.544621
v -5.440931 -0.204617 -0.690743
v -5.498159 -0.177057 -0.690671
v 0.536192 -1.107396 -4.451723
v 0.602078 -1.107396 -4.451807
v 0.593821 -1.055136 -4.508010
v -7.744170 0.053553 -1.952169
v -0.054601 -0.887718 -7.153355
v -0.054601 -0.887718 -7.153355
v 0.063690 -0.732564 -7.308380
v 0.056495 -0.707667 -7.332631
v 0.040940 -0.719754 -7.332588
v 0.040940 -0.720166 -7.308044
v 0.029142 -0.650482 -7.180873
v 7.690373 0.053553 -1.971691
v 5.476055 -0.243187 -1.110129
v 5.414129 -0.257321 -1.110051
v -3.339830 -0.432183 0.542453
v 5.675396 -0.161677 0.542459
v -4.549245 -0.743209 0.542396
v 4.463058 -0.306320 0.542458
v 4.484236 -0.736454 0.542400
v 5.696576 -0.591811 0.542402
v 1.615546 -0.862321 0.542398
v -3.318651 -0.862317 0.542396
v -5.713107 -0.624220 0.542393
v -5.734286 -0.194085 0.542450
v -1.653593 -0.432185 0.542454
v -4.570424 -0.313074 0.542452
v 3.256235 -0.432188 0.542455
v 3.277414 -0.862321 0.542398
v 1.594367 -0.432186 0.542455
v 1.640958 -0.432186 -0.470901
v -1.632415 -0.862319 0.542397
v -7.770543 0.072716 -1.952136
v -7.744170 0.053553 -1.952169
v -5.426798 -0.266543 -0.690760
v -5.467710 -0.243187 -1.096288
v -5.567859 -0.234375 -0.790752
v 0.606099 -1.158929 -5.260033
v 0.606099 -1.103732 -5.260033
v 0.553603 -1.175985 -5.259966
v 0.521159 -1.131330 -5.259925
v 0.553603 -1.086675 -5.259966
v 0.010773 -0.426205 5.179760
v 0.010648 -0.690720 5.081495
v -0.035358 -0.690720 5.081554
v 0.010082 -0.458340 4.634840
v 7.677510 0.028418 -0.718816
v 0.602078 -1.155264 -4.451807
v 0.544307 -1.207524 -4.507948
v 7.725320 0.012885 -0.718877
v 7.725320 0.012885 -0.718877
v 0.009269 -0.543251 3.990735
v -7.797326 0.028418 -0.699244
v -7.797326 0.078687 -0.699243
v -7.797326 0.028418 -0.699244
v -7.749517 0.012885 -0.699305
v -7.749517 0.012885 -0.699305
v 0.009019 -0.967442 3.793246
v -0.036987 -0.967442 3.793305
v -7.797326 0.078687 -0.699243
v 7.669346 0.053553 -0.718806
v -7.749517 0.094221 -0.699304
v 0.537605 -0.766975 -4.571094
v 0.537685 -0.703735 -4.508472
v 0.536922 -0.765463 -5.120223
v 0.537605 -0.766975 -4.571094
v 7.698892 0.094221 -0.718843
v 0.537685 -0.703735 -4.508472
v 0.597742 -0.703735 -4.508548
v 5.477364 -0.184306 -0.704552
v -0.106937 -0.767912 -7.308508
v 5.413845 -0.184306 -0.704472
v 5.477364 -0.184306 -0.704552
v 5.445479 -0.178892 -0.804682
v -7.798377 0.078687 -1.530499
v 5.413845 -0.184306 -0.704472
v -7.797326 0.078687 -0.699243
v 0.023386 -0.675129 -7.307586
v 7.694222 0.065396 -1.971696
v 7.726822 0.065396 -1.971737
v 0.023386 -0.675129 -7.307586
v 0.537605 -1.104257 -4.571094
v 5.389685 -0.205761 -0.804611
v 5.375904 -0.266134 -0.804594
v 0.597663 -1.104257 -4.571170
v 5.374244 -0.233966 -0.704422
v 0.597663 -1.104257 -4.571170
v 0.596980 -1.104257 -5.111198
v 0.597663 -0.766975 -4.571170
v 0.536817 -0.270697 -5.273023
v 0.536817 -0.700905 -5.212283
v 0.537605 -1.104257 -4.571094
v 0.596875 -0.270386 -5.270489
v -0.038144 -0.675553 -7.174719
v 0.023386 -0.857837 -7.155424
v 0.023386 -0.857837 -7.155424
v 0.066147 -0.344813 -0.818289
v -0.049270 -0.933539 -1.233699
v -0.089565 -0.933539 -0.818091
v -5.567859 -0.234375 -0.790752
v 5.501271 -0.205761 -0.804752
v -5.554308 -0.237520 -0.971268
v -5.428713 -0.234375 -0.790928
v -5.442492 -0.205761 -0.790910
v -5.428713 -0.234375 -0.790928
v -5.440931 -0.204617 -0.690743
v 7.704810 0.072716 -1.564161
v 7.694737 0.041710 -1.564148
v -7.729190 0.028418 -1.530587
v 7.697841 0.094221 -1.550099
v -7.770028 0.034390 -1.544588
v 7.724268 0.012885 -1.550132
v -5.426798 -0.266543 -0.690760
v -5.426798 -0.266543 -0.690760
v 7.745650 0.078687 -1.550159
v 7.753815 0.053553 -1.550169
v 7.746702 0.078687 -0.718904
v -0.005252 0.516274 -1.690430
v -0.040351 0.967955 -1.461436
v -0.004962 0.967955 -1.461482
v -0.041203 1.204017 -2.135081
v -0.005815 1.204017 -2.135125
v -0.006517 0.740450 -2.690785
v 0.096892 -0.691253 -7.173938
v 0.122770 -0.768838 -7.165379
v -7.757576 0.072716 -1.544604
v 7.669346 0.053553 -0.718806
v -0.148229 -0.768737 -7.165036
v -0.122350 -0.845474 -7.157495
v 0.098114 -0.850053 -6.302683
v 0.123992 -0.778246 -6.298412
v -0.148229 -0.768737 -7.165036
v -0.121128 -0.706735 -6.296133
v 0.123992 -0.778246 -6.298412
v 7.676459 0.028420 -1.550072
v -0.053379 -0.661810 -6.297163
v 0.592967 -1.055136 -5.182722
v -0.035923 -0.458340 4.634898
v 0.593821 -1.207524 -4.508011
v 0.633025 -1.178421 -5.182773
v 0.503395 -1.084240 -5.182609
v 0.521159 -1.131330 -5.259925
v 0.606099 -1.158929 -5.260033
v 7.668293 0.053553 -1.550061
v -0.035690 -0.925477 4.819133
v 0.553603 -1.175985 -5.259966
v 0.553603 -1.086675 -5.259966
v 0.592967 -1.207524 -5.182722
v 7.694737 0.041710 -1.564148
v 0.543453 -1.207524 -5.182660
v 0.633025 -1.084240 -5.182773
v 0.503395 -1.178421 -5.182609
v 0.606099 -1.103732 -5.260033
v 0.593821 -1.055136 -4.508010
v 0.010316 -0.925477 4.819073
v 0.010316 -0.925477 4.819073
v 0.010093 -0.925477 4.642298
v -0.037059 -0.543251 3.736832
v -0.036987 -0.967442 3.793305
v -0.035690 -0.925477 4.819133
v -0.035234 -0.426205 5.179819
v -0.035215 -0.690720 5.194984
v 0.008948 -0.543251 3.736773
v 0.010792 -0.690720 5.194925
v 0.010792 -0.690720 5.194925
v 0.010648 -0.690720 5.081495
v 5.375904 -0.266134 -0.804594
v -0.035215 -0.690720 5.194984
v -0.035407 -0.426205 5.042815
v 5.375904 -0.234375 -0.804594
v -0.035358 -0.690720 5.081554
v 0.010599 -0.426205 5.042757
v -0.036737 -0.543251 3.990794
v -0.036763 -0.967442 3.970082
v 0.009243 -0.967442 3.970022
v 0.009019 -0.967442 3.793246
v 0.009243 -0.967442 3.970022
v -0.036366 -0.458340 4.284756
v -0.035914 -0.925477 4.642356
v -0.036763 -0.967442 3.970082
v 0.030364 -0.661816 -6.296817
v 0.098114 -0.706704 -6.296337
v -0.053379 -0.661810 -6.297163
v 0.009640 -0.458340 4.284699
v 0.633879 -1.084240 -4.508061
v 0.648326 -1.131330 -5.182792
v 0.098114 -0.706704 -6.296337
v 0.096892 -0.691253 -7.173938
v 0.649180 -1.131331 -4.508080
v 0.602078 -1.107396 -4.451807
v 0.536192 -1.155264 -4.451723
v 0.030364 -0.661816 -6.296817
v 0.504249 -1.178421 -4.507898
v 0.488949 -1.131331 -4.507877
v 0.488095 -1.131330 -5.182589
v 0.592967 -1.207524 -5.182722
v 0.593821 -1.207524 -4.508011
v 0.633879 -1.178421 -4.508061
v 0.602078 -1.155264 -4.451807
v 0.536192 -1.107396 -4.451723
v 7.676459 0.028420 -1.550072
v 7.745650 0.078687 -1.550159
v 7.668293 0.053553 -1.550061
v 0.504249 -1.084240 -4.507897
v 7.677510 0.028418 -0.718816
v 0.543453 -1.055136 -5.182660
v 0.544307 -1.055136 -4.507948
v 7.753815 0.053553 -1.550169
v -0.121129 -0.850068 -6.302504
v -0.147007 -0.778284 -6.298033
v 7.727338 0.065396 -1.564189
v -0.053379 -0.894398 -6.306634
v -0.122350 -0.845474 -7.157495
v -0.053379 -0.894398 -6.306634
v -0.121129 -0.850068 -6.302504
v 0.012616 -0.933540 0.776326
v 0.067746 -0.933539 0.445597
v 0.012616 -0.933540 0.776326
v 0.071716 -0.711173 -7.308158
v -0.032001 -0.933539 0.776382
v 0.068899 -0.722949 -7.332898
v 0.063690 -0.732564 -7.308380
v 0.071716 -0.711173 -7.308158
v 0.040940 -0.720166 -7.308044
v 0.063690 -0.732564 -7.308380
v 5.696576 -0.591811 0.542402
v -0.032001 -0.344814 0.776384
v 5.696576 -0.591811 0.542402
v 5.722747 -0.161677 0.211673
v 0.012616 -0.344814 0.776327
v 5.722746 -0.591811 0.211672
v 5.648829 -0.591811 0.211868
v 5.722746 -0.591811 0.211672
v -5.713107 -0.624220 0.542393
v -0.032001 -0.933539 0.776382
v -5.686936 -0.624220 0.211662
v -5.734286 -0.194085 0.542450
v -5.713107 -0.624220 0.542393
v 4.484236 -0.736454 0.542400
v -5.686936 -0.624220 0.211662
v -5.760853 -0.624220 0.211860
v -5.760853 -0.624220 0.211860
v -5.686935 -0.194085 0.211664
v -5.760852 -0.194085 0.211861
v 4.510408 -0.736454 0.211671
v 5.648829 -0.591811 0.211868
v 4.484236 -0.736454 0.542400
v 4.436490 -0.736454 0.211867
v 4.510408 -0.306320 0.211671
v 4.510408 -0.736454 0.211671
v 5.648829 -0.161677 0.211869
v 1.615546 -0.862321 0.542398
v 5.675396 -0.161677 0.542459
v 1.641716 -0.862321 0.211668
v 4.436490 -0.736454 0.211867
v -3.318651 -0.862317 0.542396
v 4.436492 -0.306320 0.211868
v 1.567800 -0.862321 0.211865
v 1.641717 -0.432186 0.211669
v 1.615546 -0.862321 0.542398
v 4.463058 -0.306320 0.542458
v 1.641716 -0.862321 0.211668
v -4.570424 -0.313074 0.542452
v -3.292481 -0.862317 0.211666
v -4.596991 -0.743209 0.211862
v -3.318651 -0.862317 0.542396
v -4.549245 -0.743209 0.542396
v -3.292480 -0.432183 0.211667
v -4.596991 -0.313074 0.211863
v -3.292481 -0.862317 0.211666
v -3.366397 -0.862317 0.211863
v -3.366397 -0.862317 0.211863
v -3.366397 -0.432183 0.211864
v -3.339830 -0.432183 0.542453
v -4.596991 -0.743209 0.211862
v -4.523076 -0.743209 0.211665
v -4.523076 -0.743209 0.211665
v -4.523076 -0.313074 0.211666
v -1.632415 -0.862319 0.542397
v -4.549245 -0.743209 0.542396
v -1.632415 -0.862319 0.542397
v 3.277414 -0.862321 0.542398
v -1.606243 -0.432185 0.211668
v -1.680160 -0.862319 0.211864
v -1.606244 -0.862319 0.211667
v -1.606244 -0.862319 0.211667
v 3.229668 -0.862321 0.211865
v 1.641717 -0.432186 0.211669
v 3.303584 -0.862321 0.211668
v 1.567800 -0.862321 0.211865
v 1.567801 -0.432186 0.211866
v 3.303584 -0.862321 0.211668
v 1.567801 -0.432186 0.211866
v 1.594367 -0.432186 0.542455
v 1.594367 -0.432186 0.542455
v 3.277414 -0.862321 0.542398
v 3.303585 -0.432188 0.211670
v -5.555388 -0.295893 -0.690599
v -5.569521 -0.266543 -0.690580
v -5.569521 -0.266543 -0.690580
v 0.029142 -0.887819 -7.152723
v -5.555388 -0.295893 -0.690599
v 0.122770 -0.768838 -7.165379
v 0.096892 -0.845579 -7.157498
v -7.784465 0.053553 -1.952119
v -7.770543 0.072716 -1.952136
v -7.776998 0.012885 -1.530526
v 3.256235 -0.432188 0.542455
v 0.096892 -0.845579 -7.157498
v -1.680160 -0.862319 0.211864
v 3.229668 -0.862321 0.211865
v 0.098114 -0.850053 -6.302683
v 3.229669 -0.432188 0.211867
v 0.029142 -0.887819 -7.152723
v -7.806544 0.053553 -1.530488
v -5.512452 -0.278868 -1.096231
v -1.653593 -0.432185 0.542454
v -1.680160 -0.432185 0.211865
v -7.783951 0.053553 -1.544570
v -0.122350 -0.691133 -7.173995
v -5.473683 -0.198694 -0.971370
v -0.054601 -0.650352 -7.180959
v -0.054601 -0.650352 -7.180959
v 0.066147 -0.933539 -0.818288
v -0.121128 -0.706735 -6.296133
v 0.029142 -0.650482 -7.180873
v 0.024800 -0.933539 -1.233793
v -0.122350 -0.691133 -7.173995
v -0.089565 -0.933539 -0.818091
v 0.066147 -0.933539 -0.818288
v 0.024800 -0.933539 -1.233793
v -0.049270 -0.344813 -1.233701
v -0.089565 -0.344813 -0.818091
v 0.024800 -0.344813 -1.233794
v -7.806544 0.053553 -1.530488
v -0.049270 -0.933539 -1.233699
v -5.473683 -0.301815 -0.971370
v -5.473842 -0.270056 -1.096280
v 5.469924 -0.230453 -1.110121
v -7.798377 0.078687 -1.530499
v -5.440931 -0.204617 -0.690743
v -7.783951 0.053553 -1.544570
v 5.458873 -0.221640 -1.110108
v -5.466400 -0.184306 -0.690711
v -5.442492 -0.205761 -0.790910
v -0.106937 -0.767265 -7.164290
v -0.087924 -0.708957 -7.169982
v -0.087924 -0.825443 -7.309539
v 0.092178 -0.768065 -7.309183
v 0.071716 -0.711173 -7.308158
v -0.037842 -0.859870 -7.310714
v 0.073164 -0.824515 -7.158220
v 0.092178 -0.767339 -7.163728
v 0.092178 -0.768065 -7.309183
v -5.442721 -0.237520 -0.971410
v -5.484892 -0.221640 -1.096265
v -5.467710 -0.243187 -1.096288
v 0.092178 -0.767339 -7.163728
v 0.073164 -0.825558 -7.309891
v 0.023386 -0.861122 -7.310346
v -0.087924 -0.710520 -7.307741
v -0.037842 -0.859870 -7.310714
v -0.106937 -0.767912 -7.308508
v 0.023386 -0.861122 -7.310346
v 0.073164 -0.824515 -7.158220
v 0.073164 -0.825558 -7.309891
v -0.038144 -0.675051 -7.308046
v -0.038144 -0.675051 -7.308046
v 5.667199 -0.262563 -0.760201
v 5.702361 -0.262563 -0.760294
v -0.087924 -0.708957 -7.169982
v -0.087924 -0.710520 -7.307741
v 5.702358 -0.591811 -0.537923
v 2.580261 2.121628 5.686940
v 2.580223 1.861379 5.656559
v 2.555200 1.861379 5.656593
v -0.040584 0.967924 -1.644972
v -0.040641 0.516274 -1.690386
v -0.005195 0.967924 -1.645017
v -0.005195 0.967924 -1.645017
v -0.004962 0.967955 -1.461482
v -0.040584 0.967924 -1.644972
v -0.040356 0.516274 -1.464400
v -0.040351 0.967955 -1.461436
v 2.580261 2.121628 5.686940
v -0.004967 0.516274 -1.464444
v 2.555351 2.121628 5.776938
v 2.580375 2.121628 5.776908
v 2.580429 1.861379 5.819219
v 2.580375 2.121628 5.776908
v 2.555351 2.121628 5.776938
v -0.005815 1.204017 -2.135125
v -0.041906 0.740450 -2.690740
v -0.041203 1.204017 -2.135081
v -0.041436 1.203985 -2.318617
v -0.041446 0.740450 -2.326561
v -0.006046 1.203985 -2.318661
v 3.248038 -0.533073 -0.760204
v 3.283199 -0.533073 -0.760298
v -0.006057 0.740450 -2.326605
v -3.312866 -0.533069 -0.760298
v -3.348027 -0.533070 -0.760205
v 3.283197 -0.862321 -0.537927
v 4.490021 -0.407205 -0.760296
v -3.312868 -0.862317 -0.537929
v 4.454861 -0.407205 -0.760202
v 4.490019 -0.736453 -0.537925
v -5.707321 -0.294971 -0.760301
v -5.742481 -0.294971 -0.760208
v -5.707324 -0.624220 -0.537931
v -7.750570 0.094221 -1.530560
v -7.721023 0.053553 -1.530596
v 1.586170 -0.533072 -0.760204
v -7.743653 0.053553 -1.544621
v 1.621331 -0.533072 -0.760297
v 1.586170 -0.533072 -0.760204
v 1.621329 -0.862321 -0.537927
v 1.621331 -0.533072 -0.760297
v 1.567042 -0.432186 -0.470705
v -1.626629 -0.533071 -0.760298
v -1.661790 -0.533071 -0.760205
v -4.543461 -0.413960 -0.760300
v -1.626631 -0.862318 -0.537928
v -4.578621 -0.413960 -0.760207
v -2.710291 2.108515 5.693801
v -4.543463 -0.743208 -0.537929
v 5.502833 -0.295893 -0.704585
v 5.477364 -0.316203 -0.704554
v 5.477364 -0.316203 -0.704554
v 5.489993 -0.285936 -0.985237
v 5.502833 -0.295893 -0.704585
v -2.735200 2.108515 5.783801
v -2.710177 2.108514 5.783770
v -2.735147 1.848266 5.826110
v -2.710177 2.108514 5.783770
v -2.735200 2.108515 5.783801
v -5.529919 -0.184306 -0.690631
v -5.529249 -0.185959 -0.790801
v -5.529919 -0.316203 -0.690631
v 5.516967 -0.266542 -0.704603
v 5.413845 -0.316203 -0.704472
v 5.413845 -0.316203 -0.704472
v 5.489993 -0.214573 -0.985237
v -5.523345 -0.301815 -0.971307
v -5.529919 -0.184306 -0.690631
v -5.529919 -0.316203 -0.690631
v 5.516967 -0.266542 -0.704603
v -5.498159 -0.323452 -0.690670
v -5.466400 -0.316203 -0.690711
v -5.466400 -0.316203 -0.690711
v 5.445606 -0.323452 -0.704513
v 5.374244 -0.233966 -0.704422
v 5.516967 -0.233966 -0.704602
v -5.498159 -0.323452 -0.690670
v 7.725320 0.094221 -0.718877
v -5.440931 -0.295893 -0.690743
v -5.440931 -0.295893 -0.690743
v 7.677510 0.078687 -0.718816
v -5.442721 -0.262989 -0.971410
v 5.516967 -0.233966 -0.704602
v 7.746702 0.078687 -0.718904
v 5.445606 -0.323452 -0.704513
v -5.498159 -0.177057 -0.690671
v -2.710291 2.108515 5.693801
v -2.710329 1.848267 5.663424
v -2.735353 1.848267 5.663455
v -2.735147 1.848266 5.826110
v -2.735353 1.848267 5.663455
v -2.710329 1.848267 5.663424
v -0.087924 -0.824429 -7.159015
v -0.106937 -0.767265 -7.164290
v -0.038144 -0.857713 -7.156043
v -0.087924 -0.824429 -7.159015
v -0.087924 -0.825443 -7.309539
v 0.073164 -0.709062 -7.169880
v 0.073164 -0.709062 -7.169880
v 0.023386 -0.675750 -7.174277
v -0.038144 -0.675553 -7.174719
v 0.023386 -0.675750 -7.174277
v -0.038144 -0.857713 -7.156043
v 0.071716 -0.711173 -7.308158
v -0.420891 -0.559470 -1.181122
v -0.401927 -0.559470 -1.181147
v -0.420864 -0.622255 -1.159354
v 0.405346 -0.559470 -1.182167
v 0.386409 -0.622255 -1.160375
v 0.386382 -0.559470 -1.182143
v 0.385483 -0.933018 -1.892963
v 0.405296 -0.927162 -1.221939
v 0.386331 -0.927162 -1.221915
v 0.386535 -0.619760 -1.061338
v 0.386331 -0.927162 -1.221915
v 0.405296 -0.927162 -1.221939
v -0.402826 -0.933018 -1.891967
v -0.401977 -0.927162 -1.220918
v -0.420942 -0.927163 -1.220894
v -0.401774 -0.619760 -1.060342
v -0.420942 -0.927163 -1.220894
v -0.401977 -0.927162 -1.220918
v 7.716747 0.072716 -1.971725
v 5.420420 -0.301815 -0.985149
v -5.529636 -0.243187 -1.096208
v 5.445036 -0.250254 -1.154669
v -7.784465 0.053553 -1.952119
v 5.431312 -0.278868 -1.110073
v -5.512452 -0.221640 -1.096231
v 5.445036 -0.250254 -1.154669
v 5.414129 -0.257321 -1.110051
v 5.458873 -0.278868 -1.110107
v -5.498729 -0.250254 -1.140828
v -7.784465 0.053553 -1.952119
v -7.770543 0.034391 -1.952136
v -7.770543 0.034391 -1.952136
v -7.783951 0.053553 -1.544570
v -0.053347 -0.833150 -7.334453
v -7.758091 0.072716 -1.952152
v -5.554308 -0.262989 -0.971269
v -5.529636 -0.257321 -1.096208
v -5.529636 -0.243187 -1.096208
v -5.498729 -0.250254 -1.140828
v -0.046776 -0.851715 -7.334913
v -0.034569 -0.826636 -7.334580
v -0.027998 -0.845182 -7.334972
v -0.034569 -0.826636 -7.334580
v 0.022914 -0.852334 -7.334677
v -0.046776 -0.851715 -7.334913
v 5.420261 -0.230453 -1.110059
v 5.389457 -0.262989 -0.985110
v 5.400508 -0.214573 -0.985124
v 0.022914 -0.852334 -7.334677
v 5.445250 -0.193025 -0.985181
v -0.027394 -0.834816 -7.310373
v 0.032206 -0.826104 -7.334134
v -0.027394 -0.834816 -7.310373
v -0.037842 -0.859870 -7.310714
v 0.014282 -0.834586 -7.334325
v -0.027998 -0.845182 -7.334972
v 0.021456 -0.826956 -7.309757
v 0.014282 -0.834586 -7.334325
v 0.032206 -0.826104 -7.334134
v 0.014885 -0.845478 -7.310184
v 0.040839 -0.843840 -7.334527
v 0.021456 -0.826956 -7.309757
v 0.033664 -0.852019 -7.310320
v 0.040839 -0.843840 -7.334527
v 0.033664 -0.852019 -7.310320
v 0.040236 -0.833492 -7.309924
v 0.014885 -0.845478 -7.310184
v 0.040236 -0.833492 -7.309924
v -0.053950 -0.844042 -7.310302
v -0.045318 -0.826334 -7.310020
v -0.045318 -0.826334 -7.310020
v -0.037842 -0.859870 -7.310714
v -0.053950 -0.844042 -7.310302
v -0.053347 -0.833150 -7.334453
v -0.071303 -0.793952 -7.333564
v 0.003391 -0.759519 -7.333078
v -0.075730 -0.774868 -7.333230
v 0.003391 -0.779085 -7.333366
v 0.003391 -0.759519 -7.333078
v -0.016504 -0.779037 -7.333586
v -0.016504 -0.779037 -7.333586
v -0.016504 -0.759467 -7.333304
v -0.095126 -0.779268 -7.333286
v -0.090699 -0.798354 -7.333602
v -0.075730 -0.774868 -7.333230
v -0.090699 -0.798354 -7.333602
v 0.062618 -0.775331 -7.308967
v 0.062618 -0.775331 -7.308967
v 0.077587 -0.798807 -7.309603
v 0.082014 -0.779754 -7.309342
v 0.058191 -0.794381 -7.309255
v 0.077587 -0.798807 -7.309603
v 0.066972 -0.800221 -7.333903
v 0.066972 -0.800221 -7.333903
v 0.058191 -0.794381 -7.309255
v 0.056387 -0.783596 -7.333497
v 0.073233 -0.773246 -7.333552
v 0.056387 -0.783596 -7.333497
v 0.083818 -0.789859 -7.333996
v 0.082014 -0.779754 -7.309342
v 0.073233 -0.773246 -7.333552
v 0.083818 -0.789859 -7.333996
v -0.071303 -0.793952 -7.333564
v -0.069499 -0.783833 -7.308946
v -0.080084 -0.800427 -7.309212
v -0.069499 -0.783833 -7.308946
v -0.059261 -0.710443 -7.332626
v -0.059261 -0.710443 -7.332626
v 0.003391 -0.779085 -7.333366
v 0.007512 -0.769661 -7.308715
v -0.006556 -0.783448 -7.309074
v -0.006556 -0.783448 -7.309074
v -0.086345 -0.773470 -7.308711
v -0.095126 -0.779268 -7.333286
v -0.096930 -0.790053 -7.309020
v -0.096930 -0.790053 -7.309020
v -0.057032 -0.729811 -7.332801
v -0.086345 -0.773470 -7.308711
v -0.076803 -0.732041 -7.332678
v -0.080084 -0.800427 -7.309212
v -0.076803 -0.732041 -7.332678
v -0.016504 -0.759467 -7.333304
v -0.020625 -0.769585 -7.309035
v -0.079031 -0.712673 -7.332509
v -0.006556 -0.755807 -7.308630
v -0.006556 -0.755807 -7.308630
v 0.003391 -0.682454 -7.332479
v 0.007512 -0.769661 -7.308715
v -0.020625 -0.769585 -7.309035
v 0.003391 -0.682454 -7.332479
v -0.016504 -0.701851 -7.332780
v 0.003391 -0.701916 -7.332538
v -0.016504 -0.701851 -7.332780
v -0.016504 -0.682387 -7.332728
v 0.040940 -0.719754 -7.332588
v 0.040940 -0.719754 -7.332588
v 0.068899 -0.722949 -7.332898
v 0.040940 -0.720166 -7.308044
v 0.053345 -0.735047 -7.332817
v 0.053345 -0.735047 -7.332817
v 0.068899 -0.722949 -7.332898
v 0.056495 -0.707667 -7.332631
v 0.056495 -0.707667 -7.332631
v 0.071716 -0.711173 -7.308158
v -0.066456 -0.735332 -7.308242
v -0.066456 -0.735332 -7.308242
v -0.054052 -0.720070 -7.308205
v -0.069607 -0.707973 -7.307959
v -0.057032 -0.729811 -7.332801
v -0.079031 -0.712673 -7.332509
v 0.007512 -0.692633 -7.307883
v -0.006556 -0.706337 -7.308097
v -0.069607 -0.707973 -7.307959
v -0.082011 -0.723225 -7.308037
v 0.003391 -0.701916 -7.332538
v -0.054052 -0.720070 -7.308205
v -0.082011 -0.723225 -7.308037
v -0.006556 -0.706337 -7.308097
v -0.020625 -0.692535 -7.308233
v -0.006556 -0.678841 -7.307982
v -0.016504 -0.682387 -7.332728
v -0.006556 -0.678841 -7.307982
v 7.704294 0.034391 -1.971709
v 7.726822 0.041710 -1.971737
v -0.020625 -0.692535 -7.308233
v 7.717263 0.034391 -1.564177
v 0.007512 -0.692633 -7.307883
v 7.726822 0.041710 -1.971737
v 7.726822 0.065396 -1.971737
v 7.704294 0.034391 -1.971709
v 1.314122 0.604870 1.565109
v 1.241434 0.704918 1.605292
v 1.196509 0.643085 1.605292
v 1.196509 0.566655 1.605292
v 1.241434 0.504823 1.605292
v 1.314122 0.481205 1.605292
v 1.386810 0.504823 1.605292
v 1.431734 0.566655 1.605292
v 1.314122 0.728536 1.605292
v 1.431734 0.643085 1.605292
v 1.386810 0.704918 1.605292
v 1.190457 0.775081 1.775502
v 1.196509 0.766750 1.710487
v 1.114027 0.669885 1.775502
v 1.123821 0.666703 1.710487
v 1.114027 0.539856 1.775502
v 1.190457 0.434660 1.775502
v 1.123821 0.543037 1.710487
v 1.314122 0.394479 1.775502
v 1.196509 0.442990 1.710487
v 1.314122 0.404776 1.710487
v 1.437787 0.434660 1.775502
v 1.514217 0.539856 1.775502
v 1.431734 0.442990 1.710487
v 1.504423 0.543037 1.710487
v 1.514217 0.669885 1.775502
v 1.431734 0.766750 1.710487
v 1.314122 0.804965 1.710487
v 1.314122 0.815262 1.775502
v 1.437787 0.775081 1.775502
v 1.504423 0.666703 1.710487
v 1.190457 0.775081 1.775502
v 1.114027 0.669885 1.775502
v 1.114027 0.539856 1.775502
v 1.190457 0.434660 1.775502
v 1.314122 0.394479 1.775502
v 1.437787 0.434660 1.775502
v 1.514217 0.539856 1.775502
v 1.314122 0.815262 1.775502
v 1.315101 0.604546 1.774285
v 1.514217 0.669885 1.775502
v 1.437787 0.775081 1.775502
v 1.944365 0.697164 3.209602
v 1.807810 0.901532 3.209602
v 1.603441 1.038088 3.209602
v 1.362370 1.086040 3.209602
v 1.121301 1.038088 3.209602
v 0.916932 0.901532 3.209602
v 0.780377 0.697163 3.209602
v 0.732425 0.456093 3.209602
v 0.780377 0.215023 3.209602
v 0.916932 0.010655 3.209602
v 1.121301 -0.125901 3.209602
v 1.362370 -0.173852 3.209602
v 1.603441 -0.125901 3.209602
v 1.992317 0.456093 3.209602
v 1.807810 0.010655 3.209602
v 1.944365 0.215024 3.209602
v 1.362370 0.456093 3.209602
v 1.898075 0.845292 1.773070
v 1.761519 1.049661 1.773070
v 1.557151 1.186216 1.773070
v 1.316080 1.234168 1.773070
v 1.075011 1.186216 1.773070
v 0.870641 1.049661 1.773070
v 0.734087 0.845292 1.773070
v 0.686135 0.604222 1.773070
v 0.734087 0.363152 1.773070
v 0.870641 0.158783 1.773070
v 1.075011 0.022229 1.773070
v 1.316080 -0.025723 1.773070
v 1.557151 0.022229 1.773070
v 1.761519 0.158783 1.773070
v 1.946026 0.604222 1.773070
v 1.315101 0.604546 1.774285
v 1.898075 0.363152 1.773070
v -1.348277 0.604870 1.565109
v -1.275588 0.704918 1.605292
v -1.230663 0.643085 1.605292
v -1.230663 0.566655 1.605292
v -1.275588 0.504823 1.605292
v -1.348277 0.481205 1.605292
v -1.420965 0.504823 1.605292
v -1.465889 0.566655 1.605292
v -1.348277 0.728536 1.605292
v -1.465889 0.643085 1.605292
v -1.420965 0.704918 1.605292
v -1.224611 0.775081 1.775502
v -1.230663 0.766750 1.710487
v -1.148182 0.669885 1.775502
v -1.157975 0.666703 1.710487
v -1.148182 0.539856 1.775502
v -1.224611 0.434660 1.775502
v -1.157975 0.543037 1.710487
v -1.230663 0.442990 1.710487
v -1.348277 0.394479 1.775502
v -1.471942 0.434660 1.775502
v -1.348277 0.404776 1.710487
v -1.548371 0.539856 1.775502
v -1.465889 0.442990 1.710487
v -1.538577 0.543037 1.710487
v -1.548371 0.669885 1.775502
v -1.471942 0.775081 1.775502
v -1.465889 0.766750 1.710487
v -1.538577 0.666703 1.710487
v -1.348277 0.804965 1.710487
v -1.348277 0.815262 1.775502
v -1.224611 0.775081 1.775502
v -1.148182 0.669885 1.775502
v -1.148182 0.539856 1.775502
v -1.224611 0.434660 1.775502
v -1.348277 0.394479 1.775502
v -1.471942 0.434660 1.775502
v -1.548371 0.539856 1.775502
v -1.349255 0.604546 1.774285
v -1.548371 0.669885 1.775502
v -1.471942 0.775081 1.775502
v -1.348277 0.815262 1.775502
v -1.978519 0.697164 3.209602
v -1.841964 0.901532 3.209602
v -1.637595 1.038088 3.209602
v -1.396525 1.086040 3.209602
v -1.155455 1.038088 3.209602
v -0.951086 0.901532 3.209602
v -0.814531 0.697163 3.209602
v -0.766579 0.456093 3.209602
v -0.814531 0.215023 3.209602
v -0.951086 0.010655 3.209602
v -1.155455 -0.125901 3.209602
v -1.396525 -0.173852 3.209602
v -1.637595 -0.125901 3.209602
v -1.396525 0.456093 3.209602
v -1.841964 0.010655 3.209602
v -1.978519 0.215024 3.209602
v -2.026471 0.456093 3.209602
v -1.932228 0.845292 1.773070
v -1.795673 1.049661 1.773070
v -1.591304 1.186216 1.773070
v -1.350235 1.234168 1.773070
v -1.109165 1.186216 1.773070
v -0.904796 1.049661 1.773070
v -0.768241 0.845292 1.773070
v -0.720289 0.604222 1.773070
v -0.768241 0.363152 1.773070
v -0.904796 0.158783 1.773070
v -1.109165 0.022229 1.773070
v -1.350235 -0.025723 1.773070
v -1.591304 0.022229 1.773070
v -1.795673 0.158783 1.773070
v -1.980180 0.604222 1.773070
v -1.349255 0.604546 1.774285
v -1.932228 0.363152 1.773070
v -0.546552 -0.301192 -5.020150
v -0.015926 0.350169 -5.852433
v 0.425530 0.701696 -3.482976
v 0.286187 -0.241615 -3.398643
v 0.288179 -0.231261 -2.921128
v -0.004276 -0.222194 -2.920343
v 0.288179 -0.231261 -2.921128
v 0.286187 -0.241615 -3.398643
v -0.452180 0.414013 -5.222612
v -0.296731 -0.231261 -2.919478
v -0.296731 -0.231261 -2.919478
v 0.425530 0.701696 -3.482976
v -0.245701 0.796263 -3.097115
v -0.004276 -0.222194 -2.920343
v -0.004003 0.804941 -3.097987
v 0.529899 -0.267872 -3.399379
v 0.286187 -0.241615 -3.398643
v -0.298723 -0.241615 -3.396993
v -0.542435 -0.267872 -3.396354
v -0.436624 0.700422 -3.479957
v -0.015926 0.350169 -5.852433
v -0.436624 0.700422 -3.479957
v -0.288893 -0.299194 -5.631488
v -0.452180 0.414013 -5.222612
v -0.436624 0.700422 -3.479957
v -0.542435 -0.267872 -3.396354
v -0.359067 0.760055 -3.235597
v -0.298723 -0.241615 -3.396993
v -0.542435 -0.267872 -3.396354
v -0.298723 -0.241615 -3.396993
v -0.527306 -0.317707 -5.628693
v -0.288893 -0.299194 -5.631488
v -0.363203 0.302546 -5.770766
v -0.363203 0.302546 -5.770766
v 0.420386 0.369819 -5.563557
v 0.367252 0.307022 -5.761758
v 0.475159 -0.318146 -5.630503
v -0.405174 0.368480 -5.561763
v 0.237696 0.796700 -3.098778
v -0.546552 -0.301192 -5.020150
v 0.348592 0.760836 -3.237580
v 0.286187 -0.241615 -3.398643
v -0.527306 -0.317707 -5.628693
v -0.527306 -0.317707 -5.628693
v -0.546552 -0.301192 -5.020150
v -0.288893 -0.299194 -5.631488
v 0.475159 -0.318146 -5.630503
v 0.420386 0.369819 -5.563557
v 0.529899 -0.267872 -3.399379
v 0.475159 -0.318146 -5.630503
v 0.286187 -0.241615 -3.398643
v -0.546552 -0.301192 -5.020150
v -0.004276 -0.222194 -2.920343
v -0.288893 -0.299194 -5.631488
v 0.367252 0.307022 -5.761758
v 0.475159 -0.318146 -5.630503
v 0.425530 0.701696 -3.482976
v 0.230348 0.333877 -5.795077
v 0.420386 0.369819 -5.563557
v 0.529899 -0.267872 -3.399379
v -0.288893 -0.299194 -5.631488
v 0.286187 -0.241615 -3.398643
v 0.475159 -0.318146 -5.630503
v -0.004003 0.804941 -3.097987
v 0.237696 0.796700 -3.098778
v 0.288179 -0.231261 -2.921128
v -0.045531 -1.200341 -3.882655
v -0.015322 -1.428883 -4.102818
v 0.043584 -1.143733 -3.906829
v -0.010693 -1.385007 -4.140849
v -0.037171 -1.147126 -3.906829
v 0.005886 -1.384650 -4.140827
v -0.020435 -1.026509 -4.041864
v 0.017084 -1.381735 -4.143146
v 0.054706 -1.142718 -3.913228
v -0.006017 -1.415480 -4.114275
v -0.006109 -1.353517 -4.276997
v -0.012472 -1.444554 -4.085037
v -0.013968 -1.369921 -4.149919
v 0.052712 -1.196220 -3.882655
v 0.012323 -1.428297 -4.102780
v -0.006777 -1.377519 -4.147274
v -0.020241 -1.037659 -4.006494
v 0.030284 -1.436432 -4.091606
v 0.048779 -1.406175 -4.117684
v 0.029085 -1.376586 -4.143637
v 0.030284 -1.436432 -4.091606
v -0.006109 -1.353517 -4.276997
v -0.061296 -1.910716 -4.329107
v -0.062359 -1.849794 -4.308126
v -0.062763 -1.826686 -4.334247
v 0.052712 -1.196220 -3.882655
v 0.012323 -1.428297 -4.102780
v 0.082545 -1.215057 -3.878666
v 0.082545 -1.215057 -3.878666
v 0.054706 -1.142718 -3.913228
v -0.053999 -1.147042 -3.913228
v -0.041878 -1.397407 -4.130691
v 0.001340 -1.481718 -4.380123
v -0.010693 -1.385007 -4.140849
v 0.017084 -1.381735 -4.143146
v 0.076309 -1.468347 -4.421718
v -0.075769 -1.163634 -3.823958
v -0.071940 -1.470940 -4.421719
v 0.043584 -1.143733 -3.906829
v 0.002185 -1.469637 -4.452427
v -0.020116 -1.482091 -4.371234
v -0.075346 -1.221675 -3.878666
v 0.082123 -1.157004 -3.823958
v -0.075346 -1.221675 -3.878666
v 0.009385 -1.380863 -4.144046
v 0.002912 -1.031678 -4.024180
v -0.033197 -1.034792 -4.016309
v 0.062880 -1.827076 -4.369059
v -0.004326 -1.027333 -4.038362
v -0.004170 -1.036275 -4.009997
v 0.004105 -1.851992 -4.308205
v -0.071940 -1.470940 -4.273447
v -0.033284 -1.029828 -4.032051
v -0.019128 -1.405279 -4.123401
v 0.107013 -1.467810 -4.347583
v 0.004105 -1.851992 -4.387109
v -0.019467 -1.388376 -4.138088
v 0.016849 -1.395914 -4.130831
v 0.076310 -1.468347 -4.273447
v 0.002185 -1.469637 -4.242739
v 0.001340 -1.481718 -4.319426
v 0.022796 -1.481338 -4.328316
v 0.022796 -1.481338 -4.371234
v 0.031683 -1.481183 -4.349775
v 0.009995 -1.411311 -4.117581
v -0.012472 -1.444554 -4.085037
v 0.029085 -1.376586 -4.143637
v -0.047294 -1.424438 -4.102925
v -0.004670 -1.448706 -4.275387
v -0.013968 -1.369921 -4.149919
v -0.012472 -1.444554 -4.085037
v 0.062026 -1.184813 -3.893842
v -0.073077 -1.165998 -3.907449
v -0.055005 -1.189722 -3.893842
v -0.031228 -1.166190 -3.893068
v 0.036493 -1.438646 -4.275195
v 0.020623 -1.402125 -4.125358
v 0.037922 -1.163288 -3.893068
v -0.038939 -1.418024 -4.112720
v -0.015322 -1.428883 -4.102818
v -0.045531 -1.200341 -3.882655
v -0.034949 -1.189877 -3.882310
v 0.011184 -1.421811 -4.108442
v -0.037171 -1.147126 -3.906829
v 0.005886 -1.384650 -4.140827
v -0.024754 -1.403080 -4.125421
v 0.035541 -1.416448 -4.112616
v -0.021930 -1.382547 -4.143200
v 0.037660 -1.395722 -4.130580
v 0.062914 -1.160994 -3.907449
v -0.014510 -1.422348 -4.108479
v 0.041985 -1.186640 -3.882310
v -0.035579 -0.550125 -4.452428
v -0.023787 -1.852477 -4.375554
v 0.001310 -1.465918 -4.387109
v 0.081833 -0.760070 -4.273531
v -0.026582 -1.466403 -4.375554
v -0.061752 -1.884596 -4.305997
v -0.062726 -1.828812 -4.369059
v 0.095493 -0.971310 -4.086462
v -0.062726 -1.828812 -4.369059
v -0.061752 -1.884596 -4.305997
v -0.061663 -1.889739 -4.390039
v -0.032533 -0.597874 -4.266318
v -0.062269 -1.854933 -4.392169
v -0.061259 -1.912842 -4.363918
v -0.127507 -0.975202 -4.086462
v -0.102643 -1.471477 -4.347583
v -0.071940 -1.470940 -4.273447
v -0.029004 -1.482247 -4.349775
v -0.012472 -1.444554 -4.085037
v -0.020116 -1.482091 -4.328316
v -0.004670 -1.448706 -4.275387
v 0.029085 -1.376586 -4.143637
v -0.047294 -1.424438 -4.102925
v 0.054300 -1.400202 -4.275687
v 0.043552 -1.851303 -4.347657
v -0.109704 -0.551418 -4.273447
v 0.035340 -1.362311 -4.276486
v 0.048779 -1.406175 -4.117684
v -0.035579 -0.550125 -4.242740
v -0.038194 -1.422799 -4.276115
v -0.047960 -1.391220 -4.131801
v -0.035340 -1.852679 -4.347657
v -0.038835 -1.380431 -4.276828
v 0.002185 -1.469637 -4.242739
v -0.141168 -0.763963 -4.273531
v 0.081833 -0.760070 -4.273531
v -0.127507 -0.975202 -4.086462
v -0.032533 -0.597874 -4.266318
v 0.064310 -1.908978 -4.329107
v 0.038546 -0.548829 -4.273447
v 0.001310 -1.465918 -4.308205
v -0.061296 -1.910716 -4.329107
v 0.107013 -1.467810 -4.347583
v 0.029202 -1.465424 -4.319760
v 0.063853 -1.882859 -4.305997
v 0.031998 -1.851506 -4.319760
v 0.076310 -1.468347 -4.273447
v -0.075346 -1.221675 -3.878666
v 0.095493 -0.971310 -4.086462
v -0.141168 -0.763963 -4.273531
v 0.082545 -1.215057 -3.878666
v 0.063944 -1.888003 -4.390039
v -0.062359 -1.849794 -4.308126
v 0.069249 -0.548295 -4.347584
v 0.063246 -1.848057 -4.308126
v 0.076309 -1.468347 -4.421718
v -0.102643 -1.471477 -4.347583
v -0.062763 -1.826686 -4.334247
v -0.061663 -1.889739 -4.390039
v -0.062269 -1.854933 -4.392169
v 0.063336 -1.853195 -4.392169
v 0.062843 -1.824949 -4.334247
v 0.064347 -1.911105 -4.363918
v -0.061259 -1.912842 -4.363918
v -0.140407 -0.551955 -4.347584
v 0.002185 -1.469637 -4.452427
v -0.075769 -1.163634 -3.823958
v -0.017118 -0.909571 -4.028314
v -0.038136 -1.466606 -4.347657
v -0.071940 -1.470940 -4.421719
v 0.040757 -1.465223 -4.347657
v 0.029202 -1.465424 -4.375554
v -0.109704 -0.551418 -4.421720
v 0.038546 -0.548829 -4.421720
v 0.031998 -1.851506 -4.375554
v -0.026582 -1.466403 -4.319760
v -0.023787 -1.852477 -4.319760
v 0.082123 -1.157004 -3.823958
v 0.062951 -1.868361 -4.349573
v 0.062952 -1.946130 -4.242533
v 0.104082 -2.023900 -4.135493
v 0.104082 -2.120028 -4.267802
v 0.062951 -1.994195 -4.308687
v 0.104082 -2.120028 -4.431345
v 0.062951 -1.994195 -4.390459
v 0.062951 -1.946130 -4.456614
v 0.104082 -2.023900 -4.563654
v 0.104082 -1.868361 -4.614191
v 0.062952 -1.868361 -4.481883
v 0.062952 -1.790591 -4.456614
v 0.104082 -1.712822 -4.563654
v 0.062951 -1.742528 -4.390459
v 0.104082 -1.616694 -4.431344
v 0.062952 -1.790591 -4.242533
v 0.062951 -1.742528 -4.308687
v 0.104082 -1.868361 -4.084956
v 0.104082 -1.616694 -4.267802
v 0.104082 -1.712822 -4.135493
v 0.062952 -1.868361 -4.217264
v 0.104082 -2.023900 -4.135493
v 0.222545 -2.023900 -4.135493
v 0.222545 -2.120028 -4.267802
v 0.104082 -2.120028 -4.267802
v 0.222545 -2.120028 -4.431345
v 0.104082 -2.120028 -4.431345
v 0.104082 -2.023900 -4.563654
v 0.222545 -2.023900 -4.563654
v 0.104082 -1.868361 -4.614191
v 0.222545 -1.868361 -4.614191
v 0.104082 -1.712822 -4.563654
v 0.222545 -1.712822 -4.563654
v 0.222545 -1.616694 -4.431344
v 0.104082 -1.616694 -4.431344
v 0.104082 -1.616694 -4.267802
v 0.222545 -1.616694 -4.267802
v 0.222545 -1.616694 -4.267802
v 0.104082 -1.616694 -4.267802
v 0.222545 -1.712822 -4.135493
v 0.222545 -1.868361 -4.084956
v 0.104082 -1.868361 -4.084956
v 0.104082 -1.712822 -4.135493
v 0.222545 -2.023900 -4.135493
v 0.222545 -2.120028 -4.267802
v 0.222545 -2.120028 -4.431345
v 0.222545 -2.023900 -4.563654
v 0.222545 -1.868361 -4.614191
v 0.222545 -1.712822 -4.563654
v 0.222545 -1.616694 -4.431344
v 0.222545 -1.616694 -4.267802
v 0.222545 -1.712822 -4.135493
v 0.222545 -1.868361 -4.084956
v 0.263675 -1.868361 -4.217264
v 0.263675 -1.790591 -4.456613
v 0.263675 -1.946130 -4.242533
v 0.263675 -1.742528 -4.390459
v 0.263675 -1.868361 -4.481883
v 0.263675 -1.868361 -4.349573
v 0.263675 -1.742528 -4.308687
v 0.263675 -1.946130 -4.456614
v 0.263675 -1.790591 -4.242533
v 0.263675 -1.994195 -4.390459
v 0.263675 -1.994195 -4.308687
v 2.509689 -1.107762 0.292721
v 2.539896 -1.336302 0.072558
v 2.598804 -1.051153 0.268547
v 2.518048 -1.054545 0.268547
v 2.544527 -1.292428 0.034527
v 2.561106 -1.292069 0.034549
v 2.534784 -0.933929 0.133512
v 2.572303 -1.289155 0.032231
v 2.609926 -1.050137 0.262148
v 2.549203 -1.322899 0.061101
v 2.549110 -1.260938 -0.101621
v 2.542747 -1.351974 0.090339
v 2.541252 -1.277341 0.025457
v 2.567543 -1.335717 0.072596
v 2.607931 -1.103640 0.292722
v 2.548442 -1.284938 0.028102
v 2.534979 -0.945079 0.168882
v 2.585503 -1.343851 0.083770
v 2.603998 -1.313594 0.057691
v 2.585503 -1.343851 0.083770
v 2.584305 -1.284007 0.031739
v 2.549110 -1.260938 -0.101621
v 2.493924 -1.818135 -0.153731
v 2.492860 -1.757214 -0.132750
v 2.492457 -1.734106 -0.158871
v 2.567543 -1.335717 0.072596
v 2.607931 -1.103640 0.292722
v 2.637764 -1.122478 0.296710
v 2.637764 -1.122478 0.296710
v 2.609926 -1.050137 0.262148
v 2.501220 -1.054461 0.262147
v 2.513340 -1.304826 0.044685
v 2.631529 -1.375768 -0.246343
v 2.556559 -1.389137 -0.204747
v 2.544527 -1.292428 0.034527
v 2.572303 -1.289155 0.032231
v 2.535103 -1.389512 -0.195858
v 2.483280 -1.378359 -0.246343
v 2.557405 -1.377058 -0.277052
v 2.598804 -1.051153 0.268547
v 2.479451 -1.071054 0.351417
v 2.637343 -1.064424 0.351417
v 2.479873 -1.129095 0.296710
v 2.479873 -1.129095 0.296710
v 2.558132 -0.939098 0.151197
v 2.522022 -0.942211 0.159067
v 2.550893 -0.934752 0.137014
v 2.564605 -1.288282 0.031330
v 2.618099 -1.734495 -0.193683
v 2.559325 -1.759411 -0.211733
v 2.521936 -0.937248 0.143325
v 2.572069 -1.303333 0.044545
v 2.559325 -1.759411 -0.132828
v 2.551048 -0.943695 0.165379
v 2.631529 -1.375768 -0.098071
v 2.483280 -1.378359 -0.098071
v 2.556559 -1.389137 -0.144051
v 2.542747 -1.351974 0.090339
v 2.535753 -1.295796 0.037289
v 2.536091 -1.312698 0.051975
v 2.565215 -1.318731 0.057794
v 2.557405 -1.377058 -0.067363
v 2.662233 -1.375230 -0.172207
v 2.578015 -1.388758 -0.152940
v 2.586902 -1.388602 -0.174399
v 2.578015 -1.388758 -0.195858
v 2.541252 -1.277341 0.025457
v 2.507925 -1.331859 0.072450
v 2.584305 -1.284007 0.031739
v 2.550549 -1.356126 -0.100012
v 2.500214 -1.097142 0.281534
v 2.509689 -1.107762 0.292721
v 2.617245 -1.092232 0.281534
v 2.516281 -1.325444 0.062656
v 2.575842 -1.309545 0.050019
v 2.539896 -1.336302 0.072558
v 2.591714 -1.346065 -0.099819
v 2.542747 -1.351974 0.090339
v 2.482143 -1.073419 0.267927
v 2.593142 -1.070707 0.282308
v 2.523991 -1.073610 0.282308
v 2.520270 -1.097297 0.293065
v 2.566403 -1.329230 0.066934
v 2.561106 -1.292069 0.034549
v 2.518048 -1.054545 0.268547
v 2.533289 -1.289967 0.032176
v 2.618133 -1.068413 0.267927
v 2.540710 -1.329768 0.066898
v 2.597203 -1.094059 0.293065
v 2.530466 -1.310501 0.049955
v 2.590761 -1.323867 0.062760
v 2.592880 -1.303143 0.044796
v 2.519640 -0.457545 -0.277052
v 2.531432 -1.759897 -0.200178
v 2.528637 -1.373824 -0.200178
v 2.637052 -0.667490 -0.098155
v 2.556530 -1.373338 -0.211733
v 2.493961 -1.820262 -0.188542
v 2.493467 -1.792016 -0.130621
v 2.492494 -1.736233 -0.193683
v 2.522686 -0.505293 -0.090943
v 2.492950 -1.762352 -0.216792
v 2.493557 -1.797159 -0.214663
v 2.650712 -0.878730 0.088914
v 2.493467 -1.792016 -0.130621
v 2.492494 -1.736233 -0.193683
v 2.427712 -0.882621 0.088914
v 2.584305 -1.284007 0.031739
v 2.452576 -1.378897 -0.172208
v 2.550549 -1.356126 -0.100012
v 2.507925 -1.331859 0.072450
v 2.535103 -1.389512 -0.152940
v 2.526216 -1.389666 -0.174399
v 2.542747 -1.351974 0.090339
v 2.483280 -1.378359 -0.098071
v 2.516385 -1.287851 -0.101453
v 2.445516 -0.458838 -0.098072
v 2.590559 -1.269731 -0.101110
v 2.519640 -0.457545 -0.067364
v 2.603998 -1.313594 0.057691
v 2.517025 -1.330218 -0.100739
v 2.519879 -1.760099 -0.172281
v 2.609519 -1.307622 -0.100311
v 2.414051 -0.671383 -0.098155
v 2.507260 -1.298639 0.043575
v 2.557405 -1.377058 -0.067363
v 2.598771 -1.758724 -0.172281
v 2.522686 -0.505293 -0.090943
v 2.427712 -0.882621 0.088914
v 2.637052 -0.667490 -0.098155
v 2.556530 -1.373338 -0.132828
v 2.587218 -1.758925 -0.144384
v 2.619529 -1.816399 -0.153731
v 2.637764 -1.122478 0.296710
v 2.493924 -1.818135 -0.153731
v 2.593765 -0.456249 -0.098072
v 2.631529 -1.375768 -0.098071
v 2.619073 -1.790279 -0.130621
v 2.662233 -1.375230 -0.172207
v 2.479873 -1.129095 0.296710
v 2.650712 -0.878730 0.088914
v 2.584422 -1.372844 -0.144384
v 2.414051 -0.671383 -0.098155
v 2.595976 -1.372642 -0.172281
v 2.631529 -1.375768 -0.246343
v 2.452576 -1.378897 -0.172208
v 2.624468 -0.455714 -0.172208
v 2.492950 -1.762352 -0.216792
v 2.493557 -1.797159 -0.214663
v 2.618465 -1.755477 -0.132750
v 2.619163 -1.795422 -0.214663
v 2.492860 -1.757214 -0.132750
v 2.479451 -1.071054 0.351417
v 2.618062 -1.732369 -0.158871
v 2.637343 -1.064424 0.351417
v 2.618556 -1.760616 -0.216792
v 2.584422 -1.372844 -0.200178
v 2.587218 -1.758925 -0.200178
v 2.492457 -1.734106 -0.158871
v 2.538100 -0.816991 0.147062
v 2.528637 -1.373824 -0.144384
v 2.483280 -1.378359 -0.246343
v 2.619566 -1.818525 -0.188543
v 2.493961 -1.820262 -0.188542
v 2.445516 -0.458838 -0.246344
v 2.531432 -1.759897 -0.144384
v 2.414812 -0.459374 -0.172208
v 2.557405 -1.377058 -0.277052
v 2.593765 -0.456249 -0.246344
v 2.517084 -1.374025 -0.172281
v 2.618783 -1.779361 -0.173145
v 2.618783 -1.885127 -0.027571
v 2.674719 -1.990894 0.118005
v 2.674719 -2.121628 -0.061935
v 2.618783 -1.950494 -0.117541
v 2.674719 -2.121628 -0.284354
v 2.618783 -1.950494 -0.228749
v 2.618783 -1.885127 -0.318719
v 2.674720 -1.990894 -0.464294
v 2.674720 -1.779360 -0.533026
v 2.618783 -1.779360 -0.353085
v 2.618783 -1.673595 -0.318719
v 2.674720 -1.567828 -0.464294
v 2.674720 -1.437094 -0.284354
v 2.618783 -1.608227 -0.228749
v 2.674719 -1.779361 0.186736
v 2.618783 -1.673595 -0.027570
v 2.674719 -1.437094 -0.061935
v 2.618783 -1.608227 -0.117540
v 2.674719 -1.567829 0.118005
v 2.618783 -1.779361 0.006796
v 2.835828 -1.990894 0.118005
v 2.674719 -1.990894 0.118005
v 2.835828 -2.121628 -0.061935
v 2.674719 -2.121628 -0.061935
v 2.674719 -2.121628 -0.284354
v 2.835828 -2.121628 -0.284354
v 2.835829 -1.990894 -0.464294
v 2.674720 -1.990894 -0.464294
v 2.835829 -1.779361 -0.533026
v 2.674720 -1.779360 -0.533026
v 2.674720 -1.567828 -0.464294
v 2.835829 -1.567828 -0.464294
v 2.674720 -1.437094 -0.284354
v 2.674719 -1.437094 -0.061935
v 2.835829 -1.437094 -0.284354
v 2.835828 -1.437094 -0.061935
v 2.835828 -1.437094 -0.061935
v 2.674719 -1.437094 -0.061935
v 2.835828 -1.567829 0.118005
v 2.835828 -1.779361 0.186736
v 2.674719 -1.567829 0.118005
v 2.674719 -1.779361 0.186736
v 2.835828 -1.990894 0.118005
v 2.835828 -2.121628 -0.061935
v 2.835828 -2.121628 -0.284354
v 2.835829 -1.990894 -0.464294
v 2.835829 -1.779361 -0.533026
v 2.835829 -1.567828 -0.464294
v 2.835829 -1.437094 -0.284354
v 2.835828 -1.437094 -0.061935
v 2.835828 -1.779361 0.186736
v 2.835828 -1.567829 0.118005
v 2.891765 -1.950494 -0.228749
v 2.891765 -1.673595 -0.318719
v 2.891765 -1.950494 -0.117540
v 2.891765 -1.608227 -0.228749
v 2.891765 -1.885127 -0.318719
v 2.891765 -1.885128 -0.027570
v 2.891765 -1.608227 -0.117540
v 2.891765 -1.779361 -0.353085
v 2.891765 -1.673595 -0.027570
v 2.891765 -1.779361 0.006796
v 2.891765 -1.779361 -0.173145
v -2.543843 -1.107762 0.292722
v -2.574051 -1.336302 0.072558
v -2.632958 -1.051153 0.268547
v -2.552202 -1.054545 0.268547
v -2.578681 -1.292428 0.034527
v -2.595260 -1.292069 0.034549
v -2.568938 -0.933929 0.133512
v -2.606458 -1.289155 0.032231
v -2.644080 -1.050137 0.262148
v -2.583357 -1.322899 0.061102
v -2.583265 -1.260938 -0.101621
v -2.576901 -1.351974 0.090339
v -2.575407 -1.277341 0.025457
v -2.601698 -1.335717 0.072596
v -2.642085 -1.103640 0.292722
v -2.582597 -1.284938 0.028102
v -2.569133 -0.945079 0.168882
v -2.619658 -1.343851 0.083771
v -2.638152 -1.313594 0.057692
v -2.618459 -1.284007 0.031740
v -2.583265 -1.260938 -0.101621
v -2.619658 -1.343851 0.083771
v -2.528078 -1.818135 -0.153730
v -2.527014 -1.757214 -0.132750
v -2.526611 -1.734106 -0.158871
v -2.642085 -1.103640 0.292722
v -2.601698 -1.335717 0.072596
v -2.671919 -1.122478 0.296710
v -2.671919 -1.122478 0.296710
v -2.644080 -1.050137 0.262148
v -2.547495 -1.304826 0.044685
v -2.535375 -1.054461 0.262148
v -2.590714 -1.389137 -0.204746
v -2.578681 -1.292428 0.034527
v -2.665684 -1.375768 -0.246342
v -2.569257 -1.389512 -0.195858
v -2.514028 -1.129095 0.296710
v -2.517434 -1.378359 -0.246343
v -2.632958 -1.051153 0.268547
v -2.606458 -1.289155 0.032231
v -2.591559 -1.377058 -0.277051
v -2.513606 -1.071054 0.351417
v -2.671497 -1.064424 0.351417
v -2.514028 -1.129095 0.296710
v -2.598759 -1.288282 0.031330
v -2.652254 -1.734495 -0.193683
v -2.556177 -0.942211 0.159067
v -2.592286 -0.939098 0.151197
v -2.585047 -0.934752 0.137014
v -2.593479 -1.759411 -0.211733
v -2.576901 -1.351974 0.090339
v -2.593479 -1.759411 -0.132828
v -2.599369 -1.318731 0.057794
v -2.570245 -1.312698 0.051976
v -2.585203 -0.943695 0.165379
v -2.569907 -1.295796 0.037289
v -2.517434 -1.378359 -0.098071
v -2.621057 -1.388602 -0.174399
v -2.590714 -1.389137 -0.144050
v -2.612170 -1.388758 -0.152939
v -2.612170 -1.388758 -0.195858
v -2.591559 -1.377058 -0.067363
v -2.696387 -1.375230 -0.172207
v -2.606224 -1.303333 0.044546
v -2.618459 -1.284007 0.031740
v -2.665684 -1.375768 -0.098071
v -2.556090 -0.937248 0.143326
v -2.542080 -1.331859 0.072450
v -2.584704 -1.356126 -0.100012
v -2.625868 -1.346065 -0.099819
v -2.575407 -1.277341 0.025457
v -2.558145 -1.073610 0.282308
v -2.627296 -1.070707 0.282308
v -2.550436 -1.325444 0.062657
v -2.534369 -1.097142 0.281534
v -2.574051 -1.336302 0.072558
v -2.576901 -1.351974 0.090339
v -2.651400 -1.092232 0.281534
v -2.516297 -1.073419 0.267927
v -2.554425 -1.097297 0.293065
v -2.609997 -1.309545 0.050019
v -2.595260 -1.292069 0.034549
v -2.600558 -1.329230 0.066934
v -2.543843 -1.107762 0.292722
v -2.567443 -1.289967 0.032176
v -2.627034 -1.303143 0.044796
v -2.574864 -1.329768 0.066898
v -2.652288 -1.068413 0.267927
v -2.631358 -1.094059 0.293066
v -2.564621 -1.310501 0.049955
v -2.624915 -1.323867 0.062760
v -2.552202 -1.054545 0.268547
v -2.590684 -1.373338 -0.211733
v -2.565587 -1.759897 -0.200178
v -2.562791 -1.373824 -0.200178
v -2.553794 -0.457545 -0.277052
v -2.556841 -0.505293 -0.090942
v -2.671206 -0.667490 -0.098155
v -2.527712 -1.797159 -0.214663
v -2.528115 -1.820262 -0.188542
v -2.527621 -1.792016 -0.130621
v -2.684867 -0.878730 0.088914
v -2.527621 -1.792016 -0.130621
v -2.526648 -1.736233 -0.193683
v -2.527104 -1.762352 -0.216792
v -2.526648 -1.736233 -0.193683
v -2.461867 -0.882621 0.088914
v -2.576901 -1.351974 0.090339
v -2.584704 -1.356126 -0.100012
v -2.542080 -1.331859 0.072450
v -2.560370 -1.389666 -0.174399
v -2.569257 -1.389512 -0.152940
v -2.486731 -1.378897 -0.172208
v -2.517434 -1.378359 -0.098071
v -2.618459 -1.284007 0.031740
v -2.624713 -1.269731 -0.101110
v -2.448205 -0.671383 -0.098155
v -2.638152 -1.313594 0.057692
v -2.553794 -0.457545 -0.067364
v -2.671206 -0.667490 -0.098155
v -2.632925 -1.758724 -0.172281
v -2.554033 -1.760099 -0.172281
v -2.479670 -0.458838 -0.098072
v -2.550540 -1.287851 -0.101452
v -2.643673 -1.307622 -0.100311
v -2.551180 -1.330218 -0.100739
v -2.541415 -1.298639 0.043576
v -2.591559 -1.377058 -0.067363
v -2.448205 -0.671383 -0.098155
v -2.461867 -0.882621 0.088914
v -2.556841 -0.505293 -0.090942
v -2.653684 -1.816399 -0.153730
v -2.590684 -1.373338 -0.132828
v -2.696387 -1.375230 -0.172207
v -2.627919 -0.456249 -0.098072
v -2.665684 -1.375768 -0.098071
v -2.528078 -1.818135 -0.153730
v -2.653227 -1.790279 -0.130621
v -2.671919 -1.122478 0.296710
v -2.621372 -1.758925 -0.144383
v -2.618577 -1.372844 -0.144383
v -2.514028 -1.129095 0.296710
v -2.684867 -0.878730 0.088914
v -2.551238 -1.374025 -0.172281
v -2.618577 -1.372844 -0.200178
v -2.630130 -1.372642 -0.172281
v -2.658623 -0.455714 -0.172208
v -2.665684 -1.375768 -0.246342
v -2.527712 -1.797159 -0.214663
v -2.513606 -1.071054 0.351417
v -2.527014 -1.757214 -0.132750
v -2.621372 -1.758925 -0.200178
v -2.565587 -1.759897 -0.144383
v -2.671497 -1.064424 0.351417
v -2.527104 -1.762352 -0.216792
v -2.653317 -1.795422 -0.214663
v -2.517434 -1.378359 -0.246343
v -2.652620 -1.755477 -0.132750
v -2.652709 -1.760616 -0.216792
v -2.572255 -0.816991 0.147062
v -2.591559 -1.377058 -0.277051
v -2.627919 -0.456249 -0.246344
v -2.526611 -1.734106 -0.158871
v -2.653721 -1.818525 -0.188542
v -2.479670 -0.458838 -0.246344
v -2.652217 -1.732369 -0.158871
v -2.528115 -1.820262 -0.188542
v -2.448967 -0.459374 -0.172208
v -2.486731 -1.378897 -0.172208
v -2.562791 -1.373824 -0.144383
v -2.652937 -1.779361 -0.173144
v -2.652937 -1.885127 -0.027570
v -2.708874 -1.990894 0.118005
v -2.708874 -2.121628 -0.061935
v -2.652937 -1.950494 -0.117540
v -2.652937 -1.950494 -0.228749
v -2.708874 -2.121628 -0.284354
v -2.652937 -1.885127 -0.318719
v -2.708874 -1.990894 -0.464294
v -2.652937 -1.779360 -0.353085
v -2.708874 -1.779360 -0.533026
v -2.708874 -1.567828 -0.464294
v -2.652937 -1.673595 -0.318719
v -2.652937 -1.608227 -0.228749
v -2.708874 -1.437094 -0.284353
v -2.708874 -1.779361 0.186736
v -2.652937 -1.673595 -0.027570
v -2.652937 -1.608227 -0.117540
v -2.708874 -1.437094 -0.061935
v -2.708874 -1.567829 0.118005
v -2.652937 -1.779361 0.006796
v -2.869984 -1.990894 0.118005
v -2.708874 -1.990894 0.118005
v -2.869984 -2.121628 -0.061935
v -2.708874 -2.121628 -0.061935
v -2.869984 -2.121628 -0.284354
v -2.708874 -2.121628 -0.284354
v -2.869984 -1.990894 -0.464294
v -2.708874 -1.990894 -0.464294
v -2.869984 -1.779361 -0.533025
v -2.708874 -1.779360 -0.533026
v -2.869984 -1.567828 -0.464294
v -2.708874 -1.567828 -0.464294
v -2.869984 -1.437094 -0.284353
v -2.708874 -1.437094 -0.061935
v -2.708874 -1.437094 -0.284353
v -2.869984 -1.437094 -0.061935
v -2.869984 -1.437094 -0.061935
v -2.708874 -1.779361 0.186736
v -2.869984 -1.567829 0.118005
v -2.708874 -1.437094 -0.061935
v -2.708874 -1.567829 0.118005
v -2.869984 -1.779361 0.186736
v -2.869984 -1.779361 0.186736
v -2.869984 -1.990894 0.118005
v -2.869984 -2.121628 -0.061935
v -2.869984 -2.121628 -0.284354
v -2.869984 -1.990894 -0.464294
v -2.869984 -1.779361 -0.533025
v -2.869984 -1.567828 -0.464294
v -2.869984 -1.437094 -0.284353
v -2.869984 -1.779361 0.186736
v -2.869984 -1.437094 -0.061935
v -2.869984 -1.567829 0.118005
v -2.925921 -1.673595 -0.318719
v -2.925921 -1.950494 -0.228749
v -2.925920 -1.885128 -0.027570
v -2.925921 -1.885127 -0.318719
v -2.925921 -1.608227 -0.117540
v -2.925921 -1.779361 -0.353085
v -2.925920 -1.779361 0.006796
v -2.925920 -1.673595 -0.027570
v -2.925920 -1.950494 -0.117540
v -2.925921 -1.608227 -0.228749
v -2.925921 -1.779361 -0.173144
v -0.245701 0.796263 -3.097115
v -0.363203 0.302546 -5.770766
v -0.405174 0.368480 -5.561763
v -0.452180 0.414013 -5.222612
v -0.445795 0.502579 -5.034727
v -0.150293 0.414859 -5.772461
v -0.313133 0.368891 -5.747326
v -0.151956 0.490235 -5.694728
v -0.424860 0.474401 -5.291186
v -0.281092 0.510696 -5.612116
v -0.385923 0.442290 -5.521924
v -0.142043 0.612462 -5.564455
v -0.257426 0.633489 -5.491157
v -0.357997 0.546278 -5.458129
v -0.399556 0.590479 -5.249834
v -0.419137 0.631937 -5.010672
v -0.329449 0.673968 -5.363190
v -0.225188 0.746887 -5.382390
v -0.124426 0.726101 -5.438277
v -0.113789 0.837598 -5.311362
v -0.201052 0.802192 -5.327127
v -0.287706 0.798091 -5.272608
v -0.368202 0.730078 -5.185266
v -0.121301 0.943419 -5.178219
v -0.320142 0.868215 -5.117889
v -0.221934 0.895984 -5.205896
v -0.133031 1.025569 -5.032088
v -0.245159 0.973636 -5.061646
v -0.297440 0.951222 -4.964349
v -0.103857 0.883658 -3.214663
v -0.190922 0.883896 -3.258151
v -0.291423 0.835691 -3.230518
v -0.359067 0.760055 -3.235597
v -0.387736 0.766664 -3.464935
v -0.325881 0.842705 -3.377632
v -0.243593 0.894749 -3.346295
v -0.091910 0.931626 -3.331778
v -0.096078 0.974735 -3.453518
v -0.181479 0.943497 -3.420235
v -0.105830 1.022736 -3.587247
v -0.271893 0.914116 -3.472485
v -0.200739 0.980275 -3.545911
v -0.110636 1.071673 -3.740332
v -0.210174 1.024726 -3.698957
v -0.436624 0.700422 -3.479957
v -0.343188 0.853414 -3.547526
v -0.285847 0.945821 -3.630112
v -0.408334 0.745202 -3.912521
v -0.362996 0.872277 -3.967919
v -0.303080 0.989338 -4.023309
v -0.117697 1.126410 -4.097282
v -0.223133 1.076919 -4.069497
v -0.383771 0.782979 -4.970901
v -0.353590 0.863593 -4.945845
v -0.348336 0.904672 -4.806099
v -0.131700 1.134095 -4.682992
v -0.239565 1.100466 -4.481636
v -0.288241 0.994238 -4.832493
v -0.246364 1.073244 -4.691813
v -0.321876 0.999768 -4.473784
v -0.183817 1.063248 -4.855053
v -0.328243 0.965397 -4.708233
v -0.127320 1.159661 -4.486701
v 0.000000 0.804941 -3.097987
v 0.237696 0.796700 -3.098778
v 0.000000 0.886204 -3.204148
v 0.000000 0.937651 -3.329716
v 0.000000 0.984186 -3.460055
v 0.000000 1.034089 -3.599961
v 0.000000 1.084742 -3.754224
v 0.000000 1.143557 -4.106649
v 0.000000 1.180886 -4.487984
v 0.000000 1.155810 -4.678884
v 0.000000 1.100521 -4.862861
v 0.000000 1.042460 -5.021059
v 0.000000 0.955357 -5.171384
v 0.000000 0.841853 -5.312594
v 0.000000 0.723408 -5.448888
v 0.000000 0.604856 -5.581928
v 0.000000 0.481316 -5.712959
v 0.000000 0.350169 -5.852433
v 0.367252 0.307022 -5.761758
v 0.420386 0.369819 -5.563557
v 0.421254 0.425779 -5.212735
v 0.445795 0.502579 -5.034727
v 0.150292 0.414859 -5.772461
v 0.151955 0.490235 -5.694728
v 0.313132 0.368891 -5.747326
v 0.424860 0.474401 -5.291186
v 0.281091 0.510696 -5.612116
v 0.385923 0.442290 -5.521924
v 0.142043 0.612462 -5.564455
v 0.357996 0.546278 -5.458129
v 0.257425 0.633489 -5.491157
v 0.399556 0.590479 -5.249834
v 0.419137 0.631937 -5.010672
v 0.329448 0.673968 -5.363190
v 0.225188 0.746887 -5.382390
v 0.124425 0.726101 -5.438277
v 0.113788 0.837598 -5.311362
v 0.201052 0.802192 -5.327127
v 0.287706 0.798091 -5.272608
v 0.368201 0.730078 -5.185266
v 0.121300 0.943419 -5.178219
v 0.221934 0.895984 -5.205896
v 0.320142 0.868215 -5.117889
v 0.245159 0.973636 -5.061646
v 0.133031 1.025569 -5.032088
v 0.297439 0.951222 -4.964349
v 0.103856 0.883658 -3.214663
v 0.190922 0.883896 -3.258151
v 0.291422 0.835691 -3.230518
v 0.348592 0.760836 -3.237580
v 0.387735 0.766664 -3.464935
v 0.325881 0.842705 -3.377632
v 0.091910 0.931626 -3.331778
v 0.243592 0.894749 -3.346295
v 0.181479 0.943497 -3.420235
v 0.096077 0.974735 -3.453518
v 0.105829 1.022736 -3.587247
v 0.200739 0.980275 -3.545911
v 0.271892 0.914116 -3.472485
v 0.110635 1.071673 -3.740332
v 0.210174 1.024726 -3.698957
v 0.285846 0.945821 -3.630112
v 0.425530 0.701696 -3.482976
v 0.343188 0.853414 -3.547526
v 0.408333 0.745202 -3.912521
v 0.362996 0.872277 -3.967919
v 0.303080 0.989338 -4.023309
v 0.117696 1.126410 -4.097282
v 0.353590 0.863593 -4.945845
v 0.383771 0.782979 -4.970901
v 0.223132 1.076919 -4.069497
v 0.348336 0.904672 -4.806099
v 0.183816 1.063248 -4.855053
v 0.288241 0.994238 -4.832493
v -0.086558 0.792686 -4.677202
v 0.246364 1.073244 -4.691813
v 0.321876 0.999768 -4.473784
v 0.131699 1.134095 -4.682992
v 0.127319 1.159661 -4.486701
v 0.328242 0.965397 -4.708233
v 0.239565 1.100466 -4.481636
v 0.089913 0.792686 -4.677202
v -0.065276 0.799562 -4.672570
v -0.098489 0.632561 -4.770088
v 0.001680 0.808515 -4.666467
v 0.068634 0.799562 -4.672570
v 0.100738 0.632561 -4.770088
v -0.086558 0.792686 -4.677202
v 0.089913 0.792686 -4.677202
v -0.380912 0.854255 -4.464164
v -0.423331 0.691898 -4.452841
v -0.445192 0.542679 -4.439746
v 0.423092 0.544348 -4.469411
v 0.380911 0.854255 -4.464164
v 0.424558 0.665326 -4.742839
v 0.395518 0.777597 -4.772347
v -0.395518 0.777597 -4.772347
v -0.424559 0.665326 -4.742839
v 0.423330 0.691898 -4.452841
v -0.098489 0.632561 -4.770088
v 0.100738 0.632561 -4.770088
v 0.001680 0.808515 -4.666467
v -0.065276 0.799562 -4.672570
v 0.068634 0.799562 -4.672570
v 0.003556 -0.266700 -0.419100
v 0.003556 0.381000 -2.743200
v 0.003556 -0.266700 -2.743200
v 0.003556 0.381000 -0.419100
v 0.003556 -0.266700 -2.743199
v 0.003556 0.381000 -0.419100
v 0.003556 -0.266700 -0.419100
v 0.003556 0.381000 -2.743199
vn -0.000001 0.193128 0.981174
vn -0.000794 0.193563 0.981088
vn -0.000384 0.193135 0.981172
vn 0.000606 0.192646 0.981268
vn -0.000264 0.193033 0.981192
vn -0.000232 0.192556 0.981286
vn -0.000095 0.192484 0.981300
vn 0.000062 0.192428 0.981311
vn 0.000004 0.193129 0.981173
vn 0.000728 0.192131 0.981369
vn -0.000439 0.193357 0.981128
vn 0.000344 0.192459 0.981305
vn -0.000262 0.193276 0.981144
vn -0.000745 0.193940 0.981013
vn -0.000726 0.193121 0.981175
vn -0.000008 0.228531 0.973537
vn -0.014010 0.241491 0.970302
vn 0.000670 0.286217 0.958165
vn -0.000556 0.291616 0.956535
vn -0.000278 0.291380 0.956607
vn 0.001337 0.289801 0.957086
vn -0.000517 0.278602 0.960406
vn 0.004257 0.294758 0.955562
vn 0.002145 0.293454 0.955971
vn 0.002235 0.287089 0.957901
vn -0.035851 0.146287 0.988592
vn -0.000041 0.291480 0.956577
vn 0.005063 0.273748 0.961788
vn -0.017830 0.169412 0.985384
vn 0.000854 0.259786 0.965666
vn -0.007404 0.237894 0.971263
vn -0.000825 0.193178 0.981163
vn 0.000485 0.193151 0.981169
vn 0.000166 0.193154 0.981168
vn -0.000220 0.193017 0.981195
vn 0.000006 0.193122 0.981175
vn -0.002722 0.237124 0.971476
vn 0.000003 0.193119 0.981175
vn -0.011777 0.177314 0.984084
vn -0.004176 0.250585 0.968086
vn -0.000002 0.087159 0.996194
vn 0.000000 0.087156 0.996195
vn -0.000001 0.087157 0.996195
vn -0.000001 0.087157 0.996195
vn -0.000147 0.193162 0.981167
vn -0.000358 0.193049 0.981189
vn -0.000064 0.193145 0.981170
vn -0.000001 0.193127 0.981174
vn -0.000151 0.193161 0.981167
vn 0.000000 0.635074 0.772452
vn 0.000000 0.635074 0.772451
vn -0.000357 0.193053 0.981188
vn 0.000020 0.193136 0.981172
vn -0.000189 0.193089 0.981181
vn 0.000000 0.643236 0.765668
vn 0.000038 0.870452 0.492253
vn 0.000000 0.870452 0.492253
vn 0.000000 0.870452 0.492253
vn 0.000316 0.193089 0.981181
vn 0.000002 0.193133 0.981173
vn 0.000306 0.193059 0.981187
vn 0.000299 0.193078 0.981183
vn 0.000588 0.193044 0.981190
vn 0.000016 0.193134 0.981172
vn -0.000002 0.193129 0.981173
vn 0.000001 0.193132 0.981173
vn -0.000023 0.193490 0.981102
vn -0.000019 0.193488 0.981103
vn -0.000014 0.193486 0.981103
vn -0.000019 0.193488 0.981103
vn 0.000112 0.193027 0.981193
vn 0.000104 0.193031 0.981193
vn 0.000108 0.193029 0.981193
vn 0.000000 0.737033 0.675856
vn -0.003820 0.871151 0.491000
vn 0.000013 0.870455 0.492249
vn -0.002322 0.796248 0.604966
vn 0.000000 0.654541 0.756026
vn 0.000000 0.870454 0.492250
vn -0.005726 0.869354 0.494157
vn 0.000108 0.193029 0.981193
vn -0.000003 0.870456 0.492247
vn -0.000001 0.819555 0.573001
vn 0.000013 0.810226 0.586118
vn -0.001141 0.194325 0.980937
vn -0.000887 0.193877 0.981025
vn 0.000296 0.192300 0.981336
vn -0.000044 0.192775 0.981243
vn -0.000109 0.192882 0.981222
vn -0.000152 0.192814 0.981235
vn 0.000386 0.192201 0.981355
vn 0.001467 0.192791 0.981239
vn -0.000938 0.193706 0.981059
vn -0.000992 0.193620 0.981076
vn 0.001324 0.192074 0.981380
vn 0.000261 0.193062 0.981187
vn -0.000193 0.192542 0.981289
vn -0.000667 0.192657 0.981266
vn -0.001667 0.193119 0.981174
vn 0.000142 0.192999 0.981199
vn 0.000429 0.194263 0.980949
vn 0.000023 0.193117 0.981176
vn -0.000608 0.193159 0.981167
vn -0.001321 0.191619 0.981468
vn -0.000631 0.192346 0.981327
vn 0.000604 0.193745 0.981052
vn -0.000651 0.192817 0.981234
vn 0.001453 0.194367 0.980928
vn -0.000236 0.192764 0.981245
vn 0.001902 0.194878 0.980826
vn -0.004958 0.193318 0.981124
vn -0.002251 0.192844 0.981227
vn -0.000011 0.193133 0.981173
vn 0.000406 0.194396 0.980923
vn 0.000312 0.193860 0.981029
vn 0.000013 0.193119 0.981175
vn 0.000103 0.193770 0.981047
vn 0.000389 0.194516 0.980899
vn -0.000008 0.193125 0.981174
vn -0.000112 0.193190 0.981161
vn -0.000027 0.193136 0.981172
vn -0.000007 0.193140 0.981171
vn 0.000002 0.193070 0.981185
vn 0.000015 0.193135 0.981172
vn -0.000008 0.193052 0.981189
vn -0.000003 0.193096 0.981180
vn 0.000055 0.193276 0.981144
vn -0.000763 0.193702 0.981060
vn 0.000025 0.193160 0.981167
vn -0.000071 0.193068 0.981185
vn -0.000006 0.193127 0.981174
vn -0.000063 0.193171 0.981165
vn -0.000062 0.193080 0.981183
vn -0.000119 0.193211 0.981157
vn -0.000512 0.192951 0.981208
vn -0.001325 0.192870 0.981223
vn 0.000180 0.193560 0.981088
vn 0.000002 0.193137 0.981172
vn -0.000094 0.193237 0.981152
vn -0.000009 0.193136 0.981172
vn -0.000021 0.193155 0.981168
vn 0.000275 0.192060 0.981383
vn 0.001314 0.193156 0.981167
vn -0.000084 0.193036 0.981192
vn 0.000552 0.192591 0.981279
vn 0.000819 0.192705 0.981256
vn 0.000008 0.193144 0.981170
vn -0.000017 0.192910 0.981216
vn 0.000023 0.193142 0.981171
vn 0.300309 0.938048 0.172862
vn 0.305074 0.936218 0.174429
vn 0.000000 0.274721 -0.961524
vn -0.025147 0.274634 -0.961220
vn 1.000000 0.000000 0.000000
vn 1.000000 0.000000 0.000000
vn 1.000000 0.000000 0.000000
vn 1.000000 0.000000 0.000000
vn -1.000000 0.000000 0.000000
vn -1.000000 0.000000 0.000000
vn -1.000000 0.000000 0.000000
vn -1.000000 0.000000 0.000000
vn -0.302172 0.937469 0.172755
vn 0.006201 0.292755 -0.956167
vn -0.305291 0.936721 0.171321
vn -0.308406 0.935962 0.169885
vn 0.000000 0.983394 0.181484
vn -0.305291 0.936721 0.171321
vn 0.000000 0.983394 0.181484
vn 0.205571 0.962192 0.178684
vn 0.006200 0.302635 -0.953086
vn -0.012575 0.284635 -0.958554
vn -0.003188 0.288711 -0.957411
vn 0.104425 0.977803 0.181650
vn 0.749427 0.614364 -0.246811
vn -0.000127 0.964973 -0.262348
vn -0.402079 0.881692 -0.246884
vn 0.743914 0.642605 -0.183444
vn 0.971242 0.221040 -0.088489
vn 0.993355 0.097020 -0.061918
vn -0.987864 0.143495 -0.059449
vn -0.915263 0.386976 -0.111999
vn -0.014897 0.844045 -0.536065
vn 0.011814 0.663569 -0.748022
vn 0.390502 0.779970 -0.489035
vn -0.000047 0.665197 -0.746668
vn -0.000111 0.850284 -0.526324
vn -0.115259 0.836094 -0.536342
vn -0.099356 0.716812 -0.690151
vn 0.479586 0.743846 -0.465500
vn 0.126062 0.745109 -0.654921
vn 0.808966 0.454310 -0.373063
vn 0.966089 0.137397 -0.218620
vn 0.590263 0.531120 -0.607866
vn 0.311791 0.723897 -0.615435
vn -0.200760 0.950414 -0.237506
vn -0.200760 0.950414 -0.237506
vn -0.200760 0.950414 -0.237506
vn -0.938549 0.150478 -0.310617
vn -0.717017 0.569033 -0.402602
vn -0.834596 0.108956 -0.539980
vn -0.001526 -0.981186 0.193058
vn -0.001526 -0.981186 0.193058
vn -0.000633 -0.981140 0.193299
vn -0.755204 -0.643193 0.126370
vn -0.755210 -0.643185 0.126378
vn -0.755207 -0.643189 0.126374
vn -0.755207 -0.643189 0.126374
vn -0.919533 -0.385654 0.075695
vn -0.919533 -0.385654 0.075695
vn -0.919533 -0.385654 0.075695
vn 0.919537 0.385645 -0.075694
vn 0.971053 0.234405 -0.045937
vn 0.982653 0.182000 -0.035627
vn 0.996749 0.079091 -0.015382
vn 0.996391 0.083321 -0.016215
vn 0.996391 0.083322 -0.016215
vn 0.996572 0.081207 -0.015799
vn -0.963689 -0.262039 0.051374
vn -0.963689 -0.262040 0.051374
vn -0.963688 -0.262042 0.051374
vn -0.963689 -0.262040 0.051374
vn -0.000476 -0.981199 0.192998
vn -0.126114 -0.973369 0.191435
vn -0.000474 -0.981199 0.192997
vn -0.084384 -0.977702 0.192295
vn -0.042430 -0.980317 0.192816
vn -0.126116 -0.973369 0.191435
vn 0.002714 0.981085 -0.193556
vn 0.015674 -0.981021 0.193266
vn 0.009539 -0.981087 0.193333
vn 0.015286 -0.981020 0.193305
vn 0.763255 -0.633949 0.124705
vn 0.742169 -0.657600 0.129413
vn 0.763242 -0.633960 0.124723
vn 0.730155 -0.669212 0.137946
vn 0.981079 -0.190001 0.037209
vn 0.994817 -0.099806 0.019422
vn 0.981080 -0.189996 0.037207
vn -0.995153 0.096531 -0.018784
vn 0.986604 -0.160102 0.031314
vn 0.994815 -0.099830 0.019431
vn 0.991188 -0.130008 0.025380
vn 0.995154 -0.096521 0.018775
vn 0.995154 -0.096521 0.018775
vn 0.995154 -0.096521 0.018775
vn 0.921893 -0.380177 0.074697
vn 0.921892 -0.380178 0.074697
vn 0.921892 -0.380177 0.074697
vn 0.921892 -0.380177 0.074697
vn 0.307531 -0.933598 0.183898
vn 0.307533 -0.933598 0.183898
vn 0.307535 -0.933597 0.183898
vn 0.747059 -0.651651 0.131356
vn 0.763408 -0.633767 0.124690
vn 0.307533 -0.933598 0.183898
vn 0.741257 -0.657380 0.135609
vn 0.885437 -0.456156 0.089010
vn 0.863665 -0.494738 0.096525
vn 0.978635 -0.201838 0.039166
vn 0.948163 -0.311927 0.060729
vn 0.995744 -0.090508 0.017363
vn 0.995749 -0.090461 0.017329
vn 0.982601 -0.182350 0.035262
vn 0.927257 -0.367523 0.071567
vn 0.999997 -0.002590 0.000043
vn 1.000000 -0.000054 -0.000429
vn 1.000000 -0.000834 -0.000462
vn 1.000000 -0.000837 -0.000404
vn 0.999997 -0.002260 -0.000109
vn 0.999993 -0.003698 0.000235
vn -0.749553 -0.649483 0.127840
vn -0.749555 -0.649480 0.127841
vn -0.749554 -0.649481 0.127840
vn -0.749554 -0.649481 0.127840
vn 0.720185 -0.680720 0.133989
vn 0.999777 -0.020738 0.004082
vn 0.720187 -0.680719 0.133989
vn 0.965275 -0.256317 0.050452
vn 0.999777 -0.020738 0.004082
vn 0.866045 -0.490554 0.096558
vn -0.673900 -0.724915 0.142679
vn -0.673922 -0.724894 0.142680
vn 0.767149 -0.629392 0.123886
vn 0.767148 -0.629393 0.123886
vn 0.666550 0.731428 -0.143961
vn 0.666505 0.731465 -0.143977
vn 0.666528 0.731447 -0.143969
vn 0.666528 0.731447 -0.143969
vn 0.871686 -0.480838 0.094646
vn 0.948839 -0.309815 0.060983
vn 0.993027 -0.115664 0.022767
vn 0.994094 -0.106476 0.020958
vn 0.991872 -0.124842 0.024573
vn 0.994094 -0.106476 0.020958
vn -0.060641 -0.979368 0.192774
vn -0.060635 -0.979368 0.192774
vn -0.060638 -0.979368 0.192774
vn -0.060638 -0.979368 0.192774
vn 0.740594 -0.659303 0.129773
vn 0.740592 -0.659304 0.129774
vn 0.740593 -0.659303 0.129774
vn 0.740593 -0.659303 0.129774
vn 0.683654 0.716066 -0.140947
vn 0.683664 0.716057 -0.140944
vn 0.683659 0.716062 -0.140946
vn -0.658337 -0.738552 0.145373
vn 0.683659 0.716062 -0.140946
vn -0.658334 -0.738554 0.145373
vn -0.668758 -0.729484 0.143585
vn -0.663570 -0.734030 0.144483
vn 0.001044 -0.981170 0.193142
vn 0.001056 -0.981173 0.193129
vn 0.001050 -0.981171 0.193136
vn 0.001050 -0.981171 0.193136
vn 1.000000 -0.000002 -0.000012
vn 1.000000 -0.000002 -0.000012
vn 1.000000 -0.000002 -0.000012
vn 1.000000 -0.000002 -0.000012
vn 0.000827 -0.981173 0.193130
vn 0.000833 -0.981173 0.193129
vn 0.000839 -0.981173 0.193128
vn 0.000833 -0.981173 0.193129
vn -0.749519 -0.649520 0.127849
vn -0.749519 -0.649520 0.127849
vn -0.749519 -0.649520 0.127848
vn -0.749519 -0.649520 0.127849
vn 0.654405 -0.741910 0.146024
vn 0.654324 -0.741977 0.146048
vn 0.654365 -0.741944 0.146036
vn 0.654365 -0.741944 0.146036
vn -0.594251 0.789137 -0.155330
vn -0.594245 0.789142 -0.155330
vn -0.594248 0.789140 -0.155330
vn -0.594248 0.789140 -0.155330
vn 0.740599 -0.659296 0.129773
vn 0.740600 -0.659296 0.129773
vn 0.740600 -0.659296 0.129773
vn 0.740600 -0.659296 0.129773
vn 0.740622 -0.659272 0.129768
vn 0.740620 -0.659274 0.129769
vn 0.740621 -0.659273 0.129768
vn 0.740621 -0.659273 0.129768
vn 0.658123 0.738736 -0.145409
vn 0.658123 0.738736 -0.145409
vn 0.658123 0.738736 -0.145409
vn 0.658123 0.738736 -0.145409
vn -0.607532 -0.779341 0.153403
vn -0.607528 -0.779344 0.153403
vn -0.607524 -0.779347 0.153403
vn -0.607528 -0.779344 0.153403
vn 0.763364 -0.633809 0.124747
vn 0.763365 -0.633808 0.124747
vn 0.763366 -0.633807 0.124747
vn 0.763365 -0.633808 0.124747
vn 0.999996 0.002963 -0.000482
vn 0.999994 0.003040 -0.001789
vn -1.000000 0.000141 -0.000161
vn -1.000000 0.000168 -0.000096
vn -0.001682 0.986618 -0.163039
vn -0.001355 0.986828 -0.161768
vn 0.000016 -0.893036 0.449986
vn 0.000016 -0.893036 0.449986
vn 0.000016 -0.893036 0.449986
vn 0.001692 -0.896871 0.442288
vn 0.001692 -0.896871 0.442288
vn 0.001692 -0.896871 0.442288
vn -0.998572 0.006857 0.052975
vn -0.987651 0.016872 0.155760
vn -0.988156 0.013569 0.152855
vn -0.001246 0.986324 -0.164815
vn -0.994500 0.011344 0.104116
vn -0.001042 0.985283 -0.170926
vn -0.001035 0.985285 -0.170915
vn -0.001033 0.985881 -0.167444
vn 0.001731 -0.827916 0.560849
vn 0.000019 -0.826510 0.562922
vn 0.000875 -0.827214 0.561886
vn 0.998743 0.009485 0.049223
vn 0.000875 -0.827214 0.561886
vn 0.987555 0.019915 0.156008
vn 0.986774 0.017531 0.161153
vn 0.994550 0.014357 0.103268
vn -0.002169 -0.981105 0.193462
vn 0.002916 0.981034 -0.193815
vn 0.005663 0.981010 -0.193876
vn 0.006892 0.981102 -0.193367
vn 0.002708 0.981002 -0.193978
vn 0.002665 0.981007 -0.193953
vn 0.008189 0.981026 -0.193702
vn -0.002673 -0.981002 0.193977
vn 0.002693 0.981130 -0.193333
vn 0.010616 0.981020 -0.193616
vn 0.007879 0.981012 -0.193789
vn 0.002902 0.981112 -0.193418
vn 0.007436 0.981022 -0.193754
vn 0.003110 0.981095 -0.193504
vn 0.001122 -0.981089 0.193554
vn -0.002331 -0.981092 0.193528
vn -0.002475 -0.981050 0.193739
vn 0.002902 0.981112 -0.193418
vn -0.000476 -0.981202 0.192982
vn 0.000597 -0.981241 0.192783
vn -0.000351 -0.981140 0.193299
vn -0.000179 -0.981191 0.193040
vn 0.000281 -0.981208 0.192955
vn 0.000276 0.981179 -0.193099
vn -0.000603 -0.981160 0.193198
vn -0.000011 0.981203 -0.192977
vn 0.000132 0.981191 -0.193038
vn 0.000132 0.981191 -0.193038
vn -0.000444 -0.981203 0.192978
vn -0.000444 -0.981203 0.192978
vn -0.001526 -0.981186 0.193058
vn 0.000368 0.981217 -0.192909
vn -0.000451 -0.981198 0.193003
vn -0.000503 -0.981185 0.193072
vn -0.000402 -0.981210 0.192945
vn 0.000499 0.981201 -0.192987
vn 0.000499 0.981201 -0.192987
vn 0.000630 0.981186 -0.193065
vn -0.000750 -0.981186 0.193065
vn -0.000750 -0.981186 0.193065
vn 0.001201 -0.981241 0.192784
vn 0.007188 -0.193474 -0.981079
vn 0.007167 -0.193484 -0.981077
vn 0.007178 -0.193479 -0.981078
vn 0.007178 -0.193479 -0.981078
vn 0.999988 -0.001940 0.004502
vn 0.999988 -0.001941 0.004501
vn 0.999988 -0.001942 0.004500
vn 0.999988 -0.001941 0.004501
vn -0.999996 0.002888 0.000247
vn -0.999996 0.002873 0.000266
vn -0.999996 0.002880 0.000256
vn -0.999996 0.002880 0.000256
vn 0.999999 -0.000594 -0.001379
vn 0.999999 -0.000596 -0.001380
vn 0.999999 -0.000595 -0.001380
vn 0.999999 -0.000595 -0.001380
vn 0.005885 -0.193051 -0.981171
vn 0.005944 -0.193021 -0.981177
vn 0.005914 -0.193036 -0.981174
vn 0.005914 -0.193036 -0.981174
vn -0.999999 0.000089 -0.001193
vn -0.999999 0.000089 -0.001193
vn -0.999999 0.000089 -0.001193
vn -0.999999 0.000089 -0.001193
vn -0.001664 0.987031 -0.160522
vn -0.000869 0.987084 -0.160201
vn -0.001267 0.987057 -0.160362
vn -0.001267 0.987057 -0.160362
vn 0.000000 0.966020 0.258468
vn 0.000799 0.965881 0.258985
vn -0.011002 -0.350656 0.936440
vn -0.010744 -0.351172 0.936249
vn -0.010485 -0.351687 0.936059
vn -0.010744 -0.351172 0.936249
vn 0.804703 -0.208187 0.555978
vn 0.804883 -0.208404 0.555635
vn 0.000000 -0.350686 0.936493
vn 0.000000 -0.350686 0.936493
vn 0.000000 -0.350686 0.936493
vn 0.000000 -0.350686 0.936493
vn 1.000000 0.000102 -0.000272
vn 1.000000 0.000102 -0.000272
vn 1.000000 0.000102 -0.000272
vn 1.000000 0.000102 -0.000272
vn -0.999999 0.000435 -0.001161
vn -0.999999 0.000437 -0.001162
vn 0.000000 -0.350669 0.936499
vn 0.000000 -0.350669 0.936499
vn 0.000000 -0.350669 0.936499
vn 0.000000 -0.350669 0.936499
vn -0.999998 -0.000755 0.002016
vn -1.000000 -0.000356 0.000956
vn -1.000000 0.000041 -0.000103
vn -0.999998 -0.000753 0.002015
vn 0.000075 0.993514 0.113710
vn -0.002461 0.993656 0.112440
vn 0.001699 0.996193 -0.087156
vn 0.001699 0.996193 -0.087156
vn -0.003354 0.998931 0.046113
vn -0.005085 0.999764 -0.021140
vn 1.000000 0.000000 0.000000
vn 0.999998 -0.000058 0.001834
vn 0.999993 -0.000065 0.003748
vn -1.000000 0.000000 0.000000
vn 1.000000 0.000000 0.000000
vn -1.000000 0.000000 0.000000
vn -1.000000 0.000000 0.000000
vn -1.000000 0.000000 0.000000
vn -0.000475 0.995805 -0.091499
vn -0.002515 0.996192 -0.087155
vn -0.002542 0.995773 -0.091816
vn -0.002515 0.996192 -0.087155
vn 0.999992 0.003570 -0.001759
vn 0.999992 0.003586 -0.001875
vn -1.000000 0.000211 -0.000104
vn -1.000000 0.000206 -0.000107
vn -1.000000 0.000067 -0.000037
vn -1.000000 0.000137 -0.000072
vn -1.000000 0.000000 0.000000
vn 0.978363 -0.072764 0.193677
vn 0.910286 -0.145383 0.387611
vn 1.000000 0.000000 0.000000
vn 1.000000 0.000000 0.000000
vn 0.999996 0.002391 -0.001250
vn 0.999999 0.001201 -0.000663
vn -1.000000 0.000000 0.000000
vn -1.000000 0.000000 0.000000
vn -1.000000 0.000000 0.000000
vn 1.000000 0.000000 0.000000
vn 0.999996 -0.000049 0.002811
vn 0.999996 -0.000011 0.002871
vn 1.000000 0.000000 0.000000
vn -1.000000 0.000000 0.000000
vn -1.000000 0.000000 0.000000
vn -1.000000 0.000000 0.000000
vn -1.000000 0.000000 0.000000
vn 0.003804 0.999281 -0.037719
vn 0.002944 0.997296 -0.073425
vn 0.005078 0.998620 -0.052270
vn 0.005771 0.999361 -0.035282
vn 0.000445 -0.694740 0.719261
vn 0.000142 -0.694969 0.719040
vn -0.000160 -0.695199 0.718818
vn 0.000142 -0.694969 0.719040
vn -0.000568 0.981065 -0.193676
vn -0.000930 0.981103 -0.193484
vn -0.000930 0.981103 -0.193484
vn -0.001291 0.981140 -0.193293
vn -0.756826 0.641317 -0.126201
vn -0.756838 0.641307 -0.126178
vn -0.756850 0.641298 -0.126154
vn -0.756838 0.641307 -0.126178
vn -0.989134 0.144286 -0.028198
vn -0.989139 0.144259 -0.028183
vn -0.989136 0.144272 -0.028190
vn -0.989136 0.144272 -0.028190
vn 0.995153 -0.096531 0.018784
vn 0.995153 -0.096531 0.018784
vn 0.995153 -0.096531 0.018784
vn -0.995153 0.096526 -0.018780
vn -0.995154 0.096521 -0.018775
vn -0.995153 0.096526 -0.018780
vn 0.000476 0.981187 -0.193058
vn 0.000633 0.981202 -0.192982
vn 0.000554 0.981195 -0.193020
vn 0.000554 0.981195 -0.193020
vn 0.755210 0.643187 -0.126369
vn 0.755207 0.643189 -0.126374
vn 0.755204 0.643191 -0.126379
vn 0.755207 0.643189 -0.126374
vn 0.919533 0.385654 -0.075695
vn 0.919533 0.385654 -0.075695
vn 0.919533 0.385654 -0.075695
vn 0.000750 0.981187 -0.193058
vn 0.001138 0.981194 -0.193019
vn 0.001526 0.981202 -0.192979
vn 0.001138 0.981194 -0.193019
vn -0.999982 0.005775 -0.001319
vn -0.999978 0.006444 -0.001268
vn -0.999981 0.006110 -0.001294
vn -0.999981 0.006110 -0.001294
vn -0.006355 0.301773 -0.953359
vn -0.002082 0.328921 -0.944355
vn -0.006354 0.301773 -0.953359
vn -0.006355 0.301773 -0.953359
vn -0.006355 0.301772 -0.953359
vn 0.000643 0.297462 -0.954733
vn -0.002856 0.295887 -0.955219
vn -0.000770 0.306213 -0.951963
vn 0.000660 0.327838 -0.944734
vn -0.001678 0.316707 -0.948522
vn -0.952670 -0.298092 0.059683
vn -0.876509 -0.472017 0.094504
vn -0.943346 -0.325355 0.065139
vn -0.991504 -0.127543 0.025541
vn -0.990433 -0.135306 0.027095
vn -0.943349 -0.325346 0.065138
vn -0.962594 -0.265676 0.053192
vn -0.977974 -0.204665 0.040980
vn -0.764673 -0.631878 0.126511
vn -0.757147 -0.640532 0.128244
vn -0.749498 -0.649125 0.129960
vn -0.749506 -0.649116 0.129961
vn 0.964801 -0.262348 -0.018240
vn 0.964801 -0.262348 -0.018240
vn 0.964801 -0.262348 -0.018240
vn 0.997236 -0.074015 0.006475
vn 0.997236 -0.074015 0.006475
vn 0.001699 0.996193 -0.087156
vn 0.001114 0.989347 0.145571
vn 0.997107 -0.072540 0.022698
vn 0.001693 0.999998 -0.000497
vn 0.998419 -0.054002 0.015604
vn 0.999940 0.003205 0.010512
vn 0.999118 -0.033948 0.024733
vn -0.991489 -0.129699 0.011347
vn -0.991489 -0.129699 0.011347
vn -0.991489 -0.129699 0.011347
vn -0.968769 -0.247947 -0.002923
vn -0.991489 -0.129699 0.011347
vn -0.981935 -0.189171 0.004220
vn -0.005095 0.996182 -0.087155
vn -0.981935 -0.189171 0.004220
vn -0.005095 0.996182 -0.087155
vn -0.991455 -0.128183 0.024215
vn -0.005095 0.996182 -0.087155
vn -0.983094 -0.183091 0.002065
vn -0.983094 -0.183091 0.002065
vn -0.971218 -0.237344 -0.020093
vn 0.998099 -0.005374 -0.061404
vn 0.998099 -0.005373 -0.061404
vn 0.999910 -0.001168 -0.013349
vn 0.999942 0.000935 0.010691
vn 0.999295 -0.003272 -0.037394
vn 0.999942 0.000935 0.010691
vn -0.999031 -0.003836 -0.043844
vn -0.999031 -0.003853 -0.043842
vn -0.999690 -0.002191 -0.024790
vn -0.999910 0.001167 0.013342
vn -0.999910 0.001150 0.013342
vn -0.999983 -0.000523 -0.005721
vn 0.000000 0.987458 -0.157881
vn 0.000000 0.987458 -0.157881
vn 0.000000 0.986289 -0.165030
vn 0.000000 0.983794 -0.179301
vn 0.000000 0.983794 -0.179301
vn 0.000000 0.985067 -0.172170
vn 0.000000 0.987112 -0.160031
vn 0.000000 0.987112 -0.160031
vn 0.000000 0.985039 -0.172334
vn 0.000000 0.985747 -0.168236
vn 0.000000 0.985039 -0.172334
vn 0.000000 0.986438 -0.164135
vn 0.999900 0.001232 0.014085
vn 0.999900 0.001232 0.014085
vn 0.999942 0.000936 0.010696
vn 0.999930 0.001035 0.011826
vn -1.000000 -0.000043 -0.000488
vn 0.999942 0.000936 0.010696
vn 0.999916 0.001133 0.012955
vn -1.000000 -0.000043 -0.000488
vn -0.999992 0.000361 0.004122
vn -0.999910 0.001167 0.013342
vn -0.999962 0.000764 0.008732
vn -0.999910 0.001167 0.013342
vn 0.009669 0.056137 -0.998376
vn 0.000000 0.939346 -0.342971
vn -0.012975 0.937322 -0.348222
vn -0.007742 0.672663 -0.739908
vn 0.000000 0.464027 -0.885821
vn 0.000000 -0.066127 -0.997811
vn 0.000000 0.109265 -0.994013
vn 0.000000 0.260594 -0.965448
vn 0.000000 0.005571 -0.999985
vn 0.000000 0.329001 -0.944330
vn -0.005128 0.172132 -0.985061
vn -0.012935 0.226529 -0.973919
vn 0.000000 0.999990 0.004564
vn -1.000000 0.000000 0.000000
vn -1.000000 0.000000 0.000000
vn 1.000000 0.000000 0.000000
vn 0.000000 0.090003 -0.995942
vn 0.009670 0.075691 -0.997084
vn -0.020579 0.997656 0.065266
vn -0.044789 0.971330 0.233479
vn 0.000000 0.939346 -0.342971
vn 0.000000 0.985901 -0.167329
vn -0.044839 0.975943 0.213365
vn -0.011049 0.075690 -0.997070
vn 0.000000 0.090003 -0.995942
vn 0.000000 0.939346 -0.342971
vn -0.007366 0.067436 -0.997696
vn 0.000000 0.939346 -0.342971
vn 0.000000 0.992139 -0.125143
vn -0.000002 0.971738 0.236062
vn 0.000000 0.988972 0.148101
vn -0.000002 0.993780 0.111365
vn -0.023142 0.999523 0.020428
vn -0.004781 0.976908 0.213608
vn -0.000004 0.151892 -0.988397
vn -0.000488 0.149898 -0.988701
vn 0.000412 0.988892 0.148635
vn 1.000000 0.000000 0.000000
vn 1.000000 0.000000 0.000000
vn 1.000000 0.000000 0.000000
vn 1.000000 0.000000 0.000000
vn -1.000000 0.000000 0.000000
vn 1.000000 0.000000 0.000000
vn -1.000000 0.000000 0.000000
vn -1.000000 0.000000 0.000000
vn -1.000000 0.000000 0.000000
vn -1.000000 0.000000 0.000000
vn 0.000000 0.999987 0.005052
vn -0.000004 0.995676 0.092894
vn 0.000000 0.995677 0.092888
vn -0.009514 0.436391 -0.899707
vn 0.000370 0.999988 0.004808
vn -0.000002 0.947845 -0.318732
vn -0.000002 0.995676 0.092891
vn -0.000002 0.995676 0.092891
vn -0.005977 0.887666 -0.460449
vn 0.000000 0.999990 0.004564
vn 1.000000 0.000000 0.000000
vn 1.000000 0.000000 0.000000
vn 1.000000 0.000000 0.000000
vn 0.010553 0.820541 -0.571491
vn 1.000000 0.000000 0.000000
vn 0.000015 0.546448 -0.837493
vn 0.023292 0.565374 -0.824506
vn 0.010642 0.929247 -0.369306
vn -0.999993 -0.001006 0.003520
vn -0.999980 -0.003513 0.005236
vn -0.999988 -0.002259 0.004378
vn -0.999988 -0.002259 0.004378
vn 0.000000 0.998635 -0.052224
vn 0.000000 0.998635 -0.052224
vn 0.000000 0.985689 0.168572
vn 0.000000 0.985689 0.168572
vn 0.000000 0.994608 -0.103709
vn 0.000000 0.920754 -0.390145
vn 0.000000 0.639708 -0.768618
vn 0.000000 0.464022 -0.885824
vn 0.000000 -0.026512 -0.999649
vn 0.000000 0.128156 -0.991754
vn 0.000000 0.004689 -0.999989
vn 0.000000 0.192563 -0.981285
vn 0.000000 0.451355 -0.892344
vn 0.000000 0.409846 -0.912155
vn 0.000000 0.188070 -0.982156
vn 0.000000 0.346512 -0.938046
vn 0.000000 0.999119 0.041960
vn 0.000000 0.999119 0.041960
vn 0.000000 0.999119 0.041960
vn 0.000000 0.999119 0.041960
vn 0.000000 0.323720 -0.946153
vn 0.000000 0.323720 -0.946153
vn 0.000000 0.323720 -0.946153
vn 0.000000 0.323720 -0.946153
vn 0.000000 0.517495 -0.855686
vn 0.000000 0.197516 -0.980300
vn 0.000000 0.365304 -0.930888
vn 0.000000 0.517495 -0.855686
vn 0.000000 0.323720 -0.946153
vn 0.000000 0.323720 -0.946153
vn 0.000000 0.323720 -0.946153
vn 0.000000 0.323720 -0.946153
vn 0.000000 0.998635 -0.052224
vn 0.000000 0.998635 -0.052224
vn 0.000000 0.994608 -0.103709
vn 0.000000 0.920754 -0.390145
vn 0.000000 0.464022 -0.885824
vn 0.000000 0.639708 -0.768618
vn 0.000000 -0.026512 -0.999649
vn 0.000000 0.128156 -0.991754
vn 0.000000 0.004689 -0.999989
vn 0.000000 0.192563 -0.981285
vn 0.000000 0.451347 -0.892349
vn 0.000000 0.409842 -0.912156
vn 0.000000 0.517495 -0.855686
vn 0.000000 0.188071 -0.982155
vn 0.000000 0.346505 -0.938048
vn 0.000000 0.517495 -0.855686
vn 0.000000 0.365307 -0.930887
vn 0.000000 0.197522 -0.980298
vn 0.000000 0.999119 0.041960
vn 0.000000 0.999119 0.041960
vn 0.000000 0.999119 0.041960
vn 0.000000 0.999119 0.041960
vn -1.000000 0.000000 0.000000
vn -1.000000 0.000000 0.000000
vn -1.000000 0.000000 0.000000
vn 1.000000 0.000000 0.000000
vn 1.000000 0.000000 0.000000
vn -1.000000 0.000000 0.000000
vn 1.000000 0.000000 0.000000
vn -1.000000 0.000000 0.000000
vn -1.000000 0.000000 0.000000
vn -1.000000 0.000000 0.000000
vn 1.000000 0.000000 0.000000
vn 1.000000 0.000000 0.000000
vn 1.000000 0.000000 0.000000
vn 0.027644 0.729622 0.683292
vn 0.000000 0.898828 0.438302
vn 0.013824 0.734796 0.678148
vn 0.000000 0.941785 0.336215
vn 0.000000 0.898828 0.438302
vn 0.000000 0.941785 0.336215
vn 0.000000 0.941785 0.336215
vn 0.007500 0.940543 0.339593
vn 1.000000 0.000000 0.000000
vn 1.000000 0.000000 0.000000
vn 1.000000 0.000000 0.000000
vn 1.000000 0.000000 0.000000
vn -1.000000 0.000000 0.000000
vn 1.000000 0.000000 0.000000
vn 1.000000 0.000000 0.000000
vn -1.000000 0.000000 0.000000
vn -1.000000 0.000000 0.000000
vn 1.000000 0.000000 0.000000
vn 1.000000 0.000000 0.000000
vn -1.000000 0.000000 0.000000
vn -1.000000 0.000000 0.000000
vn 1.000000 0.000000 0.000000
vn -1.000000 0.000000 0.000000
vn 1.000000 0.000000 0.000000
vn -1.000000 0.000000 0.000000
vn 1.000000 0.000000 0.000000
vn 1.000000 0.000000 0.000000
vn -1.000000 0.000000 0.000000
vn -1.000000 0.000000 0.000000
vn -1.000000 0.000000 0.000000
vn 1.000000 0.000000 0.000000
vn 0.000000 1.000000 0.000000
vn 0.000000 1.000000 0.000000
vn -1.000000 0.000000 0.000000
vn 0.000000 1.000000 0.000000
vn -1.000000 0.000000 0.000000
vn -1.000000 0.000000 0.000000
vn -1.000000 0.000000 0.000000
vn -1.000000 0.000000 0.000000
vn -1.000000 0.000000 0.000000
vn -1.000000 0.000000 0.000000
vn -1.000000 0.000000 0.000000
vn -1.000000 0.000000 0.000000
vn -1.000000 0.000000 0.000000
vn -1.000000 0.000000 0.000000
vn -1.000000 0.000000 0.000000
vn -1.000000 0.000000 0.000000
vn -1.000000 0.000000 0.000000
vn 1.000000 0.000000 0.000000
vn 0.000000 1.000000 0.000000
vn 1.000000 0.000000 0.000000
vn 1.000000 0.000000 0.000000
vn 1.000000 0.000000 0.000000
vn 1.000000 0.000000 0.000000
vn 1.000000 0.000000 0.000000
vn 1.000000 0.000000 0.000000
vn 1.000000 0.000000 0.000000
vn 1.000000 0.000000 0.000000
vn 1.000000 0.000000 0.000000
vn 1.000000 0.000000 0.000000
vn 1.000000 0.000000 0.000000
vn 1.000000 0.000000 0.000000
vn 0.000000 -0.649200 -0.760617
vn 1.000000 0.000000 0.000000
vn 1.000000 0.000000 0.000000
vn 0.000000 -0.649200 -0.760617
vn 0.000000 -0.649200 -0.760617
vn 0.000000 1.000000 0.000000
vn 0.000000 1.000000 0.000000
vn 0.000000 1.000000 0.000000
vn 0.000000 1.000000 0.000000
vn 0.000000 1.000000 0.000000
vn 0.000000 1.000000 0.000000
vn 0.000000 1.000000 0.000000
vn 0.000000 1.000000 0.000000
vn 0.000424 0.988760 0.149510
vn -0.000253 0.150946 -0.988542
vn 0.000203 0.988804 0.149217
vn 0.004835 0.063306 -0.997982
vn 0.000298 0.989335 0.145655
vn -0.000593 0.149733 -0.988726
vn -0.000423 0.150339 -0.988634
vn -0.000600 0.149783 -0.988719
vn -0.004419 0.053003 -0.998585
vn 0.000246 0.989366 0.145450
vn 0.000000 0.050912 -0.998703
vn 0.000000 0.050912 -0.998703
vn 0.000143 0.988845 0.148945
vn 0.000275 0.988918 0.148461
vn 0.000272 0.989350 0.145553
vn 0.000272 0.989350 0.145553
vn 0.000318 0.988879 0.148721
vn 0.000149 0.988859 0.148852
vn 0.000138 0.988918 0.148465
vn 0.000136 0.988818 0.149129
vn -0.999985 0.000159 0.005447
vn -0.999985 0.000159 0.005447
vn 0.999493 0.003778 -0.031607
vn 0.999493 0.003778 -0.031607
vn -0.003445 0.148782 -0.988864
vn -0.003440 0.148787 -0.988863
vn 0.000683 -0.149320 0.988789
vn 0.974668 -0.214406 -0.063665
vn 0.894201 -0.436096 -0.101122
vn -0.975080 -0.220102 -0.027807
vn -0.895339 -0.441276 -0.060363
vn -0.003438 0.147862 -0.989002
vn 0.870054 -0.479336 -0.115080
vn 0.941812 -0.319083 -0.105714
vn -0.871240 -0.486414 -0.065892
vn -0.002436 0.147361 -0.989080
vn -0.944474 -0.326251 -0.039094
vn 0.000377 -0.133995 0.990982
vn 0.000319 -0.139469 0.990226
vn 0.997909 0.006363 -0.064314
vn 0.946116 0.323524 -0.014025
vn 0.944886 0.327267 -0.009327
vn -0.999943 -0.001304 0.010609
vn 0.984681 0.169560 -0.040656
vn -0.946508 0.317712 0.056412
vn -0.946739 0.316922 0.056976
vn -0.001739 0.141965 -0.989870
vn -0.986171 0.162019 0.034886
vn -0.001817 0.133270 -0.991078
vn -0.001670 0.137958 -0.990437
vn -0.001679 0.140295 -0.990108
vn -0.001822 0.147575 -0.989049
vn -0.001929 0.148953 -0.988842
vn -0.001570 0.138316 -0.990387
vn -0.001869 0.148049 -0.988978
vn -0.001962 0.148852 -0.988858
vn -0.001626 0.138209 -0.990402
vn -0.001670 0.140218 -0.990119
vn -0.002369 0.149503 -0.988758
vn -0.001634 0.134229 -0.990949
vn -0.001850 0.148156 -0.988962
vn 0.000341 -0.145206 0.989401
vn 0.000503 -0.149598 0.988747
vn 0.000381 -0.149715 0.988729
vn 0.000323 -0.139484 0.990224
vn 0.000390 -0.149281 0.988795
vn 0.000334 -0.133764 0.991013
vn 0.000350 -0.150064 0.988676
vn 0.000446 -0.148631 0.988893
vn 0.000397 -0.149288 0.988794
vn 0.000327 -0.142266 0.989828
vn 0.000349 -0.142324 0.989820
vn 0.000380 -0.149688 0.988733
vn 0.000329 -0.139463 0.990227
vn -0.994181 0.059245 0.089971
vn -0.995226 0.073040 0.064737
vn -0.995447 0.086774 0.039450
vn -0.995226 0.073040 0.064737
vn 0.000242 0.988864 0.148825
vn 0.000281 0.988860 0.148851
vn 0.000281 0.988860 0.148851
vn 0.000320 0.988856 0.148877
vn 0.997613 0.029087 -0.062628
vn 0.996690 0.026160 -0.076970
vn 0.996690 0.026160 -0.076970
vn 0.995553 0.023229 -0.091295
vn -0.999000 0.013030 0.042770
vn -0.997300 -0.003581 0.073350
vn -0.994389 -0.020187 0.103841
vn -0.997300 -0.003581 0.073350
vn 0.000389 0.988871 0.148777
vn 0.000327 0.988878 0.148729
vn 0.000327 0.988878 0.148729
vn 0.000264 0.988885 0.148680
vn 0.993019 0.067248 -0.096910
vn 0.994578 0.071719 -0.075304
vn 0.994578 0.071719 -0.075304
vn 0.995651 0.076156 -0.053660
vn 0.000000 -0.539929 0.841711
vn 0.000000 -0.539928 0.841711
vn 0.000000 -0.539929 0.841711
vn 0.000000 -0.539929 0.841711
vn 0.000000 -0.090884 0.995861
vn 0.000000 -0.090884 0.995861
vn 0.000000 -0.090884 0.995861
vn 0.000000 -0.090884 0.995861
vn 0.000000 -0.539928 0.841711
vn 0.000000 -0.539929 0.841711
vn 0.000000 -0.539928 0.841711
vn 0.000000 -0.539928 0.841711
vn 0.000000 -0.090884 0.995861
vn 0.000000 -0.090884 0.995861
vn 0.000000 -0.090884 0.995861
vn 0.000000 -0.090884 0.995861
vn 0.998116 -0.060854 0.007832
vn 0.998281 -0.058478 -0.003873
vn 0.998505 -0.054216 -0.006931
vn 0.997534 -0.065964 -0.023972
vn 0.998372 -0.056523 -0.007692
vn 0.994859 -0.088701 -0.048875
vn -0.997613 0.068490 -0.008807
vn 0.997419 -0.066587 -0.026853
vn -0.998113 0.060894 0.007935
vn -0.993460 0.099840 0.055400
vn -0.997940 0.063547 0.008797
vn -0.996725 0.074899 0.030495
vn -0.996874 0.074169 0.027234
vn -0.997823 0.065801 0.004457
vn 0.000000 0.698377 -0.715730
vn 0.000000 0.698377 -0.715730
vn 0.000000 0.990340 -0.138660
vn 0.000000 0.990340 -0.138660
vn 0.000000 0.892297 -0.451449
vn 0.000000 0.892297 -0.451449
vn 0.000000 0.999057 0.043420
vn 0.000000 0.999057 0.043420
vn 0.000000 0.999057 0.043420
vn 0.000000 0.999057 0.043420
vn 0.000000 -0.987541 0.157361
vn 0.000000 -0.987541 0.157361
vn 0.000000 -0.987541 0.157361
vn 0.000000 -0.987541 0.157361
vn 0.000000 0.317620 -0.948218
vn 0.000000 0.317620 -0.948218
vn 0.000000 0.317620 -0.948218
vn 0.000000 0.317620 -0.948218
vn 0.998057 0.061815 -0.007855
vn 0.998237 0.059095 0.005541
vn 0.998552 0.053046 0.008980
vn 0.997393 0.066251 0.028589
vn 0.994164 0.091746 0.056742
vn 0.998365 0.056282 0.010019
vn -0.998508 -0.054171 0.006885
vn 0.997219 0.067354 0.031907
vn -0.998893 -0.046360 -0.007978
vn -0.995483 -0.080576 -0.050209
vn -0.998747 -0.049251 -0.008915
vn -0.997856 -0.059027 -0.028264
vn -0.998647 -0.051765 -0.004955
vn -0.997994 -0.058032 -0.025326
vn 0.000000 0.698377 -0.715730
vn 0.000000 0.698377 -0.715730
vn 0.000000 0.990340 -0.138660
vn 0.000000 0.892297 -0.451449
vn 0.000000 0.892297 -0.451449
vn 0.000000 0.990340 -0.138660
vn 0.000000 0.999057 0.043420
vn 0.000000 0.999057 0.043420
vn 0.000000 0.999057 0.043420
vn 0.000000 0.999057 0.043420
vn 0.000000 -0.987541 0.157361
vn 0.000000 -0.987541 0.157361
vn 0.000000 -0.987541 0.157361
vn 0.000000 -0.987541 0.157361
vn 0.000000 0.317620 -0.948218
vn 0.000000 0.317620 -0.948218
vn 0.000000 0.317620 -0.948218
vn 0.000000 0.317620 -0.948218
vn 0.000000 0.984436 -0.175744
vn 0.000000 0.984436 -0.175744
vn 0.000000 0.991680 -0.128726
vn 0.000000 0.987099 -0.160112
vn 0.000000 0.989514 -0.144435
vn 0.000000 0.991680 -0.128726
vn 0.000000 0.984782 -0.173793
vn 0.000000 0.984782 -0.173793
vn 0.000000 0.989574 -0.144026
vn 0.000000 0.991632 -0.129094
vn 0.000000 0.987290 -0.158930
vn -0.000872 0.982475 -0.186394
vn 0.000000 0.991632 -0.129094
vn -0.000872 0.982475 -0.186394
vn -0.000875 0.982474 -0.186399
vn -0.000875 0.982474 -0.186399
vn -0.000872 0.982475 -0.186394
vn -0.942616 0.331284 -0.041544
vn -0.761168 -0.638576 -0.113332
vn -0.164690 -0.892754 -0.419366
vn 0.956891 -0.264128 -0.120813
vn 0.985585 -0.138780 -0.096762
vn -0.736500 0.668549 0.103009
vn -0.999895 -0.000766 -0.014463
vn -0.999895 -0.000767 -0.014463
vn 0.499999 -0.866021 0.002944
vn 0.500000 -0.866020 0.002944
vn -0.435152 -0.900225 -0.015391
vn -0.009980 -0.997934 0.063466
vn -0.004971 -0.998872 0.047222
vn 0.009676 -0.999483 0.030655
vn 0.004879 -0.998884 0.046976
vn -0.149499 0.973564 0.172696
vn -0.983692 0.179835 -0.003043
vn 0.983692 -0.179846 0.002545
vn -0.984347 0.176192 -0.004266
vn 0.984640 -0.174544 0.004288
vn 0.010407 0.380511 0.924718
vn -0.031116 0.094720 0.995018
vn -0.031118 0.094720 0.995017
vn -0.022652 -0.997021 0.073724
vn -0.025434 0.996243 0.082780
vn 0.022868 -0.997014 0.073763
vn 0.025677 0.996233 0.082824
vn 0.000000 1.000000 0.000000
vn -0.012729 0.999060 0.041429
vn 0.000000 -1.000000 0.000000
vn -0.012729 0.999060 0.041429
vn -0.011334 -0.999255 0.036890
vn 0.000000 1.000000 0.000000
vn 0.012851 0.999058 0.041451
vn -0.011334 -0.999255 0.036890
vn 0.012851 0.999058 0.041451
vn 0.000000 -1.000000 0.000000
vn 0.011443 -0.999253 0.036909
vn 0.011443 -0.999253 0.036909
vn -0.675444 -0.567269 0.471149
vn -0.716116 -0.696517 0.045186
vn 0.766030 0.642782 -0.005440
vn 0.999999 0.000000 -0.001265
vn -0.999999 0.000000 0.001265
vn -0.999999 0.000000 0.001265
vn -0.999999 0.000000 0.001265
vn 0.999999 0.000000 -0.001265
vn 0.999999 0.000000 -0.001265
vn -0.999999 0.000000 0.001265
vn 0.999999 0.000000 -0.001265
vn 0.033631 0.094722 0.994936
vn 0.033632 0.094719 0.994936
vn -0.007701 0.136467 0.990615
vn 0.140696 0.793638 0.591898
vn -0.004107 0.133146 0.991088
vn -0.000513 0.129823 0.991537
vn 0.078668 -0.996802 -0.014037
vn -0.004107 0.133146 0.991088
vn -0.840609 0.487751 0.235531
vn -0.830191 -0.498673 0.249215
vn 0.983953 0.173505 -0.041616
vn 0.997199 0.020879 -0.071818
vn -0.883616 -0.467146 0.031591
vn -0.811044 -0.584885 0.010840
vn -0.622080 -0.782506 0.026476
vn 0.908592 -0.417030 0.023383
vn -0.093773 0.827098 -0.554180
vn -0.007807 -0.020216 -0.999765
vn 0.898315 -0.439308 0.006261
vn 0.902639 -0.430317 0.008419
vn -0.902615 -0.430316 0.010703
vn -0.898296 -0.439307 0.008534
vn -0.962785 -0.261609 -0.067860
vn -0.927105 -0.364956 -0.085344
vn 0.891384 -0.452543 0.025297
vn 0.955924 -0.293149 0.016546
vn 0.148882 0.848006 -0.508645
vn -0.150167 0.848006 -0.508267
vn -0.038479 0.993786 0.104445
vn 0.847958 0.491696 0.197994
vn 0.121224 -0.992589 0.008506
vn 0.171522 -0.973811 -0.149237
vn 0.166376 -0.974619 -0.149787
vn -0.171522 0.973811 0.149237
vn 0.156461 -0.884173 0.440179
vn -0.190588 0.908690 0.371427
vn -0.001637 0.536255 -0.844054
vn -0.966200 0.257589 0.010308
vn -0.959282 0.282084 0.014378
vn 0.010396 0.508490 -0.861005
vn 0.994342 0.104521 -0.018974
vn 0.966496 0.256617 0.005787
vn -0.552231 -0.688850 -0.469603
vn -0.827498 -0.483716 0.285071
vn 0.839887 -0.484538 0.244565
vn -0.001249 0.000000 -0.999999
vn -0.001249 0.000000 -0.999999
vn -0.001266 -0.000002 -0.999999
vn -0.001249 0.000000 -0.999999
vn -0.001266 0.000002 -0.999999
vn -0.001260 -0.000004 -0.999999
vn -0.001266 -0.000002 -0.999999
vn -0.001266 0.000002 -0.999999
vn -0.001260 0.000004 -0.999999
vn -0.001260 -0.000004 -0.999999
vn 0.078130 -0.769638 -0.633682
vn -0.984055 0.173506 -0.039126
vn 0.811068 -0.584886 0.008788
vn 0.944233 -0.325210 0.051592
vn 0.161369 0.653972 -0.739108
vn -0.159904 0.641885 -0.749943
vn -0.171769 0.975170 0.139779
vn -0.251109 0.956900 0.145901
vn -0.000965 -0.643067 -0.765809
vn -0.000965 -0.643067 -0.765809
vn -0.000965 -0.643067 -0.765809
vn -0.000978 -0.643065 -0.765811
vn -0.581091 -0.649178 -0.490817
vn 0.000421 -0.942014 0.335574
vn 0.001238 0.163119 0.986606
vn 0.000426 -0.942013 0.335575
vn 0.001252 0.163119 0.986606
vn 0.750281 0.545239 -0.373889
vn -0.000436 0.938807 -0.344443
vn -0.000436 0.938807 -0.344443
vn -0.188295 -0.981980 0.016116
vn -0.197148 -0.980271 0.014230
vn -0.007807 -0.020216 -0.999765
vn -0.007807 -0.020216 -0.999765
vn -0.007807 -0.020216 -0.999765
vn -0.031116 0.094720 0.995018
vn -0.031117 0.094719 0.995018
vn 0.911613 -0.409729 0.032931
vn 0.731074 -0.045877 -0.680754
vn 0.837987 0.485716 0.248712
vn 0.836387 0.489772 0.246130
vn -0.848379 0.492227 0.194849
vn 0.001247 0.163118 0.986606
vn 0.001256 0.163118 0.986606
vn 0.001247 0.163118 0.986606
vn -0.000004 0.999995 -0.003181
vn -0.000004 0.999995 -0.003181
vn 0.001240 0.163118 0.986606
vn 0.001228 0.163117 0.986606
vn 0.001240 0.163118 0.986606
vn -0.000004 0.999995 -0.003180
vn -0.000001 0.999995 -0.003180
vn -0.092972 0.834771 -0.542691
vn -0.515805 -0.856655 -0.009317
vn -0.166376 0.974619 0.149787
vn -0.340913 -0.447064 -0.826990
vn -0.340913 -0.447064 -0.826990
vn -0.340913 -0.447064 -0.826990
vn 0.121203 -0.992591 0.008508
vn 0.446846 -0.772975 0.450376
vn 0.043139 -0.995449 0.084978
vn -0.000436 0.938807 -0.344443
vn -0.000436 0.938807 -0.344443
vn -0.492962 0.858786 -0.139555
vn -0.170991 -0.983996 -0.050134
vn -0.034382 0.317383 0.947674
vn -0.011997 0.349232 0.936960
vn -0.011997 0.349232 0.936960
vn 0.944195 -0.327565 0.034607
vn -0.149968 0.976465 0.155004
vn -0.343372 0.860743 -0.375789
vn -0.574996 -0.646967 0.500812
vn 0.852979 0.521940 0.002297
vn 0.943409 -0.145380 -0.298069
vn 0.954449 -0.216942 -0.204849
vn -0.939341 -0.341908 0.027159
vn -0.939341 -0.341908 0.027159
vn -0.939341 -0.341908 0.027159
vn -0.044034 -0.992436 0.114597
vn 0.936393 0.340782 0.083879
vn -0.041797 -0.996424 0.073429
vn -0.264574 -0.959956 0.092119
vn 0.175130 0.963355 0.203167
vn -0.121195 -0.992590 0.008815
vn -0.001259 -0.000007 -0.999999
vn 0.944195 -0.327563 0.034607
vn -0.944105 -0.327562 0.036995
vn 0.897332 0.433211 0.084400
vn -0.013797 -0.000089 0.999905
vn -0.999826 -0.000002 0.018667
vn 0.013739 0.237811 0.971214
vn -0.955096 0.291557 0.052782
vn -0.818714 0.560878 0.122976
vn -0.181039 0.961269 0.207814
vn 0.033632 0.094721 0.994936
vn -0.015015 0.963984 0.265535
vn -0.000982 0.236511 0.971628
vn -0.009537 0.094764 0.995454
vn 0.012055 0.094765 0.995427
vn -0.007443 0.119062 0.992859
vn -0.009538 0.094763 0.995454
vn 0.999254 -0.021372 0.032160
vn -0.007443 0.119062 0.992859
vn 0.033633 0.094719 0.994936
vn 0.999139 -0.000003 0.041488
vn 0.012055 0.094763 0.995427
vn 0.007569 0.119733 0.992777
vn 0.001289 -0.000074 0.999999
vn 0.007569 0.119733 0.992777
vn -0.395872 -0.916676 0.054678
vn 0.000088 0.997577 0.069570
vn -0.001265 -0.008724 -0.999961
vn 0.001260 0.008728 0.999961
vn -0.001106 -0.484028 -0.875052
vn -0.001107 -0.484025 -0.875053
vn 0.777583 -0.621998 0.092104
vn 0.576880 0.425918 -0.696996
vn -0.999897 -0.001116 -0.014286
vn -0.001267 0.000002 -0.999999
vn -0.999897 -0.001114 -0.014287
vn -0.827921 0.510845 0.231483
vn -0.820620 0.528515 0.217382
vn -0.241865 0.895635 0.373282
vn -0.136403 0.839085 -0.526622
vn -0.663307 0.713338 0.226213
vn 0.650632 0.759365 -0.006470
vn -0.001271 0.000002 -0.999999
vn -0.908592 0.417030 -0.023383
vn -0.926628 0.374571 -0.032499
vn -0.926628 0.374571 -0.032499
vn -0.001265 0.000024 -0.999999
vn -0.001265 0.000024 -0.999999
vn -0.001265 0.000024 -0.999999
vn -0.181219 0.947746 0.262560
vn 0.003001 -0.587676 0.809091
vn -0.001267 -0.000001 -0.999999
vn -0.831982 -0.547873 0.087416
vn -0.001261 -0.000001 -0.999999
vn -0.001261 -0.000001 -0.999999
vn -0.001268 -0.000001 -0.999999
vn 0.766030 0.642782 -0.005441
vn 0.710803 -0.696172 -0.100512
vn 0.710803 -0.696172 -0.100512
vn 0.710803 -0.696172 -0.100512
vn -0.001835 -0.044184 -0.999022
vn -0.013552 -0.048713 -0.998721
vn -0.007407 -0.045316 -0.998945
vn -0.001833 -0.044182 -0.999022
vn -0.013552 -0.048713 -0.998721
vn -0.007405 -0.045315 -0.998945
vn 0.998469 0.007048 -0.054872
vn -0.001266 0.000007 -0.999999
vn -0.001266 0.000005 -0.999999
vn 0.872271 0.441649 -0.209974
vn -0.001265 -0.000005 -0.999999
vn -0.001265 -0.000001 -0.999999
vn -0.763597 -0.643607 0.051862
vn 0.999860 -0.000755 -0.016738
vn 0.314854 -0.944593 0.092800
vn 0.363823 -0.928452 0.074902
vn 0.999860 -0.000756 -0.016739
vn 0.999858 -0.001122 -0.016811
vn -0.157263 -0.963792 0.215345
vn -0.157264 -0.963792 0.215346
vn -0.883098 0.443832 0.152154
vn 0.999858 -0.001120 -0.016811
vn -0.913075 0.393052 0.108643
vn -0.883098 0.443832 0.152154
vn -0.506362 0.403711 -0.761981
vn -0.321882 -0.941980 0.095210
vn -0.072875 -0.485166 0.871380
vn -0.063338 -0.994355 0.085128
vn 0.289474 0.833844 -0.470010
vn -0.013521 0.928885 -0.370122
vn -0.262443 -0.962307 0.071340
vn -0.943803 0.320980 -0.078789
vn -0.263128 -0.961028 0.084787
vn 0.047824 -0.994683 0.091203
vn -0.945673 0.324427 0.021209
vn 0.920054 0.011715 -0.391617
vn 0.920444 -0.030065 -0.389717
vn 0.396009 -0.916676 0.053676
vn 0.939148 -0.093124 -0.330650
vn -0.552314 0.787433 0.273677
vn 0.001265 0.008727 0.999961
vn 0.001262 0.008727 0.999961
vn 0.001262 0.008727 0.999961
vn 0.000088 0.997577 0.069570
vn 0.000088 0.997577 0.069570
vn 0.000088 0.997577 0.069570
vn -0.001276 -0.008727 -0.999961
vn -0.001271 -0.008726 -0.999961
vn -0.001271 -0.008726 -0.999961
vn -0.983321 0.181677 -0.008523
vn -0.981125 0.192621 -0.017036
vn -0.983124 0.182596 -0.011263
vn -0.157839 -0.984714 0.073660
vn 0.129931 0.278502 -0.951606
vn 0.341962 0.939454 0.022117
vn 0.554828 0.831959 0.003191
vn 0.431944 0.901870 0.007432
vn -0.642700 0.765961 0.015478
vn 0.149115 0.913676 0.378101
vn -0.445701 -0.772976 0.451507
vn -0.000220 -0.984778 -0.173815
vn -0.999999 0.000004 0.001264
vn -0.999999 0.000004 0.001264
vn -0.000220 -0.984778 -0.173815
vn 0.355994 0.908081 0.220585
vn 0.146311 -0.619331 -0.771377
vn 0.064458 -0.624817 -0.778106
vn -0.148261 -0.619325 -0.771009
vn -0.079292 -0.772103 -0.630532
vn -0.066426 -0.624811 -0.777945
vn -0.271627 -0.476102 -0.836389
vn -0.000583 -0.773271 -0.634075
vn -0.000583 -0.773271 -0.634075
vn -0.184984 0.880062 -0.437347
vn -0.000190 -0.988488 -0.151297
vn -0.642218 -0.703473 0.304437
vn 0.339599 0.939907 0.035316
vn -0.125002 0.687903 -0.714958
vn 0.652140 0.696014 0.300464
vn -0.010777 -0.877925 -0.478676
vn 0.125452 0.695450 -0.707539
vn 0.183878 0.880063 -0.437810
vn 0.009570 -0.877925 -0.478702
vn 0.578506 -0.619353 -0.530785
vn -0.001197 0.321976 -0.946747
vn -0.001198 0.321973 -0.946748
vn 0.874836 -0.484291 -0.011128
vn -0.953280 -0.301663 0.016026
vn 0.953317 -0.301666 0.013615
vn 0.953317 -0.301663 0.013615
vn 0.321445 -0.867065 -0.380620
vn 0.961538 -0.274657 0.002951
vn -0.000450 -0.934290 -0.356515
vn 0.390009 -0.787071 -0.477924
vn -0.000190 -0.988488 -0.151297
vn 0.684998 -0.725346 0.068192
vn -0.633096 -0.711930 0.303882
vn 0.808961 -0.471316 0.351345
vn -0.762464 -0.629321 -0.150347
vn -0.684824 -0.725346 0.069925
vn 0.890223 -0.446639 0.089540
vn -0.911286 -0.158417 0.380082
vn -0.889994 -0.446638 0.091792
vn -0.001207 -0.287162 -0.957881
vn -0.830603 0.546805 -0.105369
vn -0.124947 -0.945270 -0.301418
vn -0.999582 -0.028857 0.001561
vn -0.962859 0.228474 0.143883
vn 0.999982 -0.005732 -0.001535
vn -0.001123 -0.474923 -0.880027
vn 0.888324 0.445582 -0.111072
vn 0.754426 -0.647680 -0.106547
vn 0.963220 0.228475 0.141447
vn 0.830333 0.546806 -0.107470
vn 0.999583 -0.028858 -0.000968
vn 0.979957 -0.199205 0.001025
vn -0.489366 -0.774666 -0.400517
vn -0.422175 -0.896470 -0.134572
vn -0.979952 -0.199204 0.003505
vn -0.779171 0.453496 0.432706
vn -0.999983 -0.005730 0.000995
vn -0.285211 0.954049 -0.091894
vn -0.173062 0.980843 -0.089428
vn 0.284978 0.954049 -0.092615
vn -0.394963 0.913963 -0.093147
vn -0.702682 -0.698313 -0.136371
vn 0.172835 0.980843 -0.089866
vn 0.394726 0.913963 -0.094145
vn -0.986386 -0.115033 0.117515
vn -0.882429 0.442347 0.160151
vn -0.989959 0.062122 0.126970
vn 0.966038 0.229520 -0.118709
vn 0.882832 0.442346 0.157918
vn -0.976979 -0.189920 0.097172
vn 0.953929 -0.278124 -0.112547
vn 0.899772 0.161145 0.405516
vn 0.812175 -0.466096 0.350894
vn -0.899866 0.154042 0.408060
vn 0.900895 0.154042 0.405782
vn 0.955051 -0.279711 0.098184
vn 0.984559 0.114225 0.132650
vn 0.586818 0.788375 0.184685
vn 0.683063 0.723323 -0.101138
vn -0.683317 0.723323 -0.099410
vn -0.984499 0.128026 -0.119876
vn -0.586350 0.788375 0.186169
vn 0.986680 -0.115033 0.115019
vn -0.103656 0.968843 0.224941
vn 0.172835 0.980843 -0.089865
vn 0.173325 0.982480 0.068497
vn 0.337278 0.932368 0.130125
vn 0.104228 0.968843 0.224678
vn -0.336949 0.932368 0.130978
vn -0.173152 0.982480 0.068935
vn 0.593783 0.798585 -0.098407
vn 0.389410 0.900518 0.193460
vn -0.388919 0.900518 0.194445
vn -0.675387 0.714985 0.180692
vn 0.675840 0.714986 0.178984
vn -0.594031 0.798584 -0.096905
vn 0.571602 0.685659 0.450713
vn -0.173062 0.980843 -0.089428
vn -0.298871 0.833710 0.464332
vn 0.823894 0.542007 0.165609
vn -0.840584 -0.535571 0.081131
vn -0.823473 0.542007 0.167693
vn -0.608239 -0.721892 0.330027
vn -0.576593 0.680468 0.452220
vn 0.860732 -0.503855 0.072600
vn -0.139186 0.793640 0.592253
vn -0.163961 0.932197 0.322684
vn -0.163963 0.932197 0.322685
vn 0.140685 0.793640 0.591898
vn 0.335150 0.804967 0.489594
vn 0.024206 0.897457 0.440438
vn 0.164777 0.932198 0.322267
vn 0.140689 0.793638 0.591900
vn 0.164779 0.932197 0.322268
vn 0.001265 0.000000 0.999999
vn 0.001265 0.000000 0.999999
vn 0.001265 0.000000 0.999999
vn 0.327328 -0.891288 0.313786
vn -0.595375 -0.800900 0.063939
vn 0.875700 -0.342611 0.340245
vn 0.595535 -0.800900 0.062432
vn 0.992641 0.000514 0.121096
vn 0.945406 0.049299 0.322144
vn 0.656467 -0.621351 0.427754
vn 0.892038 -0.404046 0.202520
vn -0.252167 -0.937613 0.239361
vn -0.002245 -0.951057 0.309006
vn -0.285812 -0.956906 0.051404
vn -0.345459 -0.923100 0.168952
vn 0.285941 -0.956906 0.050681
vn 0.058668 -0.997131 0.047833
vn 0.000152 -0.964687 0.263397
vn 0.668275 -0.689933 0.278208
vn 0.252772 -0.937613 0.238721
vn -0.888602 0.445582 -0.108824
vn -0.986095 0.114699 -0.120250
vn -0.058546 -0.997131 0.047982
vn 0.550110 -0.639749 0.536750
vn 0.503817 -0.638567 0.581722
vn 0.500309 -0.734350 0.458717
vn -0.217486 -0.975882 0.018808
vn -0.872122 0.449602 -0.193032
vn 0.961855 0.273558 -0.000427
vn -0.926008 0.365886 0.092936
vn -0.774774 0.570064 -0.273409
vn 0.999197 0.039929 -0.003181
vn 0.961881 0.273452 0.003168
vn 0.059985 0.989547 0.131144
vn -0.063904 0.976375 0.206416
vn -0.683051 0.650577 -0.331949
vn -0.683051 0.650578 -0.331948
vn -0.062824 0.982201 0.177015
vn 0.682210 0.650577 -0.333675
vn 0.682209 0.650578 -0.333675
vn -0.970532 -0.238567 0.033963
vn -0.012967 0.999885 0.007892
vn -0.026791 0.990032 0.138268
vn 0.121221 -0.992589 0.008508
vn 0.012987 0.999885 0.007859
vn 0.048912 0.997439 -0.052183
vn -0.295106 0.938804 0.177650
vn -0.674777 0.722539 0.150378
vn 0.967710 -0.213294 -0.134321
vn 0.892759 -0.447872 -0.048903
vn -0.489155 -0.872127 -0.011044
vn -0.936439 -0.344647 -0.065581
vn 0.331553 -0.439257 -0.834941
vn -0.322247 0.941816 0.095596
vn -0.703018 -0.706338 -0.082775
vn -0.989512 -0.140328 -0.034259
vn -0.948994 0.274423 -0.155253
vn 0.299592 -0.453995 -0.839127
vn 0.948599 0.274420 -0.157653
vn -0.907350 0.388155 -0.161404
vn -0.866694 0.415898 -0.275447
vn -0.908487 0.342142 -0.239978
vn -0.148163 0.913674 0.378481
vn -0.254850 0.962931 -0.088404
vn 0.254626 0.962931 -0.089048
vn -0.430105 0.900725 -0.060865
vn -0.337550 0.939869 -0.052021
vn 0.316859 0.947183 -0.049446
vn 0.438459 0.897248 -0.051962
vn -0.948994 0.274422 -0.155253
vn 0.296204 0.881100 -0.368682
vn 0.948597 0.274424 -0.157653
vn -0.295193 0.881751 -0.367935
vn 0.830257 -0.479356 -0.284414
vn 0.964044 -0.229053 -0.134735
vn 0.097153 -0.995056 0.020609
vn 0.985788 0.114699 -0.122744
vn 0.961217 0.142725 -0.235990
vn 0.889189 0.447891 -0.093468
vn -0.892637 0.441170 -0.092566
vn -0.991307 0.047943 -0.122524
vn -0.980125 -0.165227 0.109797
vn 0.832200 -0.547873 0.085310
vn 0.588390 -0.791125 -0.167087
vn 0.395605 -0.915510 0.073064
vn -0.395419 -0.915510 0.074065
vn 0.684540 -0.724645 0.079337
vn -0.684337 -0.724645 0.081069
vn 0.322736 -0.889097 -0.324573
vn 0.285660 -0.955637 0.071810
vn -0.944549 -0.190959 -0.267135
vn -0.890150 -0.446484 0.091023
vn -0.954001 -0.272609 -0.124766
vn -0.588812 -0.791125 -0.165598
vn 0.960714 0.169811 -0.219528
vn 0.501986 -0.216482 0.837345
vn -0.851032 0.491551 -0.184724
vn 0.965446 -0.229123 -0.124162
vn -0.969274 0.230457 -0.086004
vn -0.285477 -0.955637 0.072532
vn 0.993528 0.027195 -0.110280
vn 0.969054 0.230455 -0.088457
vn 0.501986 -0.216482 0.837345
vn 0.501986 -0.216482 0.837345
vn 0.002263 -0.044181 -0.999021
vn -0.001264 -0.048714 -0.998812
vn -0.953341 -0.167714 -0.251024
vn -0.885424 -0.443694 -0.138421
vn 0.000363 -0.957761 0.287565
vn 0.002262 -0.044182 -0.999021
vn -0.986992 -0.114551 -0.112805
vn 0.157808 -0.963792 0.214947
vn -0.001260 -0.048712 -0.998812
vn 0.004024 -0.045314 -0.998965
vn 0.826052 -0.543727 -0.148317
vn 0.000363 -0.957761 0.287564
vn 0.885071 -0.443694 -0.140661
vn 0.004024 -0.045315 -0.998965
vn 0.986703 -0.114551 -0.115301
vn 0.830470 -0.478174 -0.285777
vn 0.157807 -0.963792 0.214947
vn 0.057478 -0.981788 -0.181074
vn -0.678075 -0.717409 -0.159806
vn 0.001259 0.000003 0.999999
vn 0.390343 -0.903788 -0.175501
vn 0.058617 -0.995774 0.070701
vn -0.057934 -0.981789 -0.180928
vn -0.058437 -0.995774 0.070850
vn -0.611818 -0.728818 -0.307414
vn -0.594862 -0.800002 0.078335
vn 0.595059 -0.800002 0.076829
vn -0.390785 -0.903788 -0.174513
vn 0.677669 -0.717409 -0.161521
vn -0.826425 -0.543727 -0.146227
vn 0.001259 0.000003 0.999999
vn 0.001259 0.000003 0.999999
vn 0.281620 -0.942802 -0.178364
vn 0.000364 -0.944045 -0.329817
vn -0.324919 -0.888421 -0.324246
vn -0.282072 -0.942802 -0.177650
vn 0.833413 0.548999 -0.063423
vn 0.968417 -0.230020 0.096227
vn 0.987465 0.114860 0.108256
vn 0.664270 0.745635 -0.052673
vn 0.475389 0.870761 -0.125623
vn -0.968170 -0.230020 0.098679
vn -0.987188 0.114860 0.110755
vn -0.833571 0.548999 -0.061313
vn -0.651571 0.756901 -0.050561
vn -0.846191 0.495566 -0.195895
vn 0.634274 0.756424 -0.159749
vn 0.594941 0.704617 -0.386729
vn 0.163104 0.927428 -0.336563
vn -0.953171 -0.128646 -0.273706
vn -0.591006 0.708739 -0.385228
vn -0.157743 0.891572 -0.424519
vn -0.163956 0.927428 -0.336149
vn -0.155348 -0.884174 0.440572
vn 0.053101 -0.893883 0.445145
vn 0.003027 -0.951058 0.308999
vn -0.855926 -0.280055 0.434696
vn -0.907713 -0.419417 0.012083
vn 0.890377 -0.446485 0.088771
vn -0.956064 -0.280851 -0.084051
vn -0.731065 -0.680713 0.046622
vn 0.907878 0.342142 -0.242273
vn 0.977958 -0.173995 0.115428
vn 0.865997 0.415894 -0.277635
vn 0.156670 0.891572 -0.424916
vn 0.264806 -0.959956 0.091450
vn 0.915765 0.362940 -0.172189
vn 0.258130 -0.962111 0.087817
vn 0.446847 -0.772975 0.450375
vn 0.446846 -0.772975 0.450375
vn 0.396273 0.917503 -0.033992
vn -0.773126 0.158784 -0.614055
vn -0.743614 -0.071207 -0.664806
vn -0.396358 0.917503 -0.032990
vn 0.446846 -0.772975 0.450375
vn -0.058687 0.997909 -0.027099
vn -0.992510 0.000716 0.122159
vn -0.337269 0.920163 0.198870
vn 0.000140 0.991358 0.131186
vn -0.808070 -0.471314 0.353391
vn 0.058618 0.997909 -0.027247
vn 0.338131 0.930254 -0.142459
vn -0.286172 0.957709 -0.029970
vn -0.904915 -0.390391 0.169482
vn -0.000081 0.990782 -0.135464
vn -0.596184 0.801758 -0.041820
vn -0.338714 0.930273 -0.140941
vn 0.596076 0.801758 -0.043328
vn 0.286095 0.957710 -0.030694
vn -0.729798 -0.482240 0.484602
vn 0.956094 0.269156 0.115930
vn -0.964382 -0.229052 -0.132295
vn -0.902874 0.381571 0.198046
vn -0.878434 0.200057 0.433971
vn -0.929668 0.116763 0.349406
vn 0.173975 -0.969506 0.172600
vn 0.529230 -0.832772 0.162499
vn 0.327239 -0.944074 -0.040489
vn 0.784029 0.446819 0.430872
vn 0.741623 0.370360 0.559311
vn 0.673253 -0.732744 0.099082
vn 0.540403 -0.838350 0.071647
vn -0.955908 -0.214270 -0.200819
vn -0.955288 0.295425 -0.012201
vn 0.705499 -0.699286 -0.115201
vn -0.001077 0.503738 -0.863856
vn -0.950561 -0.104502 -0.292426
vn -0.999999 0.000001 0.001264
vn -0.999938 0.011116 0.000856
vn -0.999964 0.008492 0.000719
vn -0.955995 -0.203706 -0.211136
vn -0.001075 0.503732 -0.863859
vn 0.999962 0.008495 -0.001810
vn 0.999999 0.000006 -0.001266
vn -0.956842 0.135697 -0.256983
vn -0.790755 0.606581 0.082249
vn -0.726511 0.650401 0.221722
vn -0.488550 0.858239 0.157305
vn 0.999937 0.011118 -0.001674
vn -0.001266 -0.073606 -0.997287
vn 0.937940 -0.345645 0.028250
vn -0.001261 -0.073603 -0.997287
vn -0.001255 -0.073603 -0.997287
vn -0.001208 -0.287163 -0.957881
vn 0.948951 -0.315399 0.004022
vn -0.375773 0.924008 0.070740
vn -0.001160 -0.413379 -0.910558
vn -0.948938 -0.315398 0.006423
vn -0.001258 -0.073604 -0.997287
vn 0.337825 0.591471 0.732145
vn 0.829116 0.385963 0.404474
vn 0.188710 0.369236 0.909974
vn 0.944406 0.137935 -0.298447
vn 0.826258 -0.544153 -0.145585
vn -0.589904 -0.792942 -0.152499
vn -0.826624 -0.544153 -0.143494
vn 0.946858 -0.193914 -0.256628
vn 0.490843 0.857533 0.153980
vn 0.727187 0.651231 0.217022
vn 0.326076 0.919125 0.221096
vn 0.843592 0.480073 0.240589
vn 0.838805 0.486549 0.244287
vn 0.821704 0.565161 0.073456
vn 0.391455 -0.906581 -0.157717
vn 0.018581 -0.996520 0.081263
vn 0.839208 0.486961 0.242073
vn -0.018720 -0.996295 0.083934
vn 0.325349 -0.885706 0.331169
vn -0.391853 -0.906581 -0.156725
vn 0.052625 0.953917 -0.295421
vn 0.053015 0.832454 -0.551552
vn -0.053372 0.953917 -0.295287
vn -0.054410 0.832453 -0.551417
vn -0.319991 -0.887351 0.331984
vn 0.604999 -0.724250 0.330814
vn 0.929093 -0.166194 0.330403
vn 0.557195 0.792034 0.249430
vn 0.318039 -0.865772 -0.386380
vn -0.338491 0.930254 -0.141603
vn 0.937542 0.319154 -0.138407
vn 0.936845 -0.347329 0.041035
vn 0.841693 -0.536654 -0.059634
vn -0.283017 0.947127 -0.151165
vn 0.958933 0.281862 -0.031660
vn 0.981041 -0.192789 0.019788
vn 0.669295 -0.742430 0.029021
vn 0.900389 0.415570 -0.128849
vn 0.589516 -0.792942 -0.153991
vn -0.000969 0.643572 -0.765385
vn 0.983393 -0.181031 0.012911
vn -0.831191 -0.478174 -0.283675
vn -0.058121 -0.985420 -0.159905
vn 0.983504 -0.180638 0.009455
vn -0.179026 -0.982743 0.046547
vn -0.850219 -0.425315 -0.310218
vn -0.180443 -0.982358 0.049121
vn -0.169575 -0.982510 0.076932
vn -0.040565 0.919413 0.391197
vn 0.633927 0.756456 -0.160972
vn 0.587535 0.790967 -0.170804
vn 0.282491 -0.946008 -0.158957
vn 0.057716 -0.985420 -0.160052
vn -0.282892 -0.946008 -0.158243
vn 0.012561 0.951997 0.305849
vn 0.303493 0.891408 0.336578
vn 0.999937 0.011115 -0.001672
vn 0.926145 0.373748 0.050680
vn 0.999999 -0.000001 -0.001264
vn 0.887463 0.445002 0.119931
vn -0.325514 0.919125 0.221922
vn 0.999962 0.008491 -0.001809
vn -0.887156 0.445002 0.122176
vn -0.010536 0.979577 0.200792
vn 0.930934 0.354212 0.088859
vn 0.375879 0.923764 0.073320
vn -0.001081 0.503738 -0.863856
vn -0.000403 0.945708 -0.325018
vn -0.000403 0.945708 -0.325017
vn -0.000407 0.945707 -0.325021
vn -0.001084 0.503734 -0.863858
vn -0.999999 0.000004 0.001266
vn -0.000410 0.945708 -0.325018
vn -0.999938 0.011116 0.000857
vn -0.999964 0.008493 0.000721
vn -0.484483 -0.832482 0.268794
vn -0.499155 -0.817524 0.287227
vn 0.488455 -0.830582 0.267479
vn -0.864033 -0.478077 0.157767
vn 0.563765 0.787587 0.248750
vn 0.611876 -0.727706 -0.309921
vn -0.007449 -0.230930 -0.972942
vn 0.645633 -0.683116 -0.341336
vn -0.007449 -0.230930 -0.972942
vn -0.007449 -0.230930 -0.972942
vn 0.960649 -0.271082 -0.060559
vn 0.004988 -0.230928 -0.972958
vn 0.004988 -0.230928 -0.972958
vn 0.004988 -0.230928 -0.972958
vn -0.801002 0.458475 -0.384963
vn 0.010559 0.919883 -0.392050
vn -0.595918 0.704617 -0.385223
vn 0.766327 -0.384682 -0.514551
vn 0.009922 0.739600 -0.672973
vn -0.160039 -0.553401 0.817395
vn 0.908556 -0.157034 -0.387126
vn -0.591006 -0.708739 -0.385229
vn 0.511371 -0.688524 -0.514232
vn -0.319015 -0.865772 -0.385574
vn 0.796818 0.464029 -0.386985
vn -0.908418 0.163349 -0.384829
vn 0.800025 -0.458475 -0.386989
vn -0.852939 -0.099160 -0.512506
vn -0.909532 -0.157033 -0.384827
vn -0.589804 0.623803 -0.512837
vn 0.312013 -0.867965 -0.386373
vn 0.590028 -0.708739 -0.386726
vn 0.851640 0.099160 -0.514661
vn 0.914275 -0.217133 -0.341985
vn 0.715982 0.471881 -0.514488
vn 0.796684 0.491319 0.351995
vn -0.011551 0.919883 -0.392022
vn 0.064068 0.873464 -0.482655
vn -0.065289 0.873465 -0.482490
vn 0.590031 0.708738 -0.386722
vn -0.312990 -0.867966 -0.385581
vn 0.908556 0.157033 -0.387126
vn -0.798948 0.575507 0.174570
vn -0.340919 -0.787686 -0.513152
vn -0.011625 0.739599 -0.672948
vn -0.512670 -0.688525 -0.512935
vn -0.974670 0.161582 0.154625
vn 0.967575 0.199480 0.154941
vn -0.955967 0.262342 -0.131540
vn -0.595918 -0.704617 -0.385224
vn -0.029689 -0.579088 0.814724
vn -0.955967 0.262342 -0.131540
vn -0.955967 0.262342 -0.131540
vn 0.993993 0.105200 0.030166
vn -0.303041 -0.891849 -0.335815
vn 0.993993 0.105200 0.030166
vn 0.993993 0.105200 0.030166
vn 0.002344 -0.997959 -0.063820
vn 0.287015 -0.878663 -0.381542
vn -0.000070 -0.998450 -0.055660
vn -0.000220 -0.984778 -0.173815
vn 0.999999 0.000000 -0.001265
vn -0.124601 -0.989597 0.071918
vn 0.124765 -0.989599 0.071603
vn -0.144984 -0.935454 -0.322345
vn -0.007833 0.973802 0.227261
vn 0.148595 0.964475 0.218419
vn 0.144168 -0.935454 -0.322710
vn 0.146130 -0.915941 -0.373763
vn 0.103200 -0.954549 -0.279616
vn -0.030460 -0.999220 -0.025138
vn -0.055714 -0.995607 -0.075251
vn -0.103908 -0.954550 -0.279352
vn 0.055523 -0.995607 -0.075392
vn -0.147074 -0.915942 -0.373388
vn 0.178490 -0.983925 -0.005735
vn 0.213004 -0.956796 -0.197917
vn -0.225111 -0.957184 -0.182002
vn 0.165336 0.956651 0.239755
vn 0.053013 -0.996907 -0.058026
vn -0.048912 -0.997439 0.052183
vn -0.815408 0.473793 0.332611
vn -0.138484 -0.980881 -0.136729
vn -0.000351 -0.976618 -0.214981
vn -0.680595 0.720751 0.131562
vn 0.282801 -0.945737 -0.160018
vn -0.011405 -0.995627 -0.092715
vn 0.086537 -0.901641 0.423739
vn 0.816246 0.473795 0.330546
vn 0.393004 0.909304 0.136798
vn 0.680926 0.720751 0.129839
vn -0.084282 0.973535 0.212428
vn 0.965019 -0.000019 0.262180
vn -0.745773 -0.665936 0.018767
vn -0.139835 0.941412 0.306903
vn 0.049529 0.975361 0.214982
vn -0.205364 0.950454 0.233372
vn 0.029341 0.957189 0.287973
vn -0.028613 0.957189 0.288045
vn 0.000114 -0.999150 0.041231
vn 0.127917 0.950852 0.281988
vn 0.965019 -0.000019 0.262180
vn 0.965019 -0.000019 0.262180
vn -0.001239 0.000074 -0.999999
vn -0.001239 0.000074 -0.999999
vn -0.001239 0.000074 -0.999999
vn -0.965485 -0.000023 0.260460
vn -0.965485 -0.000023 0.260460
vn -0.965485 -0.000023 0.260460
vn -0.001291 0.000089 -0.999999
vn -0.001291 0.000089 -0.999999
vn -0.001291 0.000089 -0.999999
vn -0.766030 -0.642782 0.005441
vn 0.055589 0.986239 0.155698
vn -0.000244 0.981572 0.191092
vn -0.013100 0.986678 0.162155
vn 0.785216 0.605497 0.129653
vn -0.766030 -0.642782 0.005441
vn -0.766030 -0.642782 0.005441
vn -0.931289 0.350744 0.098380
vn 0.411070 -0.911600 -0.002530
vn 0.435185 -0.900341 0.000067
vn -0.001256 -0.000009 -0.999999
vn -0.001256 -0.000009 -0.999999
vn -0.001256 -0.000009 -0.999999
vn 0.962785 0.261609 0.067860
vn 0.927105 0.364956 0.085344
vn -0.823811 0.555873 0.111086
vn 0.912273 -0.401515 0.080895
vn 0.998840 -0.000607 0.048158
vn 0.173570 -0.984533 -0.023851
vn 0.396572 -0.917983 -0.006070
vn -0.120994 -0.992192 -0.030269
vn 0.342012 -0.939636 -0.010616
vn 0.120917 -0.992192 -0.030575
vn -0.914427 -0.396113 0.083179
vn -0.994411 0.021030 -0.103461
vn -0.000833 -0.752215 -0.658917
vn -0.000833 -0.752215 -0.658917
vn -0.594156 0.749854 0.291028
vn -0.676235 -0.729778 0.100653
vn -0.725981 0.631394 0.272568
vn -0.902399 -0.425612 0.067305
vn -0.392656 0.909304 0.137792
vn -0.283373 0.948877 0.139038
vn 0.058273 0.988437 0.139989
vn -0.817812 -0.469629 0.332613
vn -0.540359 0.830591 0.134652
vn -0.869790 -0.206766 0.448010
vn 0.929928 -0.161454 0.330403
vn -0.929089 -0.161455 0.332754
vn 0.283724 0.948877 0.138320
vn -0.324513 -0.885705 0.331991
vn -0.051923 -0.893037 0.446977
vn -0.001985 -0.943424 0.331582
vn -0.001986 0.943424 0.331582
vn 0.325349 0.885707 0.331166
vn -0.613675 0.650365 0.447692
vn -0.928254 -0.166193 0.332753
vn -0.815406 -0.473796 0.332611
vn -0.577576 0.734951 0.355322
vn 0.256678 0.857133 0.446586
vn 0.800202 -0.401062 0.445899
vn 0.591600 0.795259 0.132559
vn -0.806783 0.444580 0.389167
vn -0.057918 0.988437 0.140136
vn 0.320828 0.887352 0.331174
vn -0.799073 -0.401062 0.447920
vn 0.818651 -0.469629 0.330543
vn -0.319989 0.887352 0.331985
vn -0.759784 0.598246 0.254619
vn 0.614385 0.675214 -0.408188
vn -0.961588 0.139939 -0.236147
vn 0.879032 0.464261 -0.108463
vn -0.844678 0.149459 -0.513986
vn 0.785285 0.593197 0.177325
vn 0.327966 0.927751 0.178092
vn -0.670029 0.573673 -0.471126
vn 0.748022 0.652059 0.123618
vn 0.971365 0.226309 0.072347
vn 0.998105 -0.002312 0.061486
vn -0.365835 -0.930679 -0.001097
vn -0.365836 -0.930679 -0.001096
vn 0.998105 -0.002316 0.061486
vn -0.868982 -0.494751 0.009552
vn -0.861226 -0.508071 0.012376
vn -0.934542 -0.355782 0.007164
vn 0.000441 -0.937929 0.346828
vn -0.852939 0.099161 -0.512506
vn 0.339620 0.787685 -0.514015
vn -0.767626 0.384680 -0.512613
vn 0.318039 0.865772 -0.386380
vn -0.001262 0.000004 -0.999999
vn 0.148881 0.848006 -0.508645
vn -0.934621 0.107273 -0.339081
vn -0.001271 0.000001 -0.999999
vn 0.756153 0.175075 -0.630540
vn 0.561818 -0.033475 -0.826583
vn 0.590557 0.252458 -0.766490
vn 0.861255 -0.508071 0.010197
vn 0.934557 -0.355781 0.004799
vn 0.869004 -0.494751 0.007353
vn 0.000437 -0.937928 0.346829
vn 0.511373 0.688525 -0.514229
vn -0.797795 0.464028 -0.384968
vn 0.245002 -0.822123 -0.513895
vn 0.312015 0.867966 -0.386371
vn 0.800025 0.458475 -0.386989
vn 0.588503 0.623803 -0.514328
vn -0.312991 0.867966 -0.385581
vn -0.717282 0.471882 -0.512674
vn -0.835456 -0.198321 -0.512526
vn -0.001260 0.000005 -0.999999
vn 0.002719 -0.922503 -0.385981
vn -0.589803 -0.623803 -0.512838
vn -0.246302 -0.822123 -0.513273
vn -0.835455 0.198320 -0.512527
vn 0.851640 -0.099160 -0.514662
vn -0.512672 0.688525 -0.512933
vn 0.767573 -0.617103 -0.173248
vn 0.245002 0.822123 -0.513895
vn -0.815421 -0.455839 -0.356790
vn -0.319016 0.865772 -0.385574
vn -0.771852 0.623125 0.126334
vn -0.138963 -0.981285 -0.133298
vn 0.852191 -0.434162 -0.292016
vn -0.410646 0.023779 -0.911485
vn -0.349185 -0.118282 -0.929559
vn -0.246301 0.822123 -0.513274
vn -0.340919 0.787685 -0.513154
vn -0.001262 -0.000005 -0.999999
vn -0.001268 0.000000 -0.999999
vn -0.378272 0.910095 0.169224
vn -0.001262 0.000002 -0.999999
vn -0.001264 0.000000 -0.999999
vn -0.801002 -0.458475 -0.384964
vn 0.648782 0.619584 -0.441812
vn -0.001265 -0.000003 -0.999999
vn 0.907442 0.163349 -0.387126
vn -0.001680 -0.389740 -0.920923
vn 0.588504 -0.623802 -0.514328
vn 0.594942 -0.704616 -0.386730
vn 0.766326 0.384680 -0.514554
vn -0.621134 0.243594 -0.744886
vn -0.001267 0.000004 -0.999999
vn -0.717282 -0.471881 -0.512675
vn -0.150169 0.848006 -0.508267
vn -0.001266 0.000000 -0.999999
vn -0.958121 0.270506 0.093967
vn 0.138616 -0.981291 -0.133616
vn -0.050994 -0.856561 -0.513520
vn -0.061061 -0.998123 -0.004603
vn -0.003695 -0.922502 -0.385974
vn -0.730540 0.664530 0.157199
vn -0.101990 -0.389579 -0.915328
vn 0.042016 -0.119639 -0.991928
vn -0.001264 -0.000009 -0.999999
vn -0.580909 -0.061987 -0.811605
vn 0.049696 -0.856560 -0.513648
vn -0.309295 0.156130 -0.938062
vn 0.767573 -0.617103 -0.173248
vn -0.767626 -0.384681 -0.512612
vn -0.061690 -0.992717 -0.103478
vn -0.001263 0.000003 -0.999999
vn -0.768009 -0.617103 -0.171307
vn -0.001261 -0.000005 -0.999999
vn -0.235267 0.044075 -0.970931
vn 0.339621 -0.787685 -0.514014
vn 0.715979 -0.471880 -0.514493
vn -0.001263 0.000000 -0.999999
vn 0.834155 0.198321 -0.514640
vn -0.001266 0.000000 -0.999999
vn 0.834155 -0.198320 -0.514641
vn 0.025370 -0.998857 -0.040517
vn 0.348993 0.840039 -0.415378
vn -0.001268 0.000005 -0.999999
vn -0.997909 -0.008496 0.064076
vn 0.569993 0.735072 -0.367120
vn -0.121190 -0.992590 0.008817
vn -0.997909 -0.008494 0.064077
vn 0.287558 0.868774 -0.403165
vn -0.121192 -0.992590 0.008816
vn -0.121192 -0.992590 0.008816
vn 0.720857 0.691182 0.051309
vn 0.931796 0.361076 0.037151
vn 0.999664 0.001090 0.025902
vn -0.866596 0.051769 0.496318
vn -0.845162 0.166052 0.508063
vn 0.609071 -0.721892 0.328487
vn 0.606509 -0.642690 0.468078
vn -0.815525 0.192608 0.545730
vn -0.888658 0.061721 0.454398
vn -0.811283 -0.466098 0.352948
vn -0.898743 0.161145 0.407791
vn -0.777037 -0.391241 0.493096
vn -0.605322 -0.642690 0.469612
vn -0.848493 -0.100049 0.519663
vn 0.353877 -0.818896 0.451864
vn 0.000064 -0.998724 0.050505
vn 0.050289 -0.998575 0.017865
vn -0.109399 0.980239 0.164812
vn 0.000064 -0.998724 0.050505
vn -0.000967 0.643571 -0.765386
vn 0.011043 0.979577 0.200765
vn 0.849805 -0.100049 0.517516
vn -0.445704 -0.772976 0.451505
vn 0.629804 0.599619 -0.493766
vn 0.780045 0.451300 -0.433426
vn 0.912244 -0.158416 0.377776
vn 0.735677 0.442862 -0.512496
vn 0.778283 -0.391240 0.491129
vn -0.637353 -0.758639 -0.135082
vn -0.445707 -0.772975 0.451503
vn -0.766043 0.642780 -0.003503
vn -0.445704 -0.772976 0.451505
vn 0.127357 0.973927 0.187740
vn -0.022233 0.993975 0.107327
vn 0.731023 -0.482240 0.482753
vn 0.676639 -0.567264 0.469437
vn -0.326534 -0.891288 0.314614
vn -0.652242 0.541602 -0.530328
vn -0.805555 0.444240 -0.392088
vn -0.352734 -0.818895 0.452758
vn -0.047186 0.980606 0.190227
vn -0.051975 -0.893883 0.445278
vn -0.767937 0.418224 -0.485140
vn 0.626124 0.298153 0.720467
vn 0.492468 -0.233485 0.838427
vn 0.047668 0.980605 0.190107
vn -0.869789 0.206765 0.448012
vn -0.928253 0.166192 0.332755
vn -0.001274 0.000001 -0.999999
vn -0.698082 0.159664 -0.697989
vn 0.696314 0.159663 -0.699753
vn -0.001273 -0.000001 -0.999999
vn -0.698083 0.159661 -0.697989
vn 0.696313 0.159662 -0.699755
vn -0.001271 -0.000001 -0.999999
vn 0.022504 0.993975 0.107271
vn -0.484092 0.650582 0.585148
vn -0.687626 0.451919 0.568278
vn -0.255548 -0.857133 0.447234
vn 0.053054 -0.893036 0.446846
vn -0.888019 -0.103382 0.448034
vn -0.094548 0.982338 0.161469
vn 0.633865 -0.711929 0.302278
vn -0.570460 0.685658 0.452159
vn 0.002826 -0.943424 0.331577
vn -0.001267 0.000004 -0.999999
vn -0.001265 0.000002 -0.999999
vn -0.001263 0.000007 -0.999999
vn -0.001263 -0.000001 -0.999999
vn -0.001264 0.000002 -0.999999
vn -0.001274 -0.000002 -0.999999
vn -0.664401 -0.745652 0.050732
vn -0.722951 -0.689842 -0.038210
vn 0.689062 0.451919 0.566536
vn -0.837967 0.096303 0.537156
vn 0.355324 -0.821229 0.446461
vn -0.002612 -0.997966 -0.063696
vn -0.979775 0.199236 0.018623
vn -0.746584 0.491973 0.447857
vn -0.577129 -0.816653 -0.000661
vn -0.000091 -0.997419 -0.071804
vn -0.533258 0.717844 0.447589
vn -0.604159 0.724251 0.332345
vn -0.001266 0.000001 -0.999999
vn 0.816903 0.192607 0.543665
vn -0.001271 0.000000 -0.999999
vn -0.001265 0.000004 -0.999999
vn -0.877362 0.476864 -0.053252
vn 0.608684 -0.721159 0.330809
vn -0.000220 -0.984778 -0.173815
vn -0.746582 -0.491977 0.447855
vn 0.614807 -0.650367 0.446133
vn -0.858349 0.508412 0.068947
vn 0.830813 0.037147 0.555311
vn -0.001263 0.000001 -0.999999
vn -0.001268 0.000000 -0.999999
vn -0.001267 0.000003 -0.999999
vn -0.909966 -0.164942 0.380469
vn 0.780263 0.453496 0.430734
vn -0.384528 0.922345 0.037660
vn -0.533260 -0.717845 0.447585
vn -0.139194 0.793639 0.592252
vn -0.836247 -0.200094 0.510542
vn -0.229831 0.770153 0.595014
vn -0.604159 -0.724251 0.332344
vn -0.319236 0.739609 0.592509
vn -0.994989 0.009359 0.099546
vn -0.023089 0.897457 0.440498
vn -0.333911 0.804967 0.490440
vn -0.139190 0.793638 0.592254
vn -0.989969 0.013274 0.140658
vn -0.989969 0.013274 0.140659
vn 0.231336 0.770153 0.594430
vn 0.889150 0.103382 0.445785
vn 0.917871 0.132085 0.374255
vn 0.000123 -0.995141 0.098464
vn -0.001262 -0.000002 -0.999999
vn 0.300047 0.833710 0.463573
vn -0.001260 -0.000004 -0.999999
vn -0.001258 0.000001 -0.999999
vn 0.534390 -0.717844 0.446237
vn -0.001265 0.000000 -0.999999
vn 0.256679 -0.857132 0.446588
vn 0.800201 0.401062 0.445900
vn 0.485572 0.650583 0.583919
vn -0.001259 0.000002 -0.999999
vn 0.170344 -0.983633 0.058731
vn 0.365832 -0.930679 -0.002022
vn 0.320830 -0.887351 0.331175
vn -0.001267 0.000003 -0.999999
vn -0.175906 -0.952781 0.247517
vn -0.388505 -0.864233 0.319633
vn 0.101287 -0.927795 0.359079
vn -0.994989 0.009356 0.099548
vn -0.049897 -0.970311 0.236660
vn 0.021192 -0.922703 0.384930
vn -0.003661 -0.948761 0.315973
vn -0.989969 0.013270 0.140663
vn -0.989969 0.013270 0.140662
vn -0.001262 -0.000002 -0.999999
vn -0.607845 -0.721158 0.332348
vn -0.051924 0.893038 0.446976
vn 0.816245 -0.473796 0.330546
vn 0.837536 -0.200096 0.508424
vn -0.001266 -0.000001 -0.999999
vn 0.614808 0.650367 0.446132
vn -0.613678 -0.650369 0.447683
vn -0.888018 0.103383 0.448035
vn 0.608683 0.721160 0.330808
vn -0.001265 -0.000001 -0.999999
vn -0.001266 -0.000002 -0.999999
vn 0.747714 0.491975 0.445965
vn 0.839323 0.096304 0.535035
vn 0.870922 -0.206766 0.445806
vn -0.001266 0.000000 -0.999999
vn -0.001262 0.000004 -0.999999
vn -0.001258 -0.000004 -0.999999
vn -0.799069 0.401062 0.447926
vn -0.001263 -0.000001 -0.999999
vn -0.923749 0.147746 0.353354
vn -0.001264 -0.000010 -0.999999
vn -0.001267 -0.000001 -0.999999
vn 0.534390 0.717845 0.446235
vn -0.001265 -0.000011 -0.999999
vn 0.365831 -0.930679 -0.002023
vn -0.001263 0.000001 -0.999999
vn -0.354195 0.821228 0.447360
vn 0.910926 -0.164942 0.378165
vn -0.001264 -0.000005 -0.999999
vn -0.001264 -0.000001 -0.999999
vn -0.001264 -0.000004 -0.999999
vn -0.001262 0.000005 -0.999999
vn -0.739575 0.671568 0.045002
vn 0.053054 0.893039 0.446841
vn 0.355325 0.821230 0.446458
vn -0.001265 0.000002 -0.999999
vn 0.747713 -0.491976 0.445966
vn -0.324511 0.885707 0.331989
vn -0.255547 0.857133 0.447235
vn -0.001269 0.000004 -0.999999
vn -0.001265 -0.000005 -0.999999
vn 0.002826 0.943424 0.331576
vn -0.001269 0.000001 -0.999999
vn 0.604998 0.724251 0.330814
vn -0.354198 -0.821228 0.447357
vn -0.001262 0.000007 -0.999999
vn 0.866354 -0.470194 0.168370
vn 0.889149 -0.103382 0.445788
vn -0.782936 0.446819 0.432855
vn 0.931947 -0.358226 0.056121
vn 0.320732 0.739610 0.591699
vn 0.931502 -0.358020 0.064234
vn -0.931338 -0.358016 0.066590
vn 0.876634 -0.448298 0.174761
vn 0.929093 0.166192 0.330403
vn -0.740205 0.370362 0.561185
vn 0.327415 -0.941252 -0.082725
vn -0.861223 -0.470670 0.191739
vn 0.870921 0.206765 0.445808
vn 0.577735 0.680469 0.450760
vn -0.001263 -0.000001 -0.999999
vn -0.559470 0.591946 0.580167
vn -0.001265 0.000002 -0.999999
vn -0.001268 0.000003 -0.999999
vn 0.560937 0.591946 0.578748
vn 0.723637 -0.690007 0.015488
vn 0.730219 -0.679740 -0.068801
vn 0.000160 0.991915 0.126905
vn -0.333549 -0.942150 -0.033154
vn 0.666213 0.745721 0.007756
vn 0.727368 -0.685157 0.038684
vn -0.666817 0.745159 0.009606
vn -0.676673 0.736133 0.014896
vn 0.000022 0.999835 0.018144
vn 0.462261 -0.886586 0.016723
vn 0.000023 0.999835 0.018144
vn 0.681025 0.732166 0.011750
vn 0.000160 0.991915 0.126905
vn 0.999982 0.005129 -0.003061
vn -0.139743 0.858281 -0.493787
vn 0.994700 0.009864 0.102341
vn -0.018177 0.645104 -0.763879
vn 0.990323 0.013270 0.138148
vn 0.969897 0.242109 -0.026145
vn 0.016244 0.645099 -0.763926
vn -0.349363 0.594866 -0.723934
vn -0.058225 0.987474 -0.146646
vn 0.018891 0.980103 0.197588
vn 0.978087 0.205952 -0.030476
vn -0.000261 0.990782 -0.135463
vn 0.953700 0.297134 -0.046563
vn 0.347529 0.594871 -0.724812
vn 0.138492 0.858283 -0.494136
vn 0.282635 0.947127 -0.151880
vn 0.107762 0.973561 0.201412
vn 0.990322 0.013272 0.138151
vn -0.962106 0.112654 -0.248315
vn -0.961266 0.169813 -0.217097
vn -0.873651 0.438685 -0.210450
vn -0.000109 -0.996268 -0.086315
vn 0.330723 -0.940979 -0.071976
vn -0.330904 -0.940979 -0.071138
vn -0.000059 -0.998908 -0.046727
vn -0.000108 -0.996268 -0.086315
vn 0.330724 -0.940979 -0.071976
vn -0.330904 -0.940979 -0.071140
vn -0.000059 -0.998908 -0.046728
vn -0.684616 -0.705647 0.182655
vn 0.000314 -0.968548 0.248826
vn -0.004138 -0.966818 0.255431
vn 0.694989 -0.700253 0.163206
vn 0.686298 -0.705795 0.175639
vn 0.000314 -0.968549 0.248824
vn 0.990322 0.013267 0.138151
vn 0.994701 0.009860 0.102341
vn 0.000330 -0.965339 0.261000
vn -0.660759 -0.726268 0.189558
vn -0.932281 -0.220518 -0.286748
vn -0.830973 -0.479357 -0.282313
vn 0.057854 0.987474 -0.146793
vn 0.587682 -0.764032 0.266243
vn 0.338357 0.930273 -0.141797
vn -0.005845 0.981733 0.190176
vn -0.679778 0.729677 0.073988
vn -0.634676 0.756424 -0.158143
vn 0.000217 0.985174 0.171560
vn 0.810038 -0.474356 0.344710
vn -0.675502 0.715516 -0.178139
vn 0.391337 0.906787 -0.156821
vn 0.815941 -0.476367 0.327589
vn -0.391732 0.906787 -0.155830
vn -0.352260 0.933964 0.060194
vn -0.035760 -0.949853 0.310645
vn 0.268320 -0.960451 0.074418
vn 0.129857 -0.951553 0.278718
vn 0.990322 0.013268 0.138152
vn -0.791550 -0.519961 -0.321075
vn -0.656983 -0.666615 -0.352132
vn 0.949407 -0.230666 -0.213120
vn -0.612658 -0.727707 -0.308371
vn 0.000426 -0.942013 0.335575
vn 0.675049 0.715516 -0.179848
vn -0.267450 -0.892289 -0.363719
vn -0.000370 -0.956118 -0.292982
vn -0.917348 -0.299533 -0.262207
vn -0.917349 -0.299529 -0.262208
vn 0.916682 -0.299532 -0.264526
vn 0.916682 -0.299531 -0.264527
vn 0.873117 0.438684 -0.212659
vn 0.656091 -0.666616 -0.353791
vn -0.982341 -0.187067 0.003366
vn 0.982347 -0.187068 0.000881
vn 0.554594 -0.631391 -0.542006
vn -0.555963 -0.631393 -0.540600
vn -0.370760 -0.856309 -0.359544
vn 0.995329 0.047163 -0.084238
vn -0.968833 0.246355 -0.025937
vn -0.323553 -0.889098 -0.323757
vn 0.264898 -0.960475 0.085541
vn 0.554595 -0.631392 -0.542004
vn -0.646495 -0.683117 -0.339700
vn -0.956142 0.292784 -0.008392
vn -0.656982 -0.666617 -0.352130
vn -0.555964 -0.631393 -0.540599
vn 0.000430 -0.939988 0.341208
vn 0.850561 0.491551 -0.186877
vn -0.634332 0.756455 -0.159367
vn 0.656090 -0.666616 -0.353792
vn 0.000431 -0.940667 0.339331
vn 0.000434 -0.939988 0.341207
vn -0.000371 -0.956118 -0.292981
vn -0.972415 0.233176 -0.006191
vn -0.818308 0.539343 -0.198699
vn -0.560332 -0.751812 -0.347573
vn -0.999841 -0.017756 0.001412
vn 0.000427 -0.940667 0.339331
vn 0.000422 -0.942013 0.335575
vn -0.999850 -0.017256 0.001213
vn 0.999850 -0.017257 -0.001316
vn -0.587966 0.790966 -0.169316
vn 0.999842 -0.017755 -0.001118
vn 0.954682 -0.110258 -0.276450
vn 0.849430 -0.425316 -0.312369
vn 0.233786 -0.970728 0.055053
vn -0.000435 0.938790 -0.344489
vn 0.213116 -0.976337 0.036722
vn 0.972153 0.160078 -0.171156
vn 0.944864 0.225307 -0.237630
vn 0.437685 0.088058 -0.894806
vn -0.955379 -0.110258 -0.274034
vn 0.367767 0.333219 -0.868166
vn -0.954131 0.170922 -0.245803
vn 0.269012 0.165189 -0.948865
vn 0.242475 -0.249569 -0.937508
vn 0.952703 -0.167713 -0.253434
vn 0.231345 -0.956110 -0.179812
vn 0.952428 -0.166777 -0.255080
vn -0.945463 0.225307 -0.235239
vn -0.000436 0.938790 -0.344489
vn -0.001198 -0.944045 -0.329815
vn 0.054089 -0.928195 -0.368141
vn 0.185744 -0.982535 -0.011156
vn 0.369849 -0.856309 -0.360481
vn 0.999268 0.031505 -0.021699
vn 0.840323 0.500793 -0.207517
vn 0.845072 -0.534080 0.024731
vn 0.266534 -0.892288 -0.364393
vn 0.817802 0.539344 -0.200770
vn 0.961475 0.112653 -0.250748
vn 0.931553 -0.220517 -0.289105
vn -0.055022 -0.928195 -0.368004
vn 0.324095 -0.888422 -0.325067
vn -0.000285 0.974483 -0.224459
vn -0.000283 0.974483 -0.224460
vn -0.045306 0.894578 -0.444609
vn 0.866168 0.260713 -0.426359
vn 0.722536 -0.690701 0.029564
vn -0.349523 0.856216 -0.380431
vn -0.993001 0.105667 -0.052758
vn -0.867244 0.260714 -0.424166
vn 0.469943 -0.882017 0.034641
vn 0.167580 -0.985184 0.036462
vn -0.383854 0.818714 -0.427040
vn 0.611115 0.611774 -0.502265
vn -0.559828 0.451622 -0.694715
vn -0.612384 0.611774 -0.500718
vn -0.000658 0.854104 -0.520102
vn 0.957608 -0.287696 0.014765
vn 0.611037 -0.728819 -0.308962
vn 0.961046 -0.276367 -0.003370
vn 0.790734 -0.519962 -0.323077
vn 0.006377 -0.999254 0.038096
vn 0.559450 -0.751812 -0.348990
vn -0.639397 0.653990 -0.404312
vn 0.558069 0.451622 -0.696130
vn 0.170991 -0.984459 0.040031
vn -0.642787 0.766038 -0.003273
vn -0.559829 0.451621 -0.694715
vn -0.612384 0.611775 -0.500717
vn 0.611114 0.611775 -0.502266
vn 0.866167 0.260714 -0.426360
vn -0.520575 0.853752 0.010420
vn -0.867244 0.260713 -0.424166
vn 0.075127 0.997002 0.018525
vn -0.357604 0.933617 0.021883
vn -0.596732 0.802434 -0.003173
vn -0.000658 0.854104 -0.520102
vn -0.182344 -0.982572 0.036083
vn 0.558069 0.451621 -0.696131
vn -0.122147 -0.991287 0.049297
vn 0.165759 0.982879 0.080461
vn 0.057496 -0.995329 -0.077550
vn 0.925661 0.364715 -0.100674
vn -0.306998 0.949960 0.057689
vn 0.031333 -0.996682 0.075126
vn 0.713822 -0.700265 0.009370
vn -0.104715 0.973548 0.203076
vn 0.120628 -0.989899 -0.074493
vn -0.057691 -0.995329 -0.077404
vn 0.429487 -0.902762 0.023684
vn -0.737624 -0.674000 0.040442
vn -0.120816 -0.989899 -0.074188
vn -0.255542 0.922668 0.288759
vn -0.843676 -0.533227 -0.062280
vn 0.009831 -0.999475 -0.030857
vn 0.002998 0.983340 0.181750
vn -0.001012 -0.997007 0.077302
vn -0.581782 -0.812991 0.023984
vn 0.122546 -0.985313 0.118919
vn 0.206982 0.959257 0.192314
vn 0.054810 0.984080 0.169062
vn 0.756537 -0.653635 0.020330
vn -0.931603 0.351510 -0.092500
vn -0.000476 -0.999263 0.038393
vn 0.310829 0.948651 0.058713
vn -0.922843 0.361764 -0.132240
vn -0.387212 -0.921336 0.034732
vn 0.874964 -0.484168 -0.004389
vn -0.923755 -0.382337 -0.022264
vn -0.041891 0.983323 0.176977
vn -0.344579 0.928727 0.136863
vn -0.212781 0.968313 0.130746
vn 0.253099 0.966428 0.044258
vn -0.009909 -0.999475 -0.030832
vn -0.956343 -0.292109 0.008948
vn -0.935321 0.353680 -0.009215
vn 0.910182 0.413831 -0.017664
vn -0.000090 0.997379 0.072361
vn 0.941703 0.335774 -0.021235
vn -0.927613 -0.371747 0.036579
vn -0.766030 -0.642782 0.005440
vn 0.000144 0.998188 0.060166
vn -0.997848 0.000414 0.065567
vn -0.662455 -0.738590 -0.125050
vn -0.650632 -0.759365 0.006470
vn 0.662517 0.739168 0.121249
vn -0.673390 -0.739030 0.019514
vn -0.546879 -0.837211 0.000523
vn 0.815885 0.567887 0.108789
vn 0.861834 0.497210 0.100122
vn -0.499990 -0.866021 0.004209
vn -0.361237 0.921883 0.140143
vn -0.510548 -0.859836 -0.004796
vn -0.566234 0.815011 0.123031
vn -0.451525 0.881480 0.138272
vn 0.926628 -0.374571 0.032499
vn 0.942616 -0.331284 0.041544
vn -0.220936 -0.972615 0.072161
vn 0.926628 -0.374571 0.032499
vn 0.766043 -0.642780 0.003503
vn -0.950978 0.308030 0.027528
vn -0.999568 -0.000100 0.029382
vn -0.163090 -0.986525 0.013021
vn -0.257546 -0.954420 -0.150840
vn 0.766043 -0.642780 0.003503
vn 0.766043 -0.642780 0.003503
vn -0.001284 0.000016 -0.999999
vn -0.001284 0.000016 -0.999999
vn -0.001284 0.000016 -0.999999
vn -0.242548 0.959059 0.146203
vn 0.894399 0.370478 -0.250593
vn 0.638871 0.680025 -0.359734
vn -0.925249 -0.376301 0.048090
vn -0.944348 -0.327162 0.034221
vn 0.642586 -0.765992 0.018420
vn -0.792666 -0.609231 0.022785
vn 0.855360 0.380857 -0.351151
vn 0.557014 -0.830442 0.010118
vn 0.357043 -0.934087 -0.001614
vn 0.980035 0.073253 -0.184841
vn -0.718881 -0.694312 0.033768
vn -0.702513 -0.711448 -0.017805
vn -0.580368 -0.814012 0.023620
vn -0.626174 0.766098 0.144913
vn 0.330232 0.935186 0.127962
vn 0.387539 0.913103 0.126714
vn 0.172385 0.976717 0.127703
vn -0.667151 0.733424 0.130380
vn -0.001260 -0.000001 -0.999999
vn -0.001260 -0.000001 -0.999999
vn -0.001260 -0.000001 -0.999999
vn -0.001260 -0.000013 -0.999999
vn -0.971187 -0.234136 0.044453
vn -0.001260 -0.000013 -0.999999
vn -0.001260 -0.000013 -0.999999
vn 0.100945 -0.994603 -0.024001
vn 0.100945 -0.994603 -0.024001
vn 0.100945 -0.994603 -0.024001
vn -0.997411 0.011057 0.071055
vn -0.001307 0.000009 -0.999999
vn -0.001307 0.000009 -0.999999
vn -0.001307 0.000009 -0.999999
vn 0.959046 0.271299 0.081405
vn 0.989984 -0.125595 0.064475
vn 0.397367 0.916959 0.035849
vn 0.999876 -0.014247 0.006763
vn -0.999038 0.000044 0.043849
vn -0.121190 -0.985821 0.116058
vn -0.000164 0.991541 -0.129797
vn -0.928473 0.367038 0.056752
vn -0.020248 -0.993367 0.113194
vn -0.000303 0.970960 -0.239243
vn 0.638718 0.760735 0.115418
vn 0.000017 0.999911 0.013337
vn -0.000164 0.991541 -0.129797
vn 0.003169 0.997717 0.067452
vn 0.000043 0.999423 0.033980
vn -0.033555 -0.996970 0.070179
vn 0.046532 -0.993126 0.107406
vn -0.931079 0.362510 0.040975
vn 0.999999 0.000000 -0.001265
vn 0.989165 0.118467 0.086710
vn 0.009332 0.996739 0.080155
vn 0.674209 0.729225 0.116927
vn -0.681934 0.729524 0.052554
vn -0.000031 0.999259 0.038477
vn 0.324294 0.935348 0.141270
vn -0.054189 0.987800 0.145995
vn -0.396829 0.917125 0.037541
vn 0.000077 0.999741 0.022772
vn 0.999678 -0.014249 0.021020
vn 0.339376 0.931659 0.129752
vn -0.000303 0.970960 -0.239243
vn 0.881972 0.462069 0.092832
vn 0.004758 0.993803 0.111056
vn -0.008977 0.989802 0.142164
vn -0.002974 0.997711 0.067563
vn -0.999609 0.005662 -0.027368
vn -0.028785 -0.992217 0.121146
vn 0.016920 -0.998594 0.050229
vn 0.000233 0.982810 0.184618
vn 0.005593 -0.999057 0.043045
vn -0.859872 0.501830 0.093742
vn 0.322731 0.944225 0.065456
vn 0.024650 0.999589 0.014630
vn 0.121216 -0.992590 0.008508
vn 0.534135 0.831657 0.151811
vn 0.000194 0.998300 0.058288
vn 0.121204 -0.992591 0.008509
vn -0.000311 0.997728 0.067370
vn -0.929581 0.367322 0.030877
vn 0.111052 0.990254 0.084053
vn -0.999414 -0.024592 0.023827
vn 0.928679 0.369773 0.028700
vn -0.318331 0.935286 0.154613
vn 0.322924 0.941262 0.098722
vn -0.880816 0.447308 0.155175
vn -0.999583 -0.024591 0.015124
vn -0.999846 -0.012294 0.012546
vn -0.900161 0.427480 0.083490
vn 0.947424 0.319377 0.019665
vn 0.121209 -0.992591 0.008509
vn 0.147388 -0.963207 -0.224744
vn 0.089060 -0.983752 -0.155888
vn 0.142051 -0.934335 -0.326863
vn -0.339902 -0.931492 -0.129576
vn -0.147956 -0.963207 -0.224370
vn -0.177854 -0.930547 -0.320077
vn 0.068460 -0.992486 -0.101417
vn -0.349939 -0.934354 0.067270
vn 0.236781 -0.958534 -0.158579
vn 0.521682 0.838223 0.158841
vn -0.975219 0.208813 0.073112
vn 0.000217 0.985173 0.171561
vn 0.045793 -0.997476 -0.054256
vn -0.089454 -0.983751 -0.155663
vn -0.239217 -0.969409 0.054975
vn -0.174755 -0.984583 -0.007483
vn 0.743998 -0.668044 -0.013565
vn 0.317173 -0.947700 -0.035594
vn -0.932177 -0.361976 -0.004410
vn 0.960775 -0.277146 0.010066
vn 0.779311 -0.618451 -0.100960
vn 0.123864 -0.990593 0.058163
vn -0.004440 0.993786 0.111223
vn 0.892117 0.430187 0.138079
vn -0.024613 0.999589 0.014692
vn -0.194911 -0.980815 0.003436
vn 0.895741 0.429717 0.113976
vn -0.678779 -0.732028 0.058261
vn 0.006359 0.992713 0.120338
vn -0.006055 0.992713 0.120354
vn -0.110839 0.990254 0.084334
vn -0.339665 -0.937122 0.080185
vn 0.681244 0.729143 0.065254
vn -0.999742 0.022571 -0.002683
vn 0.000616 0.996258 0.086422
vn -0.519262 0.838024 0.167581
vn -0.045936 -0.997475 -0.054163
vn -0.962905 0.264214 -0.054810
vn -0.122162 -0.987756 -0.097024
vn 0.772617 -0.634724 0.013744
vn -0.324713 -0.945007 0.039019
vn -0.113220 0.993387 0.019080
vn 0.113268 0.993387 0.018794
vn 0.680123 0.712696 -0.171747
vn 0.740936 0.668610 -0.063043
vn -0.967347 -0.251501 -0.031410
vn -0.964742 0.261579 -0.029156
vn -0.987747 -0.151717 0.036588
vn -0.024795 0.997810 -0.061328
vn 0.950664 -0.310036 -0.010804
vn 0.024640 0.997810 -0.061390
vn -0.950688 -0.310035 -0.008397
vn -0.048620 -0.995196 -0.084974
vn 0.963967 0.263925 -0.033325
vn 0.680727 -0.639505 -0.357273
vn -0.896900 0.222096 -0.382419
vn -0.930152 -0.150179 -0.335057
vn 0.951215 -0.305969 -0.039668
vn -0.680555 0.712697 -0.170026
vn -0.689918 -0.650520 -0.317547
vn -0.951312 -0.305968 -0.037259
vn -0.785702 -0.614476 -0.071362
vn -0.950645 -0.310278 0.001105
vn 0.915221 -0.135368 -0.379535
vn 0.035154 -0.855923 -0.515906
vn -0.038597 -0.908182 -0.416792
vn -0.055379 0.997266 -0.048937
vn -0.951901 -0.286096 -0.109694
vn 0.822954 -0.142267 -0.550007
vn -0.680555 0.712696 -0.170026
vn -0.036458 -0.855926 -0.515812
vn 0.876739 0.229289 -0.422795
vn 0.037543 -0.908184 -0.416885
vn 0.680122 0.712697 -0.171747
vn -0.384846 -0.919329 -0.082019
vn 0.951620 -0.286097 -0.112105
vn 0.054136 0.989955 -0.130605
vn -0.845183 -0.153286 -0.512025
vn -0.795175 -0.605242 -0.037128
vn -0.741093 0.668611 -0.061168
vn 0.055255 0.997266 -0.049077
vn -0.000115 0.995868 -0.090810
vn -0.054466 0.989956 -0.130467
vn 0.960919 0.273829 -0.040647
vn 0.740935 0.668611 -0.063042
vn -0.961147 0.273422 -0.037914
vn -0.741093 0.668610 -0.061168
vn -0.000115 0.995868 -0.090810
vn 0.048405 -0.995196 -0.085097
vn 0.931289 -0.350744 -0.098380
vn -0.987747 -0.151717 0.036588
vn 0.991005 -0.105713 -0.082066
vn 0.964850 -0.243047 -0.099961
vn 0.381183 -0.924069 0.028205
vn -0.208773 -0.977459 0.031419
vn -0.000028 -0.999774 0.021274
vn 0.939341 0.341908 -0.027159
vn 0.000063 -0.999446 0.033273
vn 0.984492 0.168178 -0.049924
vn -0.946032 -0.314557 -0.077956
vn -0.956138 -0.292772 -0.009189
vn 0.996884 0.022987 -0.075457
vn -0.952851 -0.303316 -0.008632
vn -0.865951 0.385384 -0.318761
vn 0.415369 0.880300 0.229216
vn 0.951620 -0.286098 -0.112104
vn -0.897977 0.372158 -0.234809
vn 0.999888 -0.006889 0.013329
vn 0.946896 -0.321472 0.006576
vn -0.342011 0.939636 0.010616
vn 0.950664 -0.310036 -0.010802
vn 0.950574 -0.310060 0.016510
vn 0.999961 -0.006479 -0.005991
vn 0.999934 -0.000972 -0.011455
vn 0.626007 0.779814 -0.002185
vn -0.028480 0.972211 0.232366
vn 0.378439 0.925515 0.014324
vn -0.424679 0.866917 0.260963
vn -0.694447 0.642887 -0.323171
vn 0.755412 -0.654910 0.021139
vn 0.951215 -0.305969 -0.039667
vn -0.173570 0.984533 0.023851
vn -0.989744 0.055748 -0.131522
vn 0.000336 0.964098 0.265547
vn 0.999791 -0.018393 0.008930
vn 0.642775 0.766039 -0.004899
vn 0.361225 -0.921265 -0.144178
vn -0.396572 0.917983 0.006070
vn 0.566234 -0.815011 -0.123031
vn 0.999888 -0.006885 0.013327
vn 0.999934 -0.000967 -0.011457
vn 0.999961 -0.006476 -0.005992
vn 0.108650 0.980337 0.164727
vn 0.723768 -0.689155 0.035002
vn 0.360555 -0.926798 0.105100
vn 0.489249 -0.871413 0.035697
vn 0.360556 -0.926797 0.105100
vn 0.000162 -0.991735 0.128305
vn -0.473734 -0.870354 -0.134385
vn -0.999981 -0.001556 0.005900
vn 0.000162 -0.991735 0.128305
vn 0.004183 0.989077 0.147339
vn 0.000254 -0.979529 0.201301
vn -0.936393 -0.340782 -0.083879
vn -0.955781 -0.293888 0.010576
vn 0.916921 -0.396858 0.041951
vn 0.054189 -0.987800 -0.145995
vn -0.961845 0.273585 0.002557
vn -0.260036 -0.955399 -0.139980
vn 0.673296 -0.737065 0.058368
vn 0.377376 -0.914417 -0.146384
vn -0.360289 -0.926797 0.106012
vn -0.360288 -0.926798 0.106011
vn -0.999657 0.026158 0.001451
vn 0.000254 -0.979529 0.201301
vn -0.999913 -0.010159 0.008408
vn 0.337233 0.919402 0.202422
vn -0.999913 -0.010161 0.008408
vn 0.022491 0.988932 -0.146658
vn -0.111352 0.991696 -0.064345
vn 0.104333 0.982576 -0.153812
vn 0.060937 0.989716 0.129422
vn 0.015054 0.992815 -0.118708
vn 0.411059 0.909355 0.064060
vn -0.022862 0.988932 -0.146600
vn -0.717274 0.694795 0.052702
vn -0.411517 0.909139 0.064181
vn -0.956924 -0.290253 0.007080
vn -0.780961 0.623965 0.027718
vn -0.053323 -0.759476 0.648346
vn -0.000098 -0.897299 0.441423
vn -0.999674 -0.020330 0.015469
vn -0.985017 -0.154601 -0.076423
vn 0.678498 0.723556 0.126919
vn -0.057306 0.997963 0.028037
vn 0.057377 0.997963 0.027892
vn -0.943150 0.331612 0.022397
vn -0.587477 -0.800431 -0.119079
vn -0.339388 -0.931915 -0.127870
vn -0.938787 -0.343895 0.020396
vn -0.012545 0.993875 0.109796
vn 0.186213 -0.876492 0.443944
vn -0.881972 -0.462069 -0.092832
vn -0.999893 0.000538 0.014620
vn 0.022571 0.996055 0.085820
vn -0.058812 0.993287 0.099615
vn 0.900719 0.381614 0.207549
vn -0.762615 -0.646565 0.019311
vn 0.944396 0.327599 0.028181
vn 0.784084 0.620120 0.025779
vn -0.999674 -0.020330 0.015469
vn 0.718635 0.693123 0.056072
vn -0.999942 -0.000895 -0.010690
vn -0.996921 -0.044408 -0.064628
vn 0.111188 0.991696 -0.064626
vn -0.217436 -0.966439 -0.136813
vn -0.999943 -0.000893 -0.010691
vn -0.314301 -0.840577 0.441185
vn 0.111874 -0.982823 -0.146776
vn 0.665720 0.709800 0.230220
vn -0.015354 0.992815 -0.118668
vn -0.727727 -0.676473 -0.113123
vn -0.104722 0.982577 -0.153547
vn 0.949009 -0.294417 -0.112700
vn -0.999999 0.000092 0.001190
vn -0.999999 0.000162 0.001147
vn 0.999999 -0.000158 -0.001150
vn 0.999999 -0.000089 -0.001192
vn 0.998670 -0.051552 -0.000816
vn -0.999609 0.025265 -0.012013
vn -0.999586 -0.026334 -0.011565
vn 0.999999 0.000000 -0.001265
vn -0.001149 -0.999969 -0.007794
vn 0.999999 -0.000031 -0.001264
vn -0.999999 0.000017 0.001254
vn -0.999999 0.000000 0.001264
vn 0.999999 -0.000016 -0.001255
vn -0.999746 -0.011639 -0.019291
vn 0.999999 0.000000 -0.001265
vn 0.999590 -0.024258 -0.015186
vn -0.999906 0.012633 -0.005374
vn -0.000676 -0.999969 -0.007841
vn -0.000202 -0.999969 -0.007889
vn -0.000676 -0.999969 -0.007841
vn -0.999999 0.000000 0.001264
vn 0.999999 0.000001 -0.001265
vn 0.999999 0.000000 -0.001264
vn -0.999999 0.000000 0.001264
vn -0.999999 0.000000 0.001264
vn 0.999999 0.000000 -0.001264
vn 0.998810 -0.037519 -0.031152
vn 0.999999 -0.000001 -0.001264
vn -0.999999 0.000000 0.001264
vn 0.999999 0.000000 -0.001266
vn 0.999999 0.000000 -0.001265
vn -0.999999 0.000000 0.001265
vn 0.999999 0.000000 -0.001265
vn -0.999999 0.000000 0.001265
vn -0.999999 0.000000 0.001265
vn 0.999999 0.000000 -0.001265
vn 0.999999 0.000001 -0.001266
vn 0.999999 0.000000 -0.001265
vn -0.999999 0.000000 0.001264
vn -0.999999 0.000000 0.001264
vn -0.999999 0.000000 0.001264
vn -0.951082 -0.308935 0.001204
vn -0.985746 -0.070142 0.152922
vn 0.999999 -0.000001 -0.001262
vn -0.999999 0.000000 0.001269
vn 0.986129 -0.070141 0.150436
vn 0.999999 0.000000 -0.001263
vn 0.999999 0.000000 -0.001264
vn -0.999999 0.000000 0.001264
vn 0.999999 0.000000 -0.001264
vn -0.999999 0.000000 0.001263
vn -0.999999 0.000001 0.001264
vn -0.999999 0.000000 0.001264
vn -0.999999 0.000001 0.001264
vn 0.999999 -0.000002 -0.001263
vn 0.999999 -0.000001 -0.001264
vn -0.999999 0.000001 0.001264
vn 0.999999 -0.000001 -0.001264
vn -0.950883 0.308957 0.019158
vn -0.950883 0.308957 0.019158
vn -0.950883 0.308957 0.019158
vn 0.999999 0.000000 -0.001265
vn -0.999999 0.000000 0.001265
vn 0.587783 -0.809018 -0.000745
vn 0.890968 -0.453989 0.008331
vn -0.999999 0.000001 0.001263
vn -0.999999 0.000000 0.001264
vn 0.999999 0.000000 -0.001265
vn -0.999999 0.000000 0.001264
vn 0.999999 0.000000 -0.001264
vn 0.999999 0.000000 -0.001265
vn -0.998844 -0.040333 -0.026144
vn -0.997924 -0.036042 -0.053378
vn -0.999311 -0.026890 -0.025598
vn 0.997813 -0.037001 -0.054773
vn -0.997924 -0.036043 -0.053374
vn -0.998844 -0.040334 -0.026142
vn 0.998392 -0.039178 -0.040973
vn 0.999275 -0.026127 -0.027694
vn -0.999311 -0.026890 -0.025597
vn 0.997813 -0.037004 -0.054776
vn -0.997924 -0.036044 -0.053373
vn -0.998844 -0.040335 -0.026142
vn 0.998392 -0.039181 -0.040975
vn 0.999275 -0.026129 -0.027695
vn -0.999311 -0.026891 -0.025597
vn 0.997813 -0.037000 -0.054774
vn 0.998392 -0.039177 -0.040973
vn 0.999275 -0.026127 -0.027695
vn -0.998844 -0.040335 -0.026142
vn -0.997924 -0.036044 -0.053373
vn 0.997813 -0.037000 -0.054775
vn -0.999311 -0.026891 -0.025597
vn 0.999275 -0.026127 -0.027695
vn 0.998392 -0.039177 -0.040974
vn -0.997924 -0.036043 -0.053375
vn -0.998844 -0.040334 -0.026142
vn 0.997813 -0.037000 -0.054776
vn -0.999311 -0.026890 -0.025598
vn -0.998844 -0.040334 -0.026142
vn -0.997924 -0.036043 -0.053374
vn 0.998392 -0.039177 -0.040975
vn 0.999275 -0.026126 -0.027696
vn 0.997813 -0.037003 -0.054777
vn -0.999311 -0.026891 -0.025597
vn 0.998392 -0.039180 -0.040975
vn 0.999275 -0.026129 -0.027695
vn -0.998844 -0.040335 -0.026142
vn -0.997924 -0.036044 -0.053373
vn 0.997813 -0.037001 -0.054775
vn -0.999311 -0.026891 -0.025597
vn 0.999275 -0.026127 -0.027695
vn -0.998844 -0.040332 -0.026143
vn 0.998392 -0.039178 -0.040974
vn -0.997924 -0.036041 -0.053376
vn 0.997813 -0.037000 -0.054775
vn -0.999311 -0.026889 -0.025598
vn 0.998392 -0.039177 -0.040973
vn 0.999275 -0.026128 -0.027695
vn 0.976624 0.099017 -0.190791
vn -0.981023 -0.038119 0.190105
vn 0.998048 0.062395 -0.002837
vn -0.999999 -0.000001 0.001267
vn -0.001259 -0.000001 -0.999999
vn -0.001262 -0.000001 -0.999999
vn -0.001264 -0.000001 -0.999999
vn -0.001262 -0.000001 -0.999999
vn 0.808996 -0.587748 0.008800
vn 0.270723 -0.835068 -0.478927
vn 0.270720 0.835070 -0.478925
vn 0.587787 -0.809015 -0.000745
vn 0.587785 -0.809017 -0.000745
vn 0.587785 -0.809017 -0.000745
vn 0.809022 0.587777 -0.001024
vn -0.997979 0.027148 -0.057451
vn -0.956449 0.122975 -0.264730
vn 0.999999 0.000001 -0.001268
vn 0.999999 0.000000 -0.001265
vn -0.997979 0.027148 -0.057451
vn 0.309007 0.951060 -0.000390
vn 0.999999 0.000000 -0.001265
vn -0.956451 0.122977 -0.264724
vn -0.989137 0.062174 -0.133197
vn 0.996574 -0.035194 0.074850
vn 0.999999 0.000001 -0.001264
vn -0.989137 0.062174 -0.133197
vn 0.996574 -0.035194 0.074850
vn -0.985971 0.000000 0.166916
vn 0.986390 0.000000 0.164421
vn -0.809005 -0.587742 -0.008418
vn 0.999999 0.000000 -0.001265
vn 0.987659 -0.156423 0.007841
vn 0.000462 0.930697 0.365792
vn 0.309012 0.951058 -0.000390
vn 0.001262 0.000000 0.999999
vn -0.999999 0.000105 0.001204
vn -0.999893 -0.007760 -0.012440
vn -0.999960 0.008422 -0.003162
vn -0.999999 -0.000001 0.001264
vn -0.998414 -0.011744 0.055053
vn 0.991832 0.013873 0.126795
vn 0.983608 0.001990 0.180310
vn -0.999999 -0.000001 0.001265
vn -0.995184 -0.019149 0.096135
vn -0.781745 0.623405 -0.015516
vn -0.845229 0.531624 0.054439
vn -0.830900 -0.555766 -0.027007
vn 0.001283 0.000003 0.999999
vn -0.587666 0.808888 0.018700
vn -0.000162 0.991766 -0.128060
vn -0.001250 -0.883090 -0.469203
vn -0.001247 -0.883090 -0.469203
vn -0.001242 -0.883089 -0.469203
vn -0.001260 -0.883090 -0.469202
vn -0.001255 -0.883089 -0.469203
vn -0.001257 -0.883090 -0.469203
vn -0.001245 -0.883089 -0.469203
vn -0.001242 -0.883089 -0.469203
vn -0.266778 0.916771 0.297256
vn 0.603702 -0.777399 -0.176623
vn 0.993984 0.000000 0.109530
vn 0.998534 0.000000 0.054131
vn 0.510767 0.854080 -0.098307
vn -0.998394 0.000000 0.056656
vn 0.986390 0.000000 0.164422
vn -0.985971 0.000000 0.166916
vn 0.999999 -0.000026 -0.001234
vn -0.993703 0.000000 0.112043
vn -0.234696 0.970641 -0.052672
vn 0.000000 -1.000000 0.000000
vn 0.809019 0.587782 -0.001023
vn 0.415643 -0.135420 -0.899390
vn -0.010312 0.015791 0.999822
vn -0.001270 -0.026856 -0.999638
vn 0.005214 -0.025707 -0.999656
vn -0.004524 0.016607 0.999852
vn 0.005730 -0.320306 -0.947297
vn 0.000000 -1.000000 0.000000
vn 0.999999 -0.000089 -0.001216
vn 0.999999 -0.000059 -0.001242
vn 0.009121 -0.611522 -0.791175
vn 0.999999 -0.000059 -0.001252
vn 0.013699 -0.520306 -0.853870
vn 0.001274 0.000007 0.999999
vn 0.001270 -0.000006 0.999999
vn -0.363771 -0.408563 0.837106
vn -0.435621 0.072110 0.897237
vn -0.993747 0.111601 0.003431
vn -0.700512 -0.713408 0.018215
vn 0.299723 -0.865104 -0.402195
vn -0.002742 -0.079452 0.996835
vn 0.548090 -0.836388 -0.007312
vn 0.872313 0.488336 -0.024439
vn 0.872313 0.488336 -0.024439
vn 0.872313 0.488336 -0.024439
vn 0.256462 -0.354516 -0.899192
vn 0.001265 0.000009 0.999999
vn 0.001265 0.000010 0.999999
vn 0.000860 0.732393 0.680882
vn 0.000859 0.732394 0.680881
vn 0.000859 0.732394 0.680881
vn -0.001264 -0.000002 -0.999999
vn 0.007421 -0.085748 -0.996289
vn -0.528833 -0.848705 -0.005933
vn -0.456317 -0.844935 0.279033
vn -0.452596 0.877309 0.159642
vn -0.613511 0.789575 0.013244
vn -0.452596 0.877309 0.159642
vn 0.177839 0.983981 0.012419
vn -0.001264 -0.000012 -0.999999
vn 0.916297 -0.276196 -0.290026
vn -0.785486 -0.548171 -0.287262
vn 0.988737 0.048663 0.141529
vn 0.988737 0.048665 0.141530
vn -0.988554 -0.048693 0.142796
vn 0.988737 0.048663 0.141529
vn -0.988553 -0.048692 0.142799
vn -0.988553 -0.048694 0.142799
vn -0.988553 -0.048693 0.142799
vn -0.988554 -0.048692 0.142797
vn -0.988554 -0.048691 0.142795
vn 0.988737 0.048663 0.141530
vn 0.988737 0.048663 0.141530
vn 0.988737 0.048665 0.141529
vn 0.988737 0.048664 0.141531
vn -0.988553 -0.048693 0.142797
vn 0.988737 0.048664 0.141531
vn -0.000295 0.993810 -0.111093
vn -0.988554 -0.048691 0.142797
vn 0.587677 0.808879 -0.018700
vn 0.707071 0.707072 -0.009986
vn 0.712916 0.700538 -0.031578
vn 0.946019 0.112947 -0.303793
vn -0.940942 0.338020 -0.019234
vn -0.001262 -0.000007 -0.999999
vn -0.001267 -0.000003 -0.999999
vn -0.001264 -0.000002 -0.999999
vn -0.001258 0.000000 -0.999999
vn -0.001265 0.000000 -0.999999
vn 0.001291 0.057237 0.998360
vn -0.001263 -0.144901 -0.989445
vn 0.000000 -1.000000 0.000000
vn 0.001171 0.366886 0.930265
vn 0.001283 0.000007 0.999999
vn 0.001160 -0.399451 0.916754
vn -0.308335 -0.882208 0.355864
vn -0.309001 -0.951062 0.000391
vn 0.001274 -0.000005 0.999999
vn 0.001292 -0.048770 0.998809
vn 0.001272 -0.000015 0.999999
vn 0.001271 -0.000009 0.999999
vn -0.809008 -0.587778 0.004776
vn 0.001269 -0.000017 0.999999
vn 0.309022 -0.951049 0.003361
vn -0.001249 -0.131966 -0.991253
vn 0.000000 -1.000000 -0.000001
vn -0.309017 0.951056 0.000391
vn -0.809030 0.587766 0.001025
vn -0.309019 0.951056 0.000391
vn 0.001093 -0.502514 0.864568
vn -0.999999 0.000059 0.001236
vn -0.999999 0.000063 0.001240
vn -0.999999 0.000020 0.001251
vn -0.809020 0.587781 0.001024
vn 0.001173 -0.372341 0.928095
vn -0.001967 -0.372724 0.927940
vn 0.001260 0.000003 0.999999
vn -0.993944 -0.109886 0.000739
vn 0.001261 0.000001 0.999999
vn 0.433885 0.900946 0.006392
vn -0.000054 0.999031 -0.044021
vn -0.951057 0.309013 0.001203
vn -0.433869 0.900945 0.007487
vn -0.987669 0.156434 0.006222
vn 0.007507 0.025935 -0.999635
vn -0.000023 0.999839 -0.017956
vn 0.156427 0.987646 -0.009288
vn 0.210175 0.977655 0.004243
vn 0.001264 0.000000 0.999999
vn -0.781126 0.622889 -0.043033
vn -0.957258 -0.282558 -0.061793
vn 0.001264 0.000000 0.999999
vn -0.974893 0.222522 0.008181
vn 0.000000 -1.000000 0.000000
vn 0.000000 -1.000000 0.000000
vn 0.001223 -0.251257 0.967920
vn 0.042473 -0.139675 -0.989286
vn 0.019828 -0.521389 -0.853089
vn 0.000000 -1.000000 0.000000
vn 0.029830 -0.138005 -0.989982
vn -0.191612 0.981463 0.004005
vn 0.185445 -0.982484 0.018310
vn -0.009809 0.098157 0.995123
vn 0.999426 0.000000 -0.033886
vn 0.000001 -1.000000 0.000000
vn -0.999508 0.000000 -0.031358
vn -0.779982 0.621943 -0.069391
vn 0.770500 0.636258 -0.038803
vn -0.737076 0.664207 -0.124694
vn 0.898266 0.432607 -0.077255
vn 0.900811 0.433797 -0.018990
vn 0.991518 0.126978 -0.027727
vn 0.943729 0.330284 0.016991
vn -0.105281 0.766121 -0.634014
vn -0.431536 -0.777874 -0.456825
vn 0.462087 -0.731630 -0.501191
vn -0.066459 0.857979 -0.509367
vn -0.265894 -0.581751 -0.768679
vn 0.065173 -0.857980 -0.509532
vn 0.899515 -0.433218 -0.056522
vn 0.001251 -0.000008 0.999999
vn 0.951065 0.308989 -0.001204
vn 0.875617 -0.261648 -0.406000
vn 0.999963 0.000006 0.008557
vn -0.001244 0.100044 -0.994982
vn 0.000000 1.000000 -0.000170
vn 0.001283 -0.006561 0.999978
vn 0.000000 1.000000 -0.000170
vn 0.001156 -0.381773 0.924255
vn -0.000983 0.626024 -0.779803
vn 0.044766 -0.094773 -0.994492
vn 0.993018 0.117965 0.000635
vn 0.364988 0.681220 -0.634605
vn 0.001271 -0.000009 0.999999
vn -0.025462 -0.106256 -0.994013
vn -0.005250 -0.105928 -0.994360
vn -0.010610 -0.061162 0.998072
vn -0.042135 -0.044183 0.998135
vn -0.992822 -0.119602 0.000720
vn 0.043068 -0.042081 0.998186
vn 0.993708 -0.111985 -0.001954
vn -0.521309 -0.169032 -0.836460
vn -0.190865 0.981531 0.012939
vn 0.482963 0.824249 -0.295567
vn 0.001187 0.366888 0.930264
vn 0.000309 -0.970328 0.241792
vn 0.835202 -0.525447 -0.162305
vn -0.820641 0.528279 -0.217875
vn -0.881131 0.000000 -0.472872
vn 0.818867 -0.368348 -0.440200
vn -0.720439 0.354196 -0.596250
vn 0.001203 0.366889 0.930264
vn -0.272698 -0.837436 -0.473642
vn -0.446973 0.779645 -0.438599
vn 0.093078 -0.950930 -0.295075
vn -0.476034 -0.017027 -0.879262
vn -0.241778 -0.956891 -0.160943
vn 0.757679 0.632148 -0.162206
vn -0.756206 -0.616966 -0.217957
vn 0.711766 0.517564 -0.474886
vn 0.577071 0.793937 0.191452
vn 0.001187 0.366888 0.930264
vn 0.000000 -1.000000 -0.000001
vn -0.000367 -0.956638 -0.291280
vn -0.001266 -0.131965 -0.991254
vn -0.001258 -0.131965 -0.991254
vn 0.000000 -1.000000 -0.000001
vn 0.001283 0.057236 0.998360
vn 0.001275 0.057234 0.998360
vn -0.001258 -0.131965 -0.991254
vn 0.001283 0.057236 0.998360
vn 0.000000 -1.000000 0.000000
vn 0.000000 -1.000000 0.000000
vn -0.997193 0.000000 -0.074868
vn 0.000000 -1.000000 0.000000
vn -0.001247 -0.144904 -0.989445
vn -0.930514 0.360377 -0.065360
vn -0.001255 -0.144903 -0.989445
vn -0.001255 -0.144903 -0.989445
vn 0.001292 -0.048770 0.998809
vn 0.001292 -0.048770 0.998809
vn 0.000000 -1.000000 -0.000001
vn 0.000000 -1.000000 -0.000001
vn 0.001292 -0.048770 0.998809
vn -0.000990 -0.607856 -0.794046
vn -0.000730 -0.812788 -0.582559
vn 0.000000 -1.000000 -0.000001
vn -0.004136 0.004431 0.999982
vn -0.011620 -0.021627 0.999699
vn 0.010919 -0.013389 0.999851
vn -0.000995 -0.607856 -0.794047
vn 0.823002 0.514382 0.240994
vn 0.973926 0.054812 -0.220145
vn 0.853456 0.521115 0.007177
vn 0.708452 0.705689 0.009998
vn 0.946596 -0.056208 0.317486
vn 0.718810 0.326413 0.613813
vn -0.790675 -0.257141 0.555618
vn 0.368604 0.929499 0.012783
vn -0.822391 -0.514380 0.243075
vn -0.945789 0.056207 0.319882
vn -0.984912 -0.065945 -0.160002
vn 0.582783 -0.802356 -0.128798
vn 0.562938 -0.774317 0.289023
vn 0.743737 -0.623482 0.241093
vn 0.718809 -0.326415 0.613813
vn -0.488396 0.673187 0.555237
vn -0.586331 -0.744155 -0.320077
vn 0.395835 0.662465 -0.635968
vn -0.951070 -0.308974 0.001203
vn -0.743125 0.623480 0.242976
vn -0.707118 -0.707095 0.000894
vn -0.367213 0.916135 -0.160783
vn -0.237795 0.932009 0.273518
vn 0.519185 0.169004 -0.837786
vn 0.026396 -0.052658 0.998264
vn 0.013151 -0.043655 0.998960
vn 0.339912 0.644060 -0.685308
vn 0.006702 -0.069620 0.997551
vn -0.710449 -0.703740 -0.003513
vn -0.538292 -0.842744 -0.004823
vn -0.852255 -0.523122 -0.002268
vn 0.001274 -0.000002 0.999999
vn -0.000001 -1.000000 0.000000
vn -0.000002 -1.000000 -0.000001
vn 0.934343 -0.351155 0.060774
vn -0.000001 -1.000000 -0.000001
vn 0.804759 -0.590499 -0.060616
vn 0.804759 -0.590499 -0.060616
vn 0.007582 -0.013222 0.999884
vn 0.007582 -0.013222 0.999884
vn 0.007582 -0.013222 0.999884
vn 0.000000 -1.000000 0.000000
vn 0.001265 -0.000001 0.999999
vn 0.993601 0.024351 0.110293
vn 0.997182 0.016253 0.073245
vn 0.001270 -0.000002 0.999999
vn 0.000000 -1.000000 0.000000
vn 0.000000 -1.000000 0.000000
vn 0.999762 -0.013801 0.016889
vn 0.000000 -1.000000 0.000000
vn 0.001270 -0.000002 0.999999
vn 0.000000 -1.000000 0.000000
vn -0.993461 -0.024365 0.111538
vn 0.993601 0.024350 0.110295
vn 0.000001 -1.000000 0.000000
vn 0.999762 -0.013800 0.016890
vn 0.000000 -1.000000 0.000000
vn -0.997666 -0.016273 0.066311
vn 0.997181 0.016252 0.073246
vn -0.999710 -0.014882 0.018929
vn 0.000001 -1.000000 0.000000
vn -0.997666 -0.016275 0.066313
vn 0.993601 0.024351 0.110294
vn 0.000002 -1.000000 0.000000
vn 0.997182 0.016253 0.073245
vn 0.999762 -0.013799 0.016889
vn -0.999710 -0.014883 0.018929
vn 0.000000 -1.000000 0.000000
vn -0.993461 -0.024366 0.111540
vn 0.000000 -1.000000 0.000000
vn -0.997666 -0.016272 0.066312
vn 0.000001 -1.000000 0.000000
vn -0.999710 -0.014881 0.018929
vn 0.000000 -1.000000 0.000000
vn 0.997182 0.016251 0.073245
vn 0.993601 0.024350 0.110293
vn -0.993461 -0.024364 0.111539
vn 0.999762 -0.013801 0.016888
vn -0.993462 -0.024365 0.111537
vn 0.999762 -0.013800 0.016889
vn -0.997666 -0.016273 0.066310
vn 0.993601 0.024350 0.110293
vn 0.000000 -1.000000 0.000000
vn 0.997182 0.016252 0.073245
vn -0.999710 -0.014881 0.018928
vn 0.000001 -1.000000 0.000000
vn 0.000001 -1.000000 0.000000
vn -0.997666 -0.016273 0.066312
vn -0.999710 -0.014882 0.018929
vn -0.993461 -0.024365 0.111539
vn 0.000000 -1.000000 0.000000
vn 0.000000 -1.000000 0.000000
vn 0.999762 -0.013801 0.016889
vn 0.997182 0.016253 0.073245
vn 0.000001 -1.000000 0.000000
vn 0.993601 0.024351 0.110293
vn 0.993601 0.024350 0.110294
vn 0.000000 -1.000000 0.000000
vn 0.997181 0.016252 0.073246
vn 0.000001 -1.000000 0.000000
vn 0.999762 -0.013800 0.016890
vn 0.000001 -1.000000 0.000000
vn 0.000000 -1.000000 0.000000
vn 0.000000 1.000000 0.000000
vn 0.000000 -1.000000 0.000000
vn -0.997666 -0.016273 0.066312
vn -0.999710 -0.014881 0.018929
vn 0.999762 -0.013800 0.016889
vn 0.000000 1.000000 0.000000
vn -0.993461 -0.024365 0.111539
vn 0.000000 1.000000 0.000000
vn 0.993601 0.024350 0.110295
vn 0.997181 0.016252 0.073246
vn -0.780328 -0.622227 -0.062621
vn -0.999007 -0.044278 0.005005
vn 0.001318 -0.000015 0.999999
vn 0.000245 -0.097370 -0.995248
vn 0.001284 -0.000008 0.999999
vn 0.011266 -0.106401 -0.994259
vn -0.008130 -0.099445 -0.995010
vn -0.809019 0.587781 0.001022
vn -0.707076 0.707067 0.009984
vn -0.338439 -0.795966 -0.501893
vn -0.993461 -0.024365 0.111539
vn 0.848472 -0.529220 -0.004607
vn -0.997666 -0.016273 0.066312
vn -0.997666 -0.016273 0.066311
vn 0.705996 -0.708195 -0.005468
vn -0.999710 -0.014882 0.018929
vn 0.538480 -0.842615 -0.006255
vn -0.954729 -0.186850 -0.231474
vn -0.417209 -0.834041 -0.360987
vn -0.993461 -0.024364 0.111539
vn -0.999710 -0.014882 0.018929
vn -0.707076 0.707067 0.009984
vn -0.013785 -0.127432 -0.991751
vn 0.373609 0.919086 -0.125289
vn 0.000753 -0.169568 -0.985518
vn -0.368107 0.929678 0.013988
vn 0.997786 0.000000 -0.066507
vn -0.702942 0.711142 0.012213
vn 0.008973 -0.123829 -0.992263
vn 0.995085 0.000000 -0.099022
vn -0.846040 0.533028 0.009903
vn 0.000000 -1.000000 0.000000
vn 0.000000 -1.000000 0.000000
vn 0.000001 -1.000000 0.000000
vn -0.995333 0.000000 -0.096503
vn -0.997951 0.000000 -0.063982
vn 0.995085 0.000000 -0.099022
vn -0.521326 0.169034 -0.836449
vn -0.995333 0.000000 -0.096503
vn 0.387659 -0.912787 -0.128608
vn 0.574111 -0.739017 -0.352493
vn 0.587443 0.760688 -0.276162
vn -0.374812 0.709568 -0.596682
vn 0.623372 0.781703 -0.018642
vn -0.395362 0.265357 -0.879360
vn 0.200751 0.897436 -0.392820
vn 0.464653 0.884367 -0.044629
vn 0.722925 0.687631 -0.067398
vn -0.994180 0.107729 -0.001225
vn 0.037794 0.084878 0.995674
vn -0.014394 0.013182 -0.999810
vn -0.008248 0.015041 -0.999853
vn 0.001429 0.017651 -0.999843
vn -0.204183 -0.978806 0.015779
vn -0.007892 0.096308 0.995320
vn 0.993776 -0.111394 0.000761
vn 0.993119 0.116990 -0.005249
vn 0.807801 0.572968 -0.138441
vn 0.487605 0.794842 -0.361204
vn 0.726717 0.579878 -0.368271
vn -0.013973 0.100466 0.994842
vn 0.000196 0.011494 -0.999934
vn 0.006105 0.004261 -0.999972
vn -0.020445 0.020115 -0.999589
vn -0.002917 0.012297 -0.999920
vn -0.015864 0.015905 -0.999748
vn 0.389332 -0.920968 0.015463
vn 0.729021 -0.684434 0.008859
vn 0.864291 -0.502982 0.003249
vn -0.394674 0.918821 -0.000818
vn -0.005491 0.018729 -0.999810
vn -0.002201 -0.559694 -0.828696
vn -0.002203 -0.559694 -0.828696
vn -0.730069 0.683366 -0.003368
vn -0.865030 0.501695 -0.004942
vn -0.001246 -0.883089 -0.469203
vn -0.001332 0.115948 -0.993254
vn -0.001332 0.115948 -0.993254
vn -0.001332 0.115948 -0.993254
vn -0.001271 0.100046 -0.994982
vn -0.001258 0.100045 -0.994982
vn -0.001258 0.100045 -0.994982
vn 0.000000 1.000000 -0.000170
vn 0.000000 1.000000 -0.000170
vn 0.000000 1.000000 -0.000170
vn 0.001267 -0.006562 0.999978
vn 0.001275 -0.006561 0.999978
vn 0.000000 1.000000 0.000000
vn 0.001275 -0.006561 0.999978
vn 0.000000 1.000000 0.000000
vn 0.000000 1.000000 0.000000
vn 0.001204 0.160473 0.987040
vn 0.001204 0.160473 0.987040
vn 0.001204 0.160473 0.987040
vn 0.000000 1.000000 -0.000170
vn -0.000977 0.626023 -0.779804
vn 0.001157 -0.381773 0.924255
vn -0.000355 0.958593 -0.284781
vn 0.001158 -0.381773 0.924255
vn -0.000713 0.822078 -0.569375
vn -0.002198 -0.559694 -0.828696
vn -0.002203 -0.559694 -0.828696
vn 0.001157 -0.381773 0.924255
vn -0.002191 -0.559693 -0.828697
vn -0.002206 -0.559694 -0.828697
vn -0.001245 -0.883089 -0.469203
vn -0.002207 -0.559695 -0.828696
vn -0.001249 -0.883089 -0.469203
vn -0.002207 -0.559695 -0.828696
vn -0.001248 -0.883090 -0.469203
vn -0.002191 -0.559694 -0.828696
vn -0.002192 -0.559694 -0.828696
vn -0.001241 -0.883089 -0.469203
vn 0.450424 0.732806 -0.510013
vn 0.725119 0.527240 -0.442968
vn -0.002210 -0.559694 -0.828697
vn 0.657373 0.478154 -0.582434
vn -0.002203 -0.559693 -0.828697
vn -0.000875 0.944285 -0.329128
vn -0.001251 -0.883089 -0.469203
vn -0.000875 0.944285 -0.329128
vn -0.000591 0.975004 -0.222187
vn -0.002194 -0.559693 -0.828697
vn -0.002210 -0.559694 -0.828696
vn -0.002198 -0.559694 -0.828696
vn -0.001251 -0.883089 -0.469203
vn -0.002203 -0.559695 -0.828696
vn 0.000015 1.000000 0.000004
vn -0.001247 -0.883090 -0.469203
vn 0.001260 -0.000011 0.999999
vn 0.432811 -0.898158 -0.077379
vn 0.001264 -0.000011 0.999999
vn 0.737347 -0.663729 -0.125633
vn 0.780500 -0.622479 -0.057791
vn 0.000015 1.000000 0.000004
vn 0.000015 1.000000 0.000004
vn 0.001236 0.160461 0.987041
vn 0.001236 0.160461 0.987041
vn 0.001236 0.160461 0.987041
vn -0.222500 0.974774 -0.017579
vn -0.426149 0.900472 -0.086874
vn -0.433249 -0.899517 -0.056259
vn 0.985416 -0.147697 -0.084508
vn -0.433262 -0.899510 -0.056259
vn 0.001275 -0.000001 0.999999
vn 0.993133 0.068875 -0.094573
vn -0.341831 -0.930297 -0.133035
vn 0.001267 -0.000001 0.999999
vn 0.001253 0.000000 0.999999
vn 0.001262 -0.000014 0.999999
vn 0.001264 0.000002 0.999999
vn 0.001274 0.000005 0.999999
vn 0.563002 -0.823450 -0.070418
vn 0.001270 -0.000002 0.999999
vn 0.001265 -0.000006 0.999999
vn 0.001259 -0.000012 0.999999
vn -0.000078 -0.997975 -0.063608
vn 0.001265 0.000023 0.999999
vn 0.779630 -0.621387 -0.077818
vn 0.001257 -0.000009 0.999999
vn 0.001265 0.000003 0.999999
vn 0.916927 -0.380722 -0.119566
vn 0.949533 0.311072 -0.040264
vn 0.001265 -0.000004 0.999999
vn 0.075199 -0.993678 -0.083360
vn -0.046652 0.996321 -0.071889
vn -0.001211 0.115937 -0.993256
vn -0.001211 0.115937 -0.993256
vn -0.001211 0.115937 -0.993256
vn 0.000000 -1.000000 -0.000002
vn 0.000000 -1.000000 -0.000002
vn 0.000000 -1.000000 -0.000002
vn -0.859370 -0.511345 0.003196
vn 0.005018 0.096568 0.995314
vn -0.389961 -0.920773 0.010377
vn 0.002565 0.092733 0.995688
vn -0.724832 -0.688897 0.006332
vn -0.007447 0.110117 0.993891
vn 0.855940 0.516930 -0.012268
vn -0.006739 0.120971 0.992633
vn 0.007859 0.108165 0.994102
vn 0.402811 0.915276 -0.003520
vn -0.004480 0.092340 0.995717
vn 0.728533 0.684932 -0.010363
vn 0.001207 0.327576 0.944824
vn 0.881567 0.083334 0.464646
vn 0.800387 0.162219 0.577119
vn 0.886004 0.068635 0.458569
vn 0.767614 0.138412 0.625788
vn 0.001197 0.327583 0.944822
vn 0.000016 -0.999962 0.008726
vn 0.000016 -0.999962 0.008726
vn 0.000016 -0.999962 0.008726
vn 0.001121 -0.463004 0.886356
vn 0.001121 -0.463004 0.886356
vn 0.001121 -0.463004 0.886356
vn 0.000016 -0.999962 0.008726
vn 0.000016 -0.999962 0.008726
vn 0.000016 -0.999962 0.008726
vn 0.001121 -0.463000 0.886357
vn 0.001121 -0.463000 0.886357
vn 0.001121 -0.463000 0.886357
vn -0.001246 -0.000018 -0.999999
vn -0.405155 -0.905688 -0.124813
vn -0.727619 0.579916 -0.366427
vn -0.212733 0.708496 -0.672888
vn -0.809014 -0.587789 0.001022
vn -0.397876 -0.825166 -0.400994
vn -0.356302 0.891771 -0.278913
vn 0.054149 -0.742978 -0.667121
vn -0.907226 0.206959 -0.366210
vn 0.432745 -0.826977 -0.358944
vn -0.000809 0.759324 -0.650713
vn -0.001264 -0.000002 -0.999999
vn -0.001264 -0.000002 -0.999999
vn -0.809009 -0.587795 0.001023
vn -0.726245 -0.527243 -0.441115
vn -0.013659 0.019939 -0.999708
vn -0.001264 -0.000002 -0.999999
vn -0.939970 -0.314314 -0.132903
vn -0.865645 -0.304889 -0.397117
vn -0.943493 0.123561 -0.307496
vn -0.173728 -0.581574 -0.794727
vn -0.840919 -0.535482 -0.078192
vn -0.011496 0.018887 -0.999756
vn -0.009332 0.017834 -0.999797
vn 0.429894 0.900926 -0.059355
vn -0.000833 0.019451 -0.999810
vn -0.011496 0.018887 -0.999756
vn -0.688420 0.636755 -0.347307
vn -0.976732 0.165677 -0.136184
vn -0.745060 0.656628 -0.117158
vn -0.329590 -0.940742 -0.079838
vn 0.105763 0.982967 -0.150302
vn 0.011066 -0.018254 0.999772
vn 0.000128 0.022209 -0.999753
vn 0.936045 0.346339 0.062199
vn 0.689190 -0.708971 -0.149589
vn -0.000353 0.020830 -0.999783
vn 0.904540 -0.386533 -0.180001
vn -0.429538 0.899479 0.080214
vn -0.940798 0.332634 -0.065218
vn 0.329615 0.942310 -0.058364
vn -0.898362 -0.434452 0.064783
vn -0.000353 0.020830 -0.999783
vn 0.000786 -0.023299 0.999728
vn -0.000176 -0.021264 0.999774
vn 0.940805 -0.331015 -0.072899
vn 0.429608 -0.901040 0.059704
vn 0.898358 0.432896 0.074525
vn 0.000305 -0.022282 0.999752
vn 0.000305 -0.022282 0.999752
vn 0.006732 -0.019220 0.999793
vn -0.329083 0.940867 0.080460
vn 0.008899 -0.018737 0.999785
vn 0.008899 -0.018737 0.999785
vn -0.971936 -0.235119 0.007679
vn -0.898110 0.435130 -0.063720
vn -0.001990 0.017086 -0.999852
vn 0.011388 0.014698 -0.999827
vn 0.526915 0.848002 -0.057035
vn 0.011252 0.014560 -0.999831
vn 0.703700 0.708102 -0.058288
vn 0.011116 0.014422 -0.999834
vn -0.703646 -0.706138 -0.079058
vn 0.011252 0.014560 -0.999831
vn -0.000792 0.016323 -0.999866
vn -0.001391 0.016705 -0.999860
vn -0.001391 0.016705 -0.999860
vn -0.526976 -0.846061 -0.080478
vn 0.015095 -0.018642 0.999712
vn -0.526075 0.846522 0.081525
vn 0.014062 -0.016959 0.999757
vn 0.014578 -0.017801 0.999735
vn 0.014578 -0.017801 0.999735
vn 0.526200 -0.848413 0.057523
vn -0.014791 0.014992 -0.999778
vn -0.223184 -0.971302 -0.082228
vn -0.843874 -0.532904 0.062366
vn -0.972041 0.225629 -0.065026
vn -0.014174 0.017689 -0.999743
vn -0.014482 0.016341 -0.999762
vn 0.971986 -0.223663 -0.072240
vn 0.843930 0.531006 0.076259
vn 0.223140 0.973211 -0.055398
vn -0.014482 0.016341 -0.999762
vn 0.843503 -0.531693 -0.076191
vn 0.972111 0.223164 0.072098
vn 0.222045 -0.973412 0.056268
vn 0.002896 -0.017890 0.999836
vn 0.617515 0.784591 -0.055607
vn -0.006833 0.008234 -0.999943
vn 0.701957 -0.707873 -0.078564
vn 0.997597 -0.001711 0.069268
vn -0.001776 -0.998462 0.055405
vn -0.011399 -0.014372 0.999832
vn -0.222074 0.971475 0.083184
vn -0.843513 0.533602 -0.061271
vn -0.000077 -0.018580 0.999827
vn -0.972113 -0.225023 0.066037
vn -0.006968 0.008061 -0.999943
vn 0.001409 -0.018235 0.999833
vn -0.007103 0.007888 -0.999944
vn 0.001409 -0.018235 0.999833
vn -0.617564 -0.782328 -0.081099
vn -0.701884 0.709866 -0.058729
vn -0.997643 -0.000234 0.068614
vn -0.006968 0.008061 -0.999943
vn 0.001755 0.996473 0.083892
vn -0.011407 -0.017695 0.999778
vn 0.012549 0.003018 -0.999917
vn -0.011403 -0.016034 0.999807
vn -0.011403 -0.016034 0.999807
vn 0.703139 0.708868 -0.055691
vn 0.012164 0.002626 -0.999923
vn 0.012356 0.002822 -0.999920
vn -0.703067 -0.706529 -0.080711
vn 0.012356 0.002822 -0.999920
vn -0.008818 0.007813 -0.999931
vn -0.776654 -0.629839 -0.010565
vn -0.011517 0.008124 -0.999901
vn -0.635244 -0.759825 0.138319
vn -0.635244 -0.759825 0.138319
vn -0.010167 0.007969 -0.999917
vn 0.720242 0.590993 -0.363290
vn -0.010167 0.007969 -0.999917
vn 0.720242 0.590993 -0.363290
vn 0.720242 0.590993 -0.363290
vn 0.006913 -0.008068 0.999944
vn 0.112410 -0.992245 0.053053
vn 0.991199 0.112250 0.070180
vn 0.007243 -0.010993 0.999913
vn 0.777895 -0.623436 -0.078782
vn -0.777925 0.625687 -0.057866
vn 0.997635 -0.002148 0.068698
vn -0.002295 -0.998647 0.051959
vn -0.112388 0.989970 0.085603
vn -0.991167 -0.114506 0.066910
vn 0.700872 -0.708767 -0.080175
vn 0.007078 -0.009530 0.999930
vn 0.007078 -0.009530 0.999930
vn -0.012455 -0.002912 0.999918
vn -0.997686 -0.000265 0.067990
vn -0.012464 -0.005523 0.999907
vn -0.700809 0.711136 -0.056148
vn 0.002258 0.996262 0.086360
vn -0.309026 -0.951048 -0.003216
vn 0.873416 -0.486970 0.002186
vn -0.012460 -0.004218 0.999914
vn 0.376392 -0.740497 -0.556770
vn -0.012460 -0.004218 0.999914
vn -0.001273 0.000008 -0.999999
vn -0.001251 -0.000008 -0.999999
vn -0.001255 -0.000009 -0.999999
vn 0.000000 0.000000 -1.000000
vn -0.417110 0.481436 -0.770869
vn -0.620430 0.144319 -0.770868
vn -0.586767 -0.247923 -0.770869
vn -0.328978 -0.545467 -0.770869
vn 0.054468 -0.634660 -0.770870
vn 0.417109 -0.481435 -0.770870
vn 0.620429 -0.144318 -0.770870
vn -0.054468 0.634661 -0.770869
vn 0.586766 0.247924 -0.770869
vn 0.328978 0.545467 -0.770869
vn -0.491203 0.857044 -0.155547
vn -0.550017 0.741432 -0.384397
vn -0.901150 0.404640 -0.155548
vn -0.880775 0.276539 -0.384397
vn -0.966887 -0.202321 -0.155550
vn -0.663308 -0.732003 -0.155546
vn -0.875109 -0.293981 -0.384396
vn -0.106367 -0.982086 -0.155544
vn -0.535181 -0.752211 -0.384395
vn 0.009169 -0.923123 -0.384396
vn 0.491204 -0.857044 -0.155546
vn 0.901150 -0.404640 -0.155545
vn 0.550016 -0.741431 -0.384398
vn 0.880775 -0.276539 -0.384397
vn 0.966888 0.202321 -0.155543
vn 0.535179 0.752212 -0.384397
vn -0.009169 0.923123 -0.384396
vn 0.106366 0.982085 -0.155547
vn 0.663307 0.732004 -0.155547
vn 0.875108 0.293982 -0.384396
vn 0.003383 -0.004659 0.999983
vn 0.005470 -0.001777 0.999983
vn 0.005475 0.001781 0.999983
vn 0.003390 0.004671 0.999983
vn -0.000001 0.005789 0.999983
vn -0.003411 0.004692 0.999983
vn -0.005525 0.001794 0.999983
vn -0.000003 -0.005771 0.999983
vn -0.000015 0.000005 1.000000
vn -0.005520 -0.001792 0.999983
vn -0.003405 -0.004682 0.999983
vn 0.000000 0.000000 1.000000
vn 0.000000 0.000000 1.000000
vn 0.000000 0.000000 1.000000
vn 0.000000 0.000000 1.000000
vn 0.000000 0.000000 1.000000
vn 0.000000 0.000000 1.000000
vn 0.000000 0.000000 1.000000
vn 0.000000 0.000000 1.000000
vn 0.000000 0.000000 1.000000
vn 0.000000 0.000000 1.000000
vn 0.000000 0.000000 1.000000
vn 0.000000 0.000000 1.000000
vn 0.000000 0.000000 1.000000
vn 0.000000 0.000000 1.000000
vn 0.000000 0.000000 1.000000
vn 0.000000 0.000000 1.000000
vn 0.000000 0.000000 1.000000
vn -0.001782 -0.000738 -0.999998
vn -0.001364 -0.001365 -0.999998
vn -0.000739 -0.001784 -0.999998
vn 0.000000 -0.001932 -0.999998
vn 0.000740 -0.001786 -0.999998
vn 0.001368 -0.001367 -0.999998
vn 0.001787 -0.000740 -0.999998
vn 0.001934 0.000000 -0.999998
vn 0.001786 0.000740 -0.999998
vn 0.001367 0.001366 -0.999998
vn 0.000739 0.001784 -0.999998
vn 0.000000 0.001930 -0.999998
vn -0.000738 0.001782 -0.999998
vn -0.001363 0.001364 -0.999998
vn -0.001928 0.000000 -0.999998
vn 0.000002 -0.000001 -1.000000
vn -0.001781 0.000738 -0.999998
vn 0.000000 0.000000 -1.000000
vn 0.417110 0.481436 -0.770869
vn 0.620430 0.144318 -0.770869
vn 0.586766 -0.247923 -0.770869
vn 0.328978 -0.545467 -0.770869
vn -0.054467 -0.634660 -0.770870
vn -0.417109 -0.481434 -0.770870
vn -0.620429 -0.144317 -0.770870
vn 0.054468 0.634661 -0.770869
vn -0.586767 0.247923 -0.770869
vn -0.328979 0.545467 -0.770869
vn 0.491203 0.857044 -0.155547
vn 0.550016 0.741432 -0.384397
vn 0.901149 0.404641 -0.155548
vn 0.880775 0.276540 -0.384397
vn 0.966887 -0.202321 -0.155548
vn 0.663307 -0.732003 -0.155548
vn 0.875108 -0.293981 -0.384398
vn 0.535180 -0.752211 -0.384396
vn 0.106367 -0.982086 -0.155544
vn -0.491203 -0.857044 -0.155546
vn -0.009168 -0.923123 -0.384396
vn -0.901150 -0.404640 -0.155546
vn -0.550016 -0.741431 -0.384399
vn -0.880775 -0.276538 -0.384398
vn -0.966888 0.202321 -0.155546
vn -0.663307 0.732004 -0.155547
vn -0.535179 0.752212 -0.384397
vn -0.875108 0.293982 -0.384397
vn 0.009169 0.923123 -0.384396
vn -0.106366 0.982085 -0.155547
vn -0.003383 -0.004659 0.999983
vn -0.005470 -0.001777 0.999983
vn -0.005475 0.001781 0.999983
vn -0.003390 0.004671 0.999983
vn 0.000001 0.005789 0.999983
vn 0.003411 0.004692 0.999983
vn 0.005525 0.001794 0.999983
vn 0.000015 0.000005 1.000000
vn 0.005520 -0.001792 0.999983
vn 0.003405 -0.004682 0.999983
vn 0.000003 -0.005771 0.999983
vn 0.000000 0.000000 1.000000
vn 0.000000 0.000000 1.000000
vn 0.000000 0.000000 1.000000
vn 0.000000 0.000000 1.000000
vn 0.000000 0.000000 1.000000
vn 0.000000 0.000000 1.000000
vn 0.000000 0.000000 1.000000
vn 0.000000 0.000000 1.000000
vn 0.000000 0.000000 1.000000
vn 0.000000 0.000000 1.000000
vn 0.000000 0.000000 1.000000
vn 0.000000 0.000000 1.000000
vn 0.000000 0.000000 1.000000
vn 0.000000 0.000000 1.000000
vn 0.000000 0.000000 1.000000
vn 0.000000 0.000000 1.000000
vn 0.000000 0.000000 1.000000
vn 0.001782 -0.000738 -0.999998
vn 0.001364 -0.001365 -0.999998
vn 0.000739 -0.001784 -0.999998
vn 0.000000 -0.001932 -0.999998
vn -0.000740 -0.001786 -0.999998
vn -0.001368 -0.001367 -0.999998
vn -0.001787 -0.000740 -0.999998
vn -0.001934 0.000000 -0.999998
vn -0.001786 0.000740 -0.999998
vn -0.001367 0.001366 -0.999998
vn -0.000739 0.001784 -0.999998
vn 0.000000 0.001930 -0.999998
vn 0.000738 0.001782 -0.999998
vn 0.001363 0.001364 -0.999998
vn 0.001928 0.000000 -0.999998
vn -0.000002 -0.000001 -1.000000
vn 0.001781 0.000738 -0.999998
vn 0.991413 -0.130770 0.000170
vn 0.190239 0.243618 0.951031
vn -0.940501 0.110192 -0.321427
vn 0.017119 0.999398 -0.030181
vn -0.998826 -0.048152 0.005209
vn 0.030917 0.999284 -0.021797
vn 0.030917 0.999284 -0.021797
vn 0.030917 0.999284 -0.021797
vn 0.985016 -0.087984 0.148331
vn 0.741421 -0.105056 -0.662765
vn -0.031039 0.999286 -0.021539
vn -0.012406 -0.087221 -0.996112
vn 0.288272 -0.176983 -0.941051
vn -0.000996 -0.170435 -0.985368
vn -0.002679 -0.170418 -0.985368
vn -0.012406 -0.087221 -0.996112
vn -0.012406 -0.087221 -0.996112
vn 0.006734 -0.086750 -0.996207
vn 0.006734 -0.086750 -0.996207
vn 0.006734 -0.086750 -0.996207
vn -0.185048 0.385376 0.904015
vn 0.994126 -0.107869 0.008855
vn -0.090771 0.318290 0.943638
vn 0.992845 -0.119329 0.004513
vn 0.939500 0.108928 -0.324769
vn 0.992845 -0.119329 0.004513
vn 0.945760 0.009231 -0.324736
vn 0.982120 0.086138 -0.167395
vn -0.107148 0.994039 -0.020126
vn -0.049000 0.998468 -0.025697
vn -0.006030 0.224787 0.974389
vn 0.092562 0.235365 0.967489
vn 0.092562 0.235365 0.967489
vn 0.948370 -0.193321 0.251437
vn -0.951956 -0.103824 0.288099
vn -0.951956 -0.103824 0.288099
vn -0.951956 -0.103824 0.288099
vn 0.977218 -0.154061 0.145983
vn -0.938713 0.054459 -0.340371
vn 0.986721 -0.133598 0.092377
vn -0.861906 0.132304 -0.489504
vn -0.939707 0.073932 -0.333894
vn -0.077727 0.996538 -0.029501
vn 0.971658 -0.187041 0.144557
vn -0.077727 0.996538 -0.029501
vn -0.077727 0.996538 -0.029501
vn -0.996296 -0.081878 0.026289
vn -0.996296 -0.081878 0.026289
vn 0.107011 0.993943 -0.025022
vn 0.107011 0.993943 -0.025022
vn 0.107011 0.993943 -0.025022
vn -0.058669 0.997942 -0.025862
vn -0.020667 0.999414 -0.027291
vn -0.021474 0.999428 -0.026130
vn -0.201936 0.167733 0.964929
vn -0.099146 0.208368 0.973012
vn -0.994247 -0.105365 0.019265
vn -0.128521 0.268918 0.954550
vn -0.994247 -0.105365 0.019265
vn -0.996296 -0.081878 0.026289
vn 0.024826 0.999174 -0.032160
vn 0.024826 0.999174 -0.032160
vn 0.024826 0.999174 -0.032160
vn -0.009048 -0.170718 -0.985278
vn -0.009048 -0.170718 -0.985278
vn -0.007925 -0.170412 -0.985341
vn -0.849035 -0.420444 0.319949
vn -0.707646 -0.527839 0.469706
vn -0.966585 0.253618 -0.037298
vn -0.922013 0.360354 -0.141552
vn 0.965993 0.247814 -0.073801
vn 0.915794 0.359262 -0.179589
vn -0.399455 0.248294 -0.882488
vn 0.668894 0.457958 -0.585539
vn 0.786525 0.371081 -0.493637
vn -0.382018 -0.267779 0.884509
vn -0.633846 0.771102 0.060339
vn -0.008678 0.655995 0.754716
vn 0.132338 0.981977 0.134940
vn -0.477819 -0.559336 0.677372
vn -0.387018 -0.595084 0.704338
vn -0.079700 0.283413 -0.955680
vn -0.048926 -0.276198 0.959855
vn 0.713671 -0.700085 0.023553
vn -0.008992 0.655989 0.754717
vn -0.008835 0.655992 0.754716
vn -0.008835 0.655992 0.754716
vn 0.168713 0.977757 0.124611
vn -0.999848 -0.017440 -0.000003
vn -0.999848 -0.017458 -0.000003
vn -0.999848 -0.017458 -0.000003
vn 0.726483 -0.522592 0.446228
vn 0.552503 -0.622206 0.554616
vn 0.028728 -0.685428 0.727573
vn 0.999137 -0.024419 0.033614
vn -0.417826 0.663143 -0.621017
vn -0.405984 0.608379 -0.681947
vn -0.858592 0.292505 -0.421023
vn 0.039535 -0.985648 -0.164120
vn -0.140548 0.705432 -0.694703
vn -0.282169 0.691597 -0.664887
vn 0.115531 -0.984635 -0.130948
vn 0.028783 -0.685502 0.727502
vn -0.114841 -0.988295 -0.100422
vn -0.282169 0.691597 -0.664887
vn -0.005893 -0.986302 -0.164843
vn -0.083083 -0.987634 -0.132953
vn 0.028755 -0.685465 0.727538
vn 0.028755 -0.685465 0.727538
vn -0.987077 -0.113657 0.112964
vn 0.754681 0.213722 -0.620306
vn 0.989018 0.076038 -0.126736
vn -0.830798 -0.182439 0.525824
vn -0.013140 0.950224 -0.311290
vn 0.495486 0.266803 -0.826626
vn 0.751528 -0.156231 0.640935
vn -0.136776 -0.000990 0.990602
vn -0.079186 -0.988838 0.126208
vn -0.958005 0.046933 -0.282884
vn -0.962992 -0.108101 0.246901
vn 0.175382 -0.984243 -0.022509
vn 0.136776 0.000990 -0.990602
vn -0.834028 0.127683 -0.536745
vn 0.986882 -0.008773 0.161202
vn 0.142337 -0.985301 0.094462
vn 0.038417 -0.987159 0.155054
vn -0.004450 -0.987809 0.155607
vn 0.111847 -0.985899 0.124469
vn 0.146102 -0.984361 -0.098430
vn 0.174161 -0.984493 0.020987
vn 0.515876 -0.217662 0.828550
vn -0.008745 0.656018 0.754695
vn -0.008660 0.655932 0.754771
vn -0.008685 0.655962 0.754744
vn 0.237161 -0.970979 0.030900
vn -0.430731 0.846161 0.313818
vn 0.213304 -0.976677 0.024580
vn 0.961409 -0.238863 0.136518
vn -0.995978 -0.030630 -0.084203
vn -0.751748 -0.492129 0.438958
vn 0.971261 0.235361 -0.035456
vn 0.489749 -0.871306 0.031176
vn 0.988515 0.099209 0.113995
vn -0.971331 0.237699 0.004011
vn -0.840284 -0.415675 0.348047
vn 0.318731 -0.635413 0.703322
vn 0.419811 -0.592996 0.687106
vn 0.856052 -0.259350 0.447115
vn 0.631267 -0.476067 0.612260
vn 0.186712 0.702062 -0.687203
vn 0.112989 0.707624 -0.697497
vn -0.982718 0.100214 0.155638
vn 0.920946 -0.321286 0.220532
vn -0.118125 0.687612 -0.716405
vn 0.909944 0.224214 -0.348897
vn 0.987815 0.035371 -0.151557
vn -0.665671 -0.427412 0.611720
vn -0.728105 -0.376650 0.572711
vn -0.136693 -0.005615 -0.990598
vn -0.603743 -0.004371 -0.797167
vn -0.136774 -0.000990 -0.990602
vn 0.719983 0.485617 0.495784
vn -0.797163 -0.005772 -0.603737
vn 0.002671 -0.193153 0.981165
vn -0.011481 0.830307 -0.557189
vn 0.786469 0.432751 0.440673
vn -0.999848 -0.017455 0.000000
vn -0.999848 -0.017452 0.000000
vn -0.999848 -0.017452 0.000001
vn 0.661652 0.497167 0.561286
vn -0.999848 -0.017454 0.000002
vn -0.999848 -0.017445 -0.000001
vn -0.815607 0.351085 0.459918
vn -0.144050 -0.989336 0.021560
vn -0.796563 -0.032714 0.603670
vn -0.145349 -0.989109 -0.023171
vn -0.499603 -0.866253 -0.001585
vn -0.110977 -0.989154 0.096222
vn -0.556384 -0.830669 -0.020626
vn 0.397301 0.909188 0.124617
vn -0.773524 -0.632823 -0.034566
vn 0.983030 -0.180092 0.034906
vn 0.990578 0.007172 0.136766
vn -0.603318 -0.024777 0.797116
vn 0.676413 0.730342 0.095216
vn 0.975772 0.209793 0.062102
vn 0.136697 0.005615 0.990597
vn -0.946601 -0.317348 -0.056887
vn -0.708021 0.583124 0.398339
vn -0.990577 -0.007172 -0.136769
vn -0.800600 0.599113 0.010149
vn -0.136695 -0.005613 0.990597
vn 0.011564 -0.662517 -0.748957
vn 0.011563 -0.662517 -0.748958
vn 0.011451 -0.656105 -0.754582
vn -0.683629 0.421265 0.595976
vn 0.013139 -0.950223 0.311295
vn 0.796560 0.032715 0.603673
vn 0.136775 0.000990 0.990602
vn 0.011481 -0.830303 0.557194
vn 0.989773 0.040650 0.136738
vn 0.797165 0.005772 0.603734
vn 0.006247 -0.451758 0.892119
vn 0.603744 0.004371 0.797166
vn 0.603316 0.024778 0.797117
vn 0.019221 -0.646271 -0.762866
vn 0.016669 -0.651724 -0.758273
vn -0.651247 0.460707 0.603015
vn 0.027216 -0.649350 -0.760002
vn 0.004304 -0.311314 -0.950297
vn -0.007704 0.557115 0.830400
vn 0.989773 0.040649 -0.136738
vn -0.004305 0.311284 0.950307
vn 0.796562 0.032714 -0.603671
vn -0.989773 -0.040650 -0.136737
vn -0.013567 0.981058 0.193238
vn 0.007704 -0.557170 -0.830363
vn -0.002671 0.193153 -0.981165
vn -0.006247 0.451762 -0.892117
vn -0.012336 0.892002 0.451864
vn 0.012333 -0.892032 -0.451804
vn 0.013565 -0.981064 -0.193206
vn -0.989773 -0.040649 0.136735
vn 0.136700 0.005613 -0.990597
vn -0.674088 0.449097 0.586444
vn -0.152362 0.662262 0.733618
vn -0.990578 -0.007172 0.136764
vn -0.603317 -0.024779 -0.797116
vn 0.990577 0.007172 -0.136769
vn 0.603742 0.004371 -0.797168
vn -0.796563 -0.032715 -0.603670
vn 0.603320 0.024777 -0.797114
vn 0.797162 0.005772 -0.603737
vn -0.603744 -0.004371 0.797166
vn -0.797166 -0.005772 0.603733
vn 0.659044 0.521802 0.541650
vn -1.000000 0.000000 0.000000
vn -0.983528 -0.121373 0.133943
vn -0.954431 -0.148397 0.258922
vn -0.954431 -0.272246 0.122246
vn -0.983528 -0.176922 0.037021
vn -0.954431 -0.292106 -0.061123
vn -0.983528 -0.164894 -0.074042
vn -0.983528 -0.089881 -0.156824
vn -0.954430 -0.200392 -0.221147
vn -0.954430 -0.032134 -0.296699
vn -0.983528 0.019464 -0.179705
vn -0.983528 0.121373 -0.133944
vn -0.954430 0.148398 -0.258922
vn -0.983528 0.176923 -0.037022
vn -0.954430 0.272247 -0.122247
vn -0.983528 0.089881 0.156823
vn -0.983528 0.164893 0.074042
vn -0.954431 0.032134 0.296698
vn -0.954431 0.292107 0.061123
vn -0.954431 0.200391 0.221146
vn -0.983528 -0.019463 0.179704
vn -0.000001 -0.671479 0.741023
vn 0.000000 -0.497254 0.867605
vn -0.000001 -0.912253 0.409627
vn -0.000001 -0.978801 0.204813
vn 0.000000 -0.978801 -0.204814
vn 0.000001 -0.912253 -0.409628
vn 0.000002 -0.497255 -0.867604
vn 0.000002 -0.671480 -0.741023
vn 0.000000 0.107678 -0.994186
vn 0.000001 -0.107677 -0.994186
vn 0.000000 0.671481 -0.741022
vn 0.000000 0.497256 -0.867604
vn 0.000000 0.912253 -0.409627
vn 0.000001 0.978801 -0.204813
vn 0.000002 1.000000 0.000000
vn 0.000001 1.000000 0.000001
vn 0.000001 0.809017 0.587785
vn 0.000001 0.809017 0.587786
vn 0.000000 0.671479 0.741023
vn 0.000000 0.107676 0.994186
vn 0.000000 -0.107676 0.994186
vn 0.000000 0.497254 0.867605
vn 0.954430 -0.200392 0.221147
vn 0.954431 -0.292106 0.061123
vn 0.954431 -0.272246 -0.122246
vn 0.954430 -0.148398 -0.258923
vn 0.954430 0.032135 -0.296699
vn 0.954430 0.200393 -0.221146
vn 0.954431 0.292106 -0.061123
vn 0.954431 0.272246 0.122246
vn 0.954431 0.148396 0.258922
vn 0.954430 -0.032135 0.296699
vn 0.983528 0.019463 0.179704
vn 0.983528 0.089882 -0.156823
vn 0.983528 -0.089881 0.156824
vn 0.983528 0.164894 -0.074041
vn 0.983528 -0.019464 -0.179704
vn 1.000000 0.000000 0.000001
vn 0.983528 0.176922 0.037021
vn 0.983528 -0.121374 -0.133943
vn 0.983528 0.121373 0.133943
vn 0.983528 -0.176922 -0.037021
vn 0.983528 -0.164894 0.074042
vn -0.849029 -0.420449 0.319956
vn -0.707645 -0.527840 0.469706
vn -0.966585 0.253620 -0.037299
vn 0.965993 0.247814 -0.073801
vn -0.922014 0.360353 -0.141551
vn 0.915794 0.359262 -0.179588
vn -0.399475 0.248290 -0.882480
vn 0.668885 0.457964 -0.585544
vn 0.786528 0.371079 -0.493634
vn -0.382009 -0.267779 0.884513
vn -0.633843 0.771105 0.060339
vn -0.008674 0.655993 0.754717
vn 0.132337 0.981977 0.134940
vn -0.387026 -0.595081 0.704337
vn -0.477829 -0.559332 0.677368
vn -0.079702 0.283412 -0.955680
vn -0.048918 -0.276198 0.959855
vn 0.713671 -0.700085 0.023554
vn -0.008996 0.655988 0.754718
vn -0.008835 0.655991 0.754717
vn -0.008835 0.655991 0.754717
vn 0.168712 0.977757 0.124611
vn -0.999848 -0.017453 0.000003
vn -0.999848 -0.017459 -0.000011
vn -0.999848 -0.017456 -0.000004
vn 0.552499 -0.622208 0.554619
vn 0.726480 -0.522594 0.446231
vn 0.028728 -0.685431 0.727570
vn 0.999137 -0.024420 0.033612
vn -0.417846 0.663138 -0.621010
vn -0.405983 0.608380 -0.681947
vn -0.858595 0.292501 -0.421019
vn 0.115528 -0.984635 -0.130947
vn 0.039535 -0.985648 -0.164118
vn -0.140541 0.705433 -0.694704
vn -0.282176 0.691596 -0.664885
vn -0.083081 -0.987634 -0.132952
vn -0.114841 -0.988295 -0.100421
vn -0.005891 -0.986303 -0.164840
vn -0.282176 0.691596 -0.664885
vn 0.028782 -0.685503 0.727500
vn 0.028755 -0.685467 0.727535
vn 0.028755 -0.685467 0.727535
vn -0.987077 -0.113653 0.112967
vn 0.989018 0.076037 -0.126734
vn -0.830797 -0.182439 0.525826
vn 0.495488 0.266801 -0.826625
vn 0.754680 0.213721 -0.620308
vn -0.013140 0.950223 -0.311293
vn 0.136782 0.000991 -0.990601
vn -0.958007 0.046932 -0.282879
vn 0.986881 -0.008775 0.161209
vn -0.136777 -0.000990 0.990601
vn 0.751521 -0.156233 0.640943
vn 0.142334 -0.985301 0.094461
vn -0.079185 -0.988838 0.126207
vn -0.004451 -0.987809 0.155605
vn -0.008748 0.656019 0.754694
vn -0.834036 0.127679 -0.536732
vn -0.962992 -0.108101 0.246904
vn 0.515886 -0.217660 0.828545
vn 0.038415 -0.987159 0.155052
vn 0.175381 -0.984243 -0.022509
vn 0.111843 -0.985900 0.124468
vn 0.174160 -0.984494 0.020986
vn 0.146100 -0.984361 -0.098430
vn -0.430730 0.846162 0.313817
vn -0.008687 0.655963 0.754743
vn -0.008663 0.655933 0.754770
vn 0.237157 -0.970980 0.030900
vn -0.751749 -0.492128 0.438956
vn 0.419817 -0.592994 0.687104
vn 0.961410 -0.238861 0.136517
vn -0.840283 -0.415676 0.348048
vn 0.988515 0.099208 0.113996
vn 0.318735 -0.635412 0.703321
vn 0.489748 -0.871306 0.031177
vn 0.213302 -0.976677 0.024580
vn -0.995978 -0.030635 -0.084197
vn -0.971329 0.237704 0.004006
vn 0.971261 0.235362 -0.035457
vn 0.856053 -0.259349 0.447114
vn 0.631268 -0.476067 0.612259
vn 0.112994 0.707624 -0.697496
vn 0.186716 0.702062 -0.687202
vn -0.118120 0.687613 -0.716405
vn 0.987817 0.035366 -0.151550
vn -0.665673 -0.427411 0.611719
vn -0.728111 -0.376645 0.572707
vn -0.982718 0.100218 0.155633
vn 0.920944 -0.321288 0.220535
vn 0.909948 0.224210 -0.348891
vn -0.136695 -0.005615 -0.990597
vn -0.603749 -0.004372 -0.797162
vn -0.797166 -0.005772 -0.603732
vn 0.719981 0.485616 0.495787
vn -0.136775 -0.000990 -0.990602
vn -0.999848 -0.017451 0.000002
vn 0.002671 -0.193149 0.981166
vn -0.011481 0.830302 -0.557195
vn 0.661652 0.497166 0.561287
vn -0.999848 -0.017453 -0.000002
vn -0.999848 -0.017447 0.000001
vn 0.786470 0.432751 0.440672
vn -0.999848 -0.017453 -0.000001
vn -0.999848 -0.017456 -0.000001
vn -0.815607 0.351085 0.459917
vn 0.397301 0.909188 0.124617
vn -0.144049 -0.989336 0.021560
vn -0.556386 -0.830668 -0.020626
vn -0.773524 -0.632823 -0.034566
vn -0.110976 -0.989154 0.096221
vn -0.145349 -0.989109 -0.023171
vn -0.499604 -0.866252 -0.001585
vn -0.796562 -0.032714 0.603671
vn -0.800600 0.599113 0.010149
vn -0.603316 -0.024777 0.797117
vn 0.676410 0.730345 0.095215
vn 0.136694 0.005615 0.990597
vn 0.975771 0.209796 0.062102
vn -0.946601 -0.317350 -0.056887
vn -0.990577 -0.007173 -0.136770
vn 0.983031 -0.180089 0.034907
vn 0.011564 -0.662516 -0.748958
vn -0.708022 0.583122 0.398338
vn -0.136694 -0.005613 0.990597
vn 0.990577 0.007172 0.136767
vn -0.683629 0.421265 0.595975
vn 0.011451 -0.656105 -0.754583
vn 0.011563 -0.662515 -0.748959
vn 0.136779 0.000990 0.990601
vn 0.603750 0.004372 0.797161
vn 0.013139 -0.950222 0.311296
vn 0.027216 -0.649351 -0.760002
vn 0.011482 -0.830303 0.557193
vn 0.796562 0.032715 0.603671
vn 0.603316 0.024779 0.797117
vn 0.006247 -0.451757 0.892119
vn 0.989773 0.040650 0.136736
vn 0.019221 -0.646272 -0.762865
vn 0.016669 -0.651724 -0.758273
vn 0.797167 0.005772 0.603731
vn -0.651248 0.460706 0.603014
vn 0.990577 0.007172 -0.136767
vn 0.796564 0.032714 -0.603669
vn -0.989773 -0.040650 -0.136738
vn 0.989773 0.040650 -0.136736
vn -0.002671 0.193149 -0.981166
vn 0.007703 -0.557170 -0.830363
vn -0.004305 0.311287 0.950306
vn 0.004304 -0.311314 -0.950297
vn -0.007704 0.557114 0.830400
vn -0.674088 0.449098 0.586444
vn -0.012336 0.892000 0.451866
vn 0.659045 0.521802 0.541648
vn -0.006247 0.451754 -0.892121
vn 0.603747 0.004372 -0.797164
vn 0.797165 0.005772 -0.603734
vn -0.013567 0.981058 0.193240
vn -0.152362 0.662262 0.733618
vn -0.603747 -0.004371 0.797164
vn -0.603316 -0.024779 -0.797117
vn 0.012333 -0.892032 -0.451804
vn 0.013565 -0.981064 -0.193206
vn -0.796562 -0.032715 -0.603671
vn -0.797169 -0.005772 0.603729
vn -0.989773 -0.040649 0.136735
vn 0.136697 0.005613 -0.990597
vn 0.603319 0.024777 -0.797115
vn -0.990578 -0.007173 0.136760
vn -1.000000 0.000000 0.000000
vn -0.983528 -0.121373 0.133943
vn -0.954431 -0.148397 0.258921
vn -0.954431 -0.272246 0.122246
vn -0.983528 -0.176922 0.037021
vn -0.954431 -0.292106 -0.061124
vn -0.983528 -0.164893 -0.074042
vn -0.983528 -0.089881 -0.156824
vn -0.954431 -0.200392 -0.221146
vn -0.954430 -0.032134 -0.296699
vn -0.983528 0.019463 -0.179704
vn -0.983528 0.121374 -0.133944
vn -0.954430 0.148399 -0.258923
vn -0.954430 0.272248 -0.122247
vn -0.983528 0.176923 -0.037021
vn -0.954431 0.032134 0.296697
vn -0.983528 0.089881 0.156823
vn -0.954431 0.292107 0.061123
vn -0.983528 0.164893 0.074042
vn -0.954431 0.200391 0.221146
vn -0.983528 -0.019463 0.179703
vn 0.000000 -0.497255 0.867604
vn 0.000000 -0.671480 0.741023
vn 0.000000 -0.912253 0.409627
vn 0.000000 -0.978801 0.204813
vn 0.000000 -0.912253 -0.409627
vn 0.000000 -0.978801 -0.204814
vn 0.000001 -0.671480 -0.741022
vn 0.000001 -0.497255 -0.867604
vn 0.000002 -0.107677 -0.994186
vn 0.000001 0.107677 -0.994186
vn 0.000000 0.671481 -0.741022
vn 0.000001 0.497256 -0.867604
vn 0.000000 0.978801 -0.204813
vn 0.000001 1.000000 0.000000
vn 0.000000 0.912253 -0.409626
vn 0.000001 1.000000 0.000000
vn 0.000001 0.809017 0.587785
vn 0.000000 0.809017 0.587786
vn 0.000000 0.671480 0.741023
vn -0.000001 0.107676 0.994186
vn -0.000001 0.497254 0.867605
vn -0.000001 -0.107677 0.994186
vn 0.954431 -0.200391 0.221145
vn 0.954431 -0.292106 0.061124
vn 0.954430 -0.272247 -0.122246
vn 0.954431 -0.148397 -0.258921
vn 0.954431 0.032134 -0.296697
vn 0.954431 0.200391 -0.221145
vn 0.954431 0.292106 -0.061122
vn 0.954430 0.272246 0.122248
vn 0.954431 -0.032135 0.296698
vn 0.954431 0.148397 0.258921
vn 0.983528 -0.176923 -0.037020
vn 0.983528 0.089881 -0.156823
vn 0.983528 -0.164894 0.074044
vn 0.983528 0.164893 -0.074042
vn 0.983528 -0.121373 -0.133943
vn 0.983528 -0.089882 0.156824
vn 0.983528 0.176922 0.037023
vn 0.983528 -0.019463 -0.179703
vn 0.983528 0.121373 0.133945
vn 0.983528 0.019463 0.179704
vn 1.000000 0.000000 0.000001
vn 0.849039 -0.420439 0.319944
vn 0.707653 -0.527835 0.469700
vn 0.966583 0.253625 -0.037304
vn -0.965991 0.247820 -0.073806
vn 0.922013 0.360355 -0.141553
vn -0.915793 0.359264 -0.179591
vn 0.399468 0.248292 -0.882483
vn -0.668889 0.457961 -0.585542
vn -0.786529 0.371078 -0.493633
vn 0.382015 -0.267779 0.884511
vn 0.633843 0.771105 0.060339
vn 0.008674 0.655993 0.754717
vn -0.132337 0.981977 0.134940
vn 0.387021 -0.595083 0.704338
vn 0.477823 -0.559334 0.677370
vn 0.079699 0.283412 -0.955681
vn 0.048917 -0.276198 0.959855
vn -0.713673 -0.700083 0.023554
vn 0.008996 0.655988 0.754718
vn 0.008835 0.655990 0.754718
vn -0.168712 0.977757 0.124611
vn 0.008835 0.655990 0.754718
vn 0.999848 -0.017443 -0.000008
vn 0.999848 -0.017453 0.000002
vn 0.999848 -0.017454 0.000000
vn -0.726482 -0.522593 0.446229
vn -0.552505 -0.622206 0.554615
vn -0.028728 -0.685431 0.727570
vn -0.999137 -0.024421 0.033613
vn 0.417846 0.663138 -0.621010
vn 0.858597 0.292499 -0.421017
vn 0.405987 0.608379 -0.681946
vn -0.039535 -0.985648 -0.164118
vn 0.140540 0.705433 -0.694704
vn -0.115528 -0.984635 -0.130947
vn 0.083081 -0.987634 -0.132952
vn -0.028755 -0.685467 0.727535
vn 0.114842 -0.988295 -0.100422
vn 0.282175 0.691596 -0.664885
vn 0.282175 0.691596 -0.664885
vn 0.005891 -0.986303 -0.164840
vn -0.028782 -0.685503 0.727500
vn -0.028755 -0.685467 0.727535
vn 0.987077 -0.113654 0.112968
vn -0.754682 0.213721 -0.620305
vn 0.013140 0.950223 -0.311293
vn 0.830802 -0.182438 0.525818
vn -0.989018 0.076038 -0.126736
vn -0.495491 0.266801 -0.826623
vn -0.136781 0.000990 -0.990601
vn 0.008748 0.656019 0.754694
vn 0.136777 -0.000990 0.990601
vn -0.515885 -0.217660 0.828545
vn 0.962993 -0.108100 0.246897
vn -0.751526 -0.156231 0.640938
vn 0.834035 0.127680 -0.536734
vn 0.079185 -0.988838 0.126208
vn -0.174161 -0.984494 0.020986
vn 0.004451 -0.987809 0.155605
vn -0.111844 -0.985900 0.124468
vn -0.146100 -0.984361 -0.098430
vn -0.038415 -0.987159 0.155052
vn -0.175382 -0.984243 -0.022509
vn -0.986882 -0.008774 0.161205
vn 0.008663 0.655933 0.754769
vn -0.142335 -0.985301 0.094461
vn 0.958005 0.046933 -0.282883
vn 0.008687 0.655963 0.754743
vn -0.237159 -0.970979 0.030900
vn -0.489746 -0.871307 0.031175
vn 0.430731 0.846162 0.313817
vn -0.971261 0.235362 -0.035457
vn 0.971329 0.237704 0.004006
vn 0.840285 -0.415674 0.348046
vn 0.751754 -0.492125 0.438952
vn -0.318731 -0.635413 0.703322
vn -0.213303 -0.976677 0.024580
vn -0.961410 -0.238860 0.136514
vn 0.995978 -0.030634 -0.084199
vn -0.856052 -0.259351 0.447116
vn -0.988515 0.099208 0.113996
vn -0.112992 0.707624 -0.697496
vn -0.631267 -0.476067 0.612260
vn -0.419812 -0.592995 0.687106
vn 0.118123 0.687613 -0.716405
vn -0.909948 0.224209 -0.348891
vn 0.665671 -0.427412 0.611720
vn -0.987816 0.035367 -0.151552
vn 0.728108 -0.376647 0.572709
vn 0.982718 0.100216 0.155635
vn -0.920945 -0.321287 0.220532
vn -0.186716 0.702061 -0.687202
vn 0.136779 -0.000990 -0.990601
vn 0.603750 -0.004371 -0.797162
vn 0.797165 -0.005772 -0.603734
vn 0.136694 -0.005615 -0.990597
vn -0.661652 0.497166 0.561287
vn -0.719982 0.485616 0.495785
vn 0.999848 -0.017455 -0.000001
vn 0.999848 -0.017451 -0.000004
vn 0.999848 -0.017452 -0.000002
vn -0.786470 0.432750 0.440672
vn -0.002671 -0.193149 0.981166
vn 0.999848 -0.017455 -0.000002
vn 0.999848 -0.017453 -0.000002
vn 0.011481 0.830302 -0.557195
vn 0.815607 0.351085 0.459918
vn 0.499602 -0.866253 -0.001585
vn 0.556384 -0.830669 -0.020626
vn 0.773525 -0.632822 -0.034566
vn 0.145350 -0.989109 -0.023171
vn 0.110977 -0.989154 0.096222
vn 0.144050 -0.989336 0.021560
vn 0.796563 -0.032714 0.603670
vn -0.397303 0.909187 0.124617
vn -0.676412 0.730343 0.095216
vn -0.011564 -0.662516 -0.748959
vn -0.975771 0.209797 0.062103
vn -0.136695 0.005615 0.990597
vn -0.011563 -0.662515 -0.748959
vn -0.990578 0.007171 0.136765
vn 0.990577 -0.007172 -0.136772
vn 0.603317 -0.024777 0.797117
vn 0.800600 0.599114 0.010150
vn -0.983031 -0.180086 0.034908
vn 0.946602 -0.317346 -0.056886
vn 0.708021 0.583124 0.398338
vn 0.136695 -0.005613 0.990597
vn 0.651247 0.460707 0.603015
vn -0.011451 -0.656105 -0.754583
vn 0.683628 0.421266 0.595976
vn -0.013139 -0.950223 0.311295
vn -0.136775 0.000990 0.990602
vn -0.989773 0.040650 0.136736
vn -0.796562 0.032715 0.603671
vn -0.603316 0.024779 0.797117
vn -0.011481 -0.830303 0.557193
vn -0.006247 -0.451757 0.892119
vn -0.027216 -0.649351 -0.760002
vn -0.603748 0.004371 0.797163
vn -0.797166 0.005771 0.603733
vn -0.019221 -0.646272 -0.762865
vn -0.016669 -0.651724 -0.758273
vn 0.990578 -0.007172 0.136762
vn -0.603747 0.004371 -0.797164
vn -0.990577 0.007171 -0.136769
vn -0.989773 0.040649 -0.136737
vn -0.796563 0.032714 -0.603670
vn -0.007704 -0.557170 -0.830363
vn 0.674088 0.449098 0.586445
vn 0.007704 0.557114 0.830400
vn -0.797165 0.005771 -0.603734
vn 0.797166 -0.005772 0.603732
vn -0.659045 0.521801 0.541649
vn 0.002671 0.193149 -0.981166
vn -0.004304 -0.311314 -0.950297
vn 0.603316 -0.024779 -0.797117
vn 0.004305 0.311287 0.950306
vn 0.006247 0.451754 -0.892121
vn 0.152361 0.662262 0.733618
vn -0.136696 0.005613 -0.990597
vn -0.603317 0.024777 -0.797116
vn 0.013567 0.981058 0.193240
vn -0.012333 -0.892032 -0.451804
vn 0.796562 -0.032715 -0.603671
vn 0.012336 0.892000 0.451866
vn -0.013565 -0.981064 -0.193206
vn 0.989773 -0.040649 0.136735
vn 0.989773 -0.040650 -0.136738
vn 0.603746 -0.004371 0.797164
vn 1.000000 0.000000 0.000000
vn 0.983528 -0.121373 0.133943
vn 0.954430 -0.148398 0.258922
vn 0.954431 -0.272247 0.122246
vn 0.983528 -0.176923 0.037021
vn 0.983528 -0.164894 -0.074042
vn 0.954430 -0.292107 -0.061124
vn 0.983528 -0.089881 -0.156824
vn 0.954430 -0.200392 -0.221146
vn 0.983528 0.019463 -0.179704
vn 0.954430 -0.032134 -0.296699
vn 0.954430 0.148399 -0.258923
vn 0.983528 0.121374 -0.133944
vn 0.983528 0.176923 -0.037021
vn 0.954430 0.272248 -0.122247
vn 0.954431 0.032134 0.296698
vn 0.983528 0.089881 0.156824
vn 0.983528 0.164894 0.074042
vn 0.954431 0.292107 0.061123
vn 0.954431 0.200392 0.221146
vn 0.983528 -0.019463 0.179704
vn 0.000000 -0.497255 0.867604
vn 0.000000 -0.671480 0.741023
vn 0.000000 -0.912253 0.409627
vn 0.000000 -0.978801 0.204813
vn 0.000000 -0.978801 -0.204814
vn 0.000000 -0.912253 -0.409627
vn -0.000001 -0.671480 -0.741022
vn -0.000001 -0.497255 -0.867604
vn -0.000002 -0.107677 -0.994186
vn -0.000001 0.107677 -0.994186
vn -0.000001 0.497256 -0.867604
vn 0.000000 0.671481 -0.741022
vn 0.000000 0.912253 -0.409626
vn -0.000001 1.000000 0.000000
vn 0.000000 0.978801 -0.204813
vn -0.000001 1.000000 0.000000
vn -0.000001 0.809017 0.587785
vn 0.000001 -0.107677 0.994186
vn 0.000000 0.671480 0.741023
vn 0.000000 0.809017 0.587786
vn 0.000001 0.497254 0.867605
vn 0.000001 0.107676 0.994186
vn -0.950513 -0.096008 0.295480
vn -0.954431 -0.200391 0.221145
vn -0.954431 -0.292106 0.061124
vn -0.954431 -0.272247 -0.122246
vn -0.954430 -0.148398 -0.258922
vn -0.954431 0.032134 -0.296698
vn -0.954431 0.200392 -0.221146
vn -0.954431 0.292107 -0.061123
vn -0.950513 0.096007 0.295480
vn -0.954430 0.272246 0.122248
vn -0.954431 0.148397 0.258921
vn -0.983528 0.089881 -0.156823
vn -0.983528 -0.176923 -0.037020
vn -0.983528 -0.089882 0.156824
vn -0.983528 -0.121373 -0.133943
vn -0.983528 0.176923 0.037023
vn -0.983528 -0.019463 -0.179704
vn -0.983528 0.019463 0.179704
vn -0.983528 0.121373 0.133945
vn -0.983528 -0.164894 0.074044
vn -0.983528 0.164894 -0.074042
vn -1.000000 0.000000 0.000001
vn -0.323638 0.826325 0.460917
vn -0.424873 0.562336 -0.709409
vn -0.860266 0.423952 -0.283209
vn -0.972948 0.211005 -0.094070
vn -0.979799 0.192329 -0.054810
vn -0.222218 0.597393 -0.770546
vn -0.540598 0.611277 -0.578009
vn -0.156650 0.717824 -0.678373
vn -0.942556 0.290211 -0.165428
vn -0.516301 0.641116 -0.567806
vn -0.827174 0.444022 -0.344424
vn -0.172567 0.730018 -0.661282
vn -0.496193 0.649885 -0.575710
vn -0.809320 0.454036 -0.372630
vn -0.926811 0.310160 -0.211714
vn -0.965337 0.242417 -0.096735
vn -0.735493 0.520686 -0.433516
vn -0.365783 0.704556 -0.608114
vn -0.118852 0.748178 -0.652766
vn -0.114647 0.765778 -0.632804
vn -0.328704 0.740466 -0.586229
vn -0.587874 0.652516 -0.478149
vn -0.895956 0.379488 -0.230762
vn -0.124006 0.827094 -0.548214
vn -0.699621 0.613142 -0.366862
vn -0.364393 0.752822 -0.548157
vn -0.204832 0.894264 -0.397915
vn -0.591949 0.738535 -0.322744
vn -0.755019 0.626781 -0.192594
vn -0.119806 0.899323 0.420554
vn -0.328625 0.890716 0.314055
vn -0.632508 0.728765 0.262363
vn -0.758472 0.614644 0.216639
vn -0.828901 0.550278 0.100583
vn -0.685387 0.693949 0.220634
vn -0.373912 0.874348 0.309364
vn -0.152437 0.921185 0.358023
vn -0.148772 0.931018 0.333276
vn -0.312223 0.896843 0.313351
vn -0.174186 0.931256 0.320034
vn -0.582736 0.781810 0.221793
vn -0.392480 0.872890 0.289868
vn -0.219505 0.948258 0.229399
vn -0.494328 0.844069 0.207818
vn -0.873944 0.485042 0.030919
vn -0.811375 0.577644 0.089429
vn -0.755799 0.638485 0.145274
vn -0.919281 0.393217 0.017382
vn -0.921166 0.385848 0.050739
vn -0.807844 0.584774 0.073670
vn -0.273977 0.954320 0.119209
vn -0.574243 0.812379 0.101413
vn -0.947951 0.306488 -0.086332
vn -0.870927 0.462234 -0.166810
vn -0.894256 0.438811 -0.088044
vn -0.347187 0.918344 -0.190014
vn -0.570295 0.821415 -0.006417
vn -0.687770 0.701128 -0.188127
vn -0.663804 0.734685 -0.140005
vn -0.847999 0.529970 -0.005475
vn -0.385857 0.888487 -0.248406
vn -0.867741 0.491245 -0.075522
vn -0.283749 0.958859 0.008729
vn 0.000847 0.805712 0.592307
vn 0.335998 0.809513 0.481450
vn 0.000000 0.889403 0.457123
vn 0.000000 0.936560 0.350508
vn 0.000000 0.941085 0.338170
vn 0.000000 0.948049 0.318123
vn 0.000000 0.977546 0.210721
vn 0.000000 0.993138 0.116945
vn 0.000000 0.998590 -0.053088
vn 0.000000 0.966998 -0.254785
vn 0.000000 0.954123 -0.299416
vn 0.000000 0.893922 -0.448222
vn 0.000000 0.810802 -0.585321
vn 0.000000 0.762455 -0.647041
vn 0.000000 0.749105 -0.662451
vn 0.000000 0.735106 -0.677953
vn 0.000000 0.728059 -0.685514
vn 0.002010 0.647913 -0.761712
vn 0.409204 0.535600 -0.738705
vn 0.851427 0.450870 -0.267934
vn 0.973231 -0.229775 0.005003
vn 0.999443 -0.024971 -0.022138
vn 0.222712 0.577186 -0.785656
vn 0.156650 0.717824 -0.678373
vn 0.510222 0.624199 -0.591649
vn 0.968224 0.208071 -0.138737
vn 0.516301 0.641116 -0.567806
vn 0.788042 0.507295 -0.348771
vn 0.172567 0.730018 -0.661282
vn 0.809320 0.454035 -0.372630
vn 0.496193 0.649885 -0.575710
vn 0.926811 0.310160 -0.211714
vn 0.965337 0.242417 -0.096735
vn 0.735493 0.520686 -0.433516
vn 0.365783 0.704556 -0.608114
vn 0.118852 0.748178 -0.652766
vn 0.114647 0.765778 -0.632804
vn 0.328704 0.740466 -0.586229
vn 0.587874 0.652516 -0.478149
vn 0.895956 0.379488 -0.230762
vn 0.124006 0.827094 -0.548214
vn 0.364393 0.752822 -0.548157
vn 0.699621 0.613142 -0.366862
vn 0.591949 0.738535 -0.322744
vn 0.204832 0.894264 -0.397915
vn 0.755019 0.626781 -0.192594
vn 0.121091 0.898319 0.422326
vn 0.328157 0.889013 0.319325
vn 0.653080 0.702060 0.283899
vn 0.808269 0.529387 0.257780
vn 0.855859 0.504119 0.115628
vn 0.685387 0.693949 0.220634
vn 0.152437 0.921185 0.358023
vn 0.373912 0.874348 0.309364
vn 0.312223 0.896843 0.313351
vn 0.148772 0.931018 0.333276
vn 0.174186 0.931256 0.320034
vn 0.392480 0.872890 0.289868
vn 0.582736 0.781810 0.221793
vn 0.219505 0.948258 0.229399
vn 0.494328 0.844069 0.207818
vn 0.755799 0.638485 0.145274
vn 0.925676 0.374752 0.051820
vn 0.811375 0.577644 0.089429
vn 0.939421 0.342043 0.022239
vn 0.921166 0.385848 0.050739
vn 0.807844 0.584774 0.073670
vn 0.273977 0.954320 0.119209
vn 0.870927 0.462234 -0.166810
vn 0.947951 0.306488 -0.086332
vn 0.574243 0.812379 0.101413
vn 0.894256 0.438811 -0.088044
vn 0.385857 0.888487 -0.248406
vn 0.687770 0.701128 -0.188127
vn 0.026860 0.500093 -0.865555
vn 0.663805 0.734685 -0.140005
vn 0.847999 0.529970 -0.005475
vn 0.347187 0.918344 -0.190014
vn 0.283749 0.958859 0.008729
vn 0.867741 0.491245 -0.075522
vn 0.570295 0.821415 -0.006417
vn -0.026799 0.500236 -0.865474
vn 0.019233 0.501316 -0.865051
vn 0.012822 0.503386 -0.863967
vn 0.000004 0.504201 -0.863586
vn -0.019197 0.501416 -0.864993
vn -0.012798 0.503453 -0.863928
vn -0.026860 -0.500093 0.865555
vn 0.026799 -0.500236 0.865474
vn -0.944374 0.328872 0.000857
vn -0.973996 0.226563 0.000805
vn -0.987553 0.157035 -0.008923
vn 0.998515 -0.049493 0.022770
vn 0.944374 0.328872 0.000857
vn 0.983538 0.179557 -0.020285
vn 0.948760 0.314105 -0.034542
vn -0.948760 0.314105 -0.034542
vn -0.977100 0.210879 -0.028398
vn 0.985723 0.168249 0.006596
vn -0.012822 -0.503386 0.863967
vn 0.012798 -0.503453 0.863928
vn -0.000004 -0.504201 0.863586
vn -0.019233 -0.501316 0.865051
vn 0.019197 -0.501416 0.864993
vn 1.000000 0.000000 0.000000
vn 1.000000 0.000000 0.000000
vn 1.000000 0.000000 0.000000
vn 1.000000 0.000000 0.000000
vn -1.000000 0.000000 0.000000
vn -1.000000 0.000000 0.000000
vn -1.000000 0.000000 0.000000
vn -1.000000 0.000000 0.000000
vt 0.633209 0.919240
vt 0.885473 0.791365
vt 0.892586 0.775609
vt 0.894752 0.749541
vt 0.785955 0.622717
vt 0.808942 0.618147
vt 0.903914 0.647706
vt 0.824890 0.606217
vt 0.974521 0.548131
vt 0.955126 0.626023
vt 0.909603 0.628265
vt 0.839617 0.548142
vt 0.928134 0.626035
vt 0.836814 0.578195
vt 0.269287 0.948644
vt 0.102850 0.646379
vt 0.083197 0.605902
vt 0.137389 0.441053
vt 0.012711 0.471069
vt 0.012711 0.409281
vt 0.068379 0.473661
vt 0.072568 0.484954
vt 0.132823 0.429993
vt 0.131137 0.409281
vt 0.139959 0.445571
vt 0.194121 0.636541
vt 0.060952 0.470937
vt 0.139898 0.471400
vt 0.210755 0.650385
vt 0.081100 0.582711
vt 0.087050 0.627972
vt 0.252525 0.948410
vt 0.194330 0.712841
vt 0.194429 0.836136
vt 0.231963 0.656028
vt 0.167962 0.857228
vt 0.140209 0.646416
vt 0.148396 0.836099
vt 0.194047 0.662175
vt 0.140128 0.522438
vt 0.412661 0.986350
vt 0.585779 0.856022
vt 0.412632 0.856018
vt 0.585277 0.986576
vt 0.388230 0.739534
vt 0.633880 0.707372
vt 0.365443 0.643806
vt 0.388202 0.636432
vt 0.388223 0.733690
vt 0.401604 0.839800
vt 0.598540 0.841309
vt 0.634003 0.702190
vt 0.634367 0.602852
vt 0.655891 0.609713
vt 0.402177 0.739416
vt 0.598878 0.538674
vt 0.528148 0.485059
vt 0.472153 0.485059
vt 0.388269 0.948318
vt 0.768317 0.919175
vt 0.344367 0.655900
vt 0.343406 0.948459
vt 0.378743 0.948376
vt 0.650319 0.919224
vt 0.676111 0.622587
vt 0.685855 0.919212
vt 0.931312 0.920395
vt 0.931447 0.969984
vt 0.907865 0.970054
vt 0.907731 0.920465
vt 0.973274 0.920523
vt 0.947990 0.970119
vt 0.973290 0.970112
vt 0.401585 0.634833
vt 0.472138 0.538189
vt 0.578213 0.509112
vt 0.503280 0.635963
vt 0.598895 0.739398
vt 0.528141 0.509112
vt 0.401585 0.538088
vt 0.947975 0.920530
vt 0.472184 0.509024
vt 0.567598 0.635963
vt 0.598878 0.635963
vt 0.905867 0.844401
vt 0.899594 0.819070
vt 0.902758 0.793319
vt 0.913173 0.827282
vt 0.915398 0.798961
vt 0.918657 0.685373
vt 0.924810 0.688321
vt 0.977417 0.664764
vt 0.930654 0.667201
vt 0.942193 0.658681
vt 0.977973 0.659233
vt 0.949690 0.664777
vt 0.926755 0.662317
vt 0.244839 0.989989
vt 0.227832 0.989733
vt 0.142032 0.890144
vt 0.097611 0.823065
vt 0.094989 0.797869
vt 0.009871 0.668718
vt 0.091155 0.686204
vt 0.084321 0.691798
vt 0.076634 0.668578
vt 0.009489 0.676748
vt 0.085203 0.673962
vt 0.079086 0.679556
vt 0.069801 0.676607
vt 0.244974 0.970580
vt 0.245145 0.978532
vt 0.153200 0.871438
vt 0.111503 0.840823
vt 0.123563 0.836613
vt 0.106944 0.796452
vt 0.109966 0.821130
vt 0.121193 0.819724
vt 0.118530 0.795761
vt 0.191065 0.902617
vt 0.162044 0.871189
vt 0.156813 0.875684
vt 0.760771 0.936539
vt 0.760771 0.958750
vt 0.646449 0.958632
vt 0.646449 0.936420
vt 0.646727 0.983331
vt 0.890580 0.830036
vt 0.854902 0.854915
vt 0.797435 0.935647
vt 0.789123 0.929497
vt 0.185994 0.907285
vt 0.862688 0.861661
vt 0.241101 0.956805
vt 0.227230 0.969848
vt 0.235870 0.961300
vt 0.102428 0.847051
vt 0.144426 0.886787
vt 0.140680 0.882437
vt 0.204633 0.917310
vt 0.199094 0.921473
vt 0.320220 0.989850
vt 0.365560 0.989632
vt 0.785518 0.983260
vt 0.365396 0.978514
vt 0.354762 0.989748
vt 0.777044 0.958767
vt 0.701195 0.983305
vt 0.664114 0.983314
vt 0.092989 0.386001
vt 0.093061 0.388377
vt 0.042504 0.357692
vt 0.062623 0.346723
vt 0.043514 0.369655
vt 0.102437 0.370653
vt 0.102576 0.368277
vt 0.042504 0.367288
vt 0.042504 0.365617
vt 0.102523 0.364604
vt 0.043606 0.363292
vt 0.102568 0.366984
vt 0.084171 0.342319
vt 0.042504 0.346723
vt 0.084171 0.339939
vt 0.092890 0.339822
vt 0.080106 0.388526
vt 0.093057 0.342203
vt 0.079868 0.386150
vt 0.084074 0.386150
vt 0.050196 0.342751
vt 0.055135 0.342751
vt 0.062623 0.357692
vt 0.084353 0.388526
vt 0.824166 0.374561
vt 0.954894 0.372413
vt 0.954879 0.372412
vt 0.852182 0.371550
vt 0.855635 0.371170
vt 0.887892 0.368157
vt 0.894064 0.368157
vt 0.925754 0.370378
vt 0.897589 0.530074
vt 0.886857 0.529953
vt 0.853796 0.497738
vt 0.898052 0.530038
vt 0.929886 0.496610
vt 0.929878 0.496611
vt 0.898052 0.530038
vt 0.868717 0.497757
vt 0.887304 0.529972
vt 0.870553 0.497756
vt 0.887855 0.497774
vt 0.887855 0.529989
vt 0.887356 0.529970
vt 0.897589 0.530074
vt 0.897107 0.530110
vt 0.897641 0.497853
vt 0.897641 0.497853
vt 0.914430 0.497208
vt 0.897589 0.530074
vt 0.075166 0.357929
vt 0.075166 0.358556
vt 0.075166 0.356592
vt 0.076254 0.342751
vt 0.086923 0.352046
vt 0.087196 0.343083
vt 0.075981 0.351714
vt 0.086981 0.357274
vt 0.086902 0.358377
vt 0.075981 0.357615
vt 0.075221 0.352927
vt 0.064281 0.351724
vt 0.075228 0.351821
vt 0.064299 0.349896
vt 0.075306 0.342848
vt 0.064359 0.342751
vt 0.075246 0.349992
vt 0.042504 0.359084
vt 0.053451 0.359008
vt 0.053463 0.360372
vt 0.042516 0.360448
vt 0.088138 0.356079
vt 0.099006 0.357767
vt 0.099023 0.356080
vt 0.099025 0.357080
vt 0.088140 0.357079
vt 0.088121 0.357766
vt 0.054125 0.395456
vt 0.053388 0.392542
vt 0.053389 0.391935
vt 0.042504 0.392544
vt 0.095079 0.338982
vt 0.084963 0.328794
vt 0.084171 0.338052
vt 0.095871 0.329724
vt 0.086888 0.356934
vt 0.076251 0.352813
vt 0.075981 0.356004
vt 0.054125 0.385575
vt 0.087019 0.355378
vt 0.087159 0.353743
vt 0.076111 0.354448
vt 0.090875 0.378671
vt 0.090815 0.385578
vt 0.079868 0.385485
vt 0.101802 0.346580
vt 0.112739 0.347470
vt 0.112749 0.346673
vt 0.101793 0.347377
vt 0.105056 0.386332
vt 0.094172 0.386333
vt 0.094149 0.386002
vt 0.084724 0.331590
vt 0.095632 0.332520
vt 0.105033 0.386001
vt 0.095760 0.331023
vt 0.753045 0.546471
vt 0.752971 0.554249
vt 0.754971 0.546289
vt 0.754897 0.554207
vt 0.758576 0.545928
vt 0.758502 0.554108
vt 0.752184 0.554264
vt 0.752259 0.546544
vt 0.747684 0.554327
vt 0.747759 0.546933
vt 0.717127 0.553748
vt 0.717208 0.548573
vt 0.738785 0.554341
vt 0.738862 0.547594
vt 0.736053 0.478628
vt 0.719185 0.474424
vt 0.719072 0.478110
vt 0.736166 0.474942
vt 0.688649 0.575077
vt 0.705334 0.579285
vt 0.705576 0.576524
vt 0.705443 0.578011
vt 0.688407 0.577838
vt 0.688515 0.576564
vt 0.648746 0.584874
vt 0.665727 0.585392
vt 0.740182 0.529627
vt 0.723255 0.528180
vt 0.740031 0.531389
vt 0.723255 0.528180
vt 0.723104 0.529942
vt 0.740182 0.529627
vt 0.740659 0.524047
vt 0.723732 0.522599
vt 0.723957 0.519892
vt 0.724285 0.516053
vt 0.740884 0.521340
vt 0.741212 0.517500
vt 0.068327 0.356731
vt 0.075161 0.357145
vt 0.075166 0.356731
vt 0.068322 0.357145
vt 0.734313 0.569822
vt 0.717816 0.563338
vt 0.717385 0.568374
vt 0.734743 0.564785
vt 0.734249 0.570570
vt 0.717385 0.568374
vt 0.717321 0.569122
vt 0.665651 0.587899
vt 0.734313 0.569822
vt 0.648670 0.587381
vt 0.648692 0.586658
vt 0.665673 0.587177
vt 0.723104 0.532654
vt 0.739998 0.542836
vt 0.739996 0.532654
vt 0.723106 0.542836
vt 0.705334 0.585190
vt 0.688407 0.583743
vt 0.688708 0.580213
vt 0.705635 0.581660
vt 0.734019 0.547562
vt 0.717127 0.547562
vt 0.717127 0.546113
vt 0.734019 0.546113
vt 0.735660 0.491498
vt 0.718680 0.490980
vt 0.719042 0.479090
vt 0.736023 0.479608
vt 0.101384 0.352432
vt 0.108263 0.352950
vt 0.108263 0.352432
vt 0.101384 0.352950
vt 0.736023 0.479608
vt 0.719072 0.478110
vt 0.719042 0.479090
vt 0.736053 0.478628
vt 0.734054 0.572843
vt 0.717321 0.569122
vt 0.717127 0.571396
vt 0.734249 0.570570
vt 0.705638 0.575804
vt 0.689252 0.568028
vt 0.688711 0.574357
vt 0.706179 0.569475
vt 0.705576 0.576524
vt 0.688711 0.574357
vt 0.688649 0.575077
vt 0.705638 0.575804
vt 0.110336 0.378942
vt 0.103458 0.378989
vt 0.103456 0.378718
vt 0.110334 0.378671
vt 0.098428 0.380208
vt 0.091549 0.380148
vt 0.091552 0.379865
vt 0.098430 0.379924
vt 0.648670 0.526953
vt 0.685380 0.527273
vt 0.685476 0.530979
vt 0.648819 0.529860
vt 0.679657 0.564979
vt 0.679657 0.562849
vt 0.688407 0.566753
vt 0.688407 0.545934
vt 0.695168 0.545928
vt 0.114685 0.370026
vt 0.106252 0.370041
vt 0.106253 0.367288
vt 0.683360 0.537959
vt 0.673590 0.559034
vt 0.648670 0.560946
vt 0.670247 0.583603
vt 0.648845 0.539292
vt 0.648670 0.564712
vt 0.648670 0.581734
vt 0.670247 0.562849
vt 0.695168 0.545928
vt 0.715471 0.564884
vt 0.715471 0.547810
vt 0.649066 0.517525
vt 0.695205 0.566754
vt 0.649746 0.495881
vt 0.674604 0.498773
vt 0.683483 0.520245
vt 0.053389 0.389246
vt 0.055812 0.395457
vt 0.054125 0.394223
vt 0.065009 0.393839
vt 0.061115 0.395460
vt 0.065009 0.395464
vt 0.065009 0.394184
vt 0.042505 0.389253
vt 0.749254 0.563338
vt 0.054125 0.393838
vt 0.055811 0.394215
vt 0.749295 0.566442
vt 0.061098 0.394203
vt 0.736197 0.566436
vt 0.042505 0.391937
vt 0.051702 0.389247
vt 0.046399 0.389250
vt 0.736195 0.563368
vt 0.064281 0.353550
vt 0.732139 0.573626
vt 0.735572 0.577344
vt 0.731757 0.576907
vt 0.735952 0.574074
vt 0.751034 0.487853
vt 0.073611 0.356594
vt 0.737607 0.491134
vt 0.751069 0.491125
vt 0.737608 0.487842
vt 0.068160 0.357924
vt 0.073611 0.357927
vt 0.064281 0.358555
vt 0.111413 0.363298
vt 0.068175 0.356599
vt 0.075166 0.353551
vt 0.064281 0.356605
vt 0.107519 0.363292
vt 0.111413 0.364614
vt 0.107533 0.364617
vt 0.758839 0.576752
vt 0.749322 0.575638
vt 0.759020 0.575197
vt 0.753926 0.545208
vt 0.742716 0.542087
vt 0.742705 0.545191
vt 0.753937 0.542104
vt 0.756749 0.517167
vt 0.755792 0.528412
vt 0.742705 0.527298
vt 0.743663 0.516053
vt 0.717127 0.584907
vt 0.730643 0.574033
vt 0.717475 0.573626
vt 0.730295 0.585314
vt 0.752024 0.475575
vt 0.737607 0.485669
vt 0.751062 0.486820
vt 0.738569 0.474424
vt 0.761642 0.499155
vt 0.750419 0.495881
vt 0.750421 0.499153
vt 0.761640 0.495883
vt 0.742705 0.540712
vt 0.756581 0.529842
vt 0.743048 0.529431
vt 0.756238 0.541123
vt 0.066197 0.395808
vt 0.073738 0.395809
vt 0.067067 0.395808
vt 0.066197 0.391999
vt 0.677225 0.053233
vt 0.677225 0.149274
vt 0.712943 0.494247
vt 0.707385 0.494247
vt 0.707445 0.486787
vt 0.713005 0.486787
vt 0.710967 0.474424
vt 0.713348 0.480105
vt 0.759651 0.474424
vt 0.753212 0.479983
vt 0.759651 0.479983
vt 0.753212 0.474424
vt 0.713804 0.573177
vt 0.707644 0.573263
vt 0.708383 0.568114
vt 0.714542 0.568028
vt 0.758568 0.555035
vt 0.757771 0.561143
vt 0.712943 0.486638
vt 0.707385 0.482179
vt 0.707385 0.486638
vt 0.712943 0.482179
vt 0.746392 0.561447
vt 0.752571 0.561282
vt 0.753368 0.555174
vt 0.747188 0.555339
vt 0.707769 0.175719
vt 0.707768 0.266577
vt 0.013738 0.148435
vt 0.013738 0.013949
vt 0.507119 0.175719
vt 0.507118 0.313506
vt 0.781917 0.457085
vt 0.783392 0.496552
vt 0.800549 0.497951
vt 0.809556 0.462585
vt 0.799262 0.463544
vt 0.808207 0.496989
vt 0.826914 0.456158
vt 0.825365 0.495621
vt 0.948933 0.769706
vt 0.979136 0.721766
vt 0.979136 0.770023
vt 0.948933 0.721449
vt 0.648670 0.482960
vt 0.651239 0.476088
vt 0.690704 0.512766
vt 0.688407 0.505799
vt 0.703548 0.495881
vt 0.707831 0.511248
vt 0.746842 0.509297
vt 0.707355 0.481582
vt 0.704978 0.475892
vt 0.694053 0.494247
vt 0.687662 0.480138
vt 0.663475 0.493471
vt 0.668357 0.478284
vt 0.727193 0.510152
vt 0.744244 0.514889
vt 0.734132 0.496305
vt 0.775831 0.515646
vt 0.779041 0.510023
vt 0.801032 0.511205
vt 0.800654 0.542175
vt 0.807785 0.541129
vt 0.807357 0.512933
vt 0.827994 0.511702
vt 0.832757 0.514575
vt 0.948993 0.831653
vt 0.979136 0.792400
vt 0.948993 0.788295
vt 0.979136 0.831865
vt 0.978674 0.878673
vt 0.948530 0.878780
vt 0.948530 0.840323
vt 0.978674 0.840111
vt 0.107720 0.339219
vt 0.096835 0.339211
vt 0.107720 0.342509
vt 0.096836 0.342507
vt 0.096835 0.338081
vt 0.107777 0.338418
vt 0.108061 0.329131
vt 0.097118 0.328794
vt 0.112835 0.343087
vt 0.101793 0.345952
vt 0.101893 0.342751
vt 0.112735 0.346288
vt 0.054185 0.386508
vt 0.065132 0.386601
vt 0.054125 0.393415
vt 0.054335 0.378671
vt 0.065278 0.379007
vt 0.065067 0.385911
vt 0.112269 0.352245
vt 0.101384 0.349191
vt 0.112269 0.349190
vt 0.101384 0.352232
vt 0.053454 0.388633
vt 0.053452 0.378671
vt 0.042504 0.378673
vt 0.042507 0.388636
vt 0.102549 0.379774
vt 0.091549 0.379412
vt 0.102471 0.378671
vt 0.053389 0.393379
vt 0.053389 0.392745
vt 0.042504 0.392753
vt 0.042504 0.393380
vt 0.717127 0.555224
vt 0.734167 0.562589
vt 0.744163 0.555035
vt 0.717179 0.562706
vt -0.348292 -0.423136
vt 0.080998 0.341536
vt -0.348292 -0.423136
vt -0.348292 -0.423136
vt -0.348292 -0.423136
vt 0.042504 0.341671
vt 0.049902 0.341688
vt 0.046240 0.328794
vt 0.076627 0.329035
vt 0.073419 0.341582
vt 0.696114 0.516266
vt 0.695196 0.543449
vt 0.721103 0.517022
vt 0.699301 0.543568
vt 0.700219 0.516385
vt 0.720185 0.544205
vt 0.717427 0.516916
vt 0.716510 0.544100
vt 0.694366 0.516206
vt 0.693448 0.543389
vt 0.688407 0.543236
vt 0.689324 0.516053
vt 0.735425 0.231538
vt 0.728973 0.260916
vt 0.723774 0.271696
vt 0.731640 0.307051
vt 0.731640 0.307051
vt 0.237284 0.013949
vt 0.510079 0.013949
vt 0.731640 0.307051
vt 0.510079 0.148435
vt 0.725189 0.277673
vt 0.724901 0.277244
vt 0.724901 0.290593
vt 0.743399 0.229229
vt 0.743399 0.229229
vt 0.753277 0.256973
vt 0.753246 0.267435
vt 0.739614 0.306423
vt 0.739614 0.306423
vt 0.010777 0.313506
vt 0.749492 0.278679
vt 0.010778 0.175719
vt 0.749492 0.278679
vt 0.243057 0.313506
vt 0.749905 0.278539
vt 0.739614 0.306423
vt 0.747664 0.295485
vt 0.106490 0.358924
vt 0.106392 0.361403
vt 0.057882 0.362959
vt 0.042504 0.362218
vt 0.057979 0.360480
vt 0.042540 0.361311
vt 0.042504 0.371013
vt 0.042694 0.373487
vt 0.091628 0.370859
vt 0.109507 0.371931
vt 0.109438 0.371026
vt 0.091818 0.373334
vt 0.042504 0.374178
vt 0.042504 0.374691
vt 0.090917 0.373796
vt 0.106311 0.376266
vt 0.106311 0.373704
vt 0.090917 0.376359
vt 0.042504 0.377725
vt 0.042504 0.378428
vt 0.109240 0.378547
vt 0.091496 0.378414
vt 0.109240 0.376654
vt 0.091496 0.376521
vt 0.163934 0.329927
vt 0.160461 0.382966
vt 0.744579 0.383744
vt 0.604044 0.377537
vt 0.157449 0.447421
vt 0.748052 0.330705
vt 0.606934 0.333416
vt 0.160922 0.394382
vt 0.606412 0.440817
vt 0.771866 0.395007
vt 0.609302 0.396696
vt 0.768393 0.448046
vt 0.972535 0.180060
vt 0.972535 0.207578
vt 0.810052 0.226658
vt 0.972535 0.236973
vt 0.810052 0.236973
vt 0.810052 0.242396
vt 0.972535 0.242396
vt 0.810052 0.251280
vt 0.972535 0.251280
vt 0.972535 0.274348
vt 0.810052 0.274348
vt 0.972535 0.294993
vt 0.810052 0.318373
vt 0.718472 0.201663
vt 0.772424 0.032241
vt 0.772424 0.032241
vt 0.941650 0.207578
vt 0.972535 0.207578
vt 0.941650 0.213677
vt 0.972535 0.215437
vt 0.941650 0.207578
vt 0.972535 0.213677
vt 0.941650 0.214969
vt 0.810052 0.207578
vt 0.837081 0.207578
vt 0.810052 0.207578
vt 0.837081 0.200119
vt 0.837081 0.207578
vt 0.837081 0.213677
vt 0.837081 0.214969
vt 0.837081 0.200119
vt 0.810052 0.213677
vt 0.972535 0.227126
vt 0.810052 0.214969
vt 0.941650 0.214969
vt 0.837081 0.204965
vt 0.880450 0.204956
vt 0.837081 0.207578
vt 0.837081 0.200119
vt 0.837081 0.214969
vt 0.837081 0.204965
vt 0.941649 0.200119
vt 0.837081 0.213677
vt 0.941650 0.207578
vt 0.941650 0.213677
vt 0.941650 0.214969
vt 0.941649 0.204940
vt 0.928495 0.318373
vt 0.928495 0.336344
vt 0.852936 0.342543
vt 0.810052 0.294525
vt 0.972535 0.318373
vt 0.810052 0.304986
vt 0.928495 0.342543
vt 0.852702 0.336344
vt 0.972535 0.304986
vt 0.852936 0.318373
vt 0.928495 0.305869
vt 0.928495 0.336344
vt 0.928495 0.342543
vt 0.852685 0.304986
vt 0.928495 0.318373
vt 0.928495 0.336344
vt 0.852702 0.336344
vt 0.928495 0.305869
vt 0.852936 0.318373
vt 0.852702 0.336344
vt 0.852936 0.342543
vt 0.852685 0.304986
vt 0.869583 0.104249
vt 0.869583 0.104249
vt 0.843996 0.088955
vt 0.843996 0.088955
vt 0.799575 0.073855
vt 0.799575 0.073855
vt 0.786739 0.084911
vt 0.786739 0.084911
vt 0.783931 0.094367
vt 0.783931 0.094367
vt 0.785335 0.114371
vt 0.785335 0.114371
vt 0.778315 0.132556
vt 0.778315 0.132556
vt 0.768488 0.151105
vt 0.768488 0.151105
vt 0.756139 0.207782
vt 0.756139 0.207782
vt 0.719638 0.203781
vt 0.719638 0.203781
vt 0.894014 0.032793
vt 0.894014 0.032793
vt 0.869583 0.104249
vt 0.869583 0.104249
vt 0.756139 0.207782
vt 0.764760 0.192505
vt 0.764760 0.192505
vt 0.756139 0.207782
vt 0.894014 0.032793
vt 0.869583 0.104249
vt 0.894014 0.032793
vt 0.869583 0.104249
vt 0.869583 0.104249
vt 0.869583 0.104249
vt 0.799575 0.073855
vt 0.799575 0.073855
vt 0.786739 0.084911
vt 0.786739 0.084911
vt 0.783931 0.094367
vt 0.783931 0.094367
vt 0.785335 0.114371
vt 0.785335 0.114371
vt 0.778315 0.132556
vt 0.778315 0.132556
vt 0.756139 0.207782
vt 0.768488 0.151105
vt 0.768488 0.151105
vt 0.756139 0.207782
vt 0.764760 0.192505
vt 0.764760 0.192505
vt 0.719638 0.203781
vt 0.719638 0.203781
vt 0.756139 0.207782
vt 0.756139 0.207782
vt 0.894014 0.032793
vt 0.868290 0.032790
vt 0.861901 0.088045
vt 0.851254 0.091756
vt 0.854405 0.103560
vt 0.843996 0.088955
vt 0.868290 0.032790
vt 0.854405 0.103560
vt 0.851254 0.091756
vt 0.869583 0.104249
vt 0.861901 0.088045
vt 0.869583 0.104249
vt 0.894014 0.032793
vt 0.842830 0.086837
vt 0.843996 0.088955
vt 0.843996 0.088955
vt 0.854405 0.103560
vt 0.843996 0.088955
vt 0.854405 0.103560
vt 0.854405 0.103560
vt 0.854405 0.103560
vt 0.842830 0.086837
vt 0.843996 0.088955
vt 0.798409 0.071736
vt 0.799575 0.073855
vt 0.799575 0.073855
vt 0.785573 0.082792
vt 0.786739 0.084911
vt 0.786739 0.084911
vt 0.785573 0.082792
vt 0.783931 0.094367
vt 0.782765 0.092249
vt 0.782765 0.092249
vt 0.783931 0.094367
vt 0.785335 0.114371
vt 0.785335 0.114371
vt 0.778315 0.132556
vt 0.778315 0.132556
vt 0.768488 0.151105
vt 0.767322 0.148987
vt 0.768488 0.151105
vt 0.767322 0.148987
vt 0.764760 0.192505
vt 0.718472 0.201663
vt 0.756139 0.207782
vt 0.754973 0.205664
vt 0.719638 0.203781
vt 0.754973 0.205664
vt 0.756139 0.207782
vt 0.754973 0.205664
vt 0.719638 0.203781
vt 0.785335 0.114371
vt 0.756139 0.207782
vt 0.764760 0.192505
vt 0.754973 0.205664
vt 0.768488 0.151105
vt 0.786739 0.084911
vt 0.767322 0.148987
vt 0.778315 0.132556
vt 0.782765 0.092249
vt 0.783931 0.094367
vt 0.718472 0.201663
vt 0.756139 0.207782
vt 0.783931 0.094367
vt 0.785335 0.114371
vt 0.768488 0.151105
vt 0.756139 0.207782
vt 0.767322 0.148987
vt 0.778315 0.132556
vt 0.763594 0.190386
vt 0.754973 0.205664
vt 0.764760 0.192505
vt 0.782765 0.092249
vt 0.754973 0.205664
vt 0.756139 0.207782
vt 0.843996 0.088955
vt 0.763594 0.190386
vt 0.764760 0.192505
vt 0.843996 0.088955
vt 0.842830 0.086837
vt 0.718472 0.201663
vt 0.719638 0.203781
vt 0.718472 0.201663
vt 0.718472 0.201663
vt 0.719638 0.203781
vt 0.719638 0.203781
vt 0.719638 0.203781
vt 0.718472 0.201663
vt 0.941649 0.204940
vt 0.941649 0.204940
vt 0.897875 0.204950
vt 0.941649 0.200119
vt 0.968980 0.150215
vt 0.880450 0.204956
vt 0.837081 0.214969
vt 0.897875 0.204950
vt 0.810052 0.180060
vt 0.896954 0.150392
vt 0.880628 0.200119
vt 0.897787 0.200119
vt 0.897618 0.203752
vt 0.837081 0.204965
vt 0.967920 0.150382
vt 0.897132 0.150230
vt 0.880407 0.203763
vt 0.897787 0.200119
vt 0.880628 0.200119
vt 0.941649 0.200119
vt 0.916538 0.035946
vt 0.916445 0.036144
vt 0.953447 0.036134
vt 0.954000 0.035932
vt 0.916445 0.036144
vt 0.953447 0.036134
vt 0.954042 0.064551
vt 0.953489 0.064753
vt 0.954042 0.064551
vt 0.916580 0.064566
vt 0.916487 0.064763
vt 0.916487 0.064763
vt 0.967570 0.076300
vt 0.968547 0.076098
vt 0.902355 0.076112
vt 0.902192 0.076310
vt 0.902192 0.076310
vt 0.897132 0.150230
vt 0.892082 0.140340
vt 0.972865 0.140492
vt 0.967920 0.150382
vt 0.968980 0.150215
vt 0.892082 0.140340
vt 0.974074 0.140326
vt 0.896954 0.150392
vt 0.897132 0.150230
vt 0.891879 0.140502
vt 0.891879 0.140502
vt 0.967920 0.150382
vt 0.972865 0.140492
vt 0.956716 0.140494
vt 0.967570 0.076300
vt 0.954771 0.076302
vt 0.938542 0.140496
vt 0.912831 0.076308
vt 0.927510 0.076306
vt 0.907088 0.140500
vt 0.924795 0.140498
vt 0.953489 0.064753
vt 0.896954 0.150392
vt 0.941490 0.076304
vt 0.974074 0.140326
vt 0.968547 0.076098
vt 0.956169 0.076101
vt 0.957182 0.140329
vt 0.913949 0.076110
vt 0.968980 0.150215
vt 0.902355 0.076112
vt 0.916580 0.064566
vt 0.943121 0.076103
vt 0.908952 0.140337
vt 0.939707 0.140332
vt 0.928209 0.076107
vt 0.926659 0.140334
vt 0.956169 0.076101
vt 0.957182 0.140329
vt 0.956716 0.140494
vt 0.954771 0.076302
vt 0.941490 0.076304
vt 0.943121 0.076103
vt 0.954771 0.076302
vt 0.956169 0.076101
vt 0.939707 0.140332
vt 0.943121 0.076103
vt 0.938542 0.140496
vt 0.941490 0.076304
vt 0.928209 0.076107
vt 0.926659 0.140334
vt 0.924795 0.140498
vt 0.927510 0.076306
vt 0.928209 0.076107
vt 0.913949 0.076110
vt 0.927510 0.076306
vt 0.912831 0.076308
vt 0.908952 0.140337
vt 0.913949 0.076110
vt 0.907088 0.140500
vt 0.912831 0.076308
vt 0.057811 0.395464
vt 0.061012 0.394915
vt 0.057811 0.395021
vt 0.061012 0.395344
vt 0.054125 0.396029
vt 0.054143 0.395563
vt 0.060481 0.395615
vt 0.060463 0.396056
vt 0.065097 0.357798
vt 0.068298 0.357464
vt 0.065097 0.357355
vt 0.068298 0.357892
vt 0.088138 0.358380
vt 0.088121 0.357914
vt 0.094459 0.357870
vt 0.094475 0.358312
vt 0.079080 0.383476
vt 0.078427 0.382072
vt 0.075457 0.383431
vt 0.069155 0.384739
vt 0.075187 0.382379
vt 0.066197 0.378671
vt 0.088121 0.355429
vt 0.072174 0.378836
vt 0.091715 0.354972
vt 0.100374 0.349190
vt 0.091864 0.353896
vt 0.094455 0.350034
vt 0.098125 0.355555
vt 0.088610 0.353959
vt 0.113157 0.370723
vt 0.113140 0.370269
vt 0.106268 0.370753
vt 0.106252 0.370325
vt 0.107798 0.370268
vt 0.107814 0.370696
vt 0.056716 0.394863
vt 0.056716 0.394422
vt 0.057793 0.394425
vt 0.057793 0.394867
vt 0.068433 0.357892
vt 0.068433 0.357395
vt 0.075166 0.357159
vt 0.075166 0.357625
vt 0.093616 0.349432
vt 0.088159 0.349972
vt 0.093651 0.349885
vt 0.088121 0.349476
vt 0.101004 0.347556
vt 0.100352 0.346152
vt 0.097382 0.347511
vt 0.091079 0.348819
vt 0.088121 0.342751
vt 0.097111 0.346459
vt 0.066197 0.391349
vt 0.094098 0.342916
vt 0.069791 0.390892
vt 0.078450 0.385110
vt 0.069940 0.389816
vt 0.072531 0.385954
vt 0.066685 0.389879
vt 0.076201 0.391475
vt 0.073083 0.396636
vt 0.073101 0.396182
vt 0.066197 0.396551
vt 0.067759 0.396183
vt 0.067742 0.396612
vt 0.066214 0.396123
vt 0.059936 0.394867
vt 0.061012 0.394421
vt 0.059936 0.394425
vt 0.061012 0.394863
vt 0.079868 0.389232
vt 0.079868 0.388734
vt 0.086602 0.389001
vt 0.086602 0.389467
vt 0.066197 0.385892
vt 0.066215 0.385437
vt 0.071707 0.385300
vt 0.071687 0.385797
vt 0.366539 0.463923
vt 0.366539 0.450977
vt 0.601873 0.457182
vt 0.539301 0.463837
vt 0.539301 0.453333
vt 0.601873 0.464684
vt 0.592191 0.465814
vt 0.592191 0.473659
vt 0.420818 0.476097
vt 0.366539 0.476686
vt 0.420818 0.468252
vt 0.748217 0.512045
vt 0.366539 0.470945
vt 0.663060 0.525602
vt 0.663060 0.523438
vt 0.662077 0.481890
vt 0.748206 0.512762
vt 0.626413 -0.090454
vt 0.649224 -0.077284
vt 0.571699 -0.269448
vt 0.629419 -0.085236
vt 0.624848 -0.081582
vt 0.626026 -0.088006
vt 0.842756 -0.367743
vt 0.842756 -0.367743
vt 0.648270 -0.096325
vt 0.645515 -0.099257
vt 0.637818 -0.100129
vt 0.335012 -0.205067
vt 0.189595 -0.205067
vt 0.163982 -0.205067
vt 0.018565 -0.205067
vt 0.841997 -0.364675
vt 0.851629 -0.363211
vt 0.851627 -0.362535
vt 0.851613 -0.368890
vt 0.851612 -0.368214
vt 0.319281 -0.991258
vt 0.847033 -0.370160
vt 0.847033 -0.370160
vt 0.020387 -0.205069
vt 0.328342 -0.089559
vt 0.333530 -0.205069
vt 0.015199 -0.089559
vt 0.200293 -0.126267
vt 0.200293 -0.089559
vt 0.148436 -0.241778
vt 0.319231 -0.126267
vt 0.029498 -0.241778
vt 0.143248 -0.126267
vt 0.024310 -0.126267
vt 0.148436 -0.205069
vt 0.143248 -0.089559
vt 0.205481 -0.241778
vt 0.205481 -0.205069
vt 0.324419 -0.241778
vt 0.825375 -0.260316
vt 0.632257 -0.099149
vt 0.626413 -0.090454
vt 0.234626 -0.884603
vt 0.234626 -0.884603
vt 0.224795 -0.888176
vt 0.224808 -0.873597
vt 0.234639 -0.870024
vt 0.224808 -0.873597
vt 0.234639 -0.870024
vt 0.224795 -0.888176
vt 0.847096 -0.365779
vt 0.847096 -0.365779
vt 0.856007 -0.363058
vt 0.976812 -0.260630
vt 0.855992 -0.368737
vt 0.859668 -0.367031
vt 0.594672 -0.331733
vt 0.859684 -0.361352
vt 0.842231 -0.365761
vt 0.725195 -0.759981
vt 0.649224 -0.090454
vt 0.647369 -0.091769
vt 0.649610 -0.092164
vt 0.651900 -0.091999
vt 0.633723 -0.101337
vt 0.626026 -0.092164
vt 0.422321 -0.246342
vt 0.851612 -0.368214
vt 0.894072 -0.691973
vt 0.861508 -0.692551
vt 0.861508 -0.692551
vt 0.894072 -0.691973
vt 0.624848 -0.081582
vt 0.628267 -0.088401
vt 0.568014 -0.434525
vt 0.546183 -0.483394
vt 0.718294 -0.002796
vt 0.718294 -0.002796
vt 0.841277 -0.365062
vt 0.842231 -0.365761
vt 0.737331 -0.286653
vt 0.633314 -0.071494
vt 0.634501 -0.080972
vt 0.632257 -0.068590
vt 0.836550 -0.260285
vt 0.352586 -0.989606
vt 0.883580 -0.771671
vt 0.882031 -0.780089
vt 0.886513 -0.782629
vt 0.982684 -0.771671
vt 0.984234 -0.780089
vt 0.979751 -0.782629
vt 0.343670 -0.247632
vt 0.699706 -0.534459
vt 0.699706 -0.743779
vt 0.601707 -0.080306
vt 0.608358 -0.059836
vt 0.625771 -0.047185
vt 0.608358 -0.100775
vt 0.625771 -0.113426
vt 0.664707 -0.100775
vt 0.647294 -0.047185
vt 0.647294 -0.113426
vt 0.664707 -0.059836
vt 0.671358 -0.080306
vt 0.549290 -0.257850
vt 0.649224 -0.090454
vt 0.651900 -0.091999
vt 0.649610 -0.092164
vt 0.885383 -0.777897
vt 0.980881 -0.777897
vt 0.637818 -0.067609
vt 0.637818 -0.078111
vt 0.376910 -0.011125
vt 0.376910 -0.011125
vt 0.366259 -0.019988
vt 0.449833 -0.731739
vt 0.353450 -0.253559
vt 0.436648 -0.697877
vt 0.436648 -0.697877
vt 0.454605 -0.703412
vt 0.454605 -0.703412
vt 0.484312 -0.353342
vt 0.159134 -0.025684
vt 0.330164 -0.025684
vt 0.851627 -0.362535
vt 0.851629 -0.363211
vt 0.851629 -0.363211
vt 0.851627 -0.362535
vt 0.851613 -0.368890
vt 0.847096 -0.365779
vt 0.847096 -0.365779
vt 0.623736 -0.091999
vt 0.535687 -0.263416
vt 0.842230 -0.364476
vt 0.842383 -0.365695
vt 0.842382 -0.364082
vt 0.440154 -0.483773
vt 0.452045 -0.483773
vt 0.455551 -0.697877
vt 0.440154 -0.483773
vt 0.452045 -0.483773
vt 0.440253 -0.703412
vt 0.442915 -0.483203
vt 0.451943 -0.483203
vt 0.451943 -0.483203
vt 0.442915 -0.483203
vt 0.449623 -0.252351
vt 0.641913 -0.101337
vt 0.633723 -0.078833
vt 0.365288 -0.238214
vt 0.345890 -0.246163
vt 0.355219 -0.249178
vt 0.655135 -0.287633
vt 0.594213 -0.135116
vt 0.770085 -0.652127
vt 0.013717 -0.025684
vt 0.184746 -0.025684
vt 0.148258 -0.972497
vt 0.594595 -0.320458
vt 0.319870 -0.991921
vt 0.330983 -0.991905
vt 0.310254 -0.992503
vt 0.804647 -0.519154
vt 0.103711 -0.746311
vt 0.419914 -0.350626
vt 0.324829 -0.987106
vt 0.092074 -0.281549
vt 0.767973 -0.290059
vt 0.737331 -0.286653
vt 0.621805 -0.086693
vt 0.623736 -0.091999
vt 0.627448 -0.096072
vt 0.687293 -0.623345
vt 0.653831 -0.081046
vt 0.765810 -0.623346
vt 0.991977 -0.492549
vt 0.947570 -0.993935
vt 0.737330 -0.991492
vt 0.676454 -0.016910
vt 0.804647 -0.740789
vt 0.804647 -0.537451
vt 0.475194 -0.458424
vt 0.335012 -0.205067
vt 0.013717 -0.089539
vt 0.163982 -0.205067
vt 0.422221 -0.481939
vt 0.427311 -0.457211
vt 0.110384 -0.747123
vt 0.847033 -0.370160
vt 0.110375 -0.739657
vt 0.189595 -0.205106
vt 0.847034 -0.370994
vt 0.847097 -0.366613
vt 0.189595 -0.205067
vt 0.847034 -0.370994
vt 0.330164 -0.089539
vt 0.335012 -0.205106
vt 0.847033 -0.370160
vt 0.330164 -0.089578
vt 0.847097 -0.366613
vt 0.018565 -0.205067
vt 0.018565 -0.205106
vt 0.163982 -0.205106
vt 0.834570 -0.206244
vt 0.234639 -0.870024
vt 0.234639 -0.870024
vt 0.224795 -0.888176
vt 0.906401 -0.528303
vt 0.906401 -0.749938
vt 0.691751 -0.988932
vt 0.167157 -0.288612
vt 0.842819 -0.363362
vt 0.637057 -0.012706
vt 0.842819 -0.363362
vt 0.842231 -0.365761
vt 0.842230 -0.364476
vt 0.379290 -0.983172
vt 0.427128 -0.251654
vt 0.367284 -0.983159
vt 0.629419 -0.094934
vt 0.583977 -0.094508
vt 0.628267 -0.088401
vt 0.629419 -0.094934
vt 0.624848 -0.086156
vt 0.633314 -0.096245
vt 0.637818 -0.100129
vt 0.643379 -0.099149
vt 0.114731 -0.528065
vt 0.319870 -0.991921
vt 0.583977 -0.033217
vt 0.581887 -0.032188
vt 0.697417 -0.053219
vt 0.687436 -0.054979
vt 0.592754 -0.038284
vt 0.649224 -0.090454
vt 0.626413 -0.077284
vt 0.633314 -0.071494
vt 0.629419 -0.085236
vt 0.842756 -0.368438
vt 0.842756 -0.367743
vt 0.842819 -0.363362
vt 0.842756 -0.368438
vt 0.842756 -0.367743
vt 0.842819 -0.363362
vt 0.536481 -0.335833
vt 0.669939 -0.103050
vt 0.676454 -0.110814
vt 0.512887 -0.349406
vt 0.619560 -0.111933
vt 0.616094 -0.121457
vt 0.691752 -0.289211
vt 0.842819 -0.363362
vt 0.748332 -0.982136
vt 0.698600 -0.983556
vt 0.842819 -0.363362
vt 0.842756 -0.367743
vt 0.842819 -0.363362
vt 0.842819 -0.363362
vt 0.842753 -0.363575
vt 0.842756 -0.367743
vt 0.842754 -0.365659
vt 0.842231 -0.365761
vt 0.422321 -0.246342
vt 0.748333 -0.296009
vt 0.306356 -0.991286
vt 0.770739 -0.762789
vt 0.475335 -0.249916
vt 0.451791 -0.348627
vt 0.949865 -0.543660
vt 0.413444 -0.377067
vt 0.970177 -0.511283
vt 0.768076 -0.513691
vt 0.125405 -0.531311
vt 0.781735 -0.293876
vt 0.788787 -0.294781
vt 0.834570 -0.206244
vt 0.761612 -0.288613
vt 0.110384 -0.747123
vt 0.224808 -0.873597
vt 0.224808 -0.873597
vt 0.224795 -0.888176
vt 0.224808 -0.873597
vt 0.224808 -0.873597
vt 0.234639 -0.870024
vt 0.234626 -0.884603
vt 0.234626 -0.884603
vt 0.234639 -0.870024
vt 0.857891 -0.361132
vt 0.859684 -0.361352
vt 0.859668 -0.367031
vt 0.859684 -0.361352
vt 0.451710 -0.239610
vt 0.637818 -0.097039
vt 0.629353 -0.093958
vt 0.634501 -0.099198
vt 0.626413 -0.090454
vt 0.989682 -0.942825
vt 0.594213 -0.135116
vt 0.335012 -0.141197
vt 0.013717 -0.025669
vt 0.013717 -0.047002
vt 0.163982 -0.141197
vt 0.841437 -0.364899
vt 0.811184 -0.402049
vt 0.828474 -0.513692
vt 0.811184 -0.876097
vt 0.558037 -0.258005
vt 0.828473 -0.764454
vt 0.558037 -0.258005
vt 0.556581 -0.258257
vt 0.557231 -0.268240
vt 0.947571 -0.770940
vt 0.879335 -0.528303
vt 0.325655 -0.977313
vt 0.100373 -0.286584
vt 0.961335 -0.767734
vt 0.530750 -0.983199
vt 0.920988 -0.317703
vt 0.904929 -0.767734
vt 0.918693 -0.770940
vt 0.949866 -0.317703
vt 0.544675 -0.265658
vt 0.272108 -0.520026
vt 0.272108 -0.739659
vt 0.553419 -0.348796
vt 0.832432 -0.540609
vt 0.832432 -0.515996
vt 0.832432 -0.737631
vt 0.562169 -0.278038
vt 0.546357 -0.482230
vt 0.557231 -0.268240
vt 0.551380 -0.266982
vt 0.879334 -0.749938
vt 0.821463 -0.206290
vt 0.822930 -0.235696
vt 0.810213 -0.235758
vt 0.879316 -0.757502
vt 0.821463 -0.206290
vt 0.808107 -0.206361
vt 0.898121 -0.235833
vt 0.808107 -0.206361
vt 0.453967 -0.721144
vt 0.937366 -0.033907
vt 0.576382 -0.279608
vt 0.388396 -0.110210
vt 0.780184 -0.206540
vt 0.514350 -0.121614
vt 0.437488 -0.715118
vt 0.757740 -0.033907
vt 0.879385 -0.033571
vt 0.780184 -0.206540
vt 0.937366 -0.033907
vt 0.513933 -0.227788
vt 0.524832 -0.124578
vt 0.337133 -0.252177
vt 0.323158 -0.280501
vt 0.377488 -0.009643
vt 0.926884 -0.235989
vt 0.387976 -0.006754
vt 0.963829 -0.034024
vt 0.976812 -0.034040
vt 0.963829 -0.034024
vt 0.731277 -0.034024
vt 0.879385 -0.033571
vt 0.976812 -0.034040
vt 0.731277 -0.034024
vt 0.794384 -0.206447
vt 0.929672 -0.206626
vt 0.914922 -0.206540
vt 0.923643 -0.033821
vt 0.929672 -0.206626
vt 0.900722 -0.206447
vt 0.552894 -0.316975
vt 0.912056 -0.235913
vt 0.884893 -0.235758
vt 0.783050 -0.235913
vt 0.783050 -0.235913
vt 0.900722 -0.206447
vt 0.914922 -0.206540
vt 0.750126 -0.206697
vt 0.744384 -0.033978
vt 0.744384 -0.033978
vt 0.923643 -0.033821
vt 0.750126 -0.206697
vt 0.794384 -0.206447
vt 0.976812 -0.206759
vt 0.718294 -0.034040
vt 0.718294 -0.206759
vt 0.734346 -0.206743
vt 0.976812 -0.206759
vt 0.734346 -0.206743
vt 0.718294 -0.206759
vt 0.950722 -0.033978
vt 0.960760 -0.206743
vt 0.960760 -0.206743
vt 0.944980 -0.206697
vt 0.944980 -0.206697
vt 0.950722 -0.033978
vt 0.942715 -0.236051
vt 0.718294 -0.034040
vt 0.959474 -0.236091
vt 0.765434 -0.206626
vt 0.886999 -0.206361
vt 0.765434 -0.206626
vt 0.872176 -0.235696
vt 0.752391 -0.236051
vt 0.886999 -0.206361
vt 0.718294 -0.236105
vt 0.994150 -0.236091
vt 0.992865 -0.206743
vt 0.718294 -0.236105
vt 0.735632 -0.236091
vt 0.976812 -0.236105
vt 0.994150 -0.236091
vt 0.718294 -0.260630
vt 0.992865 -0.206743
vt 0.630121 -0.080912
vt 0.626026 -0.088006
vt 0.628267 -0.091769
vt 0.859785 -0.235656
vt 0.873643 -0.206290
vt 0.566023 -0.983185
vt 0.873643 -0.206290
vt 0.545348 -0.957348
vt 0.552112 -0.977403
vt 0.694580 -0.525224
vt 0.561434 -0.969452
vt 0.835321 -0.235656
vt 0.847553 -0.235642
vt 0.860536 -0.206244
vt 0.314842 -0.969383
vt 0.860536 -0.206244
vt 0.847553 -0.206228
vt 0.302872 -0.977331
vt 0.574683 -0.977367
vt 0.835321 -0.235656
vt 0.757740 -0.033907
vt 0.771463 -0.033821
vt 0.847553 -0.206228
vt 0.577915 -0.987122
vt 0.589674 -0.989621
vt 0.587040 -0.983161
vt 0.614557 -0.433437
vt 0.417595 -0.361742
vt 0.496535 -0.508668
vt 0.370709 -0.938995
vt 0.419163 -0.352196
vt 0.521759 -0.482446
vt 0.500766 -0.458119
vt 0.014943 -0.614208
vt 0.014943 -0.645377
vt 0.237628 -0.748126
vt 0.237629 -0.528493
vt 0.045103 -0.645378
vt 0.237629 -0.511558
vt 0.237628 -0.731191
vt 0.683479 -0.287368
vt 0.103268 -0.296140
vt 0.841222 -0.364975
vt 0.723539 -0.288933
vt 0.103268 -0.963447
vt 0.841221 -0.365404
vt 0.841437 -0.364899
vt 0.383516 -0.957366
vt 0.909443 -0.033728
vt 0.894693 -0.033642
vt 0.318508 -0.331437
vt 0.894693 -0.033642
vt 0.541935 -0.257365
vt 0.409480 -0.939037
vt 0.335472 -0.299513
vt 0.909443 -0.033728
vt 0.237689 -0.531315
vt 0.549290 -0.257850
vt 0.237689 -0.508735
vt 0.384490 -0.352152
vt 0.876580 -0.942825
vt 0.879599 -0.937464
vt 0.876580 -0.942825
vt 0.947571 -0.794270
vt 0.918693 -0.794270
vt 0.979751 -0.782629
vt 0.962539 -0.792103
vt 0.903725 -0.792103
vt 0.886513 -0.782629
vt 0.237689 -0.750948
vt 0.904473 -0.775387
vt 0.237689 -0.728369
vt 0.961791 -0.775387
vt 0.588878 -0.056242
vt 0.785663 -0.033728
vt 0.599449 -0.433401
vt 0.771463 -0.033821
vt 0.691843 -0.093717
vt 0.692227 -0.112376
vt 0.692227 -0.112376
vt 0.699794 -0.091586
vt 0.699794 -0.052978
vt 0.581887 -0.032188
vt 0.678006 -0.031723
vt 0.658845 -0.004178
vt 0.658845 -0.004178
vt 0.678006 -0.015240
vt 0.678006 -0.015240
vt 0.618030 -0.031781
vt 0.615268 -0.004178
vt 0.691843 -0.074397
vt 0.692227 -0.032188
vt 0.699794 -0.069461
vt 0.678006 -0.031723
vt 0.582270 -0.093717
vt 0.589905 -0.991902
vt 0.588878 -0.111873
vt 0.699794 -0.069461
vt 0.574320 -0.091586
vt 0.615268 -0.004178
vt 0.699794 -0.091586
vt 0.574320 -0.091586
vt 0.589674 -0.989621
vt 0.572366 -0.989611
vt 0.842819 -0.364057
vt 0.842819 -0.363362
vt 0.582270 -0.074397
vt 0.581887 -0.048671
vt 0.842819 -0.364057
vt 0.842819 -0.364057
vt 0.574320 -0.069461
vt 0.842819 -0.363362
vt 0.842819 -0.363362
vt 0.842756 -0.367743
vt 0.692227 -0.048671
vt 0.842819 -0.364057
vt 0.581887 -0.048671
vt 0.842756 -0.367743
vt 0.574320 -0.069461
vt 0.685235 -0.056242
vt 0.842819 -0.363362
vt 0.637057 -0.016819
vt 0.596108 -0.031723
vt 0.646217 -0.085236
vt 0.615268 -0.020661
vt 0.637057 -0.000336
vt 0.637057 -0.016819
vt 0.637057 -0.000336
vt 0.601297 -0.041441
vt 0.596108 -0.015240
vt 0.596108 -0.015240
vt 0.615268 -0.020661
vt 0.596108 -0.031723
vt 0.692227 -0.048671
vt 0.649610 -0.088006
vt 0.649610 -0.092164
vt 0.658845 -0.020661
vt 0.637057 -0.028426
vt 0.656084 -0.031781
vt 0.658845 -0.020661
vt 0.581887 -0.112376
vt 0.574320 -0.052978
vt 0.574320 -0.075102
vt 0.678006 -0.129324
vt 0.148259 -0.287092
vt 0.574320 -0.052978
vt 0.574320 -0.075102
vt 0.581887 -0.112376
vt 0.678006 -0.129324
vt 0.685235 -0.111873
vt 0.601297 -0.126673
vt 0.950992 -0.013566
vt 0.976812 -0.013622
vt 0.909948 -0.013338
vt 0.744114 -0.013566
vt 0.718294 -0.013622
vt 0.976812 -0.013622
vt 0.836550 -0.260285
vt 0.847553 -0.260274
vt 0.847553 -0.235642
vt 0.335093 -0.983134
vt 0.344259 -0.350506
vt 0.692227 -0.032188
vt 0.343436 -0.324155
vt 0.332277 -0.335028
vt 0.986664 -0.937465
vt 0.699794 -0.052978
vt 0.989682 -0.942825
vt 0.718294 -0.013622
vt 0.878875 -0.492549
vt 0.985965 -0.927410
vt 0.882593 -0.477134
vt 0.619520 -0.136290
vt 0.604098 -0.127386
vt 0.658845 -0.140386
vt 0.368691 -0.261990
vt 0.361627 -0.259449
vt 0.658845 -0.140386
vt 0.614260 -0.146690
vt 0.637057 -0.144228
vt 0.352613 -0.957313
vt 0.398071 -0.969477
vt 0.441109 -0.957395
vt 0.810213 -0.235758
vt 0.637057 -0.144228
vt 0.656084 -0.136333
vt 0.615268 -0.140386
vt 0.337819 -0.969393
vt 0.637057 -0.139688
vt 0.596108 -0.129324
vt 0.618030 -0.136333
vt 0.596108 -0.129324
vt 0.615268 -0.140386
vt 0.813829 -0.260363
vt 0.047892 -0.281528
vt 0.785663 -0.033728
vt 0.363380 -0.969433
vt 0.356012 -0.983148
vt 0.347429 -0.977328
vt 0.290039 -0.969409
vt 0.585046 -0.969409
vt 0.576788 -0.316548
vt 0.768222 -0.235989
vt 0.773976 -0.260541
vt 0.571375 -0.957296
vt 0.583083 -0.938890
vt 0.125324 -0.978130
vt 0.882738 -0.906424
vt 0.563621 -0.304017
vt 0.451943 -0.489931
vt 0.148194 -0.976335
vt 0.523936 -0.030283
vt 0.523855 -0.089872
vt 0.519716 -0.025146
vt 0.351192 -0.285278
vt 0.440154 -0.490315
vt 0.383523 -0.140497
vt 0.379325 -0.145770
vt 0.363139 -0.298957
vt 0.422172 -0.482031
vt 0.432481 -0.469358
vt 0.438476 -0.476529
vt 0.379406 -0.206925
vt 0.455551 -0.698541
vt 0.548257 -0.696091
vt 0.436648 -0.698541
vt 0.454605 -0.704095
vt 0.440890 -0.721144
vt 0.854576 -0.684220
vt 0.431761 -0.624346
vt 0.454711 -0.715118
vt 0.854576 -0.684220
vt 0.440253 -0.704095
vt 0.553334 -0.989479
vt 0.543872 -0.983199
vt 0.586015 -0.991886
vt 0.534835 -0.300941
vt 0.800412 -0.033642
vt 0.815721 -0.033571
vt 0.800412 -0.033642
vt 0.545170 -0.291033
vt 0.464189 -0.477162
vt 0.470290 -0.470424
vt 0.047634 -0.288681
vt 0.841277 -0.365062
vt 0.841997 -0.364675
vt 0.479542 -0.482804
vt 0.863605 -0.033525
vt 0.753984 -0.975767
vt 0.841437 -0.365449
vt 0.753985 -0.302378
vt 0.617190 -0.009342
vt 0.863605 -0.033525
vt 0.193711 -0.614210
vt 0.203646 -0.614210
vt 0.193711 -0.645379
vt 0.203646 -0.645379
vt 0.656923 -0.009342
vt 0.674393 -0.019428
vt 0.694260 -0.053837
vt 0.114730 -0.731616
vt 0.831287 -0.013153
vt 0.656084 -0.136333
vt 0.512423 -0.349541
vt 0.715713 -0.989347
vt 0.740266 -0.989337
vt 0.651694 -0.128322
vt 0.502138 -0.380198
vt 0.856007 -0.363058
vt 0.733542 -0.987739
vt 0.481152 -0.363829
vt 0.815721 -0.033571
vt 0.268958 -0.520026
vt 0.855992 -0.368737
vt 0.685235 -0.056242
vt 0.847553 -0.033509
vt 0.854167 -0.362857
vt 0.857891 -0.361132
vt 0.674119 -0.066710
vt 0.854167 -0.362857
vt 0.856007 -0.363058
vt 0.363742 -0.987181
vt 0.672816 -0.126673
vt 0.664566 -0.120891
vt 0.831501 -0.033525
vt 0.847553 -0.033509
vt 0.831501 -0.033525
vt 0.430837 -0.977400
vt 0.512519 -0.983194
vt 0.922633 -0.568261
vt 0.518116 -0.875229
vt 0.872084 -0.568197
vt 0.581887 -0.095892
vt 0.047633 -0.970905
vt 0.867726 -0.571540
vt 0.581887 -0.095892
vt 0.046837 -0.963447
vt 0.525360 -0.938996
vt 0.467528 -0.624641
vt 0.442915 -0.489931
vt 0.442915 -0.483071
vt 0.451943 -0.483071
vt 0.440154 -0.483645
vt 0.452045 -0.490315
vt 0.872084 -0.568197
vt 0.452045 -0.483645
vt 0.922633 -0.568261
vt 0.867726 -0.571540
vt 0.725224 -0.757470
vt 0.725224 -0.535835
vt 0.725224 -0.742403
vt 0.730073 -0.760756
vt 0.114731 -0.511983
vt 0.672816 -0.041441
vt 0.830495 -0.623346
vt 0.664566 -0.055325
vt 0.829679 -0.623346
vt 0.827711 -0.513692
vt 0.655134 -0.990510
vt 0.827711 -0.764454
vt 0.829679 -0.654799
vt 0.830495 -0.654799
vt 0.937750 -0.013501
vt 0.192613 -0.754043
vt 0.950992 -0.013566
vt 0.799239 -0.002477
vt 0.201890 -0.505546
vt 0.315227 -0.989622
vt 0.785158 -0.013338
vt 0.879767 -0.013195
vt 0.880325 -0.002420
vt 0.831287 -0.013153
vt 0.757356 -0.013501
vt 0.770997 -0.013422
vt 0.799932 -0.013260
vt 0.784438 -0.002547
vt 0.785158 -0.013338
vt 0.951368 -0.002747
vt 0.863819 -0.013153
vt 0.879767 -0.013195
vt 0.924769 -0.002620
vt 0.909948 -0.013338
vt 0.756819 -0.002690
vt 0.687360 -0.092966
vt 0.192614 -0.505546
vt 0.178664 -0.864678
vt 0.178664 -0.394911
vt 0.744114 -0.013566
vt 0.863819 -0.013153
vt 0.924109 -0.013422
vt 0.692227 -0.095892
vt 0.830973 -0.002383
vt 0.201890 -0.754044
vt 0.880325 -0.002420
vt 0.699794 -0.075102
vt 0.699794 -0.075102
vt 0.882812 -0.773480
vt 0.815339 -0.013195
vt 0.294666 -0.989621
vt 0.882031 -0.780089
vt 0.885383 -0.777897
vt 0.983452 -0.773480
vt 0.985747 -0.323205
vt 0.980881 -0.777897
vt 0.984234 -0.780089
vt 0.163982 -0.162479
vt 0.885107 -0.323204
vt 0.018565 -0.162479
vt 0.018565 -0.141197
vt 0.330164 -0.025669
vt 0.759760 -0.876096
vt 0.759761 -0.402048
vt 0.794535 -0.975767
vt 0.103704 -0.739657
vt 0.103711 -0.733003
vt 0.794536 -0.302378
vt 0.907178 -0.319248
vt 0.920988 -0.328595
vt 0.652303 -0.764452
vt 0.630262 -0.764452
vt 0.949866 -0.328595
vt 0.630262 -0.513690
vt 0.963676 -0.319248
vt 0.920987 -0.483709
vt 0.906815 -0.326805
vt 0.964038 -0.326805
vt 0.114730 -0.731616
vt 0.622486 -0.652126
vt 0.692795 -0.532148
vt 0.586753 -0.092966
vt 0.580444 -0.295103
vt 0.573104 -0.287400
vt 0.596108 -0.112841
vt 0.570009 -0.295147
vt 0.578500 -0.305289
vt 0.692795 -0.746090
vt 0.586753 -0.092966
vt 0.615268 -0.123903
vt 0.596108 -0.112841
vt 0.898536 -0.950763
vt 0.020387 -0.205069
vt 0.335624 -0.533686
vt 0.898380 -0.961559
vt 0.967727 -0.950763
vt 0.918692 -0.993935
vt 0.879599 -0.937464
vt 0.986664 -0.937465
vt 0.303776 -0.623384
vt 0.967882 -0.961559
vt 0.020387 -0.205087
vt 0.029498 -0.241795
vt 0.328342 -0.089559
vt 0.328342 -0.089541
vt 0.200293 -0.089541
vt 0.324419 -0.241795
vt 0.333530 -0.205087
vt 0.333530 -0.205069
vt 0.143248 -0.089541
vt 0.015199 -0.089541
vt 0.015199 -0.089559
vt 0.648188 -0.096072
vt 0.841997 -0.364675
vt 0.841997 -0.364342
vt 0.841222 -0.364975
vt 0.692227 -0.095892
vt 0.651900 -0.091999
vt 0.648270 -0.096325
vt 0.651900 -0.075739
vt 0.637818 -0.102059
vt 0.637818 -0.100129
vt 0.623736 -0.075739
vt 0.627366 -0.071413
vt 0.633314 -0.071494
vt 0.621805 -0.081046
vt 0.626026 -0.088006
vt 0.623736 -0.075739
vt 0.556524 -0.938933
vt 0.535994 -0.875185
vt 0.637818 -0.100129
vt 0.643379 -0.099149
vt 0.661189 -0.876096
vt 0.641913 -0.101337
vt 0.661189 -0.402047
vt 0.341693 -0.938932
vt 0.113066 -0.979657
vt 0.902932 -0.749938
vt 0.902932 -0.528303
vt 0.841277 -0.365062
vt 0.327670 -0.957271
vt 0.841437 -0.365449
vt 0.770628 -0.761808
vt 0.615268 -0.123903
vt 0.658845 -0.123903
vt 0.637057 -0.127745
vt 0.586753 -0.034881
vt 0.678006 -0.112841
vt 0.687436 -0.054979
vt 0.579854 -0.053837
vt 0.579854 -0.053837
vt 0.658845 -0.123903
vt 0.617190 -0.009342
vt 0.637057 -0.012706
vt 0.637057 -0.005839
vt 0.637057 -0.122008
vt 0.656923 -0.118506
vt 0.669939 -0.103050
vt 0.694260 -0.053837
vt 0.687360 -0.034881
vt 0.674393 -0.108419
vt 0.619560 -0.111933
vt 0.592754 -0.038284
vt 0.678006 -0.112841
vt 0.687360 -0.092966
vt 0.637057 -0.127745
vt 0.617190 -0.118506
vt 0.592754 -0.038284
vt 0.586753 -0.034881
vt 0.617190 -0.118506
vt 0.841997 -0.364675
vt 0.160864 -0.287715
vt 0.142906 -0.977089
vt 0.132315 -0.281976
vt 0.167156 -0.970977
vt 0.047756 -0.283312
vt 0.066737 -0.287587
vt 0.160863 -0.971874
vt 0.072433 -0.282009
vt 0.066902 -0.279970
vt 0.846740 -0.365822
vt 0.846740 -0.365822
vt 0.846740 -0.365822
vt 0.846740 -0.365822
vt 0.366972 -0.017816
vt 0.367702 -0.056204
vt 0.378053 -0.082707
vt 0.449398 -0.737052
vt 0.924769 -0.002620
vt 0.964161 -0.002784
vt 0.938287 -0.002690
vt 0.963968 -0.013608
vt 0.658020 -0.006267
vt 0.976812 -0.002796
vt 0.924109 -0.013422
vt 0.697417 -0.053219
vt 0.524361 -0.260112
vt 0.532999 -0.254666
vt 0.507775 -0.250028
vt 0.534923 -0.172364
vt 0.524270 -0.199562
vt 0.535649 -0.132967
vt 0.443506 -0.730585
vt 0.743738 -0.002747
vt 0.757356 -0.013501
vt 0.864133 -0.002383
vt 0.731138 -0.013608
vt 0.937750 -0.013501
vt 0.951368 -0.002747
vt 0.731138 -0.013608
vt 0.756819 -0.002690
vt 0.910668 -0.002547
vt 0.690137 -0.094508
vt 0.847553 -0.013139
vt 0.814781 -0.002420
vt 0.864133 -0.002383
vt 0.770337 -0.002620
vt 0.784438 -0.002547
vt 0.743738 -0.002747
vt 0.879316 -0.520739
vt 0.730945 -0.002784
vt 0.895174 -0.013260
vt 0.963968 -0.013608
vt 0.063808 -0.977195
vt 0.799583 -0.876097
vt 0.895174 -0.013260
vt 0.382269 -0.244619
vt 0.365288 -0.238214
vt 0.730945 -0.002784
vt 0.964161 -0.002784
vt 0.592754 -0.038284
vt 0.576696 -0.053219
vt 0.066736 -0.972000
vt 0.658020 -0.121457
vt 0.690137 -0.033217
vt 0.799932 -0.013260
vt 0.494503 -0.301114
vt 0.616094 -0.006267
vt 0.770997 -0.013422
vt 0.451512 -0.232800
vt 0.814781 -0.002420
vt 0.815339 -0.013195
vt 0.938287 -0.002690
vt 0.378309 -0.256712
vt 0.616094 -0.121457
vt 0.895867 -0.002477
vt 0.976812 -0.002796
vt 0.583977 -0.094508
vt 0.047891 -0.978058
vt 0.799584 -0.402049
vt 0.847553 -0.002371
vt 0.655058 -0.623345
vt 0.847553 -0.013139
vt 0.047755 -0.976275
vt 0.451512 -0.232800
vt 0.448268 -0.232503
vt 0.637057 -0.125153
vt 0.368679 -0.252481
vt 0.847553 -0.002371
vt 0.418311 -0.241164
vt 0.879316 -0.742374
vt 0.799239 -0.002477
vt 0.618211 -0.623344
vt 0.616094 -0.006267
vt 0.879316 -0.535867
vt 0.576696 -0.053219
vt 0.448268 -0.232503
vt 0.830973 -0.002383
vt 0.895867 -0.002477
vt 0.583977 -0.033217
vt 0.770337 -0.002620
vt 0.690137 -0.094508
vt 0.910668 -0.002547
vt 0.652303 -0.513690
vt 0.474520 -0.295273
vt 0.637057 -0.002571
vt 0.846677 -0.370203
vt 0.484785 -0.353499
vt 0.684504 -0.992434
vt 0.846677 -0.370203
vt 0.473161 -0.351776
vt 0.715713 -0.989347
vt 0.704189 -0.992669
vt 0.487595 -0.658891
vt 0.509292 -0.696385
vt 0.530935 -0.737745
vt 0.334655 -0.991289
vt 0.342959 -0.987170
vt 0.872176 -0.235696
vt 0.869731 -0.260316
vt 0.906577 -0.260483
vt 0.347330 -0.989616
vt 0.884893 -0.235758
vt 0.912056 -0.235913
vt 0.881277 -0.260363
vt 0.869731 -0.260316
vt 0.893445 -0.260421
vt 0.858556 -0.260285
vt 0.845638 -0.366767
vt 0.674300 -0.652126
vt 0.060525 -0.394910
vt 0.845638 -0.366766
vt 0.268958 -0.739659
vt 0.046838 -0.296140
vt 0.893445 -0.260421
vt 0.614260 -0.146690
vt 0.498078 -0.249675
vt 0.515450 -0.287867
vt 0.898121 -0.235833
vt 0.509364 -0.260114
vt 0.881277 -0.260363
vt 0.646284 -0.073780
vt 0.619520 -0.136290
vt 0.649224 -0.090454
vt 0.604098 -0.127386
vt 0.947570 -0.966161
vt 0.947571 -0.941344
vt 0.813829 -0.260363
vt 0.825375 -0.260316
vt 0.859785 -0.235656
vt 0.399343 -0.252107
vt 0.379076 -0.284948
vt 0.858556 -0.260285
vt 0.966097 -0.926172
vt 0.847553 -0.260274
vt 0.378985 -0.266183
vt 0.557636 -0.989606
vt 0.573554 -0.991255
vt 0.900166 -0.926172
vt 0.586678 -0.072745
vt 0.579854 -0.074010
vt 0.586678 -0.072745
vt 0.268985 -0.524730
vt 0.268985 -0.515321
vt 0.576696 -0.074505
vt 0.268985 -0.744363
vt 0.268985 -0.734954
vt 0.586678 -0.054979
vt 0.918692 -0.941344
vt 0.937628 -0.260589
vt 0.921130 -0.260541
vt 0.654553 -0.015791
vt 0.637057 -0.012706
vt 0.586678 -0.054979
vt 0.918692 -0.966161
vt 0.822930 -0.235696
vt 0.942715 -0.236051
vt 0.637057 -0.005839
vt 0.637057 -0.002571
vt 0.637057 -0.012706
vt 0.654553 -0.015791
vt 0.597659 -0.110814
vt 0.604174 -0.024675
vt 0.676454 -0.016910
vt 0.314379 -0.353478
vt 0.326930 -0.364155
vt 0.921130 -0.260541
vt 0.788529 -0.260483
vt 0.619560 -0.015791
vt 0.335012 -0.162479
vt 0.082038 -0.980167
vt 0.592754 -0.089440
vt 0.314820 -0.378893
vt 0.189595 -0.162479
vt 0.604174 -0.103050
vt 0.599720 -0.108419
vt 0.592754 -0.089440
vt 0.906577 -0.260483
vt 0.681360 -0.038284
vt 0.619560 -0.015791
vt 0.118753 -0.977929
vt 0.599720 -0.019428
vt 0.189595 -0.141197
vt 0.681360 -0.038284
vt 0.604174 -0.024675
vt 0.092073 -0.978038
vt 0.559383 -0.987189
vt 0.604174 -0.103050
vt 0.669939 -0.024675
vt 0.597659 -0.016910
vt 0.796985 -0.235833
vt 0.926884 -0.235989
vt 0.100372 -0.973004
vt 0.669939 -0.024675
vt 0.976812 -0.260630
vt 0.801661 -0.260421
vt 0.956376 -0.260620
vt 0.674393 -0.019428
vt 0.738730 -0.260620
vt 0.846740 -0.365822
vt 0.976812 -0.236105
vt 0.735632 -0.236091
vt 0.718294 -0.260630
vt 0.847096 -0.365779
vt 0.847033 -0.370160
vt 0.956376 -0.260620
vt 0.687436 -0.072745
vt 0.694260 -0.074010
vt 0.302247 -0.957266
vt 0.658020 -0.006267
vt 0.959474 -0.236091
vt 0.669939 -0.024675
vt 0.697417 -0.074505
vt 0.669939 -0.024675
vt 0.687436 -0.072745
vt 0.654553 -0.015791
vt 0.681360 -0.089440
vt 0.937628 -0.260589
vt 0.681360 -0.089440
vt 0.288075 -0.938890
vt 0.846740 -0.365822
vt 0.656923 -0.009342
vt 0.654553 -0.015791
vt 0.699704 -0.532920
vt 0.699704 -0.754555
vt 0.699704 -0.745318
vt 0.846740 -0.365822
vt 0.692780 -0.528301
vt 0.692780 -0.749936
vt 0.708832 -0.749936
vt 0.847096 -0.365779
vt 0.847033 -0.370160
vt 0.687436 -0.072745
vt 0.599720 -0.019428
vt 0.637057 -0.115018
vt 0.687360 -0.034881
vt 0.801661 -0.260421
vt 0.597659 -0.016910
vt 0.669939 -0.103050
vt 0.604174 -0.024675
vt 0.687436 -0.072745
vt 0.674393 -0.108419
vt 0.592754 -0.089440
vt 0.597659 -0.110814
vt 0.592754 -0.089440
vt 0.788529 -0.260483
vt 0.687436 -0.054979
vt 0.604174 -0.024675
vt 0.654553 -0.111933
vt 0.681360 -0.038284
vt 0.681360 -0.089440
vt 0.690137 -0.033217
vt 0.694260 -0.074010
vt 0.658020 -0.121457
vt 0.604174 -0.103050
vt 0.604174 -0.103050
vt 0.637057 -0.115018
vt 0.846740 -0.365822
vt 0.637057 -0.115018
vt 0.654553 -0.111933
vt 0.796985 -0.235833
vt 0.681360 -0.089440
vt 0.654553 -0.111933
vt 0.697417 -0.074505
vt 0.676454 -0.110814
vt 0.411781 -0.658275
vt 0.637057 -0.115018
vt 0.654553 -0.111933
vt 0.637057 -0.125153
vt 0.681360 -0.038284
vt 0.656923 -0.118506
vt 0.619560 -0.111933
vt 0.619560 -0.111933
vt 0.619560 -0.015791
vt 0.637057 -0.122008
vt 0.687436 -0.054979
vt 0.599720 -0.108419
vt 0.619560 -0.015791
vt 0.669939 -0.103050
vt 0.730073 -0.739117
vt 0.586678 -0.054979
vt 0.768222 -0.235989
vt 0.741999 -0.738547
vt 0.738730 -0.260620
vt 0.741999 -0.516912
vt 0.741999 -0.539692
vt 0.730073 -0.517482
vt 0.579854 -0.074010
vt 0.773976 -0.260541
vt 0.654845 -0.983292
vt 0.730073 -0.539121
vt 0.586678 -0.072745
vt 0.752391 -0.236051
vt 0.586678 -0.054979
vt 0.757478 -0.260589
vt 0.576696 -0.074505
vt 0.586678 -0.072745
vt 0.757478 -0.260589
vt 0.572129 -0.349294
vt 0.569373 -0.362394
vt 0.150877 -0.520024
vt 0.669798 -0.294553
vt 0.181171 -0.510959
vt 0.569663 -0.336013
vt 0.181171 -0.748723
vt 0.181171 -0.529090
vt 0.181148 -0.520025
vt 0.583262 -0.351455
vt 0.181148 -0.739658
vt 0.181171 -0.730592
vt 0.150877 -0.739658
vt 0.521657 -0.482166
vt 0.167992 -0.963448
vt 0.846677 -0.370203
vt 0.186563 -0.394911
vt 0.847033 -0.370160
vt 0.500658 -0.413404
vt 0.186562 -0.864678
vt 0.174726 -0.963448
vt 0.637057 -0.130903
vt 0.025697 -0.754042
vt 0.500570 -0.458349
vt 0.637057 -0.139688
vt 0.475152 -0.457780
vt 0.174727 -0.296141
vt 0.167993 -0.296141
vt 0.651694 -0.128322
vt 0.036549 -0.864677
vt 0.847096 -0.365779
vt 0.594911 -0.095539
vt 0.582270 -0.093717
vt 0.599994 -0.109506
vt 0.847097 -0.366613
vt 0.847096 -0.365779
vt 0.847096 -0.365779
vt 0.846741 -0.366818
vt 0.847097 -0.366613
vt 0.847096 -0.365779
vt 0.847096 -0.365779
vt 0.846741 -0.366817
vt 0.742046 -0.536845
vt 0.742062 -0.528302
vt 0.730122 -0.528302
vt 0.742046 -0.519759
vt 0.742046 -0.741394
vt 0.742062 -0.749937
vt 0.847033 -0.370160
vt 0.846677 -0.370203
vt 0.730121 -0.749937
vt 0.742046 -0.758479
vt 0.594911 -0.080676
vt 0.588878 -0.056242
vt 0.637057 -0.130903
vt 0.730110 -0.520187
vt 0.618030 -0.136333
vt 0.114719 -0.739657
vt 0.391794 -0.912353
vt 0.601297 -0.126673
vt 0.125349 -0.739657
vt 0.708828 -0.522580
vt 0.609548 -0.120891
vt 0.622420 -0.128322
vt 0.699706 -0.522144
vt 0.622420 -0.128322
vt 0.416342 -0.875307
vt 0.708833 -0.528302
vt 0.920987 -0.543659
vt 0.708828 -0.522580
vt 0.847096 -0.365779
vt 0.599994 -0.066710
vt 0.892444 -0.534295
vt 0.121239 -0.280557
vt 0.672816 -0.041441
vt 0.440253 -0.703412
vt 0.609548 -0.120891
vt 0.622420 -0.047893
vt 0.892458 -0.528303
vt 0.892402 -0.757928
vt 0.892402 -0.536293
vt 0.892402 -0.520314
vt 0.892402 -0.741949
vt 0.599994 -0.109506
vt 0.892444 -0.522311
vt 0.916555 -0.683773
vt 0.916555 -0.683773
vt 0.900205 -0.746053
vt 0.900205 -0.532189
vt 0.651694 -0.047893
vt 0.113067 -0.279931
vt 0.391876 -0.417263
vt 0.618030 -0.031781
vt 0.900675 -0.511283
vt 0.900205 -0.524418
vt 0.664566 -0.055325
vt 0.427782 -0.456365
vt 0.892444 -0.755930
vt 0.900205 -0.753823
vt 0.454711 -0.714225
vt 0.588878 -0.111873
vt 0.672816 -0.126673
vt 0.892444 -0.743946
vt 0.453967 -0.720226
vt 0.440891 -0.720226
vt 0.892458 -0.749938
vt 0.400414 -0.457620
vt 0.674119 -0.109506
vt 0.609548 -0.055325
vt 0.939885 -0.675579
vt 0.437488 -0.714225
vt 0.455551 -0.697877
vt 0.852125 -0.675911
vt 0.852125 -0.675911
vt 0.664566 -0.120891
vt 0.939885 -0.675579
vt 0.679203 -0.080676
vt 0.674119 -0.066710
vt 0.920987 -0.519830
vt 0.237608 -0.739659
vt 0.885033 -0.456148
vt 0.142907 -0.282500
vt 0.679203 -0.095539
vt 0.516306 -0.245411
vt 0.679203 -0.080676
vt 0.474182 -0.244706
vt 0.691843 -0.093717
vt 0.503203 -0.237382
vt 0.531800 -0.242130
vt 0.582270 -0.074397
vt 0.884325 -0.329813
vt 0.691843 -0.074397
vt 0.679203 -0.095539
vt 0.237608 -0.520025
vt 0.637057 -0.028426
vt 0.637057 -0.045312
vt 0.903410 -0.452806
vt 0.651694 -0.047893
vt 0.526131 -0.367794
vt 0.685235 -0.111873
vt 0.570084 -0.361734
vt 0.622420 -0.047893
vt 0.674119 -0.109506
vt 0.594911 -0.095539
vt 0.594911 -0.080676
vt 0.637057 -0.045312
vt 0.656084 -0.031781
vt 0.224985 -0.520025
vt 0.224985 -0.739658
vt 0.452713 -0.275771
vt 0.259617 -0.512108
vt 0.565089 -0.658327
vt 0.430654 -0.318591
vt 0.647369 -0.091769
vt 0.259617 -0.527943
vt 0.581843 -0.623698
vt 0.287274 -0.737113
vt 0.426530 -0.276953
vt 0.259579 -0.514087
vt 0.266533 -0.523876
vt 0.259579 -0.525963
vt 0.259567 -0.520025
vt 0.552996 -0.376444
vt 0.601297 -0.041441
vt 0.553738 -0.348315
vt 0.599994 -0.066710
vt 0.304663 -0.736863
vt 0.609548 -0.055325
vt 0.401825 -0.297108
vt 0.266533 -0.516175
vt 0.286835 -0.623698
vt 0.644052 -0.097514
vt 0.266533 -0.743509
vt 0.259579 -0.745597
vt 0.259579 -0.733721
vt 0.259616 -0.731741
vt 0.634501 -0.099198
vt 0.259616 -0.747576
vt 0.637818 -0.099783
vt 0.633314 -0.096245
vt 0.646284 -0.093958
vt 0.259567 -0.739659
vt 0.615691 -0.623100
vt 0.266533 -0.735809
vt 0.697341 -0.876096
vt 0.900940 -0.909579
vt 0.653952 -0.975766
vt 0.981007 -0.918551
vt 0.425331 -0.737666
vt 0.694764 -0.513691
vt 0.568332 -0.377215
vt 0.036549 -0.394910
vt 0.642423 -0.402047
vt 0.653953 -0.302377
vt 0.583220 -0.412807
vt 0.733543 -0.290406
vt 0.642423 -0.876095
vt 0.981007 -0.918551
vt 0.740267 -0.288807
vt 0.669951 -0.975766
vt 0.025697 -0.505544
vt 0.700771 -0.975766
vt 0.319607 -0.561589
vt 0.712514 -0.402048
vt 0.885256 -0.918551
vt 0.045103 -0.614209
vt 0.567787 -0.434132
vt 0.885256 -0.918551
vt 0.598783 -0.623384
vt 0.470993 -0.737927
vt 0.880298 -0.927410
vt 0.320683 -0.623100
vt 0.552822 -0.377347
vt 0.723539 -0.288933
vt 0.053858 -0.505544
vt 0.979526 -0.911824
vt 0.965323 -0.909580
vt 0.886737 -0.911823
vt 0.669952 -0.302377
vt 0.832432 -0.762244
vt 0.886737 -0.911823
vt 0.979526 -0.911824
vt 0.449312 -0.658708
vt 0.983525 -0.906424
vt 0.804647 -0.759085
vt 0.623736 -0.091999
vt 0.447843 -0.737821
vt 0.358182 -0.912288
vt 0.644052 -0.082656
vt 0.630121 -0.099257
vt 0.648270 -0.071413
vt 0.627366 -0.096325
vt 0.645515 -0.099257
vt 0.648188 -0.084098
vt 0.651900 -0.075739
vt 0.648270 -0.096325
vt 0.643379 -0.068590
vt 0.643379 -0.099149
vt 0.648270 -0.071413
vt 0.645515 -0.080912
vt 0.627448 -0.096072
vt 0.623736 -0.091999
vt 0.988259 -0.477135
vt 0.621805 -0.086693
vt 0.648270 -0.096325
vt 0.390657 -0.695561
vt 0.370130 -0.736914
vt 0.985820 -0.456149
vt 0.986528 -0.329814
vt 0.651900 -0.091999
vt 0.648188 -0.096072
vt 0.626413 -0.090454
vt 0.627366 -0.096325
vt 0.632257 -0.099149
vt 0.632257 -0.068590
vt 0.512575 -0.335098
vt 0.492800 -0.335457
vt 0.345777 -0.875169
vt 0.350178 -0.783965
vt 0.627366 -0.096325
vt 0.334812 -0.434576
vt 0.513452 -0.319165
vt 0.630121 -0.099257
vt 0.632257 -0.099149
vt 0.536407 -0.335494
vt 0.337757 -0.736593
vt 0.329519 -0.378972
vt 0.319550 -0.433437
vt 0.627366 -0.071413
vt 0.633723 -0.078833
vt 0.632257 -0.068590
vt 0.637818 -0.067609
vt 0.630121 -0.080912
vt 0.649224 -0.090454
vt 0.653831 -0.086693
vt 0.653831 -0.081046
vt 0.637818 -0.100129
vt 0.653831 -0.086693
vt 0.632257 -0.099149
vt 0.629353 -0.093958
vt 0.632257 -0.099149
vt 0.637818 -0.100129
vt 0.637818 -0.102059
vt 0.621805 -0.086693
vt 0.653831 -0.081046
vt 0.653831 -0.086693
vt 0.649224 -0.090454
vt 0.653831 -0.081046
vt 0.653831 -0.086693
vt 0.464039 -0.508426
vt 0.330164 -0.046951
vt 0.363171 -0.831467
vt 0.712513 -0.876096
vt 0.013717 -0.047002
vt 0.377259 -0.875257
vt 0.713323 -0.763991
vt 0.159134 -0.047002
vt 0.627366 -0.071413
vt 0.159134 -0.068295
vt 0.184746 -0.047002
vt 0.184746 -0.068295
vt 0.330164 -0.068295
vt 0.694886 -0.764377
vt 0.710653 -0.652126
vt 0.383650 -0.784210
vt 0.330164 -0.047002
vt 0.649610 -0.088006
vt 0.184746 -0.089578
vt 0.630121 -0.080912
vt 0.398103 -0.831557
vt 0.451383 -0.476823
vt 0.641913 -0.078833
vt 0.637818 -0.067609
vt 0.436400 -0.508147
vt 0.450292 -0.508264
vt 0.330164 -0.068295
vt 0.643379 -0.068590
vt 0.330164 -0.047002
vt 0.623736 -0.075739
vt 0.330164 -0.089578
vt 0.013717 -0.089578
vt 0.013717 -0.068295
vt 0.362681 -0.363869
vt 0.713706 -0.302378
vt 0.700772 -0.302377
vt 0.114720 -0.520024
vt 0.301995 -0.912182
vt 0.648188 -0.084098
vt 0.477096 -0.912358
vt 0.104274 -0.753523
vt 0.716453 -0.285637
vt 0.125363 -0.731192
vt 0.449072 -0.535631
vt 0.693401 -0.285505
vt 0.443987 -0.912369
vt 0.150952 -0.751421
vt 0.087359 -0.864677
vt 0.013717 -0.089578
vt 0.150953 -0.508261
vt 0.125363 -0.528490
vt 0.480228 -0.939038
vt 0.114763 -0.750379
vt 0.013717 -0.068295
vt 0.013717 -0.046951
vt 0.653831 -0.081046
vt 0.150952 -0.727894
vt 0.683479 -0.287368
vt 0.807327 -0.402049
vt 0.787934 -0.302378
vt 0.786231 -0.296020
vt 0.765390 -0.290415
vt 0.807327 -0.876097
vt 0.786230 -0.982125
vt 0.780061 -0.981974
vt 0.315939 -0.938890
vt 0.765389 -0.987730
vt 0.125363 -0.511559
vt 0.649610 -0.088006
vt 0.125349 -0.520024
vt 0.814849 -0.513692
vt 0.787933 -0.975767
vt 0.949865 -0.511622
vt 0.949865 -0.483709
vt 0.674593 -0.989028
vt 0.669797 -0.983590
vt 0.345631 -0.379459
vt 0.683478 -0.990775
vt 0.654981 -0.988711
vt 0.697341 -0.402048
vt 0.159134 -0.089578
vt 0.114763 -0.509302
vt 0.103442 -0.505545
vt 0.967442 -0.452806
vt 0.114763 -0.728936
vt 0.330404 -0.912216
vt 0.078259 -0.963447
vt 0.078260 -0.296140
vt 0.087359 -0.394910
vt 0.698601 -0.294588
vt 0.501792 -0.912335
vt 0.369566 -0.400413
vt 0.449724 -0.592932
vt 0.125363 -0.748123
vt 0.814848 -0.764454
vt 0.388472 -0.380131
vt 0.780062 -0.296171
vt 0.565072 -0.534491
vt 0.317406 -0.875103
vt 0.102741 -0.394910
vt 0.102741 -0.864677
vt 0.225007 -0.511049
vt 0.206031 -0.730512
vt 0.655135 -0.287633
vt 0.206103 -0.532220
vt 0.626026 -0.092164
vt 0.150245 -0.505545
vt 0.853692 -0.516225
vt 0.152868 -0.752403
vt 0.853692 -0.540381
vt 0.815903 -0.623346
vt 0.206102 -0.727463
vt 0.557120 -0.282771
vt 0.367744 -0.272665
vt 0.353891 -0.274046
vt 0.867896 -0.519758
vt 0.225007 -0.748635
vt 0.345539 -0.270699
vt 0.867896 -0.536848
vt 0.654982 -0.289432
vt 0.626026 -0.088006
vt 0.542425 -0.281975
vt 0.825643 -0.654799
vt 0.823943 -0.764454
vt 0.148334 -0.645379
vt 0.867829 -0.539696
vt 0.537982 -0.271142
vt 0.225007 -0.529002
vt 0.825643 -0.623346
vt 0.529532 -0.278061
vt 0.823943 -0.513692
vt 0.225007 -0.730682
vt 0.654846 -0.294851
vt 0.867829 -0.516910
vt 0.173810 -0.614210
vt 0.357297 -0.266428
vt 0.667547 -0.289182
vt 0.206031 -0.748805
vt 0.148334 -0.614210
vt 0.206008 -0.739658
vt 0.173810 -0.645379
vt 0.206103 -0.507830
vt 0.206032 -0.510879
vt 0.206102 -0.751853
vt 0.206032 -0.529171
vt 0.206008 -0.520025
vt 0.815903 -0.654799
vt 0.649224 -0.077284
vt 0.621805 -0.081046
vt 0.650788 -0.081582
vt 0.646217 -0.085236
vt 0.581926 -0.562182
vt 0.614614 -0.561588
vt 0.597989 -0.481855
vt 0.626413 -0.090454
vt 0.598321 -0.533696
vt 0.624848 -0.086156
vt 0.867401 -0.766291
vt 0.853264 -0.766976
vt 0.628267 -0.091769
vt 0.832511 -0.759167
vt 0.376266 -0.321171
vt 0.842230 -0.364476
vt 0.867829 -0.738545
vt 0.382846 -0.336823
vt 0.845575 -0.369975
vt 0.545656 -0.562750
vt 0.642322 -0.096245
vt 0.853692 -0.737860
vt 0.546824 -0.624268
vt 0.844769 -0.365163
vt 0.844706 -0.369544
vt 0.644052 -0.097514
vt 0.841997 -0.364342
vt 0.642322 -0.096245
vt 0.842230 -0.364476
vt 0.408998 -0.334314
vt 0.565049 -0.592244
vt 0.867896 -0.741393
vt 0.637818 -0.097039
vt 0.361371 -0.337005
vt 0.842230 -0.364047
vt 0.524406 -0.592695
vt 0.646284 -0.093958
vt 0.641135 -0.080972
vt 0.641135 -0.099198
vt 0.646284 -0.073780
vt 0.845575 -0.369975
vt 0.844706 -0.369544
vt 0.844769 -0.365163
vt 0.060525 -0.864677
vt 0.565244 -0.831357
vt 0.844769 -0.365163
vt 0.582282 -0.737113
vt 0.844769 -0.365163
vt 0.844770 -0.366297
vt 0.642322 -0.071494
vt 0.376608 -0.591672
vt 0.844770 -0.366297
vt 0.068987 -0.754042
vt 0.843712 -0.365198
vt 0.649224 -0.077284
vt 0.355659 -0.507256
vt 0.551958 -0.875142
vt 0.637818 -0.070699
vt 0.402784 -0.508206
vt 0.641135 -0.080972
vt 0.568024 -0.912197
vt 0.642322 -0.071494
vt 0.844769 -0.365163
vt 0.844769 -0.365163
vt 0.379239 -0.482009
vt 0.843712 -0.365197
vt 0.844769 -0.365163
vt 0.489847 -0.969502
vt 0.844769 -0.365163
vt 0.177576 -0.751828
vt 0.142590 -0.394911
vt 0.162843 -0.864678
vt 0.078859 -0.614209
vt 0.154506 -0.296141
vt 0.463381 -0.535728
vt 0.174032 -0.505546
vt 0.416675 -0.592485
vt 0.434650 -0.535559
vt 0.354726 -0.623233
vt 0.419455 -0.535415
vt 0.304138 -0.987178
vt 0.303407 -0.983149
vt 0.845575 -0.369975
vt 0.647369 -0.088401
vt 0.510568 -0.957391
vt 0.098208 -0.645378
vt 0.098208 -0.614209
vt 0.395649 -0.623748
vt 0.629353 -0.073780
vt 0.633314 -0.071494
vt 0.354444 -0.694963
vt 0.085375 -0.505545
vt 0.292032 -0.983161
vt 0.626413 -0.077284
vt 0.372130 -0.695218
vt 0.085531 -0.753945
vt 0.078859 -0.645378
vt 0.533990 -0.969493
vt 0.337815 -0.657305
vt 0.504641 -0.624569
vt 0.478534 -0.535760
vt 0.845575 -0.369975
vt 0.483137 -0.593016
vt 0.844706 -0.369544
vt 0.650788 -0.081582
vt 0.142590 -0.864678
vt 0.634501 -0.080972
vt 0.844706 -0.369544
vt 0.314645 -0.983139
vt 0.637818 -0.070699
vt 0.516121 -0.969503
vt 0.154505 -0.963448
vt 0.631584 -0.082656
vt 0.162844 -0.394911
vt 0.825215 -0.873999
vt 0.979716 -0.562032
vt 0.948678 -0.560734
vt 0.947161 -0.744151
vt 0.978226 -0.744013
vt 0.263707 -0.904173
vt 0.263707 -0.904173
vt 0.263707 -0.904173
vt 0.263707 -0.904173
vt 0.201520 -0.276717
vt 0.950755 -0.706714
vt 0.950871 -0.598279
vt 0.975317 -0.599302
vt 0.975222 -0.706605
vt 0.259327 -0.914743
vt 0.259327 -0.914743
vt 0.259327 -0.914743
vt 0.259327 -0.914743
vt 0.190238 -0.276390
vt 0.190203 -0.277589
vt 0.201485 -0.277917
vt 0.261855 -0.866129
vt 0.261855 -0.866129
vt 0.222717 -0.901768
vt 0.222717 -0.901768
vt 0.225965 -0.904161
vt 0.225965 -0.904161
vt 0.796577 -0.872256
vt 0.256753 -0.872745
vt 0.256753 -0.872745
vt 0.257811 -0.859617
vt 0.258092 -0.872716
vt 0.256723 -0.859640
vt 0.256723 -0.859640
vt 0.257811 -0.859617
vt 0.258092 -0.872716
vt 0.224461 -0.904193
vt 0.224595 -0.916499
vt 0.225642 -0.916476
vt 0.225642 -0.916476
vt 0.224595 -0.916499
vt 0.224461 -0.904193
vt 0.797288 -0.307302
vt 0.525148 -0.045870
vt 0.381406 -0.160311
vt 0.525148 -0.045870
vt 0.381406 -0.160311
vt 0.219563 -0.915391
vt 0.220642 -0.901813
vt 0.220610 -0.915368
vt 0.220610 -0.915368
vt 0.219563 -0.915391
vt 0.261795 -0.852680
vt 0.220642 -0.901813
vt 0.260708 -0.852703
vt 0.261795 -0.852680
vt 0.264012 -0.866082
vt 0.264012 -0.866082
vt 0.260708 -0.852703
vt 0.228022 -0.299890
vt 0.228013 -0.299459
vt 0.253701 -0.299890
vt 0.218225 -0.900933
vt 0.218225 -0.900933
vt 0.856991 -0.972156
vt 0.797301 -0.304888
vt 0.217330 -0.908628
vt 0.218002 -0.908613
vt 0.217413 -0.900951
vt 0.217413 -0.900951
vt 0.217330 -0.908628
vt 0.218002 -0.908613
vt 0.893854 -0.636145
vt 0.904389 -0.639442
vt 0.904872 -0.650721
vt 0.904389 -0.639442
vt 0.904389 -0.639442
vt 0.893854 -0.636145
vt 0.904872 -0.650721
vt 0.893854 -0.636145
vt 0.904872 -0.650721
vt 0.904389 -0.639442
vt 0.904389 -0.639442
vt 0.893854 -0.636145
vt 0.904872 -0.650721
vt 0.893854 -0.636145
vt 0.904872 -0.650721
vt 0.904389 -0.639442
vt 0.904872 -0.650721
vt 0.893854 -0.636145
vt 0.893854 -0.636145
vt 0.904389 -0.639442
vt 0.904389 -0.639442
vt 0.904872 -0.650721
vt 0.893854 -0.636145
vt 0.904872 -0.650721
vt 0.904389 -0.639442
vt 0.893854 -0.636145
vt 0.904389 -0.639442
vt 0.904872 -0.650721
vt 0.893854 -0.636145
vt 0.904389 -0.639442
vt 0.904872 -0.650721
vt 0.893854 -0.636145
vt 0.904389 -0.639442
vt 0.904872 -0.650721
vt 0.904872 -0.650721
vt 0.893854 -0.636145
vt 0.893854 -0.636145
vt 0.904389 -0.639442
vt 0.904389 -0.639442
vt 0.904872 -0.650721
vt 0.893854 -0.636145
vt 0.893854 -0.636145
vt 0.904872 -0.650721
vt 0.904389 -0.639442
vt 0.904389 -0.639442
vt 0.904872 -0.650721
vt 0.904872 -0.650721
vt 0.893854 -0.636145
vt 0.254391 -0.905761
vt 0.254391 -0.905761
vt 0.254391 -0.905761
vt 0.254391 -0.905761
vt 0.913378 -0.642127
vt 0.913444 -0.661725
vt 0.913444 -0.661725
vt 0.913378 -0.642127
vt 0.797287 -0.971180
vt 0.943998 -0.601244
vt 0.944016 -0.707541
vt 0.885782 -0.973294
vt 0.856997 -0.973294
vt 0.885776 -0.972156
vt 0.174730 -0.960166
vt 0.540271 -0.043481
vt 0.540294 -0.038256
vt 0.366259 -0.152697
vt 0.381363 -0.150866
vt 0.525190 -0.036425
vt 0.174731 -0.299758
vt 0.366282 -0.157921
vt 0.540294 -0.038256
vt 0.540271 -0.043481
vt 0.381363 -0.150866
vt 0.366259 -0.152697
vt 0.525190 -0.036425
vt 0.366282 -0.157921
vt 0.862968 -0.657063
vt 0.862474 -0.642425
vt 0.885777 -0.306328
vt 0.885773 -0.304756
vt 0.856988 -0.304755
vt 0.978269 -0.597198
vt 0.174735 -0.297714
vt 0.980714 -0.599670
vt 0.947872 -0.579991
vt 0.255106 -0.903996
vt 0.255106 -0.903996
vt 0.254978 -0.905820
vt 0.255351 -0.914659
vt 0.255351 -0.914659
vt 0.255351 -0.914659
vt 0.255351 -0.914659
vt 0.254978 -0.905820
vt 0.803627 -0.876670
vt 0.796551 -0.876704
vt 0.796587 -0.405701
vt 0.796587 -0.405701
vt 0.228012 -0.960465
vt 0.947726 -0.595920
vt 0.904872 -0.650721
vt 0.904872 -0.650721
vt 0.904872 -0.650721
vt 0.904872 -0.650721
vt 0.904872 -0.650721
vt 0.904872 -0.650721
vt 0.904872 -0.650721
vt 0.904872 -0.650721
vt 0.543391 -0.185159
vt 0.547636 -0.190486
vt 0.870848 -0.642376
vt 0.871342 -0.657014
vt 0.180404 -0.393699
vt 0.870848 -0.642376
vt 0.862968 -0.657063
vt 0.862474 -0.642425
vt 0.978140 -0.724739
vt 0.871342 -0.657014
vt 0.180397 -0.396085
vt 0.871342 -0.657014
vt 0.174741 -0.958902
vt 0.856988 -0.304755
vt 0.979716 -0.562032
vt 0.950871 -0.598279
vt 0.950871 -0.598279
vt 0.979716 -0.562032
vt 0.951510 -0.583011
vt 0.950871 -0.598279
vt 0.947076 -0.724877
vt 0.975290 -0.721886
vt 0.951510 -0.583011
vt 0.950823 -0.721995
vt 0.947872 -0.579991
vt 0.797274 -0.972454
vt 0.797287 -0.971180
vt 0.980624 -0.601837
vt 0.980714 -0.599670
vt 0.249640 -0.698786
vt 0.575290 -0.216758
vt 0.577979 -0.216023
vt 0.190238 -0.276390
vt 0.233503 -0.697661
vt 0.856006 -0.971533
vt 0.856991 -0.972156
vt 0.797287 -0.971180
vt 0.856991 -0.972156
vt 0.796558 -0.872865
vt 0.796549 -0.875334
vt 0.980714 -0.599670
vt 0.980742 -0.599000
vt 0.978269 -0.597198
vt 0.885776 -0.972156
vt 0.260500 -0.370009
vt 0.235246 -0.580561
vt 0.544890 -0.190304
vt 0.545514 -0.183202
vt 0.550064 -0.185785
vt 0.550097 -0.185925
vt 0.268008 -0.576923
vt 0.885777 -0.306328
vt 0.825216 -0.401897
vt 0.825221 -0.404569
vt 0.853474 -0.636381
vt 0.853474 -0.636381
vt 0.853968 -0.651019
vt 0.853474 -0.636381
vt 0.853968 -0.651019
vt 0.853968 -0.651019
vt 0.853968 -0.651019
vt 0.853968 -0.651019
vt 0.853968 -0.651019
vt 0.853474 -0.636381
vt 0.853474 -0.636381
vt 0.853474 -0.636381
vt 0.853474 -0.636381
vt 0.853968 -0.651019
vt 0.853474 -0.636381
vt 0.893854 -0.636145
vt 0.853968 -0.651019
vt 0.253698 -0.960997
vt 0.253704 -0.959870
vt 0.796577 -0.872256
vt 0.825215 -0.873999
vt 0.803642 -0.878335
vt 0.944002 -0.704267
vt 0.944013 -0.706768
vt 0.943998 -0.703494
vt 0.944007 -0.705517
vt 0.944016 -0.707541
vt 0.217413 -0.900951
vt 0.218002 -0.908613
vt 0.218002 -0.908613
vt 0.220642 -0.901813
vt 0.797296 -0.306950
vt 0.980624 -0.601837
vt 0.977980 -0.604096
vt 0.797301 -0.304888
vt 0.797301 -0.304888
vt 0.224461 -0.904193
vt 0.797295 -0.974517
vt 0.797279 -0.974517
vt 0.797295 -0.974517
vt 0.797300 -0.972454
vt 0.797300 -0.972454
vt 0.225642 -0.916476
vt 0.225642 -0.916476
vt 0.174734 -0.962209
vt 0.174742 -0.301021
vt 0.174730 -0.960166
vt 0.975956 -0.584034
vt 0.978910 -0.581289
vt 0.951510 -0.583011
vt 0.975956 -0.584034
vt 0.174731 -0.299758
vt 0.978910 -0.581289
vt 0.978910 -0.581289
vt 0.796552 -0.401863
vt 0.247603 -0.561882
vt 0.796552 -0.404603
vt 0.796552 -0.401863
vt 0.803625 -0.403233
vt 0.855990 -0.974517
vt 0.796552 -0.404603
vt 0.797279 -0.974517
vt 0.551458 -0.172384
vt 0.253701 -0.299890
vt 0.253701 -0.298497
vt 0.260409 -0.562089
vt 0.975317 -0.599302
vt 0.803634 -0.405640
vt 0.803653 -0.406234
vt 0.975317 -0.599302
vt 0.796568 -0.406311
vt 0.975317 -0.599302
vt 0.950871 -0.598279
vt 0.975956 -0.584034
vt 0.948678 -0.560734
vt 0.947872 -0.579991
vt 0.975317 -0.599302
vt 0.948678 -0.560734
vt 0.260269 -0.580418
vt 0.235097 -0.582979
vt 0.235097 -0.582979
vt 0.902854 -0.642189
vt 0.913444 -0.661725
vt 0.903348 -0.656826
vt 0.180412 -0.866896
vt 0.803634 -0.400826
vt 0.191789 -0.866307
vt 0.180412 -0.860948
vt 0.803633 -0.872927
vt 0.803642 -0.872333
vt 0.796558 -0.872865
vt 0.228013 -0.299459
vt 0.856995 -0.306162
vt 0.856006 -0.971533
vt 0.227121 -0.299758
vt 0.856997 -0.973294
vt 0.856012 -0.304888
vt 0.796577 -0.872256
vt 0.796577 -0.872256
vt 0.855991 -0.303966
vt 0.855999 -0.303614
vt 0.797280 -0.303966
vt 0.258092 -0.872716
vt 0.256723 -0.859640
vt 0.256723 -0.859640
vt 0.260708 -0.852703
vt 0.260708 -0.852703
vt 0.264012 -0.866082
vt 0.240393 -0.345172
vt 0.251662 -0.579006
vt 0.228012 -0.960465
vt 0.797288 -0.307302
vt 0.272160 -0.354393
vt 0.269077 -0.364356
vt 0.190264 -0.275419
vt 0.190270 -0.275048
vt 0.251676 -0.579006
vt 0.190164 -0.278560
vt 0.249375 -0.698950
vt 0.227140 -0.300672
vt 0.261626 -0.701551
vt 0.947524 -0.708954
vt 0.220642 -0.901813
vt 0.977980 -0.604096
vt 0.947500 -0.703368
vt 0.947671 -0.597237
vt 0.944083 -0.599222
vt 0.944002 -0.704267
vt 0.227133 -0.301021
vt 0.219563 -0.915391
vt 0.943998 -0.601244
vt 0.944167 -0.597201
vt 0.947437 -0.602818
vt 0.228022 -0.299890
vt 0.947437 -0.602818
vt 0.947519 -0.707635
vt 0.947492 -0.601500
vt 0.944013 -0.706768
vt 0.978094 -0.708818
vt 0.219563 -0.915391
vt 0.219563 -0.915391
vt 0.220610 -0.915368
vt 0.225965 -0.904161
vt 0.225642 -0.916476
vt 0.219563 -0.915391
vt 0.217413 -0.900951
vt 0.217330 -0.908628
vt 0.225965 -0.904161
vt 0.217330 -0.908628
vt 0.217330 -0.908628
vt 0.218002 -0.908613
vt 0.180421 -0.399059
vt 0.217330 -0.908628
vt 0.218225 -0.900933
vt 0.180412 -0.399059
vt 0.218002 -0.908613
vt 0.218225 -0.900933
vt 0.224461 -0.904193
vt 0.224595 -0.916499
vt 0.224595 -0.916499
vt 0.225642 -0.916476
vt 0.224595 -0.916499
vt 0.222717 -0.901768
vt 0.220610 -0.915368
vt 0.224595 -0.916499
vt 0.190224 -0.276389
vt 0.190255 -0.275419
vt 0.190190 -0.277589
vt 0.222717 -0.901768
vt 0.978088 -0.707499
vt 0.947509 -0.705502
vt 0.259319 -0.699232
vt 0.262376 -0.577867
vt 0.978078 -0.705366
vt 0.980630 -0.706439
vt 0.980624 -0.601837
vt 0.265696 -0.699068
vt 0.978035 -0.602778
vt 0.978124 -0.600647
vt 0.947582 -0.599369
vt 0.947494 -0.702050
vt 0.978063 -0.701913
vt 0.978069 -0.703232
vt 0.980620 -0.704270
vt 0.980714 -0.599670
vt 0.856007 -0.306951
vt 0.227126 -0.297714
vt 0.855999 -0.307303
vt 0.978214 -0.598515
vt 0.797296 -0.306950
vt 0.947726 -0.595920
vt 0.978269 -0.597198
vt 0.227133 -0.297365
vt 0.190173 -0.278560
vt 0.190158 -0.278931
vt 0.228015 -0.298496
vt 0.190203 -0.277589
vt 0.241079 -0.580004
vt 0.233497 -0.697620
vt 0.239571 -0.698232
vt 0.862968 -0.657063
vt 0.871342 -0.657014
vt 0.862968 -0.657063
vt 0.543391 -0.185159
vt 0.862968 -0.657063
vt 0.543085 -0.187900
vt 0.544890 -0.190304
vt 0.543391 -0.185159
vt 0.550097 -0.185925
vt 0.544890 -0.190304
vt 0.853968 -0.651019
vt 0.862474 -0.642425
vt 0.853968 -0.651019
vt 0.861847 -0.636332
vt 0.862474 -0.642425
vt 0.862342 -0.650970
vt 0.862342 -0.650970
vt 0.862342 -0.650970
vt 0.853968 -0.651019
vt 0.862968 -0.657063
vt 0.862342 -0.650970
vt 0.853474 -0.636381
vt 0.853968 -0.651019
vt 0.853968 -0.651019
vt 0.862342 -0.650970
vt 0.862342 -0.650970
vt 0.862342 -0.650970
vt 0.861847 -0.636332
vt 0.861847 -0.636332
vt 0.862342 -0.650970
vt 0.862342 -0.650970
vt 0.853968 -0.651019
vt 0.862342 -0.650970
vt 0.861847 -0.636332
vt 0.862342 -0.650970
vt 0.861847 -0.636332
vt 0.853968 -0.651019
vt 0.853474 -0.636381
vt 0.862342 -0.650970
vt 0.862342 -0.650970
vt 0.853968 -0.651019
vt 0.861847 -0.636332
vt 0.862342 -0.650970
vt 0.861847 -0.636332
vt 0.853968 -0.651019
vt 0.853474 -0.636381
vt 0.862342 -0.650970
vt 0.853474 -0.636381
vt 0.862342 -0.650970
vt 0.862342 -0.650970
vt 0.853968 -0.651019
vt 0.853968 -0.651019
vt 0.861847 -0.636332
vt 0.861847 -0.636332
vt 0.862342 -0.650970
vt 0.862342 -0.650970
vt 0.862342 -0.650970
vt 0.861847 -0.636332
vt 0.853474 -0.636381
vt 0.862342 -0.650970
vt 0.862342 -0.650970
vt 0.862342 -0.650970
vt 0.861847 -0.636332
vt 0.853968 -0.651019
vt 0.853968 -0.651019
vt 0.853968 -0.651019
vt 0.853968 -0.651019
vt 0.861847 -0.636332
vt 0.862342 -0.650970
vt 0.862342 -0.650970
vt 0.862342 -0.650970
vt 0.862342 -0.650970
vt 0.861847 -0.636332
vt 0.862342 -0.650970
vt 0.862342 -0.650970
vt 0.861847 -0.636332
vt 0.862342 -0.650970
vt 0.861847 -0.636332
vt 0.853474 -0.636381
vt 0.853474 -0.636381
vt 0.853968 -0.651019
vt 0.861847 -0.636332
vt 0.796586 -0.877803
vt 0.796577 -0.878412
vt 0.796577 -0.878412
vt 0.249732 -0.370296
vt 0.796586 -0.877803
vt 0.237313 -0.355257
vt 0.240885 -0.365062
vt 0.253704 -0.961592
vt 0.253698 -0.960997
vt 0.856011 -0.973595
vt 0.853474 -0.636381
vt 0.241065 -0.580042
vt 0.862342 -0.650970
vt 0.862342 -0.650970
vt 0.239554 -0.698257
vt 0.861847 -0.636332
vt 0.235232 -0.580663
vt 0.855998 -0.974870
vt 0.825227 -0.875929
vt 0.853474 -0.636381
vt 0.861847 -0.636332
vt 0.228018 -0.961592
vt 0.268584 -0.344463
vt 0.191778 -0.862861
vt 0.259742 -0.339384
vt 0.263751 -0.579569
vt 0.903348 -0.656826
vt 0.255425 -0.701653
vt 0.248974 -0.339666
vt 0.913444 -0.661725
vt 0.258118 -0.580493
vt 0.903348 -0.656826
vt 0.903348 -0.656826
vt 0.913444 -0.661725
vt 0.913378 -0.642127
vt 0.902854 -0.642189
vt 0.913378 -0.642127
vt 0.227132 -0.962559
vt 0.913444 -0.661725
vt 0.816412 -0.874263
vt 0.825224 -0.874263
vt 0.199660 -0.395023
vt 0.227125 -0.962210
vt 0.174090 -0.861476
vt 0.228018 -0.961592
vt 0.199657 -0.395496
vt 0.174085 -0.862565
vt 0.180404 -0.861537
vt 0.247604 -0.581789
vt 0.255655 -0.581042
vt 0.587090 -0.208173
vt 0.538381 -0.200661
vt 0.540469 -0.184244
vt 0.234743 -0.561533
vt 0.239698 -0.582623
vt 0.247593 -0.581901
vt 0.247582 -0.561824
vt 0.191789 -0.861537
vt 0.199657 -0.863333
vt 0.199663 -0.862599
vt 0.247593 -0.581901
vt 0.545999 -0.215402
vt 0.560410 -0.222822
vt 0.581559 -0.177008
vt 0.576106 -0.220064
vt 0.589172 -0.191722
vt 0.234738 -0.561594
vt 0.239698 -0.582623
vt 0.239647 -0.561687
vt 0.260420 -0.562015
vt 0.567151 -0.169613
vt 0.904389 -0.639442
vt 0.904389 -0.639442
vt 0.255655 -0.581042
vt 0.255524 -0.562027
vt 0.904872 -0.650721
vt 0.540294 -0.038256
vt 0.525190 -0.036425
vt 0.525190 -0.036425
vt 0.257811 -0.859617
vt 0.258092 -0.872716
vt 0.257811 -0.859617
vt 0.257811 -0.859617
vt 0.256723 -0.859640
vt 0.257811 -0.859617
vt 0.256753 -0.872745
vt 0.256723 -0.859640
vt 0.540294 -0.038256
vt 0.256753 -0.872745
vt 0.540271 -0.043481
vt 0.540271 -0.043481
vt 0.381406 -0.160311
vt 0.366282 -0.157921
vt 0.366282 -0.157921
vt 0.260708 -0.852703
vt 0.264012 -0.866082
vt 0.260708 -0.852703
vt 0.261795 -0.852680
vt 0.261855 -0.866129
vt 0.261795 -0.852680
vt 0.904389 -0.639442
vt 0.904389 -0.639442
vt 0.261855 -0.866129
vt 0.904389 -0.639442
vt 0.904389 -0.639442
vt 0.904872 -0.650721
vt 0.904389 -0.639442
vt 0.904872 -0.650721
vt 0.904389 -0.639442
vt 0.904872 -0.650721
vt 0.904389 -0.639442
vt 0.904389 -0.639442
vt 0.904872 -0.650721
vt 0.227120 -0.960166
vt 0.227132 -0.958903
vt 0.904389 -0.639442
vt 0.228018 -0.959870
vt 0.904389 -0.639442
vt 0.904389 -0.639442
vt 0.904872 -0.650721
vt 0.904389 -0.639442
vt 0.893854 -0.636145
vt 0.904389 -0.639442
vt 0.904389 -0.639442
vt 0.904389 -0.639442
vt 0.904872 -0.650721
vt 0.904389 -0.639442
vt 0.540294 -0.038256
vt 0.904872 -0.650721
vt 0.796587 -0.400764
vt 0.796593 -0.401863
vt 0.796593 -0.401863
vt 0.816407 -0.401303
vt 0.796587 -0.400764
vt 0.540271 -0.043481
vt 0.540271 -0.043481
vt 0.381406 -0.160311
vt 0.366282 -0.157921
vt 0.366282 -0.157921
vt 0.174085 -0.865280
vt 0.180398 -0.865246
vt 0.796593 -0.876704
vt 0.796578 -0.400154
vt 0.796593 -0.404603
vt 0.796593 -0.404603
vt 0.816385 -0.401303
vt 0.816412 -0.876405
vt 0.796551 -0.876704
vt 0.796593 -0.876704
vt 0.796578 -0.400154
vt 0.796595 -0.875334
vt 0.796593 -0.873964
vt 0.796593 -0.873964
vt 0.796596 -0.403233
vt 0.796568 -0.406311
vt 0.796568 -0.400154
vt 0.796595 -0.875334
vt 0.797275 -0.304888
vt 0.796586 -0.872865
vt 0.796586 -0.872865
vt 0.797280 -0.306950
vt 0.816399 -0.872927
vt 0.796568 -0.400154
vt 0.797280 -0.303966
vt 0.796596 -0.403233
vt 0.174083 -0.863922
vt 0.540294 -0.038256
vt 0.525190 -0.036425
vt 0.525190 -0.036425
vt 0.525148 -0.045870
vt 0.525190 -0.036425
vt 0.525190 -0.036425
vt 0.239710 -0.582485
vt 0.247604 -0.581789
vt 0.235114 -0.582883
vt 0.239710 -0.582485
vt 0.239663 -0.561708
vt 0.255641 -0.581084
vt 0.255641 -0.581084
vt 0.260241 -0.580489
vt 0.260269 -0.580418
vt 0.260241 -0.580489
vt 0.235114 -0.582883
vt 0.255505 -0.561999
vt 0.255106 -0.903996
vt 0.255106 -0.903996
vt 0.254978 -0.905820
vt 0.255106 -0.903996
vt 0.254978 -0.905820
vt 0.255106 -0.903996
vt 0.259327 -0.914743
vt 0.255351 -0.914659
vt 0.255351 -0.914659
vt 0.254391 -0.905761
vt 0.255351 -0.914659
vt 0.255351 -0.914659
vt 0.259327 -0.914743
vt 0.255351 -0.914659
vt 0.255351 -0.914659
vt 0.254391 -0.905761
vt 0.255351 -0.914659
vt 0.255351 -0.914659
vt 0.885771 -0.305190
vt 0.816412 -0.404304
vt 0.199663 -0.865246
vt 0.202475 -0.396085
vt 0.885776 -0.973894
vt 0.825227 -0.403827
vt 0.199657 -0.864512
vt 0.828367 -0.403233
vt 0.199668 -0.397408
vt 0.825227 -0.402638
vt 0.202475 -0.863922
vt 0.885776 -0.973894
vt 0.885782 -0.973294
vt 0.885782 -0.973294
vt 0.856991 -0.973894
vt 0.578762 -0.210695
vt 0.885770 -0.972757
vt 0.816399 -0.877741
vt 0.825220 -0.876670
vt 0.825215 -0.876670
vt 0.828366 -0.875334
vt 0.577979 -0.216023
vt 0.573658 -0.209767
vt 0.572874 -0.215090
vt 0.573658 -0.209767
vt 0.560366 -0.219305
vt 0.577979 -0.216023
vt 0.199660 -0.397146
vt 0.191797 -0.398470
vt 0.191783 -0.397997
vt 0.560366 -0.219305
vt 0.191777 -0.396085
vt 0.572234 -0.212334
vt 0.556733 -0.212607
vt 0.572234 -0.212334
vt 0.575290 -0.216758
vt 0.561714 -0.214106
vt 0.572874 -0.215090
vt 0.559529 -0.212386
vt 0.561714 -0.214106
vt 0.556733 -0.212607
vt 0.562097 -0.217115
vt 0.555384 -0.217803
vt 0.559529 -0.212386
vt 0.557621 -0.219728
vt 0.555384 -0.217803
vt 0.557621 -0.219728
vt 0.555053 -0.214997
vt 0.562097 -0.217115
vt 0.555053 -0.214997
vt 0.579454 -0.213649
vt 0.576399 -0.209233
vt 0.576399 -0.209233
vt 0.575290 -0.216758
vt 0.579454 -0.213649
vt 0.578762 -0.210695
vt 0.581050 -0.199534
vt 0.560608 -0.194348
vt 0.581260 -0.194161
vt 0.561549 -0.199654
vt 0.560608 -0.194348
vt 0.566623 -0.198752
vt 0.566623 -0.198752
vt 0.565681 -0.193445
vt 0.586421 -0.194487
vt 0.586210 -0.199861
vt 0.581260 -0.194161
vt 0.586210 -0.199861
vt 0.547086 -0.201311
vt 0.547086 -0.201311
vt 0.544397 -0.208346
vt 0.542351 -0.203377
vt 0.549133 -0.206279
vt 0.544397 -0.208346
vt 0.547160 -0.208227
vt 0.547160 -0.208227
vt 0.549133 -0.206279
vt 0.549060 -0.203245
vt 0.544264 -0.201191
vt 0.549060 -0.203245
vt 0.542364 -0.206169
vt 0.542351 -0.203377
vt 0.544264 -0.201191
vt 0.542364 -0.206169
vt 0.581050 -0.199534
vt 0.584342 -0.194257
vt 0.587841 -0.198284
vt 0.584342 -0.194257
vt 0.574093 -0.179054
vt 0.574093 -0.179054
vt 0.561549 -0.199654
vt 0.560058 -0.197311
vt 0.564310 -0.200421
vt 0.564310 -0.200421
vt 0.583914 -0.193336
vt 0.586421 -0.194487
vt 0.587413 -0.197360
vt 0.587413 -0.197360
vt 0.574457 -0.184406
vt 0.583914 -0.193336
vt 0.579608 -0.184127
vt 0.587841 -0.198284
vt 0.579608 -0.184127
vt 0.565681 -0.193445
vt 0.567232 -0.196032
vt 0.579244 -0.178775
vt 0.562980 -0.192925
vt 0.562980 -0.192925
vt 0.557712 -0.174534
vt 0.560058 -0.197311
vt 0.567232 -0.196032
vt 0.557712 -0.174534
vt 0.563721 -0.178905
vt 0.558649 -0.179812
vt 0.563721 -0.178905
vt 0.562784 -0.173627
vt 0.550064 -0.185785
vt 0.550064 -0.185785
vt 0.543085 -0.187900
vt 0.550097 -0.185925
vt 0.547636 -0.190486
vt 0.547636 -0.190486
vt 0.543085 -0.187900
vt 0.545514 -0.183202
vt 0.545514 -0.183202
vt 0.543391 -0.185159
vt 0.577140 -0.185510
vt 0.577140 -0.185510
vt 0.573241 -0.181925
vt 0.576627 -0.177950
vt 0.574457 -0.184406
vt 0.579244 -0.178775
vt 0.557164 -0.177507
vt 0.561413 -0.180595
vt 0.576627 -0.177950
vt 0.580526 -0.181532
vt 0.558649 -0.179812
vt 0.573241 -0.181925
vt 0.580526 -0.181532
vt 0.561413 -0.180595
vt 0.564337 -0.176223
vt 0.560089 -0.173138
vt 0.562784 -0.173627
vt 0.560089 -0.173138
vt 0.885783 -0.305727
vt 0.885780 -0.304756
vt 0.564337 -0.176223
vt 0.856998 -0.305190
vt 0.557164 -0.177507
vt 0.885780 -0.304756
vt 0.885773 -0.304756
vt 0.885783 -0.305727
vt 0.431762 0.678141
vt 0.426127 0.685898
vt 0.422643 0.681104
vt 0.422643 0.675178
vt 0.426127 0.670384
vt 0.431762 0.668553
vt 0.437398 0.670384
vt 0.440881 0.675178
vt 0.431762 0.687729
vt 0.440881 0.681104
vt 0.437398 0.685898
vt 0.422174 0.691338
vt 0.422643 0.690692
vt 0.416248 0.683182
vt 0.417008 0.682935
vt 0.416248 0.673100
vt 0.422174 0.664944
vt 0.417008 0.673347
vt 0.431762 0.661829
vt 0.422643 0.665590
vt 0.431762 0.662627
vt 0.441350 0.664944
vt 0.447276 0.673100
vt 0.440881 0.665590
vt 0.446517 0.673347
vt 0.447276 0.683182
vt 0.440881 0.690692
vt 0.431762 0.693655
vt 0.431762 0.694453
vt 0.441350 0.691338
vt 0.446517 0.682935
vt 0.422174 0.691338
vt 0.416248 0.683182
vt 0.416248 0.673100
vt 0.422174 0.664944
vt 0.431762 0.661829
vt 0.441350 0.664944
vt 0.447276 0.673100
vt 0.431762 0.694453
vt 0.431762 0.678141
vt 0.447276 0.683182
vt 0.441350 0.691338
vt 0.299442 0.664832
vt 0.288525 0.681170
vt 0.272187 0.692086
vt 0.252915 0.695920
vt 0.233643 0.692086
vt 0.217305 0.681170
vt 0.206389 0.664832
vt 0.202555 0.645560
vt 0.206389 0.626288
vt 0.217305 0.609950
vt 0.233643 0.599034
vt 0.252915 0.595200
vt 0.272187 0.599034
vt 0.303275 0.645560
vt 0.288525 0.609950
vt 0.299442 0.626288
vt 0.252915 0.645560
vt 0.299442 0.664832
vt 0.288525 0.681170
vt 0.272187 0.692086
vt 0.252915 0.695920
vt 0.233643 0.692086
vt 0.217305 0.681170
vt 0.206389 0.664832
vt 0.202555 0.645560
vt 0.206389 0.626288
vt 0.217305 0.609950
vt 0.233643 0.599034
vt 0.252915 0.595200
vt 0.272187 0.599034
vt 0.288525 0.609950
vt 0.303275 0.645560
vt 0.252915 0.645560
vt 0.299442 0.626288
vt 0.431762 0.678141
vt 0.426127 0.685898
vt 0.422643 0.681104
vt 0.422643 0.675178
vt 0.426127 0.670384
vt 0.431762 0.668553
vt 0.437398 0.670384
vt 0.440881 0.675178
vt 0.431762 0.687729
vt 0.440881 0.681104
vt 0.437398 0.685898
vt 0.422174 0.691338
vt 0.422643 0.690692
vt 0.416248 0.683182
vt 0.417008 0.682935
vt 0.416248 0.673100
vt 0.422174 0.664944
vt 0.417008 0.673347
vt 0.422643 0.665590
vt 0.431762 0.661829
vt 0.441350 0.664944
vt 0.431762 0.662627
vt 0.447276 0.673100
vt 0.440881 0.665590
vt 0.446517 0.673347
vt 0.447276 0.683182
vt 0.441350 0.691338
vt 0.440881 0.690692
vt 0.446517 0.682935
vt 0.431762 0.693655
vt 0.431762 0.694453
vt 0.422174 0.691338
vt 0.416248 0.683182
vt 0.416248 0.673100
vt 0.422174 0.664944
vt 0.431762 0.661829
vt 0.441350 0.664944
vt 0.447276 0.673100
vt 0.431762 0.678141
vt 0.447276 0.683182
vt 0.441350 0.691338
vt 0.431762 0.694453
vt 0.299442 0.664832
vt 0.288525 0.681170
vt 0.272187 0.692086
vt 0.252915 0.695920
vt 0.233643 0.692086
vt 0.217305 0.681170
vt 0.206389 0.664832
vt 0.202555 0.645560
vt 0.206389 0.626288
vt 0.217305 0.609950
vt 0.233643 0.599034
vt 0.252915 0.595200
vt 0.272187 0.599034
vt 0.252915 0.645560
vt 0.288525 0.609950
vt 0.299442 0.626288
vt 0.303275 0.645560
vt 0.299442 0.664832
vt 0.288525 0.681170
vt 0.272187 0.692086
vt 0.252915 0.695920
vt 0.233643 0.692086
vt 0.217305 0.681170
vt 0.206389 0.664832
vt 0.202555 0.645560
vt 0.206389 0.626288
vt 0.217305 0.609950
vt 0.233643 0.599034
vt 0.252915 0.595200
vt 0.272187 0.599034
vt 0.288525 0.609950
vt 0.303275 0.645560
vt 0.252915 0.645560
vt 0.299442 0.626288
vt 0.853817 -0.361721
vt 0.858493 -0.349228
vt 0.852842 -0.346478
vt 0.856804 -0.359075
vt 0.852446 -0.358891
vt 0.852589 -0.358675
vt 0.852446 -0.358891
vt 0.854150 -0.358579
vt 0.854132 -0.351908
vt 0.852588 -0.358801
vt 0.852588 -0.358801
vt 0.852842 -0.346478
vt 0.853557 -0.344206
vt 0.852589 -0.358675
vt 0.853069 -0.344464
vt 0.853658 -0.359252
vt 0.854150 -0.358579
vt 0.850462 -0.360883
vt 0.850461 -0.361248
vt 0.850570 -0.347895
vt 0.858493 -0.349228
vt 0.852539 -0.350950
vt 0.855034 -0.361294
vt 0.853391 -0.351817
vt 0.850570 -0.347895
vt 0.850461 -0.361248
vt 0.850031 -0.347092
vt 0.850462 -0.360883
vt 0.850461 -0.361248
vt 0.850462 -0.360883
vt 0.855031 -0.361707
vt 0.855033 -0.361397
vt 0.858870 -0.349520
vt 0.858977 -0.350012
vt 0.857160 -0.350664
vt 0.857731 -0.350778
vt 0.858339 -0.359640
vt 0.854797 -0.352140
vt 0.852511 -0.344861
vt 0.853817 -0.361721
vt 0.852586 -0.345496
vt 0.854150 -0.358579
vt 0.854444 -0.361712
vt 0.854444 -0.361712
vt 0.853817 -0.361721
vt 0.854444 -0.361402
vt 0.857640 -0.359715
vt 0.855604 -0.350436
vt 0.856312 -0.359693
vt 0.857640 -0.359715
vt 0.858131 -0.359099
vt 0.853118 -0.361377
vt 0.852589 -0.358675
vt 0.853118 -0.361274
vt 0.857731 -0.350778
vt 0.858737 -0.359083
vt 0.853715 -0.348160
vt 0.857921 -0.350116
vt 0.854689 -0.349609
vt 0.856312 -0.359693
vt 0.854445 -0.361299
vt 0.858131 -0.359099
vt 0.858737 -0.359083
vt 0.853069 -0.347656
vt 0.852511 -0.344861
vt 0.852446 -0.358891
vt 0.557965 0.045084
vt 0.403667 0.135782
vt 0.577845 0.051836
vt 0.419074 0.146403
vt 0.576653 0.051836
vt 0.419200 0.146397
vt 0.619011 0.089548
vt 0.420224 0.147045
vt 0.578201 0.053623
vt 0.408374 0.138982
vt 0.274678 0.469332
vt 0.565032 0.615281
vt 0.489258 0.551568
vt 0.559412 0.045084
vt 0.403872 0.135771
vt 0.421705 0.148198
vt 0.615095 0.079670
vt 0.548683 0.551625
vt 0.525824 0.615361
vt 0.505435 0.615336
vt 0.546317 0.615337
vt 0.490533 0.465666
vt 0.572630 0.090005
vt 0.603674 0.081775
vt 0.615449 0.092022
vt 0.559412 0.045084
vt 0.403872 0.135771
vt 0.552797 0.043971
vt 0.552797 0.043971
vt 0.578201 0.053623
vt 0.576683 0.053623
vt 0.414720 0.143566
vt 0.406326 0.423544
vt 0.419074 0.146403
vt 0.420224 0.147045
vt 0.413841 0.429083
vt 0.570856 0.028692
vt 0.412949 0.429083
vt 0.577845 0.051836
vt 0.413397 0.439786
vt 0.406080 0.417597
vt 0.550473 0.043971
vt 0.573184 0.028692
vt 0.550473 0.043971
vt 0.420530 0.147296
vt 0.617195 0.084609
vt 0.616102 0.082411
vt 0.615250 0.105678
vt 0.618721 0.088570
vt 0.615581 0.080648
vt 0.589904 0.070277
vt 0.412948 0.377399
vt 0.617845 0.086807
vt 0.411956 0.141530
vt 0.414026 0.403241
vt 0.589904 0.129686
vt 0.417891 0.145632
vt 0.415245 0.143605
vt 0.413841 0.377399
vt 0.413397 0.366695
vt 0.406326 0.382938
vt 0.406577 0.388884
vt 0.406577 0.417597
vt 0.406680 0.403241
vt 0.409838 0.139905
vt 0.257028 0.482994
vt 0.253312 0.481442
vt 0.255419 0.482275
vt 0.562935 0.465667
vt 0.252439 0.481031
vt 0.567398 0.551569
vt 0.563419 0.048209
vt 0.570025 0.052009
vt 0.561695 0.048209
vt 0.569958 0.047993
vt 0.544620 0.465723
vt 0.413063 0.142077
vt 0.570978 0.047993
vt 0.407480 0.138547
vt 0.403667 0.135782
vt 0.557965 0.045084
vt 0.561640 0.044988
vt 0.406150 0.137353
vt 0.576653 0.051836
vt 0.419200 0.146397
vt 0.412728 0.142095
vt 0.408034 0.138518
vt 0.419939 0.147060
vt 0.415312 0.143535
vt 0.571783 0.052009
vt 0.405961 0.137363
vt 0.562777 0.044988
vt 0.730021 0.439786
vt 0.589429 0.120986
vt 0.746511 0.129686
vt 0.712576 0.154247
vt 0.746036 0.120985
vt 0.585940 0.080940
vt 0.614365 0.105678
vt 0.638395 0.102003
vt 0.614365 0.105678
vt 0.585940 0.080940
vt 0.583319 0.113909
vt 0.769535 0.152232
vt 0.601056 0.114744
vt 0.571546 0.103662
vt 0.637028 0.102003
vt 0.412764 0.403241
vt 0.412948 0.377399
vt 0.405977 0.403241
vt 0.257028 0.482994
vt 0.406080 0.388884
vt 0.279988 0.470830
vt 0.507802 0.551625
vt 0.255419 0.482275
vt 0.526650 0.465748
vt 0.590577 0.099981
vt 0.729575 0.377398
vt 0.508730 0.465723
vt 0.528190 0.551650
vt 0.730020 0.366694
vt 0.278180 0.470237
vt 0.253376 0.481401
vt 0.589231 0.099981
vt 0.275816 0.469570
vt 0.413397 0.366695
vt 0.711209 0.154247
vt 0.712576 0.154247
vt 0.637028 0.102003
vt 0.769535 0.152232
vt 0.573515 0.090005
vt 0.730466 0.377398
vt 0.746511 0.070276
vt 0.572630 0.090005
vt 0.414026 0.403241
vt 0.746993 0.078977
vt 0.586825 0.080940
vt 0.590379 0.078977
vt 0.413841 0.377399
vt 0.550473 0.043971
vt 0.638395 0.102003
vt 0.711209 0.154247
vt 0.552797 0.043971
vt 0.584204 0.113909
vt 0.603674 0.081775
vt 0.730651 0.403240
vt 0.604559 0.081775
vt 0.413841 0.429083
vt 0.412764 0.403241
vt 0.615449 0.092022
vt 0.583319 0.113909
vt 0.601056 0.114744
vt 0.601941 0.114744
vt 0.616334 0.092022
vt 0.572431 0.103662
vt 0.571546 0.103662
vt 0.729390 0.403240
vt 0.413397 0.439786
vt 0.570856 0.028692
vt 0.660076 0.085763
vt 0.745838 0.099981
vt 0.412949 0.429083
vt 0.747191 0.099981
vt 0.746993 0.120985
vt 0.729575 0.429082
vt 0.730466 0.429082
vt 0.590379 0.120986
vt 0.746036 0.078977
vt 0.589429 0.078977
vt 0.573184 0.028692
vt 0.138613 0.429854
vt 0.169692 0.472630
vt 0.200770 0.515406
vt 0.239186 0.462532
vt 0.188899 0.446193
vt 0.239185 0.397176
vt 0.188899 0.413515
vt 0.169692 0.387078
vt 0.200770 0.344302
vt 0.138613 0.324106
vt 0.138613 0.376980
vt 0.107534 0.387078
vt 0.076456 0.344302
vt 0.088327 0.413515
vt 0.038040 0.397176
vt 0.107534 0.472630
vt 0.088327 0.446193
vt 0.138613 0.535602
vt 0.038040 0.462532
vt 0.076456 0.515406
vt 0.138613 0.482728
vt 0.704328 0.543734
vt 0.628576 0.543735
vt 0.628576 0.567228
vt 0.704328 0.567228
vt 0.628576 0.590722
vt 0.704328 0.590722
vt 0.704328 0.614215
vt 0.628577 0.614216
vt 0.704328 0.637709
vt 0.628577 0.637710
vt 0.704328 0.661203
vt 0.628577 0.661204
vt 0.628577 0.684697
vt 0.704328 0.684697
vt 0.704328 0.708191
vt 0.628577 0.708191
vt 0.628576 0.473253
vt 0.704328 0.473253
vt 0.628576 0.496747
vt 0.628576 0.520241
vt 0.704328 0.520240
vt 0.704328 0.496747
vt 0.200770 0.515406
vt 0.239186 0.462532
vt 0.239185 0.397176
vt 0.200770 0.344302
vt 0.138613 0.324106
vt 0.076456 0.344302
vt 0.038040 0.397176
vt 0.038040 0.462532
vt 0.076456 0.515406
vt 0.138613 0.535602
vt 0.138613 0.482728
vt 0.107534 0.387078
vt 0.169692 0.472630
vt 0.088327 0.413515
vt 0.138613 0.376980
vt 0.138613 0.429854
vt 0.088327 0.446193
vt 0.169692 0.387078
vt 0.107534 0.472630
vt 0.188899 0.413515
vt 0.188899 0.446193
vt 0.557965 0.045084
vt 0.403667 0.135782
vt 0.577845 0.051836
vt 0.576653 0.051836
vt 0.419074 0.146403
vt 0.419200 0.146397
vt 0.619011 0.089548
vt 0.420224 0.147045
vt 0.578201 0.053623
vt 0.408374 0.138982
vt 0.274678 0.469332
vt 0.565032 0.615281
vt 0.489258 0.551568
vt 0.403872 0.135771
vt 0.559412 0.045084
vt 0.421705 0.148198
vt 0.615095 0.079670
vt 0.548683 0.551625
vt 0.525824 0.615361
vt 0.546317 0.615337
vt 0.505435 0.615336
vt 0.490533 0.465666
vt 0.572630 0.090005
vt 0.603674 0.081775
vt 0.615449 0.092022
vt 0.403872 0.135771
vt 0.559412 0.045084
vt 0.552797 0.043971
vt 0.552797 0.043971
vt 0.578201 0.053623
vt 0.576683 0.053623
vt 0.414720 0.143566
vt 0.413841 0.429083
vt 0.406326 0.423544
vt 0.419074 0.146403
vt 0.420224 0.147045
vt 0.406080 0.417597
vt 0.412949 0.429083
vt 0.413397 0.439786
vt 0.577845 0.051836
vt 0.570856 0.028692
vt 0.573184 0.028692
vt 0.550473 0.043971
vt 0.550473 0.043971
vt 0.617195 0.084609
vt 0.616102 0.082411
vt 0.618721 0.088570
vt 0.420530 0.147296
vt 0.615250 0.105678
vt 0.589904 0.129686
vt 0.617845 0.086807
vt 0.415245 0.143605
vt 0.589904 0.070277
vt 0.615581 0.080648
vt 0.413841 0.377399
vt 0.412948 0.377399
vt 0.406326 0.382938
vt 0.257028 0.482994
vt 0.417891 0.145632
vt 0.411956 0.141530
vt 0.409838 0.139905
vt 0.413397 0.366695
vt 0.414026 0.403241
vt 0.406577 0.388884
vt 0.406680 0.403241
vt 0.406577 0.417597
vt 0.252439 0.481031
vt 0.255419 0.482275
vt 0.253312 0.481442
vt 0.562935 0.465667
vt 0.561695 0.048209
vt 0.557965 0.045084
vt 0.563419 0.048209
vt 0.407480 0.138547
vt 0.413063 0.142077
vt 0.403667 0.135782
vt 0.544620 0.465723
vt 0.567398 0.551569
vt 0.570025 0.052009
vt 0.570978 0.047993
vt 0.569958 0.047993
vt 0.561640 0.044988
vt 0.406150 0.137353
vt 0.419200 0.146397
vt 0.576653 0.051836
vt 0.419939 0.147060
vt 0.571783 0.052009
vt 0.405961 0.137363
vt 0.562777 0.044988
vt 0.412728 0.142095
vt 0.408034 0.138518
vt 0.415312 0.143535
vt 0.730021 0.439786
vt 0.589429 0.120986
vt 0.746036 0.120985
vt 0.712576 0.154247
vt 0.746511 0.129686
vt 0.571546 0.103662
vt 0.585940 0.080940
vt 0.614365 0.105678
vt 0.769535 0.152232
vt 0.601056 0.114744
vt 0.583319 0.113909
vt 0.638395 0.102003
vt 0.585940 0.080940
vt 0.614365 0.105678
vt 0.637028 0.102003
vt 0.507802 0.551625
vt 0.412764 0.403241
vt 0.279988 0.470830
vt 0.255419 0.482275
vt 0.406080 0.388884
vt 0.405977 0.403241
vt 0.257028 0.482994
vt 0.412948 0.377399
vt 0.275816 0.469570
vt 0.729575 0.377398
vt 0.508730 0.465723
vt 0.730020 0.366694
vt 0.528190 0.551650
vt 0.278180 0.470237
vt 0.589231 0.099981
vt 0.526650 0.465748
vt 0.711209 0.154247
vt 0.253376 0.481401
vt 0.413397 0.366695
vt 0.590577 0.099981
vt 0.769535 0.152232
vt 0.637028 0.102003
vt 0.712576 0.154247
vt 0.746511 0.070276
vt 0.590379 0.078977
vt 0.573515 0.090005
vt 0.552797 0.043971
vt 0.572630 0.090005
vt 0.730466 0.377398
vt 0.413841 0.377399
vt 0.586825 0.080940
vt 0.414026 0.403241
vt 0.550473 0.043971
vt 0.638395 0.102003
vt 0.746993 0.078977
vt 0.711209 0.154247
vt 0.747191 0.099981
vt 0.413841 0.429083
vt 0.412764 0.403241
vt 0.730651 0.403240
vt 0.601056 0.114744
vt 0.583319 0.113909
vt 0.604559 0.081775
vt 0.584204 0.113909
vt 0.603674 0.081775
vt 0.570856 0.028692
vt 0.616334 0.092022
vt 0.573184 0.028692
vt 0.601941 0.114744
vt 0.746993 0.120985
vt 0.590379 0.120986
vt 0.615449 0.092022
vt 0.660076 0.085763
vt 0.746036 0.078977
vt 0.412949 0.429083
vt 0.572431 0.103662
vt 0.571546 0.103662
vt 0.729575 0.429082
vt 0.589429 0.078977
vt 0.729390 0.403240
vt 0.413397 0.439786
vt 0.730466 0.429082
vt 0.745838 0.099981
vt 0.138613 0.429854
vt 0.169692 0.472630
vt 0.200770 0.515406
vt 0.239186 0.462532
vt 0.188899 0.446193
vt 0.239185 0.397176
vt 0.188899 0.413515
vt 0.169692 0.387078
vt 0.200770 0.344302
vt 0.138613 0.324106
vt 0.138613 0.376980
vt 0.107534 0.387078
vt 0.076456 0.344302
vt 0.038040 0.397176
vt 0.088327 0.413515
vt 0.138613 0.535602
vt 0.107534 0.472630
vt 0.038040 0.462532
vt 0.088327 0.446193
vt 0.076456 0.515406
vt 0.138613 0.482728
vt 0.628576 0.543735
vt 0.704328 0.543734
vt 0.628576 0.567228
vt 0.704328 0.567228
vt 0.704328 0.590722
vt 0.628576 0.590722
vt 0.628577 0.614216
vt 0.704328 0.614215
vt 0.628577 0.637710
vt 0.704328 0.637709
vt 0.704328 0.661203
vt 0.628577 0.661204
vt 0.704328 0.684697
vt 0.704328 0.708191
vt 0.628577 0.684697
vt 0.628577 0.708191
vt 0.628576 0.473253
vt 0.704328 0.473253
vt 0.628576 0.496747
vt 0.628576 0.520241
vt 0.704328 0.496747
vt 0.704328 0.520240
vt 0.200770 0.515406
vt 0.239186 0.462532
vt 0.239185 0.397176
vt 0.200770 0.344302
vt 0.138613 0.324106
vt 0.076456 0.344302
vt 0.038040 0.397176
vt 0.038040 0.462532
vt 0.138613 0.535602
vt 0.076456 0.515406
vt 0.188899 0.413515
vt 0.107534 0.387078
vt 0.188899 0.446193
vt 0.088327 0.413515
vt 0.169692 0.387078
vt 0.169692 0.472630
vt 0.088327 0.446193
vt 0.138613 0.376980
vt 0.107534 0.472630
vt 0.138613 0.482728
vt 0.138613 0.429854
vt 0.557965 0.045084
vt 0.403667 0.135782
vt 0.577845 0.051836
vt 0.576653 0.051836
vt 0.419074 0.146403
vt 0.419200 0.146397
vt 0.619011 0.089548
vt 0.420224 0.147045
vt 0.578201 0.053623
vt 0.408374 0.138982
vt 0.274678 0.469332
vt 0.565032 0.615281
vt 0.489258 0.551568
vt 0.403872 0.135771
vt 0.559412 0.045084
vt 0.421705 0.148198
vt 0.615095 0.079670
vt 0.548683 0.551625
vt 0.525824 0.615361
vt 0.505435 0.615336
vt 0.490533 0.465666
vt 0.546317 0.615337
vt 0.572630 0.090005
vt 0.603674 0.081775
vt 0.615449 0.092022
vt 0.559412 0.045084
vt 0.403872 0.135771
vt 0.552797 0.043971
vt 0.552797 0.043971
vt 0.578201 0.053623
vt 0.414720 0.143566
vt 0.576683 0.053623
vt 0.406326 0.423544
vt 0.419074 0.146403
vt 0.413841 0.429083
vt 0.406080 0.417597
vt 0.550473 0.043971
vt 0.412949 0.429083
vt 0.577845 0.051836
vt 0.420224 0.147045
vt 0.413397 0.439786
vt 0.570856 0.028692
vt 0.573184 0.028692
vt 0.550473 0.043971
vt 0.420530 0.147296
vt 0.615250 0.105678
vt 0.616102 0.082411
vt 0.617195 0.084609
vt 0.618721 0.088570
vt 0.589904 0.129686
vt 0.257028 0.482994
vt 0.589904 0.070277
vt 0.409838 0.139905
vt 0.411956 0.141530
vt 0.615581 0.080648
vt 0.417891 0.145632
vt 0.412948 0.377399
vt 0.406680 0.403241
vt 0.406326 0.382938
vt 0.406577 0.388884
vt 0.406577 0.417597
vt 0.413397 0.366695
vt 0.414026 0.403241
vt 0.415245 0.143605
vt 0.253312 0.481442
vt 0.413841 0.377399
vt 0.617845 0.086807
vt 0.255419 0.482275
vt 0.562935 0.465667
vt 0.544620 0.465723
vt 0.252439 0.481031
vt 0.569958 0.047993
vt 0.570978 0.047993
vt 0.407480 0.138547
vt 0.561695 0.048209
vt 0.403667 0.135782
vt 0.567398 0.551569
vt 0.563419 0.048209
vt 0.570025 0.052009
vt 0.561640 0.044988
vt 0.413063 0.142077
vt 0.419200 0.146397
vt 0.406150 0.137353
vt 0.557965 0.045084
vt 0.419939 0.147060
vt 0.415312 0.143535
vt 0.405961 0.137363
vt 0.571783 0.052009
vt 0.562777 0.044988
vt 0.412728 0.142095
vt 0.408034 0.138518
vt 0.576653 0.051836
vt 0.746511 0.129686
vt 0.589429 0.120986
vt 0.746036 0.120985
vt 0.730021 0.439786
vt 0.769535 0.152232
vt 0.712576 0.154247
vt 0.583319 0.113909
vt 0.571546 0.103662
vt 0.585940 0.080940
vt 0.638395 0.102003
vt 0.585940 0.080940
vt 0.614365 0.105678
vt 0.601056 0.114744
vt 0.614365 0.105678
vt 0.637028 0.102003
vt 0.257028 0.482994
vt 0.279988 0.470830
vt 0.255419 0.482275
vt 0.405977 0.403241
vt 0.406080 0.388884
vt 0.412764 0.403241
vt 0.412948 0.377399
vt 0.507802 0.551625
vt 0.508730 0.465723
vt 0.711209 0.154247
vt 0.528190 0.551650
vt 0.730020 0.366694
vt 0.712576 0.154247
vt 0.590577 0.099981
vt 0.589231 0.099981
vt 0.729575 0.377398
vt 0.275816 0.469570
vt 0.526650 0.465748
vt 0.278180 0.470237
vt 0.253376 0.481401
vt 0.413397 0.366695
vt 0.711209 0.154247
vt 0.637028 0.102003
vt 0.769535 0.152232
vt 0.573515 0.090005
vt 0.746511 0.070276
vt 0.414026 0.403241
vt 0.730466 0.377398
vt 0.413841 0.377399
vt 0.572630 0.090005
vt 0.586825 0.080940
vt 0.552797 0.043971
vt 0.590379 0.078977
vt 0.746993 0.078977
vt 0.550473 0.043971
vt 0.638395 0.102003
vt 0.745838 0.099981
vt 0.746993 0.120985
vt 0.747191 0.099981
vt 0.730651 0.403240
vt 0.413841 0.429083
vt 0.583319 0.113909
vt 0.570856 0.028692
vt 0.603674 0.081775
vt 0.590379 0.120986
vt 0.589429 0.078977
vt 0.573184 0.028692
vt 0.601056 0.114744
vt 0.584204 0.113909
vt 0.412949 0.429083
vt 0.604559 0.081775
vt 0.601941 0.114744
vt 0.660076 0.085763
vt 0.413397 0.439786
vt 0.730466 0.429082
vt 0.615449 0.092022
vt 0.572431 0.103662
vt 0.729575 0.429082
vt 0.616334 0.092022
vt 0.571546 0.103662
vt 0.729390 0.403240
vt 0.412764 0.403241
vt 0.746036 0.078977
vt 0.138613 0.429854
vt 0.169692 0.472630
vt 0.200770 0.515406
vt 0.239186 0.462532
vt 0.188899 0.446193
vt 0.188899 0.413515
vt 0.239185 0.397176
vt 0.169692 0.387078
vt 0.200770 0.344302
vt 0.138613 0.376980
vt 0.138613 0.324106
vt 0.076456 0.344302
vt 0.107534 0.387078
vt 0.088327 0.413515
vt 0.038040 0.397176
vt 0.138613 0.535602
vt 0.107534 0.472630
vt 0.088327 0.446193
vt 0.038040 0.462532
vt 0.076456 0.515406
vt 0.138613 0.482728
vt 0.628576 0.543735
vt 0.704328 0.543734
vt 0.628576 0.567228
vt 0.704328 0.567228
vt 0.628576 0.590722
vt 0.704328 0.590722
vt 0.628577 0.614216
vt 0.704328 0.614215
vt 0.628577 0.637710
vt 0.704328 0.637709
vt 0.628577 0.661204
vt 0.704328 0.661203
vt 0.628577 0.684697
vt 0.704328 0.708191
vt 0.704328 0.684697
vt 0.628577 0.708191
vt 0.628576 0.473253
vt 0.704328 0.520240
vt 0.628576 0.496747
vt 0.704328 0.473253
vt 0.704328 0.496747
vt 0.628576 0.520241
vt 0.138613 0.535602
vt 0.200770 0.515406
vt 0.239186 0.462532
vt 0.239185 0.397176
vt 0.200770 0.344302
vt 0.138613 0.324106
vt 0.076456 0.344302
vt 0.038040 0.397176
vt 0.138613 0.531624
vt 0.038040 0.462532
vt 0.076456 0.515406
vt 0.107534 0.387078
vt 0.188899 0.413515
vt 0.169692 0.472630
vt 0.169692 0.387078
vt 0.088327 0.446193
vt 0.138613 0.376980
vt 0.138613 0.482728
vt 0.107534 0.472630
vt 0.188899 0.446193
vt 0.088327 0.413515
vt 0.138613 0.429854
vt 0.229938 -1.000000
vt 0.099086 -0.029640
vt 0.052345 -0.105494
vt 0.000000 -0.228584
vt 0.007110 -0.296774
vt 0.336187 -0.029025
vt 0.154845 -0.038147
vt 0.334335 -0.057237
vt 0.030424 -0.203696
vt 0.190526 -0.087219
vt 0.073785 -0.119953
vt 0.345373 -0.104517
vt 0.216881 -0.131119
vt 0.104884 -0.143107
vt 0.058603 -0.218704
vt 0.036796 -0.305504
vt 0.136675 -0.177563
vt 0.252782 -0.170595
vt 0.364992 -0.150312
vt 0.376838 -0.196373
vt 0.279660 -0.190652
vt 0.183161 -0.210439
vt 0.093519 -0.242138
vt 0.368473 -0.244696
vt 0.147039 -0.266592
vt 0.256405 -0.234651
vt 0.355409 -0.297732
vt 0.230542 -0.287004
vt 0.172321 -0.322316
vt 0.387899 -0.957338
vt 0.290940 -0.941555
vt 0.179022 -0.951583
vt 0.103692 -0.949740
vt 0.071766 -0.866506
vt 0.140648 -0.898191
vt 0.232286 -0.909564
vt 0.401202 -0.914833
vt 0.396561 -0.870649
vt 0.301456 -0.882729
vt 0.385702 -0.822114
vt 0.200771 -0.863766
vt 0.280008 -0.837117
vt 0.380349 -0.766554
vt 0.269502 -0.781571
vt 0.017323 -0.861053
vt 0.121375 -0.836530
vt 0.185232 -0.806557
vt 0.048828 -0.704061
vt 0.099316 -0.683955
vt 0.166040 -0.663852
vt 0.372486 -0.637005
vt 0.255071 -0.647089
vt 0.076180 -0.319938
vt 0.109791 -0.329032
vt 0.115642 -0.379751
vt 0.356892 -0.424431
vt 0.236771 -0.497510
vt 0.182565 -0.370172
vt 0.229200 -0.421229
vt 0.145108 -0.500359
vt 0.298854 -0.361984
vt 0.138018 -0.415270
vt 0.361770 -0.495672
vt 0.503555 -0.999684
vt 0.768257 -0.999397
vt 0.503555 -0.961154
vt 0.503555 -0.915581
vt 0.503555 -0.868277
vt 0.503555 -0.817500
vt 0.503555 -0.761513
vt 0.503555 -0.633606
vt 0.503555 -0.495206
vt 0.503555 -0.425921
vt 0.503555 -0.359150
vt 0.503555 -0.301734
vt 0.503555 -0.247176
vt 0.503555 -0.195926
vt 0.503555 -0.146460
vt 0.503555 -0.098176
vt 0.503555 -0.050620
vt 0.503555 -0.000000
vt 0.912534 -0.032909
vt 0.971705 -0.104843
vt 0.972671 -0.232168
vt 1.000000 -0.296774
vt 0.670923 -0.029025
vt 0.672775 -0.057237
vt 0.852265 -0.038147
vt 0.976686 -0.203696
vt 0.816584 -0.087219
vt 0.933325 -0.119953
vt 0.661737 -0.104517
vt 0.902226 -0.143107
vt 0.790229 -0.131119
vt 0.948507 -0.218704
vt 0.970314 -0.305504
vt 0.870435 -0.177563
vt 0.754328 -0.170595
vt 0.642118 -0.150312
vt 0.630272 -0.196373
vt 0.727450 -0.190652
vt 0.823949 -0.210439
vt 0.913590 -0.242138
vt 0.638637 -0.244696
vt 0.750705 -0.234651
vt 0.860071 -0.266592
vt 0.776568 -0.287004
vt 0.651701 -0.297732
vt 0.834789 -0.322316
vt 0.619211 -0.957338
vt 0.716169 -0.941555
vt 0.828088 -0.951583
vt 0.891753 -0.949021
vt 0.935344 -0.866506
vt 0.866462 -0.898191
vt 0.605908 -0.914833
vt 0.774824 -0.909564
vt 0.705654 -0.882729
vt 0.610549 -0.870649
vt 0.621408 -0.822114
vt 0.727102 -0.837117
vt 0.806339 -0.863766
vt 0.626761 -0.766554
vt 0.737608 -0.781571
vt 0.821878 -0.806557
vt 0.977433 -0.859958
vt 0.885735 -0.836530
vt 0.958282 -0.704061
vt 0.907794 -0.683955
vt 0.841070 -0.663852
vt 0.634624 -0.637005
vt 0.897319 -0.329032
vt 0.930929 -0.319938
vt 0.752039 -0.647089
vt 0.891468 -0.379751
vt 0.708256 -0.361984
vt 0.824545 -0.370172
vt -0.280844 -0.639246
vt 0.777910 -0.421229
vt 0.862002 -0.500359
vt 0.650218 -0.424431
vt 0.645340 -0.495672
vt 0.869092 -0.415270
vt 0.770339 -0.497510
vt -0.153105 -0.639246
vt -0.265439 -0.640339
vt -0.289480 -0.500333
vt -0.216973 -0.641778
vt -0.168509 -0.640339
vt -0.145270 -0.500333
vt -0.280844 -0.639246
vt -0.153105 -0.639246
vt 0.079366 -0.503851
vt 0.032126 -0.507960
vt 0.007782 -0.512713
vt 0.974717 -0.501946
vt 0.927744 -0.503851
vt 0.976350 -0.402710
vt 0.944011 -0.392001
vt 0.063099 -0.392001
vt 0.030760 -0.402710
vt 0.974984 -0.507960
vt -0.289480 -0.500333
vt -0.145270 -0.500333
vt -0.216973 -0.641778
vt -0.265439 -0.640339
vt -0.168509 -0.640339
vt 0.000000 -1.000000
vt 1.000000 -0.000000
vt 1.000000 -1.000000
vt 0.000000 -0.000000
vt 0.000000 -1.000000
vt 1.000000 -0.000000
vt 1.000000 -1.000000
vt 0.000000 -0.000000
g studio.a10.mesh_0
usemtl A10Body
f 196/196/196 197/197/197 195/195/195
f 29/29/29 39/39/39 26/26/26
f 35/35/35 39/39/39 29/29/29
f 33/33/33 39/39/39 35/35/35
f 34/34/34 33/33/33 35/35/35
f 36/36/36 38/38/38 34/34/34
usemtl A10Cockpit
f 32/32/32 36/36/36 34/34/34
f 32/32/32 34/34/34 35/35/35
f 15/15/15 32/32/32 35/35/35
f 61/61/61 15/15/15 35/35/35
f 62/62/62 15/15/15 61/61/61
f 63/63/63 62/62/62 61/61/61
f 59/59/59 63/63/63 61/61/61
f 47/47/47 59/59/59 61/61/61
f 45/45/45 59/59/59 47/47/47
usemtl A10Body
f 49/49/49 45/45/45 47/47/47
f 48/48/48 49/49/49 47/47/47
f 1054/1054/1054 1053/1053/1053 1052/1052/1052
f 1054/1054/1054 1051/1051/1051 1049/1049/1049
usemtl A10Cockpit
f 1014/1014/1014 1016/1016/1016 1019/1019/1019
f 1018/1018/1018 1016/1016/1016 1012/1012/1012
f 1016/1016/1016 1018/1018/1018 1017/1017/1017
f 1019/1019/1019 1016/1016/1016 1017/1017/1017
f 1015/1015/1015 1019/1019/1019 1017/1017/1017
f 1011/1011/1011 1008/1008/1008 1009/1009/1009
f 1007/1007/1007 1006/1006/1006 1011/1011/1011
f 1011/1011/1011 1013/1013/1013 1007/1007/1007
f 1013/1013/1013 1011/1011/1011 1009/1009/1009
f 1010/1010/1010 1013/1013/1013 1009/1009/1009
f 982/982/982 984/984/984 986/986/986
f 987/987/987 984/984/984 980/980/980
f 984/984/984 987/987/987 985/985/985
f 986/986/986 984/984/984 985/985/985
f 983/983/983 986/986/986 985/985/985
f 978/978/978 976/976/976 977/977/977
f 975/975/975 974/974/974 978/978/978
f 978/978/978 981/981/981 975/975/975
f 981/981/981 978/978/978 977/977/977
f 979/979/979 981/981/981 977/977/977
usemtl A10Body
f 955/955/955 956/956/956 954/954/954
f 955/955/955 957/957/957 956/956/956
f 943/943/943 944/944/944 942/942/942
f 943/943/943 945/945/945 944/944/944
f 939/939/939 940/940/940 938/938/938
f 939/939/939 941/941/941 940/940/940
f 924/924/924 926/926/926 931/931/931
f 921/921/921 926/926/926 924/924/924
f 922/922/922 921/921/921 923/923/923
f 924/924/924 923/923/923 921/921/921
f 897/897/897 898/898/898 926/926/926
f 886/886/886 922/922/922 928/928/928
f 923/923/923 928/928/928 922/922/922
f 929/929/929 928/928/928 923/923/923
f 932/932/932 928/928/928 929/929/929
f 931/931/931 932/932/932 929/929/929
f 933/933/933 932/932/932 931/931/931
f 931/931/931 926/926/926 933/933/933
f 933/933/933 926/926/926 930/930/930
f 930/930/930 926/926/926 898/898/898
f 898/898/898 927/927/927 930/930/930
f 930/930/930 927/927/927 925/925/925
f 927/927/927 928/928/928 925/925/925
f 925/925/925 928/928/928 932/932/932
f 913/913/913 919/919/919 910/910/910
f 912/912/912 918/918/918 920/920/920
f 911/911/911 918/918/918 912/912/912
f 912/912/912 910/910/910 911/911/911
f 909/909/909 911/911/911 910/910/910
f 910/910/910 919/919/919 909/909/909
f 908/908/908 909/909/909 919/919/919
f 884/884/884 891/891/891 885/885/885
f 918/918/918 885/885/885 891/891/891
f 891/891/891 895/895/895 918/918/918
f 914/914/914 918/918/918 895/895/895
f 895/895/895 906/906/906 914/914/914
f 916/916/916 914/914/914 906/906/906
f 906/906/906 919/919/919 916/916/916
f 916/916/916 919/919/919 917/917/917
f 917/917/917 919/919/919 913/913/913
f 913/913/913 920/920/920 917/917/917
f 915/915/915 917/917/917 920/920/920
f 920/920/920 918/918/918 915/915/915
f 915/915/915 918/918/918 914/914/914
f 904/904/904 907/907/907 905/905/905
f 902/902/902 905/905/905 907/907/907
f 907/907/907 896/896/896 902/902/902
f 894/894/894 902/902/902 896/896/896
f 896/896/896 890/890/890 894/894/894
f 889/889/889 894/894/894 890/890/890
f 890/890/890 881/881/881 889/889/889
f 880/880/880 889/889/889 881/881/881
f 9/9/9 10/10/10 12/12/12
f 10/10/10 13/13/13 12/12/12
f 12/12/12 13/13/13 14/14/14
f 14/14/14 13/13/13 11/11/11
f 8/8/8 14/14/14 11/11/11
f 7/7/7 8/8/8 11/11/11
f 6/6/6 8/8/8 7/7/7
f 5/5/5 6/6/6 7/7/7
f 4/4/4 5/5/5 7/7/7
f 3/3/3 5/5/5 4/4/4
f 2/2/2 5/5/5 3/3/3
f 65/65/65 5/5/5 2/2/2
usemtl A10Cockpit
f 60/60/60 65/65/65 2/2/2
f 66/66/66 65/65/65 60/60/60
f 64/64/64 65/65/65 66/66/66
f 1/1/1 65/65/65 64/64/64
f 54/54/54 65/65/65 1/1/1
f 46/46/46 54/54/54 1/1/1
usemtl A10Body
f 52/52/52 54/54/54 46/46/46
f 53/53/53 54/54/54 52/52/52
f 850/850/850 851/851/851 847/847/847
f 1047/1047/1047 1050/1050/1050 1046/1046/1046
f 1048/1048/1048 1046/1046/1046 1050/1050/1050
f 1046/1046/1046 1048/1048/1048 1045/1045/1045
f 1044/1044/1044 1045/1045/1045 1048/1048/1048
f 1038/1038/1038 1039/1039/1039 1041/1041/1041
f 1042/1042/1042 1041/1041/1041 1039/1039/1039
f 1041/1041/1041 1042/1042/1042 1043/1043/1043
f 1040/1040/1040 1043/1043/1043 1042/1042/1042
usemtl A10Cockpit
f 1037/1037/1037 1034/1034/1034 1035/1035/1035
f 1036/1036/1036 1037/1037/1037 1035/1035/1035
f 1033/1033/1033 1030/1030/1030 1031/1031/1031
f 1032/1032/1032 1033/1033/1033 1031/1031/1031
f 1029/1029/1029 1026/1026/1026 1028/1028/1028
f 1027/1027/1027 1029/1029/1029 1028/1028/1028
f 1021/1021/1021 1020/1020/1020 1024/1024/1024
f 1023/1023/1023 1021/1021/1021 1024/1024/1024
f 1023/1023/1023 1024/1024/1024 1025/1025/1025
f 1024/1024/1024 1022/1022/1022 1025/1025/1025
f 973/973/973 970/970/970 971/971/971
f 972/972/972 973/973/973 971/971/971
f 969/969/969 966/966/966 968/968/968
f 967/967/967 969/969/969 968/968/968
f 965/965/965 962/962/962 963/963/963
f 964/964/964 965/965/965 963/963/963
f 961/961/961 958/958/958 960/960/960
f 959/959/959 961/961/961 960/960/960
usemtl A10Body
f 952/952/952 953/953/953 951/951/951
f 950/950/950 952/952/952 951/951/951
f 947/947/947 948/948/948 949/949/949
f 946/946/946 947/947/947 949/949/949
f 935/935/935 936/936/936 937/937/937
f 934/934/934 935/935/935 937/937/937
f 875/875/875 864/864/864 874/874/874
f 875/875/875 874/874/874 869/869/869
f 740/740/740 741/741/741 739/739/739
f 738/738/738 739/739/739 741/741/741
f 736/736/736 737/737/737 735/735/735
f 734/734/734 735/735/735 737/737/737
f 742/742/742 745/745/745 744/744/744
f 743/743/743 744/744/744 745/745/745
f 744/744/744 743/743/743 732/732/732
f 733/733/733 732/732/732 743/743/743
f 732/732/732 733/733/733 730/730/730
f 731/731/731 730/730/730 733/733/733
f 730/730/730 731/731/731 729/729/729
f 728/728/728 729/729/729 731/731/731
f 729/729/729 728/728/728 726/726/726
f 727/727/727 726/726/726 728/728/728
f 726/726/726 727/727/727 725/725/725
f 724/724/724 725/725/725 727/727/727
f 725/725/725 724/724/724 723/723/723
f 722/722/722 723/723/723 724/724/724
f 723/723/723 722/722/722 721/721/721
f 720/720/720 721/721/721 722/722/722
f 715/715/715 717/717/717 716/716/716
f 714/714/714 716/716/716 717/717/717
f 708/708/708 710/710/710 707/707/707
f 706/706/706 707/707/707 710/710/710
f 702/702/702 697/697/697 703/703/703
f 702/702/702 703/703/703 698/698/698
f 689/689/689 687/687/687 686/686/686
f 689/689/689 686/686/686 691/691/691
f 689/689/689 691/691/691 688/688/688
f 749/749/749 748/748/748 746/746/746
f 748/748/748 749/749/749 747/747/747
f 785/785/785 792/792/792 787/787/787
f 791/791/791 787/787/787 792/792/792
f 791/791/791 792/792/792 719/719/719
f 718/718/718 719/719/719 792/792/792
f 866/866/866 683/683/683 861/861/861
f 866/866/866 861/861/861 867/867/867
f 866/866/866 867/867/867 865/865/865
f 866/866/866 865/865/865 684/684/684
f 695/695/695 692/692/692 690/690/690
f 695/695/695 693/693/693 692/692/692
f 695/695/695 694/694/694 693/693/693
f 700/700/700 704/704/704 713/713/713
f 700/700/700 713/713/713 696/696/696
f 677/677/677 676/676/676 674/674/674
f 680/680/680 677/677/677 674/674/674
f 678/678/678 677/677/677 680/680/680
f 682/682/682 678/678/678 680/680/680
f 681/681/681 678/678/678 682/682/682
f 651/651/651 681/681/681 682/682/682
f 652/652/652 681/681/681 651/651/651
f 653/653/653 652/652/652 651/651/651
f 655/655/655 652/652/652 653/653/653
f 654/654/654 655/655/655 653/653/653
f 657/657/657 655/655/655 654/654/654
f 656/656/656 657/657/657 654/654/654
f 658/658/658 657/657/657 656/656/656
f 659/659/659 658/658/658 656/656/656
f 660/660/660 658/658/658 659/659/659
f 699/699/699 660/660/660 659/659/659
f 704/704/704 660/660/660 699/699/699
f 709/709/709 704/704/704 699/699/699
f 713/713/713 704/704/704 709/709/709
f 709/709/709 712/712/712 713/713/713
f 711/711/711 713/713/713 712/712/712
f 701/701/701 709/709/709 699/699/699
f 705/705/705 709/709/709 701/701/701
f 661/661/661 705/705/705 701/701/701
f 666/666/666 863/863/863 665/665/665
f 666/666/666 649/649/649 863/863/863
f 863/863/863 649/649/649 868/868/868
f 871/871/871 863/863/863 868/868/868
f 870/870/870 871/871/871 868/868/868
f 675/675/675 870/870/870 868/868/868
f 672/672/672 675/675/675 868/868/868
f 673/673/673 675/675/675 672/672/672
f 873/873/873 685/685/685 876/876/876
f 862/862/862 860/860/860 879/879/879
f 862/862/862 879/879/879 872/872/872
f 872/872/872 879/879/879 877/877/877
f 876/876/876 872/872/872 877/877/877
f 876/876/876 877/877/877 878/878/878
f 873/873/873 876/876/876 878/878/878
f 873/873/873 878/878/878 679/679/679
f 681/681/681 671/671/671 678/678/678
f 681/681/681 668/668/668 671/671/671
f 668/668/668 667/667/667 671/671/671
f 668/668/668 670/670/670 667/667/667
f 670/670/670 669/669/669 667/667/667
f 670/670/670 650/650/650 669/669/669
f 616/616/616 618/618/618 615/615/615
f 617/617/617 615/615/615 618/618/618
f 615/615/615 617/617/617 614/614/614
f 613/613/613 614/614/614 617/617/617
f 604/604/604 602/602/602 606/606/606
f 604/604/604 606/606/606 603/603/603
f 585/585/585 586/586/586 584/584/584
f 583/583/583 584/584/584 586/586/586
f 584/584/584 583/583/583 576/576/576
f 575/575/575 576/576/576 583/583/583
f 576/576/576 575/575/575 578/578/578
f 579/579/579 578/578/578 575/575/575
f 578/578/578 579/579/579 582/582/582
f 581/581/581 582/582/582 579/579/579
f 582/582/582 581/581/581 580/580/580
f 577/577/577 580/580/580 581/581/581
usemtl A10Cockpit
f 563/563/563 562/562/562 564/564/564
f 561/561/561 563/563/563 564/564/564
usemtl A10Body
f 458/458/458 459/459/459 504/504/504
f 503/503/503 504/504/504 459/459/459
f 504/504/504 503/503/503 506/506/506
f 505/505/505 506/506/506 503/503/503
f 506/506/506 505/505/505 508/508/508
f 507/507/507 508/508/508 505/505/505
f 508/508/508 507/507/507 497/497/497
f 496/496/496 497/497/497 507/507/507
f 456/456/456 457/457/457 455/455/455
f 454/454/454 455/455/455 457/457/457
usemtl A10Cockpit
f 445/445/445 447/447/447 446/446/446
f 444/444/444 446/446/446 447/447/447
f 441/441/441 443/443/443 442/442/442
f 440/440/440 442/442/442 443/443/443
f 437/437/437 439/439/439 438/438/438
f 436/436/436 438/438/438 439/439/439
f 433/433/433 435/435/435 434/434/434
f 432/432/432 434/434/434 435/435/435
f 430/430/430 431/431/431 429/429/429
f 428/428/428 429/429/429 431/431/431
f 425/425/425 427/427/427 426/426/426
f 424/424/424 426/426/426 427/427/427
f 419/419/419 420/420/420 418/418/418
f 414/414/414 419/419/419 418/418/418
f 409/409/409 408/408/408 410/410/410
f 406/406/406 409/409/409 410/410/410
f 400/400/400 391/391/391 394/394/394
f 396/396/396 400/400/400 394/394/394
usemtl A10Body
f 376/376/376 379/379/379 377/377/377
f 375/375/375 377/377/377 379/379/379
usemtl A10Cockpit
f 312/312/312 314/314/314 313/313/313
f 311/311/311 313/313/313 314/314/314
usemtl A10Body
f 304/304/304 307/307/307 305/305/305
f 303/303/303 305/305/305 307/307/307
f 300/300/300 302/302/302 301/301/301
f 299/299/299 301/301/301 302/302/302
f 296/296/296 298/298/298 297/297/297
f 295/295/295 297/297/297 298/298/298
f 286/286/286 288/288/288 287/287/287
f 285/285/285 287/287/287 288/288/288
f 292/292/292 294/294/294 291/291/291
f 293/293/293 291/291/291 294/294/294
f 291/291/291 293/293/293 290/290/290
f 289/289/289 290/290/290 293/293/293
f 290/290/290 289/289/289 284/284/284
f 283/283/283 284/284/284 289/289/289
f 281/281/281 282/282/282 309/309/309
f 310/310/310 309/309/309 282/282/282
f 309/309/309 310/310/310 308/308/308
f 306/306/306 308/308/308 310/310/310
usemtl A10Cockpit
f 275/275/275 277/277/277 280/280/280
f 278/278/278 280/280/280 277/277/277
f 280/280/280 278/278/278 279/279/279
f 276/276/276 279/279/279 278/278/278
f 272/272/272 274/274/274 273/273/273
f 271/271/271 273/273/273 274/274/274
usemtl A10Body
f 252/252/252 255/255/255 251/251/251
f 250/250/250 251/251/251 255/255/255
f 247/247/247 249/249/249 248/248/248
f 246/246/246 248/248/248 249/249/249
f 236/236/236 238/238/238 240/240/240
f 242/242/242 240/240/240 238/238/238
f 240/240/240 242/242/242 241/241/241
f 237/237/237 241/241/241 242/242/242
usemtl A10Cockpit
f 232/232/232 234/234/234 254/254/254
f 253/253/253 254/254/254 234/234/234
usemtl A10Body
f 254/254/254 253/253/253 256/256/256
f 256/256/256 253/253/253 235/235/235
f 233/233/233 235/235/235 253/253/253
usemtl A10Cockpit
f 205/205/205 207/207/207 206/206/206
f 204/204/204 206/206/206 207/207/207
f 72/72/72 81/81/81 73/73/73
f 71/71/71 73/73/73 81/81/81
f 69/69/69 70/70/70 68/68/68
f 67/67/67 68/68/68 70/70/70
f 1005/1005/1005 1002/1002/1002 1004/1004/1004
f 1003/1003/1003 1005/1005/1005 1004/1004/1004
f 1001/1001/1001 998/998/998 999/999/999
f 1000/1000/1000 1001/1001/1001 999/999/999
f 997/997/997 994/994/994 995/995/995
f 996/996/996 997/997/997 995/995/995
usemtl A10Body
f 776/776/776 793/793/793 783/783/783
f 775/775/775 783/783/783 793/793/793
f 782/782/782 783/783/783 775/775/775
f 783/783/783 782/782/782 784/784/784
f 778/778/778 784/784/784 782/782/782
f 803/803/803 802/802/802 806/806/806
f 802/802/802 803/803/803 799/799/799
f 798/798/798 799/799/799 803/803/803
f 799/799/799 798/798/798 796/796/796
f 795/795/795 796/796/796 798/798/798
f 796/796/796 795/795/795 794/794/794
f 793/793/793 794/794/794 795/795/795
f 808/808/808 811/811/811 806/806/806
f 810/810/810 811/811/811 808/808/808
f 811/811/811 810/810/810 848/848/848
f 849/849/849 848/848/848 810/810/810
f 848/848/848 849/849/849 842/842/842
f 838/838/838 842/842/842 849/849/849
f 842/842/842 838/838/838 815/815/815
f 645/645/645 644/644/644 641/641/641
f 644/644/644 645/645/645 647/647/647
f 648/648/648 647/647/647 645/645/645
f 647/647/647 648/648/648 646/646/646
f 640/640/640 642/642/642 639/639/639
f 642/642/642 640/640/640 643/643/643
f 638/638/638 643/643/643 640/640/640
f 643/643/643 638/638/638 637/637/637
f 634/634/634 635/635/635 633/633/633
f 635/635/635 634/634/634 636/636/636
f 632/632/632 636/636/636 634/634/634
f 636/636/636 632/632/632 631/631/631
f 627/627/627 626/626/626 625/625/625
f 626/626/626 627/627/627 630/630/630
f 629/629/629 630/630/630 627/627/627
f 630/630/630 629/629/629 628/628/628
f 621/621/621 620/620/620 619/619/619
f 620/620/620 621/621/621 624/624/624
f 623/623/623 624/624/624 621/621/621
f 624/624/624 623/623/623 622/622/622
f 610/610/610 611/611/611 608/608/608
f 610/610/610 612/612/612 611/611/611
f 600/600/600 601/601/601 599/599/599
f 777/777/777 779/779/779 780/780/780
f 781/781/781 780/780/780 779/779/779
f 780/780/780 781/781/781 774/774/774
f 774/774/774 781/781/781 773/773/773
f 772/772/772 773/773/773 781/781/781
f 770/770/770 771/771/771 769/769/769
f 768/768/768 769/769/769 771/771/771
usemtl A10Cockpit
f 530/530/530 531/531/531 529/529/529
f 528/528/528 530/530/530 529/529/529
usemtl A10Body
f 525/525/525 526/526/526 527/527/527
f 524/524/524 525/525/525 527/527/527
f 498/498/498 499/499/499 501/501/501
f 500/500/500 501/501/501 499/499/499
f 501/501/501 500/500/500 509/509/509
f 511/511/511 509/509/509 500/500/500
f 509/509/509 511/511/511 510/510/510
f 502/502/502 510/510/510 511/511/511
f 484/484/484 488/488/488 485/485/485
f 486/486/486 485/485/485 488/488/488
f 485/485/485 486/486/486 513/513/513
f 514/514/514 513/513/513 486/486/486
f 514/514/514 515/515/515 513/513/513
f 512/512/512 513/513/513 515/515/515
f 591/591/591 596/596/596 590/590/590
f 594/594/594 596/596/596 591/591/591
f 594/594/594 598/598/598 596/596/596
f 598/598/598 597/597/597 596/596/596
f 588/588/588 589/589/589 587/587/587
f 471/471/471 473/473/473 472/472/472
f 470/470/470 472/472/472 473/473/473
f 474/474/474 477/477/477 475/475/475
f 476/476/476 475/475/475 477/477/477
f 475/475/475 476/476/476 469/469/469
f 468/468/468 469/469/469 476/476/476
f 466/466/466 467/467/467 465/465/465
f 464/464/464 465/465/465 467/467/467
f 461/461/461 463/463/463 462/462/462
f 460/460/460 462/462/462 463/463/463
f 353/353/353 354/354/354 352/352/352
f 351/351/351 352/352/352 354/354/354
f 349/349/349 350/350/350 348/348/348
f 347/347/347 348/348/348 350/350/350
usemtl A10Cockpit
f 344/344/344 346/346/346 345/345/345
f 343/343/343 345/345/345 346/346/346
f 340/340/340 342/342/342 341/341/341
f 339/339/339 341/341/341 342/342/342
usemtl A10Body
f 336/336/336 338/338/338 337/337/337
f 335/335/335 337/337/337 338/338/338
usemtl A10Cockpit
f 332/332/332 334/334/334 333/333/333
f 331/331/331 333/333/333 334/334/334
usemtl A10Body
f 328/328/328 330/330/330 329/329/329
f 327/327/327 329/329/329 330/330/330
usemtl A10Cockpit
f 325/325/325 326/326/326 324/324/324
usemtl A10Body
f 323/323/323 324/324/324 326/326/326
usemtl A10Cockpit
f 321/321/321 322/322/322 320/320/320
f 319/319/319 320/320/320 322/322/322
f 315/315/315 316/316/316 318/318/318
f 317/317/317 318/318/318 316/316/316
f 399/399/399 397/397/397 390/390/390
f 398/398/398 397/397/397 399/399/399
f 383/383/383 397/397/397 398/398/398
f 230/230/230 397/397/397 383/383/383
f 397/397/397 230/230/230 231/231/231
f 229/229/229 231/231/231 230/230/230
usemtl A10Body
f 222/222/222 224/224/224 226/226/226
f 225/225/225 226/226/226 224/224/224
f 226/226/226 225/225/225 227/227/227
f 223/223/223 227/227/227 225/225/225
f 220/220/220 221/221/221 219/219/219
f 218/218/218 219/219/219 221/221/221
f 191/191/191 189/189/189 177/177/177
f 191/191/191 177/177/177 178/178/178
usemtl A10Cockpit
f 184/184/184 174/174/174 177/177/177
usemtl A10Body
f 184/184/184 177/177/177 189/189/189
f 189/189/189 190/190/190 184/184/184
f 190/190/190 189/189/189 194/194/194
f 191/191/191 194/194/194 189/189/189
f 194/194/194 191/191/191 193/193/193
f 192/192/192 193/193/193 191/191/191
f 191/191/191 178/178/178 192/192/192
f 178/178/178 179/179/179 192/192/192
f 183/183/183 184/184/184 190/190/190
f 199/199/199 200/200/200 198/198/198
f 199/199/199 198/198/198 180/180/180
f 181/181/181 199/199/199 180/180/180
usemtl A10Cockpit
f 176/176/176 199/199/199 181/181/181
f 176/176/176 187/187/187 199/199/199
f 187/187/187 176/176/176 175/175/175
f 187/187/187 175/175/175 186/186/186
usemtl A10Body
f 186/186/186 185/185/185 187/187/187
f 188/188/188 187/187/187 185/185/185
f 187/187/187 188/188/188 199/199/199
f 182/182/182 199/199/199 188/188/188
f 165/165/165 167/167/167 164/164/164
f 162/162/162 164/164/164 167/167/167
f 160/160/160 159/159/159 161/161/161
f 158/158/158 160/160/160 161/161/161
f 150/150/150 151/151/151 169/169/169
f 173/173/173 169/169/169 151/151/151
f 169/169/169 173/173/173 168/168/168
f 166/166/166 168/168/168 173/173/173
f 120/120/120 132/132/132 121/121/121
f 122/122/122 121/121/121 132/132/132
usemtl A10Cockpit
f 134/134/134 136/136/136 140/140/140
f 141/141/141 140/140/140 136/136/136
f 136/136/136 135/135/135 141/141/141
f 141/141/141 135/135/135 132/132/132
f 132/132/132 135/135/135 122/122/122
f 138/138/138 122/122/122 135/135/135
f 111/111/111 112/112/112 136/136/136
f 135/135/135 136/136/136 112/112/112
usemtl A10Body
f 106/106/106 107/107/107 103/103/103
f 107/107/107 106/106/106 110/110/110
f 108/108/108 110/110/110 106/106/106
f 110/110/110 108/108/108 109/109/109
f 104/104/104 109/109/109 108/108/108
f 109/109/109 104/104/104 105/105/105
f 116/116/116 105/105/105 104/104/104
f 105/105/105 116/116/116 102/102/102
f 117/117/117 102/102/102 116/116/116
f 102/102/102 117/117/117 101/101/101
f 114/114/114 101/101/101 117/117/117
f 101/101/101 114/114/114 137/137/137
f 139/139/139 137/137/137 114/114/114
f 138/138/138 137/137/137 139/139/139
f 137/137/137 138/138/138 100/100/100
usemtl A10Cockpit
f 135/135/135 100/100/100 138/138/138
f 100/100/100 135/135/135 99/99/99
f 112/112/112 99/99/99 135/135/135
usemtl A10Body
f 113/113/113 139/139/139 115/115/115
f 114/114/114 115/115/115 139/139/139
f 115/115/115 114/114/114 118/118/118
f 117/117/117 118/118/118 114/114/114
f 118/118/118 117/117/117 119/119/119
f 116/116/116 119/119/119 117/117/117
usemtl A10Cockpit
f 99/99/99 112/112/112 98/98/98
f 145/145/145 98/98/98 112/112/112
f 98/98/98 145/145/145 142/142/142
f 142/142/142 145/145/145 146/146/146
f 146/146/146 145/145/145 143/143/143
usemtl A10Body
f 663/663/663 662/662/662 826/826/826
f 663/663/663 826/826/826 829/829/829
f 663/663/663 829/829/829 831/831/831
f 829/829/829 823/823/823 831/831/831
f 832/832/832 831/831/831 823/823/823
f 831/831/831 832/832/832 828/828/828
f 823/823/823 829/829/829 830/830/830
f 830/830/830 829/829/829 827/827/827
f 827/827/827 829/829/829 825/825/825
f 826/826/826 825/825/825 829/829/829
f 825/825/825 826/826/826 824/824/824
f 824/824/824 826/826/826 822/822/822
f 19/19/19 20/20/20 27/27/27
f 20/20/20 24/24/24 27/27/27
f 27/27/27 24/24/24 21/21/21
f 21/21/21 24/24/24 23/23/23
f 18/18/18 21/21/21 23/23/23
f 22/22/22 21/21/21 18/18/18
f 25/25/25 22/22/22 18/18/18
f 28/28/28 22/22/22 25/25/25
f 30/30/30 22/22/22 28/28/28
f 30/30/30 28/28/28 40/40/40
f 17/17/17 30/30/30 40/40/40
f 31/31/31 17/17/17 40/40/40
f 31/31/31 40/40/40 37/37/37
f 16/16/16 31/31/31 37/37/37
f 574/574/574 573/573/573 566/566/566
f 574/574/574 572/572/572 573/573/573
f 574/574/574 571/571/571 572/572/572
f 570/570/570 572/572/572 571/571/571
usemtl A10Cockpit
f 560/560/560 558/558/558 557/557/557
f 560/560/560 559/559/559 558/558/558
usemtl A10Body
f 555/555/555 556/556/556 554/554/554
f 762/762/762 765/765/765 766/766/766
f 767/767/767 766/766/766 765/765/765
f 766/766/766 767/767/767 763/763/763
f 764/764/764 763/763/763 767/767/767
f 763/763/763 764/764/764 760/760/760
f 761/761/761 760/760/760 764/764/764
f 760/760/760 761/761/761 759/759/759
f 758/758/758 759/759/759 761/761/761
f 759/759/759 758/758/758 756/756/756
f 757/757/757 756/756/756 758/758/758
f 756/756/756 757/757/757 754/754/754
f 755/755/755 754/754/754 757/757/757
f 754/754/754 755/755/755 753/753/753
f 752/752/752 753/753/753 755/755/755
f 753/753/753 752/752/752 786/786/786
f 789/789/789 786/786/786 752/752/752
f 789/789/789 788/788/788 786/786/786
f 790/790/790 786/786/786 788/788/788
f 790/790/790 788/788/788 751/751/751
f 750/750/750 751/751/751 788/788/788
usemtl A10Cockpit
f 553/553/553 551/551/551 550/550/550
f 553/553/553 552/552/552 551/551/551
f 549/549/549 548/548/548 546/546/546
f 549/549/549 547/547/547 548/548/548
usemtl A10Body
f 541/541/541 542/542/542 540/540/540
f 261/261/261 262/262/262 259/259/259
f 260/260/260 259/259/259 262/262/262
f 259/259/259 260/260/260 257/257/257
f 258/258/258 257/257/257 260/260/260
f 257/257/257 258/258/258 264/264/264
f 263/263/263 264/264/264 258/258/258
f 264/264/264 263/263/263 266/266/266
f 265/265/265 266/266/266 263/263/263
f 266/266/266 265/265/265 270/270/270
f 269/269/269 270/270/270 265/265/265
f 270/270/270 269/269/269 268/268/268
f 267/267/267 268/268/268 269/269/269
f 901/901/901 903/903/903 900/900/900
f 899/899/899 900/900/900 903/903/903
f 903/903/903 893/893/893 899/899/899
f 892/892/892 899/899/899 893/893/893
f 893/893/893 888/888/888 892/892/892
f 887/887/887 892/892/892 888/888/888
f 888/888/888 883/883/883 887/887/887
f 882/882/882 887/887/887 883/883/883
f 833/833/833 664/664/664 845/845/845
f 845/845/845 846/846/846 833/833/833
f 846/846/846 845/845/845 843/843/843
f 841/841/841 843/843/843 845/845/845
f 843/843/843 841/841/841 837/837/837
f 839/839/839 837/837/837 841/841/841
f 837/837/837 839/839/839 840/840/840
f 844/844/844 840/840/840 839/839/839
f 840/840/840 844/844/844 836/836/836
f 836/836/836 844/844/844 835/835/835
f 839/839/839 664/664/664 844/844/844
f 845/845/845 664/664/664 839/839/839
f 841/841/841 845/845/845 839/839/839
usemtl A10Cockpit
f 989/989/989 988/988/988 993/993/993
f 992/992/992 989/989/989 993/993/993
f 992/992/992 993/993/993 991/991/991
f 993/993/993 990/990/990 991/991/991
usemtl A10Body
f 452/452/452 593/593/593 453/453/453
f 595/595/595 453/453/453 593/593/593
f 593/593/593 592/592/592 595/595/595
f 592/592/592 481/481/481 595/595/595
f 480/480/480 595/595/595 481/481/481
usemtl A10Cockpit
f 450/450/450 451/451/451 449/449/449
f 448/448/448 451/451/451 450/450/450
f 422/422/422 423/423/423 421/421/421
f 402/402/402 423/423/423 405/405/405
f 404/404/404 402/402/402 405/405/405
f 404/404/404 405/405/405 403/403/403
f 412/412/412 413/413/413 411/411/411
f 202/202/202 413/413/413 201/201/201
usemtl A10Body
f 365/365/365 366/366/366 364/364/364
usemtl A10Cockpit
f 43/43/43 44/44/44 41/41/41
f 42/42/42 44/44/44 43/43/43
usemtl A10Body
f 57/57/57 79/79/79 58/58/58
f 82/82/82 58/58/58 79/79/79
f 79/79/79 83/83/83 82/82/82
f 82/82/82 83/83/83 75/75/75
f 75/75/75 83/83/83 77/77/77
f 80/80/80 75/75/75 77/77/77
f 74/74/74 80/80/80 77/77/77
f 74/74/74 77/77/77 78/78/78
f 55/55/55 74/74/74 78/78/78
f 55/55/55 78/78/78 51/51/51
f 55/55/55 51/51/51 50/50/50
f 76/76/76 83/83/83 79/79/79
f 83/83/83 78/78/78 77/77/77
f 84/84/84 78/78/78 83/83/83
f 76/76/76 84/84/84 83/83/83
f 56/56/56 84/84/84 76/76/76
f 362/362/362 363/363/363 361/361/361
f 153/153/153 172/172/172 171/171/171
f 171/171/171 172/172/172 170/170/170
f 170/170/170 172/172/172 163/163/163
f 152/152/152 163/163/163 172/172/172
f 244/244/244 245/245/245 243/243/243
f 157/157/157 155/155/155 154/154/154
f 157/157/157 156/156/156 155/155/155
usemtl A10Cockpit
f 387/387/387 395/395/395 388/388/388
f 395/395/395 389/389/389 388/388/388
f 389/389/389 395/395/395 392/392/392
f 395/395/395 393/393/393 392/392/392
f 393/393/393 385/385/385 392/392/392
f 385/385/385 393/393/393 384/384/384
f 228/228/228 385/385/385 384/384/384
f 392/392/392 386/386/386 389/389/389
f 381/381/381 382/382/382 380/380/380
f 378/378/378 380/380/380 382/382/382
f 382/382/382 356/356/356 378/378/378
f 355/355/355 378/378/378 356/356/356
usemtl A10Body
f 543/543/543 545/545/545 239/239/239
f 543/543/543 544/544/544 545/545/545
f 217/217/217 216/216/216 215/215/215
f 216/216/216 217/217/217 214/214/214
f 213/213/213 214/214/214 217/217/217
f 214/214/214 213/213/213 212/212/212
f 211/211/211 212/212/212 213/213/213
usemtl A10Cockpit
f 369/369/369 371/371/371 368/368/368
f 367/367/367 368/368/368 371/371/371
f 371/371/371 358/358/358 367/367/367
f 357/357/357 367/367/367 358/358/358
usemtl A10Body
f 209/209/209 210/210/210 208/208/208
usemtl A10Cockpit
f 372/372/372 374/374/374 373/373/373
f 370/370/370 373/373/373 374/374/374
f 374/374/374 360/360/360 370/370/370
f 359/359/359 370/370/370 360/360/360
f 407/407/407 416/416/416 203/203/203
f 415/415/415 416/416/416 407/407/407
f 417/417/417 416/416/416 415/415/415
f 416/416/416 417/417/417 401/401/401
f 128/128/128 144/144/144 133/133/133
f 144/144/144 128/128/128 85/85/85
usemtl A10Body
f 86/86/86 85/85/85 128/128/128
f 85/85/85 86/86/86 88/88/88
f 87/87/87 88/88/88 86/86/86
f 88/88/88 87/87/87 89/89/89
f 90/90/90 89/89/89 87/87/87
f 89/89/89 90/90/90 91/91/91
f 97/97/97 91/91/91 90/90/90
f 91/91/91 97/97/97 93/93/93
f 94/94/94 93/93/93 97/97/97
f 93/93/93 94/94/94 96/96/96
f 95/95/95 96/96/96 94/94/94
f 96/96/96 95/95/95 92/92/92
usemtl A10Cockpit
f 129/129/129 133/133/133 131/131/131
f 130/130/130 131/131/131 133/133/133
f 133/133/133 144/144/144 130/130/130
f 130/130/130 144/144/144 147/147/147
f 148/148/148 147/147/147 144/144/144
f 149/149/149 147/147/147 148/148/148
f 127/127/127 147/147/147 149/149/149
f 147/147/147 127/127/127 124/124/124
f 124/124/124 127/127/127 125/125/125
f 125/125/125 126/126/126 124/124/124
f 123/123/123 124/124/124 126/126/126
usemtl A10Body
f 854/854/854 857/857/857 817/817/817
f 857/857/857 854/854/854 858/858/858
f 859/859/859 858/858/858 854/854/854
f 858/858/858 859/859/859 834/834/834
f 853/853/853 852/852/852 816/816/816
f 852/852/852 853/853/853 855/855/855
f 856/856/856 855/855/855 853/853/853
f 855/855/855 856/856/856 819/819/819
f 821/821/821 820/820/820 814/814/814
f 820/820/820 821/821/821 818/818/818
f 813/813/813 809/809/809 807/807/807
f 809/809/809 813/813/813 812/812/812
f 812/812/812 813/813/813 814/814/814
f 801/801/801 800/800/800 797/797/797
f 800/800/800 801/801/801 805/805/805
f 804/804/804 805/805/805 801/801/801
f 805/805/805 804/804/804 807/807/807
f 478/478/478 482/482/482 479/479/479
f 483/483/483 479/479/479 482/482/482
f 482/482/482 607/607/607 483/483/483
f 609/609/609 483/483/483 607/607/607
f 605/605/605 609/609/609 607/607/607
f 539/539/539 538/538/538 536/536/536
f 539/539/539 537/537/537 538/538/538
usemtl A10Cockpit
f 535/535/535 533/533/533 532/532/532
f 535/535/535 534/534/534 533/533/533
usemtl A10Body
f 568/568/568 567/567/567 565/565/565
f 565/565/565 568/568/568 567/567/567
f 568/568/568 565/565/565 569/569/569
f 565/565/565 569/569/569 568/568/568
f 520/520/520 522/522/522 523/523/523
f 521/521/521 523/523/523 522/522/522
f 521/521/521 522/522/522 492/492/492
f 494/494/494 521/521/521 492/492/492
f 495/495/495 494/494/494 492/492/492
f 495/495/495 493/493/493 494/494/494
f 516/516/516 517/517/517 519/519/519
f 518/518/518 519/519/519 517/517/517
f 518/518/518 517/517/517 491/491/491
f 489/489/489 491/491/491 517/517/517
f 491/491/491 489/489/489 490/490/490
f 487/487/487 490/490/490 489/489/489
g studio.a10.mesh_1
usemtl A10Body
f 1150/1150/1150 1151/1151/1151 1153/1153/1153
f 1152/1152/1152 1156/1156/1156 1151/1151/1151
f 1158/1158/1158 1159/1159/1159 1156/1156/1156
f 1157/1157/1157 1154/1154/1154 1153/1153/1153
f 1155/1155/1155 1157/1157/1157 1159/1159/1159
f 2721/2721/2721 2718/2718/2718 2737/2737/2737
f 1690/1690/1690 2737/2737/2737 2718/2718/2718
f 1325/1325/1325 1499/1499/1499 2652/2652/2652
f 1531/1531/1531 2652/2652/2652 1499/1499/1499
f 1531/1531/1531 2590/2590/2590 2652/2652/2652
f 2737/2737/2737 2590/2590/2590 1531/1531/1531
f 2721/2721/2721 2737/2737/2737 1531/1531/1531
f 2721/2721/2721 1531/1531/1531 2733/2733/2733
f 2721/2721/2721 2733/2733/2733 2718/2718/2718
f 2436/2436/2436 2718/2718/2718 2733/2733/2733
f 2101/2101/2101 2718/2718/2718 2436/2436/2436
f 2101/2101/2101 1690/1690/1690 2718/2718/2718
f 2670/2670/2670 1690/1690/1690 2101/2101/2101
f 1502/1502/1502 2733/2733/2733 1531/1531/1531
f 1502/1502/1502 1531/1531/1531 1499/1499/1499
f 2420/2420/2420 1220/1220/1220 1323/1323/1323
f 2420/2420/2420 2733/2733/2733 1220/1220/1220
f 2436/2436/2436 2733/2733/2733 2420/2420/2420
f 1635/1635/1635 1636/1636/1636 1633/1633/1633
f 1526/1526/1526 1636/1636/1636 1635/1635/1635
f 1686/1686/1686 1526/1526/1526 1635/1635/1635
f 2674/2674/2674 1526/1526/1526 1686/1686/1686
f 2671/2671/2671 2674/2674/2674 1686/1686/1686
f 2671/2671/2671 2692/2692/2692 2674/2674/2674
f 2671/2671/2671 2670/2670/2670 2692/2692/2692
f 2671/2671/2671 1686/1686/1686 2670/2670/2670
f 2670/2670/2670 1686/1686/1686 1690/1690/1690
f 1686/1686/1686 1635/1635/1635 1690/1690/1690
f 1690/1690/1690 1635/1635/1635 2737/2737/2737
f 1635/1635/1635 1633/1633/1633 2737/2737/2737
f 2737/2737/2737 1633/1633/1633 2590/2590/2590
f 1633/1633/1633 2633/2633/2633 2590/2590/2590
f 2590/2590/2590 2633/2633/2633 2648/2648/2648
f 2590/2590/2590 2648/2648/2648 2652/2652/2652
f 2652/2652/2652 2648/2648/2648 2359/2359/2359
f 2652/2652/2652 2359/2359/2359 1325/1325/1325
f 2364/2364/2364 1325/1325/1325 2359/2359/2359
f 2359/2359/2359 2374/2374/2374 2364/2364/2364
f 2364/2364/2364 2374/2374/2374 1241/1241/1241
f 2359/2359/2359 2648/2648/2648 2374/2374/2374
f 1172/1172/1172 2674/2674/2674 2692/2692/2692
f 1522/1522/1522 2134/2134/2134 1636/1636/1636
f 1526/1526/1526 1522/1522/1522 1636/1636/1636
f 1411/1411/1411 1522/1522/1522 1526/1526/1526
f 2674/2674/2674 1411/1411/1411 1526/1526/1526
f 1410/1410/1410 1411/1411/1411 2674/2674/2674
f 1172/1172/1172 1410/1410/1410 2674/2674/2674
f 1147/1147/1147 1410/1410/1410 1172/1172/1172
f 2534/2534/2534 2633/2633/2633 2135/2135/2135
f 1633/1633/1633 2135/2135/2135 2633/2633/2633
f 2780/2780/2780 2235/2235/2235 1701/1701/1701
f 2780/2780/2780 2791/2791/2791 2235/2235/2235
f 2783/2783/2783 2791/2791/2791 2780/2780/2780
f 2762/2762/2762 2791/2791/2791 2783/2783/2783
f 1691/1691/1691 2762/2762/2762 2783/2783/2783
f 2374/2374/2374 2762/2762/2762 1691/1691/1691
f 2374/2374/2374 2768/2768/2768 2762/2762/2762
f 2648/2648/2648 2768/2768/2768 2374/2374/2374
f 2648/2648/2648 2759/2759/2759 2768/2768/2768
f 2633/2633/2633 2759/2759/2759 2648/2648/2648
f 2633/2633/2633 2528/2528/2528 2759/2759/2759
f 2528/2528/2528 2633/2633/2633 2534/2534/2534
f 2528/2528/2528 2534/2534/2534 2535/2535/2535
f 2142/2142/2142 2535/2535/2535 2534/2534/2534
f 2534/2534/2534 2135/2135/2135 2142/2142/2142
f 2134/2134/2134 2142/2142/2142 2135/2135/2135
f 2134/2134/2134 2135/2135/2135 1633/1633/1633
f 2134/2134/2134 1633/1633/1633 1636/1636/1636
f 2791/2791/2791 2513/2513/2513 2235/2235/2235
f 2791/2791/2791 2798/2798/2798 2513/2513/2513
f 2754/2754/2754 2798/2798/2798 2791/2791/2791
f 2754/2754/2754 2782/2782/2782 2798/2798/2798
f 2759/2759/2759 2782/2782/2782 2754/2754/2754
f 2768/2768/2768 2759/2759/2759 2754/2754/2754
f 2768/2768/2768 2754/2754/2754 2762/2762/2762
f 2762/2762/2762 2754/2754/2754 2791/2791/2791
f 2802/2802/2802 2533/2533/2533 2794/2794/2794
f 2802/2802/2802 2479/2479/2479 2533/2533/2533
f 2470/2470/2470 2479/2479/2479 2802/2802/2802
f 1873/1873/1873 2470/2470/2470 2802/2802/2802
f 2535/2535/2535 2470/2470/2470 1873/1873/1873
f 2528/2528/2528 2535/2535/2535 1873/1873/1873
f 2528/2528/2528 1873/1873/1873 2759/2759/2759
f 1873/1873/1873 2802/2802/2802 2759/2759/2759
f 2759/2759/2759 2802/2802/2802 2782/2782/2782
f 2782/2782/2782 2802/2802/2802 2794/2794/2794
f 2782/2782/2782 2794/2794/2794 2798/2798/2798
f 2798/2798/2798 2794/2794/2794 2514/2514/2514
f 2798/2798/2798 2514/2514/2514 2513/2513/2513
f 2513/2513/2513 2514/2514/2514 2572/2572/2572
f 2513/2513/2513 2572/2572/2572 2235/2235/2235
f 2577/2577/2577 2235/2235/2235 2572/2572/2572
f 2577/2577/2577 2456/2456/2456 2235/2235/2235
f 2334/2334/2334 2456/2456/2456 2577/2577/2577
f 2334/2334/2334 2602/2602/2602 2456/2456/2456
f 2602/2602/2602 2494/2494/2494 2456/2456/2456
f 2814/2814/2814 2801/2801/2801 2788/2788/2788
f 2814/2814/2814 1372/1372/1372 2801/2801/2801
f 2814/2814/2814 2771/2771/2771 1372/1372/1372
f 2814/2814/2814 2788/2788/2788 2771/2771/2771
f 2771/2771/2771 2788/2788/2788 2608/2608/2608
f 2771/2771/2771 2608/2608/2608 1654/1654/1654
f 1654/1654/1654 2608/2608/2608 2602/2602/2602
f 1654/1654/1654 2602/2602/2602 1525/1525/1525
f 1525/1525/1525 2602/2602/2602 2334/2334/2334
f 1525/1525/1525 2334/2334/2334 2326/2326/2326
f 2326/2326/2326 2334/2334/2334 2577/2577/2577
f 2326/2326/2326 2577/2577/2577 2562/2562/2562
f 2562/2562/2562 2577/2577/2577 2572/2572/2572
f 2562/2562/2562 2572/2572/2572 2559/2559/2559
f 2514/2514/2514 2559/2559/2559 2572/2572/2572
f 2514/2514/2514 2526/2526/2526 2559/2559/2559
f 2794/2794/2794 2526/2526/2526 2514/2514/2514
f 2794/2794/2794 2533/2533/2533 2526/2526/2526
f 1140/1140/1140 1753/1753/1753 1272/1272/1272
f 1753/1753/1753 1759/1759/1759 1272/1272/1272
f 1753/1753/1753 1760/1760/1760 1759/1759/1759
f 1760/1760/1760 2771/2771/2771 1759/1759/1759
f 1759/1759/1759 2771/2771/2771 1654/1654/1654
f 1759/1759/1759 1654/1654/1654 1653/1653/1653
f 1653/1653/1653 1654/1654/1654 1525/1525/1525
f 1653/1653/1653 1525/1525/1525 1519/1519/1519
f 1519/1519/1519 1525/1525/1525 2326/2326/2326
f 1519/1519/1519 2326/2326/2326 1501/1501/1501
f 1501/1501/1501 2326/2326/2326 2562/2562/2562
f 1501/1501/1501 2562/2562/2562 2495/2495/2495
f 2495/2495/2495 2562/2562/2562 2559/2559/2559
f 2495/2495/2495 2559/2559/2559 2525/2525/2525
f 2525/2525/2525 2559/2559/2559 2526/2526/2526
f 2525/2525/2525 2526/2526/2526 2533/2533/2533
f 2642/2642/2642 2525/2525/2525 2533/2533/2533
f 2642/2642/2642 2533/2533/2533 2655/2655/2655
f 1272/1272/1272 1759/1759/1759 1653/1653/1653
f 1519/1519/1519 1274/1274/1274 1653/1653/1653
f 1519/1519/1519 1668/1668/1668 1274/1274/1274
f 1668/1668/1668 1519/1519/1519 1501/1501/1501
f 1668/1668/1668 1501/1501/1501 1652/1652/1652
f 1652/1652/1652 1501/1501/1501 2495/2495/2495
f 1652/1652/1652 2495/2495/2495 1915/1915/1915
f 1915/1915/1915 2495/2495/2495 2525/2525/2525
f 1915/1915/1915 2525/2525/2525 2642/2642/2642
f 1920/1920/1920 1915/1915/1915 2642/2642/2642
f 1920/1920/1920 2642/2642/2642 2622/2622/2622
f 1486/1486/1486 1920/1920/1920 2622/2622/2622
f 1486/1486/1486 2622/2622/2622 2178/2178/2178
f 1489/1489/1489 1486/1486/1486 2178/2178/2178
f 2812/2812/2812 1486/1486/1486 1489/1489/1489
f 2785/2785/2785 2812/2812/2812 1489/1489/1489
f 2622/2622/2622 2642/2642/2642 2655/2655/2655
f 2622/2622/2622 2655/2655/2655 2594/2594/2594
f 2178/2178/2178 2622/2622/2622 2594/2594/2594
f 2178/2178/2178 2594/2594/2594 2189/2189/2189
f 1671/1671/1671 2178/2178/2178 2189/2189/2189
f 1489/1489/1489 2178/2178/2178 1671/1671/1671
f 2796/2796/2796 1489/1489/1489 1671/1671/1671
f 2785/2785/2785 1489/1489/1489 2796/2796/2796
f 2785/2785/2785 2796/2796/2796 2784/2784/2784
f 2785/2785/2785 2784/2784/2784 2812/2812/2812
f 1799/1799/1799 2812/2812/2812 2784/2784/2784
f 1799/1799/1799 2784/2784/2784 1830/1830/1830
f 1799/1799/1799 1830/1830/1830 1320/1320/1320
f 1284/1284/1284 1799/1799/1799 1320/1320/1320
f 1830/1830/1830 2784/2784/2784 2796/2796/2796
f 2655/2655/2655 2533/2533/2533 2479/2479/2479
f 2655/2655/2655 2479/2479/2479 2434/2434/2434
f 2594/2594/2594 2655/2655/2655 2434/2434/2434
f 2594/2594/2594 2434/2434/2434 2424/2424/2424
f 2189/2189/2189 2594/2594/2594 2424/2424/2424
f 1879/1879/1879 2434/2434/2434 2479/2479/2479
f 1879/1879/1879 2438/2438/2438 2434/2434/2434
f 2424/2424/2424 2434/2434/2434 2438/2438/2438
f 1669/1669/1669 1668/1668/1668 1670/1670/1670
f 1670/1670/1670 1668/1668/1668 1652/1652/1652
f 1670/1670/1670 1652/1652/1652 1659/1659/1659
f 1659/1659/1659 1652/1652/1652 1915/1915/1915
f 1659/1659/1659 1915/1915/1915 1920/1920/1920
f 1369/1369/1369 1659/1659/1659 1920/1920/1920
f 1369/1369/1369 1920/1920/1920 1486/1486/1486
f 2812/2812/2812 1369/1369/1369 1486/1486/1486
f 1221/1221/1221 1369/1369/1369 2812/2812/2812
f 1221/1221/1221 1632/1632/1632 1369/1369/1369
f 1632/1632/1632 1659/1659/1659 1369/1369/1369
f 1632/1632/1632 1670/1670/1670 1659/1659/1659
f 2067/2067/2067 1670/1670/1670 1632/1632/1632
f 2067/2067/2067 1669/1669/1669 1670/1670/1670
f 2071/2071/2071 1669/1669/1669 2067/2067/2067
f 2066/2066/2066 2071/2071/2071 2067/2067/2067
f 1273/1273/1273 1202/1202/1202 1121/1121/1121
f 1273/1273/1273 2425/2425/2425 2417/2417/2417
f 1202/1202/1202 1273/1273/1273 2417/2417/2417
f 1322/1322/1322 2417/2417/2417 2054/2054/2054
f 1648/1648/1648 2692/2692/2692 1647/1647/1647
f 1647/1647/1647 2692/2692/2692 2670/2670/2670
f 1647/1647/1647 2670/2670/2670 2105/2105/2105
f 2105/2105/2105 2670/2670/2670 2101/2101/2101
f 2105/2105/2105 2101/2101/2101 2100/2100/2100
f 2100/2100/2100 2101/2101/2101 2436/2436/2436
f 2100/2100/2100 2436/2436/2436 2425/2425/2425
f 2425/2425/2425 2436/2436/2436 2420/2420/2420
f 2425/2425/2425 2420/2420/2420 2417/2417/2417
f 2417/2417/2417 2420/2420/2420 1323/1323/1323
f 2417/2417/2417 1323/1323/1323 2054/2054/2054
f 2060/2060/2060 2054/2054/2054 1323/1323/1323
f 2060/2060/2060 2524/2524/2524 2054/2054/2054
f 2016/2016/2016 2054/2054/2054 2524/2524/2524
f 2016/2016/2016 2524/2524/2524 2529/2529/2529
f 2087/2087/2087 2016/2016/2016 2529/2529/2529
f 2087/2087/2087 2529/2529/2529 1708/1708/1708
f 2686/2686/2686 2087/2087/2087 1708/1708/1708
f 2086/2086/2086 2054/2054/2054 2016/2016/2016
f 2086/2086/2086 2016/2016/2016 2087/2087/2087
f 2089/2089/2089 2086/2086/2086 2087/2087/2087
f 2089/2089/2089 2087/2087/2087 2686/2686/2686
f 1976/1976/1976 2089/2089/2089 2686/2686/2686
f 1976/1976/1976 2686/2686/2686 2683/2683/2683
f 1188/1188/1188 1976/1976/1976 2683/2683/2683
f 2678/2678/2678 2683/2683/2683 2686/2686/2686
f 2057/2057/2057 2524/2524/2524 2060/2060/2060
f 2057/2057/2057 1303/1303/1303 2524/2524/2524
f 2523/2523/2523 2524/2524/2524 1303/1303/1303
f 2523/2523/2523 2529/2529/2529 2524/2524/2524
f 2523/2523/2523 2532/2532/2532 2529/2529/2529
f 1708/1708/1708 2529/2529/2529 2532/2532/2532
f 1708/1708/1708 2532/2532/2532 1428/1428/1428
f 1712/1712/1712 1708/1708/1708 1428/1428/1428
f 1712/1712/1712 1428/1428/1428 1680/1680/1680
f 2669/2669/2669 1712/1712/1712 1680/1680/1680
f 2669/2669/2669 1680/1680/1680 1865/1865/1865
f 1384/1384/1384 2669/2669/2669 1865/1865/1865
f 1384/1384/1384 1865/1865/1865 1863/1863/1863
f 1863/1863/1863 1865/1865/1865 1866/1866/1866
f 1865/1865/1865 1673/1673/1673 1866/1866/1866
f 1865/1865/1865 1680/1680/1680 1673/1673/1673
f 1680/1680/1680 2273/2273/2273 1673/1673/1673
f 1680/1680/1680 1428/1428/1428 2273/2273/2273
f 1428/1428/1428 1380/1380/1380 2273/2273/2273
f 1428/1428/1428 2532/2532/2532 1380/1380/1380
f 2523/2523/2523 1303/1303/1303 2532/2532/2532
f 2686/2686/2686 1708/1708/1708 1712/1712/1712
f 2678/2678/2678 2686/2686/2686 1712/1712/1712
f 2678/2678/2678 1712/1712/1712 2669/2669/2669
f 2678/2678/2678 2669/2669/2669 2683/2683/2683
f 1377/1377/1377 2683/2683/2683 2669/2669/2669
f 1377/1377/1377 2669/2669/2669 1384/1384/1384
f 1387/1387/1387 1377/1377/1377 1384/1384/1384
f 1387/1387/1387 1384/1384/1384 1386/1386/1386
f 1386/1386/1386 1384/1384/1384 1863/1863/1863
f 1386/1386/1386 1863/1863/1863 1399/1399/1399
f 1399/1399/1399 1863/1863/1863 1862/1862/1862
f 1863/1863/1863 1866/1866/1866 1862/1862/1862
f 1862/1862/1862 1866/1866/1866 1214/1214/1214
f 1866/1866/1866 1111/1111/1111 1214/1214/1214
f 1866/1866/1866 1673/1673/1673 1111/1111/1111
f 1673/1673/1673 2277/2277/2277 1111/1111/1111
f 1673/1673/1673 2273/2273/2273 2277/2277/2277
f 2268/2268/2268 2277/2277/2277 2273/2273/2273
f 1057/1057/1057 1386/1386/1386 1399/1399/1399
f 2277/2277/2277 2462/2462/2462 1547/1547/1547
f 1111/1111/1111 2277/2277/2277 1547/1547/1547
f 2268/2268/2268 2273/2273/2273 1380/1380/1380
f 2268/2268/2268 1380/1380/1380 2269/2269/2269
f 2268/2268/2268 2269/2269/2269 2277/2277/2277
f 2458/2458/2458 2277/2277/2277 2269/2269/2269
f 2277/2277/2277 2458/2458/2458 2462/2462/2462
f 2458/2458/2458 2474/2474/2474 2462/2462/2462
f 2474/2474/2474 2654/2654/2654 2462/2462/2462
f 2474/2474/2474 1385/1385/1385 2654/2654/2654
f 2723/2723/2723 2654/2654/2654 1385/1385/1385
f 2723/2723/2723 1385/1385/1385 2739/2739/2739
f 2723/2723/2723 2739/2739/2739 2726/2726/2726
f 2739/2739/2739 2065/2065/2065 2726/2726/2726
f 2726/2726/2726 2065/2065/2065 1696/1696/1696
f 2065/2065/2065 1909/1909/1909 1696/1696/1696
f 2760/2760/2760 1696/1696/1696 1909/1909/1909
f 1908/1908/1908 2760/2760/2760 1909/1909/1909
f 1908/1908/1908 2764/2764/2764 2760/2760/2760
f 1676/1676/1676 2764/2764/2764 1908/1908/1908
f 2458/2458/2458 2480/2480/2480 2474/2474/2474
f 2458/2458/2458 2269/2269/2269 2480/2480/2480
f 1503/1503/1503 2739/2739/2739 1385/1385/1385
f 2654/2654/2654 2734/2734/2734 2708/2708/2708
f 2654/2654/2654 2723/2723/2723 2734/2734/2734
f 2723/2723/2723 2726/2726/2726 2734/2734/2734
f 2710/2710/2710 2708/2708/2708 2712/2712/2712
f 2462/2462/2462 2654/2654/2654 2708/2708/2708
f 2462/2462/2462 2708/2708/2708 2710/2710/2710
f 2710/2710/2710 1547/1547/1547 2462/2462/2462
f 2710/2710/2710 1498/1498/1498 1547/1547/1547
f 1498/1498/1498 2710/2710/2710 2709/2709/2709
f 2710/2710/2710 2712/2712/2712 2709/2709/2709
f 2712/2712/2712 2476/2476/2476 2709/2709/2709
f 2712/2712/2712 2708/2708/2708 2476/2476/2476
f 2708/2708/2708 2423/2423/2423 2476/2476/2476
f 2708/2708/2708 2734/2734/2734 2423/2423/2423
f 2734/2734/2734 2419/2419/2419 2423/2423/2423
f 2734/2734/2734 2726/2726/2726 2419/2419/2419
f 2726/2726/2726 1696/1696/1696 2419/2419/2419
f 2748/2748/2748 2419/2419/2419 1696/1696/1696
f 2760/2760/2760 2748/2748/2748 1696/1696/1696
f 2764/2764/2764 2748/2748/2748 2760/2760/2760
f 2764/2764/2764 2750/2750/2750 2748/2748/2748
f 1677/1677/1677 2750/2750/2750 2764/2764/2764
f 2750/2750/2750 2423/2423/2423 2419/2419/2419
f 2748/2748/2748 2750/2750/2750 2419/2419/2419
f 2709/2709/2709 2476/2476/2476 2450/2450/2450
f 1676/1676/1676 1677/1677/1677 2764/2764/2764
f 1672/1672/1672 1677/1677/1677 1676/1676/1676
f 1490/1490/1490 1672/1672/1672 1676/1676/1676
f 1497/1497/1497 1672/1672/1672 1490/1490/1490
f 1495/1495/1495 1497/1497/1497 1490/1490/1490
f 1496/1496/1496 1497/1497/1497 1495/1495/1495
f 1482/1482/1482 1676/1676/1676 1908/1908/1908
f 1490/1490/1490 1676/1676/1676 1482/1482/1482
f 1477/1477/1477 1490/1490/1490 1482/1482/1482
f 1477/1477/1477 1482/1482/1482 1480/1480/1480
f 1480/1480/1480 1482/1482/1482 1479/1479/1479
f 1480/1480/1480 1479/1479/1479 2801/2801/2801
f 2801/2801/2801 1479/1479/1479 1769/1769/1769
f 2801/2801/2801 1769/1769/1769 2788/2788/2788
f 2788/2788/2788 1769/1769/1769 2647/2647/2647
f 2788/2788/2788 2647/2647/2647 2608/2608/2608
f 2596/2596/2596 2608/2608/2608 2647/2647/2647
f 2596/2596/2596 2602/2602/2602 2608/2608/2608
f 2477/2477/2477 2602/2602/2602 2596/2596/2596
f 2602/2602/2602 2477/2477/2477 2494/2494/2494
f 2490/2490/2490 2494/2494/2494 2477/2477/2477
f 2490/2490/2490 2456/2456/2456 2494/2494/2494
f 1701/1701/1701 2456/2456/2456 2490/2490/2490
f 1701/1701/1701 2235/2235/2235 2456/2456/2456
f 1691/1691/1691 2783/2783/2783 2581/2581/2581
f 2781/2781/2781 2581/2581/2581 2783/2783/2783
f 2783/2783/2783 2780/2780/2780 2781/2781/2781
f 2781/2781/2781 2780/2780/2780 1701/1701/1701
f 2781/2781/2781 1701/1701/1701 2649/2649/2649
f 2649/2649/2649 1701/1701/1701 2490/2490/2490
f 2649/2649/2649 2490/2490/2490 1770/1770/1770
f 1770/1770/1770 2490/2490/2490 2477/2477/2477
f 1770/1770/1770 2477/2477/2477 2063/2063/2063
f 2063/2063/2063 2477/2477/2477 2647/2647/2647
f 2477/2477/2477 2596/2596/2596 2647/2647/2647
f 2781/2781/2781 2600/2600/2600 2581/2581/2581
f 2600/2600/2600 2781/2781/2781 2649/2649/2649
f 2600/2600/2600 2649/2649/2649 2778/2778/2778
f 2778/2778/2778 2649/2649/2649 1770/1770/1770
f 2778/2778/2778 1770/1770/1770 2806/2806/2806
f 2806/2806/2806 1770/1770/1770 2063/2063/2063
f 1482/1482/1482 1908/1908/1908 1479/1479/1479
f 1479/1479/1479 1908/1908/1908 1909/1909/1909
f 1479/1479/1479 1909/1909/1909 1769/1769/1769
f 1769/1769/1769 1909/1909/1909 1762/1762/1762
f 1769/1769/1769 1762/1762/1762 2647/2647/2647
f 1762/1762/1762 2064/2064/2064 2647/2647/2647
f 2063/2063/2063 2647/2647/2647 2064/2064/2064
f 2803/2803/2803 2063/2063/2063 2064/2064/2064
f 2806/2806/2806 2063/2063/2063 2803/2803/2803
f 2804/2804/2804 2806/2806/2806 2803/2803/2803
f 2804/2804/2804 2778/2778/2778 2806/2806/2806
f 2778/2778/2778 2804/2804/2804 2557/2557/2557
f 2778/2778/2778 2557/2557/2557 2600/2600/2600
f 2582/2582/2582 2600/2600/2600 2557/2557/2557
f 2582/2582/2582 2581/2581/2581 2600/2600/2600
f 2582/2582/2582 2578/2578/2578 2581/2581/2581
f 1693/1693/1693 2581/2581/2581 2578/2578/2578
f 1693/1693/1693 1691/1691/1691 2581/2581/2581
f 1693/1693/1693 1692/1692/1692 1691/1691/1691
f 1242/1242/1242 1691/1691/1691 1692/1692/1692
f 1718/1718/1718 2557/2557/2557 2804/2804/2804
f 1718/1718/1718 2804/2804/2804 1500/1500/1500
f 1500/1500/1500 2804/2804/2804 2803/2803/2803
f 2582/2582/2582 2557/2557/2557 2578/2578/2578
f 1713/1713/1713 2578/2578/2578 2557/2557/2557
f 1713/1713/1713 2557/2557/2557 1718/1718/1718
f 1713/1713/1713 1718/1718/1718 1714/1714/1714
f 1237/1237/1237 1714/1714/1714 1718/1718/1718
f 1237/1237/1237 1718/1718/1718 1504/1504/1504
f 1504/1504/1504 1718/1718/1718 1500/1500/1500
f 1504/1504/1504 1500/1500/1500 1503/1503/1503
f 1503/1503/1503 1500/1500/1500 2739/2739/2739
f 1500/1500/1500 2803/2803/2803 2739/2739/2739
f 2739/2739/2739 2803/2803/2803 2065/2065/2065
f 2803/2803/2803 2064/2064/2064 2065/2065/2065
f 2065/2065/2065 2064/2064/2064 1909/1909/1909
f 1762/1762/1762 1909/1909/1909 2064/2064/2064
f 1318/1318/1318 2023/2023/2023 2100/2100/2100
f 2023/2023/2023 2105/2105/2105 2100/2100/2100
f 2023/2023/2023 1647/1647/1647 2105/2105/2105
f 2037/2037/2037 1647/1647/1647 2023/2023/2023
f 2037/2037/2037 2023/2023/2023 2006/2006/2006
f 2007/2007/2007 2037/2037/2037 2006/2006/2006
f 2046/2046/2046 2007/2007/2007 2006/2006/2006
f 2046/2046/2046 2006/2006/2006 2039/2039/2039
f 2006/2006/2006 2023/2023/2023 2039/2039/2039
f 3687/3687/3687 3695/3695/3695 3697/3697/3697
f 3687/3687/3687 3697/3697/3697 3696/3696/3696
f 3687/3687/3687 3696/3696/3696 3694/3694/3694
f 3687/3687/3687 3694/3694/3694 3693/3693/3693
f 3687/3687/3687 3693/3693/3693 3692/3692/3692
f 3687/3687/3687 3692/3692/3692 3691/3691/3691
f 3687/3687/3687 3691/3691/3691 3690/3690/3690
f 3688/3688/3688 3701/3701/3701 3699/3699/3699
f 3688/3688/3688 3689/3689/3689 3701/3701/3701
f 3689/3689/3689 3704/3704/3704 3701/3701/3701
f 3689/3689/3689 3690/3690/3690 3704/3704/3704
f 3690/3690/3690 3706/3706/3706 3704/3704/3704
f 3690/3690/3690 3691/3691/3691 3706/3706/3706
f 3691/3691/3691 3707/3707/3707 3706/3706/3706
f 3691/3691/3691 3692/3692/3692 3707/3707/3707
f 3692/3692/3692 3710/3710/3710 3707/3707/3707
f 3692/3692/3692 3693/3693/3693 3710/3710/3710
f 3693/3693/3693 3711/3711/3711 3710/3710/3710
f 3693/3693/3693 3694/3694/3694 3711/3711/3711
f 3694/3694/3694 3717/3717/3717 3711/3711/3711
f 3694/3694/3694 3696/3696/3696 3717/3717/3717
f 3696/3696/3696 3713/3713/3713 3717/3717/3717
f 3696/3696/3696 3697/3697/3697 3713/3713/3713
f 3697/3697/3697 3714/3714/3714 3713/3713/3713
f 3697/3697/3697 3695/3695/3695 3714/3714/3714
f 3687/3687/3687 3690/3690/3690 3689/3689/3689
f 3687/3687/3687 3689/3689/3689 3688/3688/3688
f 3687/3687/3687 3688/3688/3688 3695/3695/3695
f 3695/3695/3695 3688/3688/3688 3699/3699/3699
f 3695/3695/3695 3699/3699/3699 3714/3714/3714
f 3714/3714/3714 3699/3699/3699 3698/3698/3698
f 3714/3714/3714 3698/3698/3698 3715/3715/3715
f 3713/3713/3713 3714/3714/3714 3715/3715/3715
f 3713/3713/3713 3715/3715/3715 3716/3716/3716
f 3717/3717/3717 3713/3713/3713 3716/3716/3716
f 3717/3717/3717 3716/3716/3716 3712/3712/3712
f 3711/3711/3711 3717/3717/3717 3712/3712/3712
f 3711/3711/3711 3712/3712/3712 3709/3709/3709
f 3710/3710/3710 3711/3711/3711 3709/3709/3709
f 3710/3710/3710 3709/3709/3709 3708/3708/3708
f 3707/3707/3707 3710/3710/3710 3708/3708/3708
f 3707/3707/3707 3708/3708/3708 3705/3705/3705
f 3706/3706/3706 3707/3707/3707 3705/3705/3705
f 3706/3706/3706 3705/3705/3705 3703/3703/3703
f 3704/3704/3704 3706/3706/3706 3703/3703/3703
f 3704/3704/3704 3703/3703/3703 3702/3702/3702
f 3701/3701/3701 3704/3704/3704 3702/3702/3702
f 3701/3701/3701 3702/3702/3702 3700/3700/3700
f 3699/3699/3699 3701/3701/3701 3700/3700/3700
f 3699/3699/3699 3700/3700/3700 3698/3698/3698
f 3262/3262/3262 3270/3270/3270 3265/3265/3265
f 3251/3251/3251 3265/3265/3265 3270/3270/3270
f 3431/3431/3431 3435/3435/3435 3429/3429/3429
f 3157/3157/3157 3429/3429/3429 3435/3435/3435
f 3158/3158/3158 3428/3428/3428 3432/3432/3432
f 3430/3430/3430 3432/3432/3432 3428/3428/3428
f 3432/3432/3432 3430/3430/3430 3427/3427/3427
f 3156/3156/3156 3427/3427/3427 3430/3430/3430
f 3418/3418/3418 3421/3421/3421 3419/3419/3419
f 3155/3155/3155 3419/3419/3419 3421/3421/3421
f 3415/3415/3415 3417/3417/3417 3416/3416/3416
f 3154/3154/3154 3416/3416/3416 3417/3417/3417
f 3412/3412/3412 3414/3414/3414 3413/3413/3413
f 3153/3153/3153 3413/3413/3413 3414/3414/3414
f 3210/3210/3210 3215/3215/3215 3211/3211/3211
f 3094/3094/3094 3211/3211/3211 3215/3215/3215
f 3193/3193/3193 3198/3198/3198 3194/3194/3194
f 3093/3093/3093 3194/3194/3194 3198/3198/3198
f 3213/3213/3213 3219/3219/3219 3214/3214/3214
f 3192/3192/3192 3214/3214/3214 3219/3219/3219
f 3214/3214/3214 3192/3192/3192 3195/3195/3195
f 3191/3191/3191 3195/3195/3195 3192/3192/3192
f 3209/3209/3209 3212/3212/3212 3208/3208/3208
f 3087/3087/3087 3208/3208/3208 3212/3212/3212
f 3180/3180/3180 3190/3190/3190 3173/3173/3173
f 3081/3081/3081 3173/3173/3173 3190/3190/3190
f 3200/3200/3200 3203/3203/3203 3201/3201/3201
f 3080/3080/3080 3201/3201/3201 3203/3203/3203
f 3204/3204/3204 3207/3207/3207 3206/3206/3206
f 3079/3079/3079 3206/3206/3206 3207/3207/3207
f 3197/3197/3197 3199/3199/3199 3196/3196/3196
f 3078/3078/3078 3196/3196/3196 3199/3199/3199
f 3551/3551/3551 3040/3040/3040 3547/3547/3547
f 3546/3546/3546 3551/3551/3551 3547/3547/3547
f 3510/3510/3510 3512/3512/3512 3513/3513/3513
f 3506/3506/3506 3510/3510/3510 3513/3513/3513
f 3387/3387/3387 3510/3510/3510 3506/3506/3506
f 3515/3515/3515 3387/3387/3387 3506/3506/3506
f 3131/3131/3131 3387/3387/3387 3515/3515/3515
f 3508/3508/3508 3515/3515/3515 3506/3506/3506
f 3382/3382/3382 3506/3506/3506 3513/3513/3513
f 3393/3393/3393 3510/3510/3510 3387/3387/3387
f 2884/2884/2884 2887/2887/2887 2885/2885/2885
f 2881/2881/2881 2885/2885/2885 2887/2887/2887
f 2888/2888/2888 2889/2889/2889 2886/2886/2886
f 2880/2880/2880 2886/2886/2886 2889/2889/2889
f 3243/3243/3243 3246/3246/3246 3237/3237/3237
f 3237/3237/3237 3246/3246/3246 3145/3145/3145
f 3145/3145/3145 2972/2972/2972 3237/3237/3237
f 2972/2972/2972 3145/3145/3145 2958/2958/2958
f 3102/3102/3102 3179/3179/3179 3096/3096/3096
f 3179/3179/3179 3102/3102/3102 3145/3145/3145
f 3145/3145/3145 3142/3142/3142 3179/3179/3179
f 3142/3142/3142 3145/3145/3145 3246/3246/3246
f 3246/3246/3246 3115/3115/3115 3142/3142/3142
f 3114/3114/3114 3142/3142/3142 3115/3115/3115
f 3184/3184/3184 3179/3179/3179 3142/3142/3142
f 3179/3179/3179 3184/3184/3184 3170/3170/3170
f 3903/3903/3903 3904/3904/3904 3902/3902/3902
f 3852/3852/3852 3853/3853/3853 3904/3904/3904
f 3853/3853/3853 3852/3852/3852 3851/3851/3851
f 3848/3848/3848 3851/3851/3851 3852/3852/3852
f 3851/3851/3851 3848/3848/3848 3865/3865/3865
f 3866/3866/3866 3865/3865/3865 3848/3848/3848
f 3865/3865/3865 3866/3866/3866 3863/3863/3863
f 2963/2963/2963 2965/2965/2965 2962/2962/2962
f 2864/2864/2864 2962/2962/2962 2965/2965/2965
f 2960/2960/2960 2964/2964/2964 2961/2961/2961
f 2863/2863/2863 2961/2961/2961 2964/2964/2964
f 2955/2955/2955 2959/2959/2959 2956/2956/2956
f 2862/2862/2862 2956/2956/2956 2959/2959/2959
f 2954/2954/2954 2957/2957/2957 2953/2953/2953
f 2861/2861/2861 2953/2953/2953 2957/2957/2957
f 3236/3236/3236 3143/3143/3143 3147/3147/3147
f 3147/3147/3147 3240/3240/3240 3236/3236/3236
f 3236/3236/3236 3240/3240/3240 3238/3238/3238
f 2860/2860/2860 3238/3238/3238 3240/3240/3240
f 3240/3240/3240 3147/3147/3147 3085/3085/3085
f 3150/3150/3150 3152/3152/3152 3151/3151/3151
f 2883/2883/2883 3151/3151/3151 3152/3152/3152
f 3151/3151/3151 2883/2883/2883 3147/3147/3147
f 3147/3147/3147 3682/3682/3682 3151/3151/3151
f 3682/3682/3682 3147/3147/3147 3143/3143/3143
f 3143/3143/3143 3679/3679/3679 3682/3682/3682
f 3679/3679/3679 3143/3143/3143 2968/2968/2968
f 3010/3010/3010 3151/3151/3151 3682/3682/3682
f 3680/3680/3680 3682/3682/3682 3679/3679/3679
f 3682/3682/3682 3680/3680/3680 2970/2970/2970
f 2969/2969/2969 2970/2970/2970 3680/3680/3680
f 3900/3900/3900 3901/3901/3901 3899/3899/3899
f 3034/3034/3034 3144/3144/3144 3146/3146/3146
f 3342/3342/3342 3146/3146/3146 3144/3144/3144
f 3146/3146/3146 3342/3342/3342 3549/3549/3549
f 3350/3350/3350 3549/3549/3549 3342/3342/3342
f 3549/3549/3549 3548/3548/3548 3146/3146/3146
f 3548/3548/3548 3549/3549/3549 3539/3539/3539
f 3092/3092/3092 3144/3144/3144 2946/2946/2946
f 3144/3144/3144 3092/3092/3092 3342/3342/3342
f 3090/3090/3090 3342/3342/3342 3092/3092/3092
f 3342/3342/3342 3090/3090/3090 3350/3350/3350
f 3112/3112/3112 3350/3350/3350 3090/3090/3090
f 3350/3350/3350 3112/3112/3112 3110/3110/3110
f 3338/3338/3338 3339/3339/3339 3336/3336/3336
f 3164/3164/3164 3338/3338/3338 3336/3336/3336
f 3361/3361/3361 3338/3338/3338 3164/3164/3164
f 3355/3355/3355 3361/3361/3361 3164/3164/3164
f 3357/3357/3357 3361/3361/3361 3355/3355/3355
f 3041/3041/3041 3164/3164/3164 3336/3336/3336
f 3159/3159/3159 3338/3338/3338 3361/3361/3361
f 3163/3163/3163 3355/3355/3355 3164/3164/3164
f 3385/3385/3385 3384/3384/3384 3394/3394/3394
f 3397/3397/3397 3385/3385/3385 3394/3394/3394
f 3403/3403/3403 3385/3385/3385 3397/3397/3397
f 3398/3398/3398 3403/3403/3403 3397/3397/3397
f 3396/3396/3396 3403/3403/3403 3398/3398/3398
f 3383/3383/3383 3398/3398/3398 3397/3397/3397
f 3395/3395/3395 3397/3397/3397 3394/3394/3394
f 3113/3113/3113 3385/3385/3385 3403/3403/3403
f 2852/2852/2852 2853/2853/2853 2850/2850/2850
f 2847/2847/2847 2850/2850/2850 2853/2853/2853
f 2848/2848/2848 2851/2851/2851 2849/2849/2849
f 2846/2846/2846 2849/2849/2849 2851/2851/2851
f 2855/2855/2855 2856/2856/2856 2854/2854/2854
f 2844/2844/2844 2854/2854/2854 2856/2856/2856
f 2858/2858/2858 2859/2859/2859 2857/2857/2857
f 2843/2843/2843 2857/2857/2857 2859/2859/2859
f 2869/2869/2869 2871/2871/2871 2867/2867/2867
f 2842/2842/2842 2867/2867/2867 2871/2871/2871
f 2865/2865/2865 2868/2868/2868 2866/2866/2866
f 2841/2841/2841 2866/2866/2866 2868/2868/2868
f 2873/2873/2873 2876/2876/2876 2874/2874/2874
f 2840/2840/2840 2874/2874/2874 2876/2876/2876
f 2870/2870/2870 2875/2875/2875 2872/2872/2872
f 2839/2839/2839 2872/2872/2872 2875/2875/2875
f 3217/3217/3217 3216/3216/3216 3218/3218/3218
f 3245/3245/3245 3217/3217/3217 3218/3218/3218
f 3165/3165/3165 3217/3217/3217 3245/3245/3245
f 3247/3247/3247 3165/3165/3165 3245/3245/3245
f 3029/3029/3029 3165/3165/3165 3247/3247/3247
f 3244/3244/3244 3247/3247/3247 3245/3245/3245
f 3168/3168/3168 3245/3245/3245 3218/3218/3218
f 3166/3166/3166 3217/3217/3217 3165/3165/3165
f 3498/3498/3498 3379/3379/3379 3356/3356/3356
f 3356/3356/3356 3541/3541/3541 3498/3498/3498
f 3473/3473/3473 3498/3498/3498 3541/3541/3541
f 3472/3472/3472 3498/3498/3498 3473/3473/3473
f 3391/3391/3391 3541/3541/3541 3356/3356/3356
f 3135/3135/3135 3473/3473/3473 3137/3137/3137
f 3541/3541/3541 3137/3137/3137 3473/3473/3473
f 3541/3541/3541 3537/3537/3537 3137/3137/3137
f 3537/3537/3537 3541/3541/3541 3545/3545/3545
f 3541/3541/3541 3391/3391/3391 3545/3545/3545
f 3391/3391/3391 3392/3392/3392 3545/3545/3545
f 3392/3392/3392 3391/3391/3391 3390/3390/3390
f 3356/3356/3356 3390/3390/3390 3391/3391/3391
f 3390/3390/3390 3356/3356/3356 3380/3380/3380
f 3379/3379/3379 3380/3380/3380 3356/3356/3356
f 3380/3380/3380 3379/3379/3379 3376/3376/3376
f 3380/3380/3380 3138/3138/3138 3390/3390/3390
f 3177/3177/3177 3176/3176/3176 3182/3182/3182
f 3241/3241/3241 3182/3182/3182 3176/3176/3176
f 2988/2988/2988 3182/3182/3182 3241/3241/3241
f 3242/3242/3242 3037/3037/3037 2971/2971/2971
f 2971/2971/2971 2988/2988/2988 3242/3242/3242
f 3241/3241/3241 3242/3242/3242 2988/2988/2988
f 3242/3242/3242 3241/3241/3241 3239/3239/3239
f 3176/3176/3176 3239/3239/3239 3241/3241/3241
f 3239/3239/3239 3235/3235/3235 3242/3242/3242
f 3038/3038/3038 3039/3039/3039 3037/3037/3037
f 3185/3185/3185 3084/3084/3084 3187/3187/3187
f 3187/3187/3187 3181/3181/3181 3185/3185/3185
f 3181/3181/3181 3187/3187/3187 3177/3177/3177
f 3230/3230/3230 3177/3177/3177 3187/3187/3187
f 3176/3176/3176 3177/3177/3177 3230/3230/3230
f 3230/3230/3230 3229/3229/3229 3176/3176/3176
f 3239/3239/3239 3176/3176/3176 3229/3229/3229
f 3229/3229/3229 3025/3025/3025 3239/3239/3239
f 3025/3025/3025 3229/3229/3229 3024/3024/3024
f 3024/3024/3024 3083/3083/3083 3025/3025/3025
f 3024/3024/3024 3084/3084/3084 3083/3083/3083
f 3174/3174/3174 3083/3083/3083 3084/3084/3084
f 3084/3084/3084 3185/3185/3185 3174/3174/3174
f 3183/3183/3183 3174/3174/3174 3185/3185/3185
f 3185/3185/3185 3181/3181/3181 3183/3183/3183
f 2947/2947/2947 3183/3183/3183 3181/3181/3181
f 3083/3083/3083 2973/2973/2973 3025/3025/3025
f 3228/3228/3228 3226/3226/3226 3229/3229/3229
f 3229/3229/3229 3230/3230/3230 3228/3228/3228
f 3187/3187/3187 3228/3228/3228 3230/3230/3230
f 3228/3228/3228 3187/3187/3187 3084/3084/3084
f 3084/3084/3084 3024/3024/3024 3228/3228/3228
f 3030/3030/3030 3349/3349/3349 3347/3347/3347
f 3344/3344/3344 3347/3347/3347 3349/3349/3349
f 3347/3347/3347 3344/3344/3344 3169/3169/3169
f 3160/3160/3160 3169/3169/3169 3344/3344/3344
f 3169/3169/3169 3160/3160/3160 3222/3222/3222
f 3223/3223/3223 3222/3222/3222 3160/3160/3160
f 3222/3222/3222 3223/3223/3223 3227/3227/3227
f 3047/3047/3047 3227/3227/3227 3223/3223/3223
f 3227/3227/3227 3047/3047/3047 3171/3171/3171
f 3358/3358/3358 3171/3171/3171 3047/3047/3047
f 3171/3171/3171 3358/3358/3358 3360/3360/3360
f 3363/3363/3363 3360/3360/3360 3358/3358/3358
f 3360/3360/3360 3363/3363/3363 3026/3026/3026
f 3167/3167/3167 3026/3026/3026 3363/3363/3363
f 3026/3026/3026 3167/3167/3167 3250/3250/3250
f 3248/3248/3248 3250/3250/3250 3167/3167/3167
f 3250/3250/3250 3248/3248/3248 3249/3249/3249
f 3042/3042/3042 3249/3249/3249 3248/3248/3248
f 2837/2837/2837 2838/2838/2838 2836/2836/2836
f 2827/2827/2827 2836/2836/2836 2838/2838/2838
f 2939/2939/2939 2982/2982/2982 2978/2978/2978
f 2982/2982/2982 2975/2975/2975 2978/2978/2978
f 2975/2975/2975 2832/2832/2832 2978/2978/2978
f 2825/2825/2825 2832/2832/2832 2975/2975/2975
f 2941/2941/2941 2977/2977/2977 2981/2981/2981
f 2977/2977/2977 2976/2976/2976 2981/2981/2981
f 2976/2976/2976 2835/2835/2835 2981/2981/2981
f 2824/2824/2824 2835/2835/2835 2976/2976/2976
f 3465/3465/3465 3536/3536/3536 3544/3544/3544
f 3540/3540/3540 3544/3544/3544 3536/3536/3536
f 3544/3544/3544 3049/3049/3049 3465/3465/3465
f 3049/3049/3049 3544/3544/3544 3542/3542/3542
f 3544/3544/3544 3540/3540/3540 3542/3542/3542
f 3540/3540/3540 3050/3050/3050 3542/3542/3542
f 3050/3050/3050 3540/3540/3540 3536/3536/3536
f 3050/3050/3050 3536/3536/3536 3119/3119/3119
f 3475/3475/3475 3466/3466/3466 3465/3465/3465
f 3466/3466/3466 3463/3463/3463 3465/3465/3465
f 3463/3463/3463 3497/3497/3497 3465/3465/3465
f 3536/3536/3536 3465/3465/3465 3497/3497/3497
f 3497/3497/3497 3476/3476/3476 3536/3536/3536
f 3476/3476/3476 2985/2985/2985 3536/3536/3536
f 2985/2985/2985 3119/3119/3119 3536/3536/3536
f 2985/2985/2985 3121/3121/3121 3119/3119/3119
f 3118/3118/3118 3119/3119/3119 3121/3121/3121
f 3121/3121/3121 3111/3111/3111 3118/3118/3118
f 3109/3109/3109 3118/3118/3118 3111/3111/3111
f 3111/3111/3111 3108/3108/3108 3109/3109/3109
f 3136/3136/3136 3109/3109/3109 3108/3108/3108
f 3108/3108/3108 3495/3495/3495 3136/3136/3136
f 3136/3136/3136 3495/3495/3495 3478/3478/3478
f 3495/3495/3495 3475/3475/3475 3478/3478/3478
f 3465/3465/3465 3478/3478/3478 3475/3475/3475
f 3478/3478/3478 3465/3465/3465 3049/3049/3049
f 3897/3897/3897 3898/3898/3898 3895/3895/3895
f 3898/3898/3898 3886/3886/3886 3885/3885/3885
f 3888/3888/3888 3889/3889/3889 3887/3887/3887
f 2821/2821/2821 2822/2822/2822 3017/3017/3017
f 3005/3005/3005 3017/3017/3017 2822/2822/2822
f 3005/3005/3005 3018/3018/3018 3017/3017/3017
f 3020/3020/3020 3017/3017/3017 3018/3018/3018
f 3018/3018/3018 2831/2831/2831 3020/3020/3020
f 2828/2828/2828 3020/3020/3020 2831/2831/2831
f 3883/3883/3883 3884/3884/3884 3881/3881/3881
f 2967/2967/2967 3003/3003/3003 2999/2999/2999
f 3000/3000/3000 2999/2999/2999 3003/3003/3003
f 2999/2999/2999 3000/3000/3000 3132/3132/3132
f 3359/3359/3359 3132/3132/3132 3000/3000/3000
f 3132/3132/3132 3359/3359/3359 3369/3369/3369
f 3362/3362/3362 3369/3369/3369 3359/3359/3359
f 2966/2966/2966 3004/3004/3004 3006/3006/3006
f 3002/3002/3002 3006/3006/3006 3004/3004/3004
f 3006/3006/3006 3002/3002/3002 3134/3134/3134
f 3368/3368/3368 3134/3134/3134 3002/3002/3002
f 3134/3134/3134 3368/3368/3368 3371/3371/3371
f 3367/3367/3367 3371/3371/3371 3368/3368/3368
f 2677/2677/2677 2705/2705/2705 2662/2662/2662
f 2551/2551/2551 2662/2662/2662 2705/2705/2705
f 2092/2092/2092 2094/2094/2094 2085/2085/2085
f 1353/1353/1353 2085/2085/2085 2094/2094/2094
f 1334/1334/1334 1336/1336/1336 1335/1335/1335
f 1262/1262/1262 1335/1335/1335 1336/1336/1336
f 1340/1340/1340 1342/1342/1342 1341/1341/1341
f 1261/1261/1261 1341/1341/1341 1342/1342/1342
f 1337/1337/1337 1339/1339/1339 1338/1338/1338
f 1260/1260/1260 1338/1338/1338 1339/1339/1339
f 1257/1257/1257 1258/1258/1258 1256/1256/1256
f 1240/1240/1240 1256/1256/1256 1258/1258/1258
f 1246/1246/1246 1252/1252/1252 1249/1249/1249
f 1238/1238/1238 1249/1249/1249 1252/1252/1252
f 2062/2062/2062 1233/1233/1233 2061/2061/2061
f 2058/2058/2058 2062/2062/2062 2061/2061/2061
f 1846/1846/1846 1858/1858/1858 1845/1845/1845
f 1245/1245/1245 1845/1845/1845 1858/1858/1858
f 1245/1245/1245 1243/1243/1243 1845/1845/1845
f 1219/1219/1219 1845/1845/1845 1243/1243/1243
f 1239/1239/1239 2605/2605/2605 2611/2611/2611
f 2610/2610/2610 2611/2611/2611 2605/2605/2605
f 1356/1356/1356 2611/2611/2611 2610/2610/2610
f 2611/2611/2611 1356/1356/1356 1355/1355/1355
f 3874/3874/3874 3875/3875/3875 3873/3873/3873
f 1644/1644/1644 1650/1650/1650 1645/1645/1645
f 1209/1209/1209 1645/1645/1645 1650/1650/1650
f 1316/1316/1316 1317/1317/1317 1314/1314/1314
f 1191/1191/1191 1314/1314/1314 1317/1317/1317
f 2558/2558/2558 1841/1841/1841 2573/2573/2573
f 2573/2573/2573 2583/2583/2583 2558/2558/2558
f 1251/1251/1251 2558/2558/2558 2583/2583/2583
f 2583/2583/2583 1254/1254/1254 1251/1251/1251
f 1198/1198/1198 1199/1199/1199 1197/1197/1197
f 1176/1176/1176 1197/1197/1197 1199/1199/1199
f 2371/2371/2371 1967/1967/1967 2372/2372/2372
f 2372/2372/2372 2343/2343/2343 2371/2371/2371
f 1175/1175/1175 2371/2371/2371 2343/2343/2343
f 1193/1193/1193 1194/1194/1194 1192/1192/1192
f 1174/1174/1174 1192/1192/1192 1194/1194/1194
f 1365/1365/1365 1160/1160/1160 1366/1366/1366
f 1365/1365/1365 1366/1366/1366 1362/1362/1362
f 2234/2234/2234 1992/1992/1992 2248/2248/2248
f 2248/2248/2248 2218/2218/2218 2234/2234/2234
f 2013/2013/2013 2234/2234/2234 2218/2218/2218
f 2218/2218/2218 2228/2228/2228 2013/2013/2013
f 2238/2238/2238 2013/2013/2013 2228/2228/2228
f 2228/2228/2228 2242/2242/2242 2238/2238/2238
f 2024/2024/2024 2238/2238/2238 2242/2242/2242
f 2242/2242/2242 2157/2157/2157 2024/2024/2024
f 2131/2131/2131 2024/2024/2024 2157/2157/2157
f 2157/2157/2157 2146/2146/2146 2131/2131/2131
f 1276/1276/1276 2131/2131/2131 2146/2146/2146
f 2146/2146/2146 2111/2111/2111 1276/1276/1276
f 2114/2114/2114 1276/1276/1276 2111/2111/2111
f 2111/2111/2111 2117/2117/2117 2114/2114/2114
f 2011/2011/2011 2114/2114/2114 2117/2117/2117
f 2117/2117/2117 1289/1289/1289 2011/2011/2011
f 1285/1285/1285 2011/2011/2011 1289/1289/1289
f 1289/1289/1289 2217/2217/2217 1285/1285/1285
f 2207/2207/2207 1285/1285/1285 2217/2217/2217
f 2217/2217/2217 2243/2243/2243 2207/2207/2207
f 2017/2017/2017 2207/2207/2207 2243/2243/2243
f 2243/2243/2243 1268/1268/1268 2017/2017/2017
f 2055/2055/2055 2017/2017/2017 1268/1268/1268
f 1268/1268/1268 2192/2192/2192 2055/2055/2055
f 2179/2179/2179 2055/2055/2055 2192/2192/2192
f 2192/2192/2192 2181/2181/2181 2179/2179/2179
f 1234/1234/1234 2179/2179/2179 2181/2181/2181
f 2181/2181/2181 2219/2219/2219 1234/1234/1234
f 2221/2221/2221 1234/1234/1234 2219/2219/2219
f 2219/2219/2219 2245/2245/2245 2221/2221/2221
f 1975/1975/1975 2221/2221/2221 2245/2245/2245
f 2245/2245/2245 2184/2184/2184 1975/1975/1975
f 2182/2182/2182 1975/1975/1975 2184/2184/2184
f 2184/2184/2184 2188/2188/2188 2182/2182/2182
f 1992/1992/1992 2182/2182/2182 2188/2188/2188
f 2188/2188/2188 2248/2248/2248 1992/1992/1992
f 1087/1087/1087 1090/1090/1090 1088/1088/1088
f 1081/1081/1081 1088/1088/1088 1090/1090/1090
f 1091/1091/1091 1093/1093/1093 1092/1092/1092
f 1080/1080/1080 1092/1092/1092 1093/1093/1093
f 1082/1082/1082 1085/1085/1085 1083/1083/1083
f 1079/1079/1079 1083/1083/1083 1085/1085/1085
f 1084/1084/1084 1089/1089/1089 1086/1086/1086
f 1078/1078/1078 1086/1086/1086 1089/1089/1089
f 1106/1106/1106 1253/1253/1253 1255/1255/1255
f 1250/1250/1250 1255/1255/1255 1253/1253/1253
f 1255/1255/1255 1250/1250/1250 1186/1186/1186
f 1077/1077/1077 1186/1186/1186 1250/1250/1250
f 1105/1105/1105 1244/1244/1244 1248/1248/1248
f 1247/1247/1247 1248/1248/1248 1244/1244/1244
f 1248/1248/1248 1247/1247/1247 1185/1185/1185
f 1076/1076/1076 1185/1185/1185 1247/1247/1247
f 1217/1217/1217 1075/1075/1075 1216/1216/1216
f 1215/1215/1215 1217/1217/1217 1216/1216/1216
f 1310/1310/1310 1315/1315/1315 2746/2746/2746
f 2745/2745/2745 2746/2746/2746 1315/1315/1315
f 2744/2744/2744 2746/2746/2746 2745/2745/2745
f 2746/2746/2746 2744/2744/2744 1960/1960/1960
f 2283/2283/2283 1960/1960/1960 2744/2744/2744
f 1960/1960/1960 2283/2283/2283 2298/2298/2298
f 2285/2285/2285 2298/2298/2298 2283/2283/2283
f 1298/1298/1298 1299/1299/1299 1297/1297/1297
f 1576/1576/1576 1297/1297/1297 1299/1299/1299
f 1297/1297/1297 1576/1576/1576 1585/1585/1585
f 1577/1577/1577 1585/1585/1585 1576/1576/1576
f 1307/1307/1307 1311/1311/1311 2727/2727/2727
f 2728/2728/2728 2727/2727/2727 1311/1311/1311
f 2722/2722/2722 2727/2727/2727 2728/2728/2728
f 2727/2727/2727 2722/2722/2722 1963/1963/1963
f 2317/2317/2317 1963/1963/1963 2722/2722/2722
f 1963/1963/1963 2317/2317/2317 2338/2338/2338
f 2316/2316/2316 2338/2338/2338 2317/2317/2317
f 1295/1295/1295 1296/1296/1296 1294/1294/1294
f 1581/1581/1581 1294/1294/1294 1296/1296/1296
f 1294/1294/1294 1581/1581/1581 1589/1589/1589
f 1584/1584/1584 1589/1589/1589 1581/1581/1581
f 1781/1781/1781 2310/2310/2310 2312/2312/2312
f 2311/2311/2311 2312/2312/2312 2310/2310/2310
f 2311/2311/2311 2313/2313/2313 2312/2312/2312
f 2323/2323/2323 2312/2312/2312 2313/2313/2313
f 2312/2312/2312 2323/2323/2323 2335/2335/2335
f 2337/2337/2337 2335/2335/2335 2323/2323/2323
f 2335/2335/2335 2337/2337/2337 2197/2197/2197
f 2335/2335/2335 2197/2197/2197 2193/2193/2193
f 2193/2193/2193 2197/2197/2197 1860/1860/1860
f 1781/1781/1781 2335/2335/2335 2193/2193/2193
f 2312/2312/2312 2335/2335/2335 1781/1781/1781
f 2690/2690/2690 1999/1999/1999 2349/2349/2349
f 2672/2672/2672 1999/1999/1999 2690/2690/2690
f 2664/2664/2664 2672/2672/2672 2690/2690/2690
f 2664/2664/2664 1382/1382/1382 2672/2672/2672
f 1218/1218/1218 2672/2672/2672 1382/1382/1382
f 1382/1382/1382 2254/2254/2254 1218/1218/1218
f 2313/2313/2313 1218/1218/1218 2254/2254/2254
f 2254/2254/2254 2256/2256/2256 2313/2313/2313
f 2323/2323/2323 2313/2313/2313 2256/2256/2256
f 2256/2256/2256 2332/2332/2332 2323/2323/2323
f 2329/2329/2329 2323/2323/2323 2332/2332/2332
f 1481/1481/1481 2329/2329/2329 2332/2332/2332
f 2340/2340/2340 2346/2346/2346 2044/2044/2044
f 1368/1368/1368 2044/2044/2044 2346/2346/2346
f 1368/1368/1368 2346/2346/2346 1999/1999/1999
f 2352/2352/2352 1999/1999/1999 2346/2346/2346
f 2352/2352/2352 2349/2349/2349 1999/1999/1999
f 2352/2352/2352 2362/2362/2362 2349/2349/2349
f 2352/2352/2352 2346/2346/2346 2362/2362/2362
f 2260/2260/2260 1781/1781/1781 1148/1148/1148
f 1781/1781/1781 2260/2260/2260 2310/2310/2310
f 2255/2255/2255 2310/2310/2310 2260/2260/2260
f 2310/2310/2310 2255/2255/2255 1236/1236/1236
f 1381/1381/1381 1236/1236/1236 2255/2255/2255
f 1236/1236/1236 1381/1381/1381 2675/2675/2675
f 2666/2666/2666 2675/2675/2675 1381/1381/1381
f 2666/2666/2666 2682/2682/2682 2675/2675/2675
f 2675/2675/2675 2682/2682/2682 2044/2044/2044
f 2682/2682/2682 2348/2348/2348 2044/2044/2044
f 2340/2340/2340 2044/2044/2044 2348/2348/2348
f 2340/2340/2340 2348/2348/2348 2356/2356/2356
f 2340/2340/2340 2356/2356/2356 2346/2346/2346
f 1918/1918/1918 2346/2346/2346 2356/2356/2356
f 1918/1918/1918 2362/2362/2362 2346/2346/2346
f 1918/1918/1918 1263/1263/1263 2362/2362/2362
f 1918/1918/1918 2356/2356/2356 1263/1263/1263
f 3857/3857/3857 3858/3858/3858 3856/3856/3856
f 1179/1179/1179 1212/1212/1212 2585/2585/2585
f 2567/2567/2567 2585/2585/2585 1212/1212/1212
f 2585/2585/2585 2567/2567/2567 2569/2569/2569
f 2568/2568/2568 2569/2569/2569 2567/2567/2567
f 2569/2569/2569 2568/2568/2568 2587/2587/2587
f 2575/2575/2575 2587/2587/2587 2568/2568/2568
f 1178/1178/1178 1211/1211/1211 2564/2564/2564
f 2561/2561/2561 2564/2564/2564 1211/1211/1211
f 2564/2564/2564 2561/2561/2561 2566/2566/2566
f 2589/2589/2589 2566/2566/2566 2561/2561/2561
f 2566/2566/2566 2589/2589/2589 2637/2637/2637
f 2588/2588/2588 2637/2637/2637 2589/2589/2589
f 2743/2743/2743 2765/2765/2765 2741/2741/2741
f 2765/2765/2765 2813/2813/2813 2741/2741/2741
f 2810/2810/2810 2741/2741/2741 2813/2813/2813
f 2813/2813/2813 2793/2793/2793 2810/2810/2810
f 2793/2793/2793 2792/2792/2792 2810/2810/2810
f 2816/2816/2816 2810/2810/2810 2792/2792/2792
f 2792/2792/2792 2797/2797/2797 2816/2816/2816
f 1128/1128/1128 2816/2816/2816 2797/2797/2797
f 2797/2797/2797 1127/1127/1127 1128/1128/1128
f 2626/2626/2626 2624/2624/2624 2270/2270/2270
f 2624/2624/2624 2272/2272/2272 2270/2270/2270
f 2276/2276/2276 2270/2270/2270 2272/2272/2272
f 2699/2699/2699 2272/2272/2272 2698/2698/2698
f 2698/2698/2698 2272/2272/2272 2606/2606/2606
f 2624/2624/2624 2606/2606/2606 2272/2272/2272
f 2638/2638/2638 2606/2606/2606 2624/2624/2624
f 1784/1784/1784 2638/2638/2638 2624/2624/2624
f 1784/1784/1784 2624/2624/2624 2593/2593/2593
f 2626/2626/2626 2593/2593/2593 2624/2624/2624
f 2626/2626/2626 2607/2607/2607 2593/2593/2593
f 2626/2626/2626 2270/2270/2270 2607/2607/2607
f 2607/2607/2607 2270/2270/2270 2275/2275/2275
f 2276/2276/2276 2275/2275/2275 2270/2270/2270
f 2276/2276/2276 2702/2702/2702 2275/2275/2275
f 2276/2276/2276 2272/2272/2272 2702/2702/2702
f 2699/2699/2699 2702/2702/2702 2272/2272/2272
f 2699/2699/2699 2658/2658/2658 2702/2702/2702
f 2699/2699/2699 2698/2698/2698 2658/2658/2658
f 1530/1530/1530 2658/2658/2658 2698/2698/2698
f 1510/1510/1510 2658/2658/2658 1530/1530/1530
f 1283/1283/1283 2593/2593/2593 2607/2607/2607
f 2701/2701/2701 2275/2275/2275 2702/2702/2702
f 2701/2701/2701 2702/2702/2702 2684/2684/2684
f 2701/2701/2701 2684/2684/2684 2661/2661/2661
f 2701/2701/2701 2661/2661/2661 2275/2275/2275
f 2661/2661/2661 1328/1328/1328 2275/2275/2275
f 2607/2607/2607 2275/2275/2275 1328/1328/1328
f 1528/1528/1528 2661/2661/2661 2684/2684/2684
f 1508/1508/1508 1528/1528/1528 2684/2684/2684
f 1508/1508/1508 2684/2684/2684 2401/2401/2401
f 2415/2415/2415 2401/2401/2401 2684/2684/2684
f 1528/1528/1528 1508/1508/1508 2422/2422/2422
f 1530/1530/1530 2418/2418/2418 1510/1510/1510
f 2426/2426/2426 1510/1510/1510 2418/2418/2418
f 2426/2426/2426 2418/2418/2418 2437/2437/2437
f 2426/2426/2426 2437/2437/2437 2429/2429/2429
f 1744/1744/1744 2429/2429/2429 2437/2437/2437
f 1744/1744/1744 2427/2427/2427 2429/2429/2429
f 1744/1744/1744 1378/1378/1378 2427/2427/2427
f 2112/2112/2112 2427/2427/2427 1378/1378/1378
f 2112/2112/2112 2422/2422/2422 2427/2427/2427
f 2428/2428/2428 2427/2427/2427 2422/2422/2422
f 2428/2428/2428 2422/2422/2422 1508/1508/1508
f 2428/2428/2428 1508/1508/1508 2429/2429/2429
f 2429/2429/2429 1508/1508/1508 2401/2401/2401
f 2429/2429/2429 2401/2401/2401 1510/1510/1510
f 1510/1510/1510 2401/2401/2401 2658/2658/2658
f 2415/2415/2415 2658/2658/2658 2401/2401/2401
f 2415/2415/2415 2702/2702/2702 2658/2658/2658
f 2415/2415/2415 2684/2684/2684 2702/2702/2702
f 2428/2428/2428 2429/2429/2429 2427/2427/2427
f 2426/2426/2426 2429/2429/2429 1510/1510/1510
f 2113/2113/2113 2437/2437/2437 2418/2418/2418
f 2113/2113/2113 1378/1378/1378 2437/2437/2437
f 1744/1744/1744 2437/2437/2437 1378/1378/1378
f 2416/2416/2416 2688/2688/2688 2387/2387/2387
f 1511/1511/1511 2387/2387/2387 2688/2688/2688
f 2387/2387/2387 1511/1511/1511 2449/2449/2449
f 2082/2082/2082 2440/2440/2440 2449/2449/2449
f 2387/2387/2387 2449/2449/2449 1507/1507/1507
f 2441/2441/2441 1507/1507/1507 2449/2449/2449
f 2441/2441/2441 2449/2449/2449 2440/2440/2440
f 2441/2441/2441 2440/2440/2440 2445/2445/2445
f 2115/2115/2115 2445/2445/2445 2440/2440/2440
f 2115/2115/2115 2440/2440/2440 1379/1379/1379
f 2082/2082/2082 1379/1379/1379 2440/2440/2440
f 2082/2082/2082 2451/2451/2451 1379/1379/1379
f 2082/2082/2082 2449/2449/2449 2451/2451/2451
f 2442/2442/2442 2451/2451/2451 2449/2449/2449
f 2442/2442/2442 2449/2449/2449 1511/1511/1511
f 2442/2442/2442 1511/1511/1511 2443/2443/2443
f 1543/1543/1543 2443/2443/2443 1511/1511/1511
f 1511/1511/1511 2688/2688/2688 1543/1543/1543
f 1543/1543/1543 2688/2688/2688 2668/2668/2668
f 2116/2116/2116 1379/1379/1379 2451/2451/2451
f 2116/2116/2116 2451/2451/2451 2443/2443/2443
f 2442/2442/2442 2443/2443/2443 2451/2451/2451
f 2700/2700/2700 2603/2603/2603 2274/2274/2274
f 2650/2650/2650 2274/2274/2274 2603/2603/2603
f 2650/2650/2650 2280/2280/2280 2274/2274/2274
f 2328/2328/2328 2280/2280/2280 2650/2650/2650
f 2328/2328/2328 2599/2599/2599 2280/2280/2280
f 2328/2328/2328 2325/2325/2325 2599/2599/2599
f 1732/1732/1732 2599/2599/2599 2325/2325/2325
f 1732/1732/1732 2641/2641/2641 2599/2599/2599
f 2641/2641/2641 2613/2613/2613 2599/2599/2599
f 2599/2599/2599 2613/2613/2613 2279/2279/2279
f 2668/2668/2668 2279/2279/2279 2613/2613/2613
f 2659/2659/2659 2279/2279/2279 2668/2668/2668
f 2659/2659/2659 2668/2668/2668 2688/2688/2688
f 2659/2659/2659 2688/2688/2688 2696/2696/2696
f 2416/2416/2416 2696/2696/2696 2688/2688/2688
f 2416/2416/2416 2673/2673/2673 2696/2696/2696
f 2416/2416/2416 2387/2387/2387 2673/2673/2673
f 1507/1507/1507 2673/2673/2673 2387/2387/2387
f 2659/2659/2659 2696/2696/2696 2279/2279/2279
f 2278/2278/2278 2279/2279/2279 2696/2696/2696
f 2441/2441/2441 2445/2445/2445 1507/1507/1507
f 1541/1541/1541 1507/1507/1507 2445/2445/2445
f 1507/1507/1507 1541/1541/1541 2673/2673/2673
f 1541/1541/1541 2700/2700/2700 2673/2673/2673
f 2694/2694/2694 2673/2673/2673 2700/2700/2700
f 2694/2694/2694 2696/2696/2696 2673/2673/2673
f 2694/2694/2694 2274/2274/2274 2696/2696/2696
f 2278/2278/2278 2696/2696/2696 2274/2274/2274
f 2278/2278/2278 2274/2274/2274 2280/2280/2280
f 2278/2278/2278 2280/2280/2280 2279/2279/2279
f 2599/2599/2599 2279/2279/2279 2280/2280/2280
f 2694/2694/2694 2700/2700/2700 2274/2274/2274
f 2609/2609/2609 2650/2650/2650 2603/2603/2603
f 1333/1333/1333 2650/2650/2650 2609/2609/2609
f 1333/1333/1333 2325/2325/2325 2650/2650/2650
f 2328/2328/2328 2650/2650/2650 2325/2325/2325
f 1779/1779/1779 1778/1778/1778 1776/1776/1776
f 1779/1779/1779 2380/2380/2380 1778/1778/1778
f 2377/2377/2377 1778/1778/1778 2380/2380/2380
f 2377/2377/2377 2380/2380/2380 2353/2353/2353
f 1703/1703/1703 2353/2353/2353 2380/2380/2380
f 2353/2353/2353 1703/1703/1703 1126/1126/1126
f 1125/1125/1125 1126/1126/1126 1703/1703/1703
f 1683/1683/1683 1685/1685/1685 1684/1684/1684
f 1685/1685/1685 1414/1414/1414 1684/1684/1684
f 1400/1400/1400 1684/1684/1684 1414/1414/1414
f 1414/1414/1414 1412/1412/1412 1400/1400/1400
f 1966/1966/1966 1400/1400/1400 1412/1412/1412
f 1412/1412/1412 1964/1964/1964 1966/1966/1966
f 1965/1965/1965 1966/1966/1966 1964/1964/1964
f 3854/3854/3854 3855/3855/3855 3850/3850/3850
f 2713/2713/2713 2716/2716/2716 2711/2711/2711
f 1059/1059/1059 2716/2716/2716 2713/2713/2713
f 2716/2716/2716 1059/1059/1059 1058/1058/1058
f 3876/3876/3876 3882/3882/3882 3872/3872/3872
f 3882/3882/3882 3876/3876/3876 3878/3878/3878
f 3847/3847/3847 3878/3878/3878 3876/3876/3876
f 2502/2502/2502 2501/2501/2501 1229/1229/1229
f 2498/2498/2498 2501/2501/2501 2502/2502/2502
f 2501/2501/2501 2498/2498/2498 2579/2579/2579
f 2584/2584/2584 2579/2579/2579 2498/2498/2498
f 2580/2580/2580 2579/2579/2579 2584/2584/2584
f 2579/2579/2579 2580/2580/2580 1204/1204/1204
f 1138/1138/1138 1204/1204/1204 2580/2580/2580
f 1279/1279/1279 1055/1055/1055 1278/1278/1278
f 1278/1278/1278 1277/1277/1277 1279/1279/1279
f 2096/2096/2096 2484/2484/2484 1535/1535/1535
f 1538/1538/1538 1535/1535/1535 2484/2484/2484
f 1544/1544/1544 1535/1535/1535 1538/1538/1538
f 1538/1538/1538 1537/1537/1537 1544/1544/1544
f 1537/1537/1537 1538/1538/1538 2483/2483/2483
f 2484/2484/2484 2483/2483/2483 1538/1538/1538
f 2483/2483/2483 2484/2484/2484 2465/2465/2465
f 2103/2103/2103 2465/2465/2465 2484/2484/2484
f 2465/2465/2465 2103/2103/2103 1878/1878/1878
f 1875/1875/1875 1878/1878/1878 2103/2103/2103
f 1880/1880/1880 1878/1878/1878 1875/1875/1875
f 1875/1875/1875 2095/2095/2095 1880/1880/1880
f 1232/1232/1232 1880/1880/1880 2095/2095/2095
f 2103/2103/2103 2095/2095/2095 1875/1875/1875
f 2095/2095/2095 2103/2103/2103 2096/2096/2096
f 2484/2484/2484 2096/2096/2096 2103/2103/2103
f 1878/1878/1878 1880/1880/1880 1352/1352/1352
f 1144/1144/1144 1371/1371/1371 1165/1165/1165
f 1544/1544/1544 1165/1165/1165 1371/1371/1371
f 1371/1371/1371 1367/1367/1367 1544/1544/1544
f 1535/1535/1535 1544/1544/1544 1367/1367/1367
f 2510/2510/2510 2515/2515/2515 2640/2640/2640
f 2515/2515/2515 2516/2516/2516 2640/2640/2640
f 1857/1857/1857 2640/2640/2640 2516/2516/2516
f 2516/2516/2516 1834/1834/1834 1857/1857/1857
f 1854/1854/1854 1857/1857/1857 1834/1834/1834
f 1376/1376/1376 1852/1852/1852 1854/1854/1854
f 1857/1857/1857 1854/1854/1854 1852/1852/1852
f 1852/1852/1852 2630/2630/2630 1857/1857/1857
f 2640/2640/2640 1857/1857/1857 2630/2630/2630
f 2629/2629/2629 2640/2640/2640 2630/2630/2630
f 2640/2640/2640 2629/2629/2629 2510/2510/2510
f 2629/2629/2629 1326/1326/1326 2510/2510/2510
f 1231/1231/1231 2510/2510/2510 1326/1326/1326
f 2629/2629/2629 1324/1324/1324 1326/1326/1326
f 3845/3845/3845 3846/3846/3846 3844/3844/3844
f 1141/1141/1141 1164/1164/1164 1374/1374/1374
f 1542/1542/1542 1374/1374/1374 1164/1164/1164
f 1374/1374/1374 1542/1542/1542 1375/1375/1375
f 1536/1536/1536 1375/1375/1375 1542/1542/1542
f 2118/2118/2118 1536/1536/1536 2453/2453/2453
f 1539/1539/1539 2453/2453/2453 1536/1536/1536
f 1542/1542/1542 1539/1539/1539 1536/1536/1536
f 1539/1539/1539 1542/1542/1542 1540/1540/1540
f 1540/1540/1540 2485/2485/2485 1539/1539/1539
f 2453/2453/2453 1539/1539/1539 2485/2485/2485
f 2485/2485/2485 2472/2472/2472 2453/2453/2453
f 2108/2108/2108 2453/2453/2453 2472/2472/2472
f 2472/2472/2472 1877/1877/1877 2108/2108/2108
f 1871/1871/1871 2108/2108/2108 1877/1877/1877
f 1874/1874/1874 1871/1871/1871 1877/1877/1877
f 1871/1871/1871 1874/1874/1874 1876/1876/1876
f 1876/1876/1876 2124/2124/2124 1871/1871/1871
f 2108/2108/2108 1871/1871/1871 2124/2124/2124
f 2124/2124/2124 2118/2118/2118 2108/2108/2108
f 2453/2453/2453 2108/2108/2108 2118/2118/2118
f 1877/1877/1877 1534/1534/1534 1874/1874/1874
f 3849/3849/3849 3891/3891/3891 3868/3868/3868
f 3892/3892/3892 3891/3891/3891 3842/3842/3842
f 3892/3892/3892 3890/3890/3890 3891/3891/3891
f 3890/3890/3890 3868/3868/3868 3891/3891/3891
f 3890/3890/3890 3867/3867/3867 3868/3868/3868
f 3726/3726/3726 3725/3725/3725 3718/3718/3718
f 3726/3726/3726 3728/3728/3728 3725/3725/3725
f 3726/3726/3726 3727/3727/3727 3728/3728/3728
f 3726/3726/3726 3724/3724/3724 3727/3727/3727
f 3726/3726/3726 3723/3723/3723 3724/3724/3724
f 3726/3726/3726 3722/3722/3722 3723/3723/3723
f 3726/3726/3726 3721/3721/3721 3722/3722/3722
f 3726/3726/3726 3720/3720/3720 3721/3721/3721
f 3726/3726/3726 3719/3719/3719 3720/3720/3720
f 3726/3726/3726 3718/3718/3718 3719/3719/3719
f 2676/2676/2676 2689/2689/2689 2693/2693/2693
f 2693/2693/2693 2660/2660/2660 2676/2676/2676
f 2660/2660/2660 2693/2693/2693 1512/1512/1512
f 2627/2627/2627 2029/2029/2029 1327/1327/1327
f 2029/2029/2029 2627/2627/2627 2615/2615/2615
f 2615/2615/2615 1847/1847/1847 2029/2029/2029
f 2616/2616/2616 2029/2029/2029 1847/1847/1847
f 1847/1847/1847 2617/2617/2617 2616/2616/2616
f 2653/2653/2653 2616/2616/2616 2617/2617/2617
f 2617/2617/2617 2618/2618/2618 2653/2653/2653
f 2463/2463/2463 2653/2653/2653 2618/2618/2618
f 2618/2618/2618 2466/2466/2466 2463/2463/2463
f 2481/2481/2481 2463/2463/2463 2466/2466/2466
f 1512/1512/1512 2463/2463/2463 2481/2481/2481
f 2463/2463/2463 1512/1512/1512 1306/1306/1306
f 1306/1306/1306 1512/1512/1512 2693/2693/2693
f 2693/2693/2693 2271/2271/2271 1306/1306/1306
f 2271/2271/2271 2693/2693/2693 2689/2689/2689
f 2689/2689/2689 2461/2461/2461 2271/2271/2271
f 2486/2486/2486 2271/2271/2271 2461/2461/2461
f 2461/2461/2461 2460/2460/2460 2486/2486/2486
f 2687/2687/2687 2615/2615/2615 2627/2627/2627
f 1843/1843/1843 1327/1327/1327 2029/2029/2029
f 2029/2029/2029 2616/2616/2616 1843/1843/1843
f 1722/1722/1722 1843/1843/1843 2616/2616/2616
f 2616/2616/2616 2653/2653/2653 1722/1722/1722
f 1319/1319/1319 1722/1722/1722 2653/2653/2653
f 2653/2653/2653 2463/2463/2463 1319/1319/1319
f 1319/1319/1319 2463/2463/2463 2646/2646/2646
f 1306/1306/1306 2646/2646/2646 2463/2463/2463
f 2646/2646/2646 1306/1306/1306 2271/2271/2271
f 2271/2271/2271 2486/2486/2486 2646/2646/2646
f 2592/2592/2592 2646/2646/2646 2486/2486/2486
f 2486/2486/2486 1914/1914/1914 2592/2592/2592
f 2636/2636/2636 2592/2592/2592 1914/1914/1914
f 1914/1914/1914 2053/2053/2053 2636/2636/2636
f 2457/2457/2457 2636/2636/2636 2053/2053/2053
f 2636/2636/2636 2457/2457/2457 2471/2471/2471
f 1327/1327/1327 2471/2471/2471 2457/2457/2457
f 2471/2471/2471 1327/1327/1327 1843/1843/1843
f 1843/1843/1843 1722/1722/1722 2471/2471/2471
f 2591/2591/2591 2471/2471/2471 1722/1722/1722
f 1722/1722/1722 1319/1319/1319 2591/2591/2591
f 2646/2646/2646 2591/2591/2591 1319/1319/1319
f 2591/2591/2591 2646/2646/2646 2592/2592/2592
f 2592/2592/2592 2636/2636/2636 2591/2591/2591
f 2471/2471/2471 2591/2591/2591 2636/2636/2636
f 1914/1914/1914 2486/2486/2486 2460/2460/2460
f 2460/2460/2460 1853/1853/1853 1914/1914/1914
f 2053/2053/2053 1914/1914/1914 1853/1853/1853
f 1853/1853/1853 2042/2042/2042 2053/2053/2053
f 2031/2031/2031 2053/2053/2053 2042/2042/2042
f 2053/2053/2053 2031/2031/2031 2457/2457/2457
f 1228/1228/1228 2457/2457/2457 2031/2031/2031
f 2457/2457/2457 1228/1228/1228 1327/1327/1327
f 1230/1230/1230 1327/1327/1327 1228/1228/1228
f 1327/1327/1327 1230/1230/1230 2627/2627/2627
f 2667/2667/2667 2627/2627/2627 1230/1230/1230
f 2627/2627/2627 2667/2667/2667 2687/2687/2687
f 2685/2685/2685 2687/2687/2687 2667/2667/2667
f 2687/2687/2687 2685/2685/2685 1360/1360/1360
f 1360/1360/1360 1359/1359/1359 2687/2687/2687
f 1265/1265/1265 1741/1741/1741 1309/1309/1309
f 1308/1308/1308 1309/1309/1309 1741/1741/1741
f 1309/1309/1309 1308/1308/1308 2469/2469/2469
f 1720/1720/1720 2469/2469/2469 1308/1308/1308
f 2469/2469/2469 1720/1720/1720 2560/2560/2560
f 1842/1842/1842 2560/2560/2560 1720/1720/1720
f 2560/2560/2560 2452/2452/2452 2469/2469/2469
f 2621/2621/2621 1308/1308/1308 1741/1741/1741
f 1308/1308/1308 2621/2621/2621 1720/1720/1720
f 2628/2628/2628 1720/1720/1720 2621/2621/2621
f 1720/1720/1720 2628/2628/2628 1842/1842/1842
f 2004/2004/2004 1842/1842/1842 2628/2628/2628
f 1842/1842/1842 2004/2004/2004 1321/1321/1321
f 2560/2560/2560 1842/1842/1842 1321/1321/1321
f 1321/1321/1321 2563/2563/2563 2560/2560/2560
f 2563/2563/2563 2570/2570/2570 2560/2560/2560
f 2452/2452/2452 2560/2560/2560 2570/2570/2570
f 2570/2570/2570 1850/1850/1850 2452/2452/2452
f 1912/1912/1912 2452/2452/2452 1850/1850/1850
f 2452/2452/2452 1912/1912/1912 2469/2469/2469
f 2467/2467/2467 2469/2469/2469 1912/1912/1912
f 2469/2469/2469 2467/2467/2467 1309/1309/1309
f 2632/2632/2632 1309/1309/1309 2467/2467/2467
f 1309/1309/1309 2632/2632/2632 1265/1265/1265
f 2631/2631/2631 1265/1265/1265 2632/2632/2632
f 2651/2651/2651 1321/1321/1321 2004/2004/2004
f 2004/2004/2004 2619/2619/2619 2651/2651/2651
f 2619/2619/2619 2004/2004/2004 1844/1844/1844
f 2628/2628/2628 1844/1844/1844 2004/2004/2004
f 1844/1844/1844 2628/2628/2628 2620/2620/2620
f 2621/2621/2621 2620/2620/2620 2628/2628/2628
f 2620/2620/2620 2621/2621/2621 2623/2623/2623
f 1741/1741/1741 2623/2623/2623 2621/2621/2621
f 2623/2623/2623 1741/1741/1741 1737/1737/1737
f 1736/1736/1736 1737/1737/1737 1741/1741/1741
f 1741/1741/1741 1265/1265/1265 1736/1736/1736
f 2634/2634/2634 1736/1736/1736 1265/1265/1265
f 1265/1265/1265 2631/2631/2631 2634/2634/2634
f 2631/2631/2631 2635/2635/2635 2634/2634/2634
f 2635/2635/2635 2631/2631/2631 2632/2632/2632
f 2632/2632/2632 2259/2259/2259 2635/2635/2635
f 2259/2259/2259 2632/2632/2632 2454/2454/2454
f 2467/2467/2467 2454/2454/2454 2632/2632/2632
f 2680/2680/2680 2651/2651/2651 2619/2619/2619
f 1790/1790/1790 2634/2634/2634 2635/2635/2635
f 2454/2454/2454 2467/2467/2467 2464/2464/2464
f 1912/1912/1912 2464/2464/2464 2467/2467/2467
f 2464/2464/2464 1912/1912/1912 1851/1851/1851
f 1850/1850/1850 1851/1851/1851 1912/1912/1912
f 1851/1851/1851 1850/1850/1850 1859/1859/1859
f 2079/2079/2079 1859/1859/1859 1850/1850/1850
f 1850/1850/1850 2570/2570/2570 2079/2079/2079
f 2571/2571/2571 2079/2079/2079 2570/2570/2570
f 2570/2570/2570 2563/2563/2563 2571/2571/2571
f 1210/1210/1210 2571/2571/2571 2563/2563/2563
f 2563/2563/2563 1321/1321/1321 1210/1210/1210
f 1321/1321/1321 2651/2651/2651 1210/1210/1210
f 2703/2703/2703 1210/1210/1210 2651/2651/2651
f 2651/2651/2651 2680/2680/2680 2703/2703/2703
f 2679/2679/2679 2703/2703/2703 2680/2680/2680
f 2680/2680/2680 1363/1363/1363 2679/2679/2679
f 1363/1363/1363 2680/2680/2680 1361/1361/1361
f 3681/3681/3681 3683/3683/3683 3676/3676/3676
f 3674/3674/3674 3683/3683/3683 3681/3681/3681
f 3673/3673/3673 3672/3672/3672 3664/3664/3664
f 3661/3661/3661 3672/3672/3672 3673/3673/3673
f 3659/3659/3659 3660/3660/3660 3657/3657/3657
f 2657/2657/2657 2809/2809/2809 1516/1516/1516
f 1516/1516/1516 2643/2643/2643 2657/2657/2657
f 2604/2604/2604 2657/2657/2657 2643/2643/2643
f 2747/2747/2747 2604/2604/2604 2643/2643/2643
f 2604/2604/2604 2747/2747/2747 2799/2799/2799
f 2756/2756/2756 2799/2799/2799 2747/2747/2747
f 2290/2290/2290 2756/2756/2756 2747/2747/2747
f 2747/2747/2747 2297/2297/2297 2290/2290/2290
f 2297/2297/2297 2747/2747/2747 1768/1768/1768
f 2643/2643/2643 1768/1768/1768 2747/2747/2747
f 2799/2799/2799 2597/2597/2597 2604/2604/2604
f 2657/2657/2657 2604/2604/2604 2597/2597/2597
f 2597/2597/2597 2665/2665/2665 2657/2657/2657
f 2809/2809/2809 2657/2657/2657 2665/2665/2665
f 2665/2665/2665 2773/2773/2773 2809/2809/2809
f 2800/2800/2800 2789/2789/2789 2799/2799/2799
f 2799/2799/2799 2756/2756/2756 2800/2800/2800
f 1509/1509/1509 2800/2800/2800 2756/2756/2756
f 2756/2756/2756 2290/2290/2290 1509/1509/1509
f 1506/1506/1506 1509/1509/1509 2290/2290/2290
f 2773/2773/2773 1795/1795/1795 2775/2775/2775
f 2775/2775/2775 2809/2809/2809 2773/2773/2773
f 2809/2809/2809 2775/2775/2775 2815/2815/2815
f 2815/2815/2815 1516/1516/1516 2809/2809/2809
f 1516/1516/1516 2815/2815/2815 2162/2162/2162
f 2643/2643/2643 1516/1516/1516 2162/2162/2162
f 2162/2162/2162 2012/2012/2012 2643/2643/2643
f 1768/1768/1768 2643/2643/2643 2012/2012/2012
f 2012/2012/2012 1765/1765/1765 1768/1768/1768
f 1765/1765/1765 2012/2012/2012 2033/2033/2033
f 2003/2003/2003 2033/2033/2033 2012/2012/2012
f 2033/2033/2033 2003/2003/2003 2028/2028/2028
f 2003/2003/2003 2155/2155/2155 2028/2028/2028
f 2140/2140/2140 2028/2028/2028 2155/2155/2155
f 2155/2155/2155 2150/2150/2150 2140/2140/2140
f 1916/1916/1916 2140/2140/2140 2150/2150/2150
f 2150/2150/2150 1952/1952/1952 1916/1916/1916
f 1678/1678/1678 1916/1916/1916 1952/1952/1952
f 1213/1213/1213 2162/2162/2162 2815/2815/2815
f 1817/1817/1817 2775/2775/2775 1795/1795/1795
f 2775/2775/2775 1817/1817/1817 2815/2815/2815
f 2282/2282/2282 2815/2815/2815 1817/1817/1817
f 2815/2815/2815 2282/2282/2282 1213/1213/1213
f 1957/1957/1957 1213/1213/1213 2282/2282/2282
f 1213/1213/1213 1957/1957/1957 1952/1952/1952
f 1952/1952/1952 2150/2150/2150 1213/1213/1213
f 2162/2162/2162 1213/1213/1213 2150/2150/2150
f 2150/2150/2150 2155/2155/2155 2162/2162/2162
f 2155/2155/2155 2003/2003/2003 2162/2162/2162
f 2012/2012/2012 2162/2162/2162 2003/2003/2003
f 1952/1952/1952 1682/1682/1682 1678/1678/1678
f 1682/1682/1682 1952/1952/1952 1954/1954/1954
f 1957/1957/1957 1954/1954/1954 1952/1952/1952
f 1954/1954/1954 1957/1957/1957 2288/2288/2288
f 2282/2282/2282 2288/2288/2288 1957/1957/1957
f 2288/2288/2288 2282/2282/2282 2287/2287/2287
f 1817/1817/1817 2287/2287/2287 2282/2282/2282
f 2287/2287/2287 1817/1817/1817 1824/1824/1824
f 1795/1795/1795 1824/1824/1824 1817/1817/1817
f 1824/1824/1824 1795/1795/1795 1728/1728/1728
f 1727/1727/1727 1728/1728/1728 1795/1795/1795
f 1795/1795/1795 2773/2773/2773 1727/1727/1727
f 2697/2697/2697 1727/1727/1727 2773/2773/2773
f 2773/2773/2773 2665/2665/2665 2697/2697/2697
f 2681/2681/2681 2697/2697/2697 2665/2665/2665
f 2665/2665/2665 2597/2597/2597 2681/2681/2681
f 2789/2789/2789 2681/2681/2681 2597/2597/2597
f 2597/2597/2597 2799/2799/2799 2789/2789/2789
f 3656/3656/3656 3658/3658/3658 3653/3653/3653
f 3651/3651/3651 3658/3658/3658 3656/3656/3656
f 3648/3648/3648 3650/3650/3650 3643/3643/3643
f 3647/3647/3647 3650/3650/3650 3648/3648/3648
f 3645/3645/3645 3644/3644/3644 3642/3642/3642
f 3628/3628/3628 3644/3644/3644 3645/3645/3645
f 3633/3633/3633 3640/3640/3640 3624/3624/3624
f 3635/3635/3635 3640/3640/3640 3633/3633/3633
f 3636/3636/3636 3634/3634/3634 3631/3631/3631
f 3622/3622/3622 3634/3634/3634 3636/3636/3636
f 3614/3614/3614 3618/3618/3618 3609/3609/3609
f 3613/3613/3613 3618/3618/3618 3614/3614/3614
f 3606/3606/3606 3607/3607/3607 3605/3605/3605
f 3603/3603/3603 3607/3607/3607 3606/3606/3606
f 3594/3594/3594 3598/3598/3598 3592/3592/3592
f 3596/3596/3596 3598/3598/3598 3594/3594/3594
f 3601/3601/3601 3600/3600/3600 3599/3599/3599
f 3591/3591/3591 3600/3600/3600 3601/3601/3601
f 3584/3584/3584 3583/3583/3583 3579/3579/3579
f 3578/3578/3578 3583/3583/3583 3584/3584/3584
f 3588/3588/3588 3587/3587/3587 3585/3585/3585
f 3567/3567/3567 3587/3587/3587 3588/3588/3588
f 3571/3571/3571 3577/3577/3577 3560/3560/3560
f 3568/3568/3568 3577/3577/3577 3571/3571/3571
f 3557/3557/3557 3561/3561/3561 3550/3550/3550
f 3558/3558/3558 3561/3561/3561 3557/3557/3557
f 3533/3533/3533 3534/3534/3534 3532/3532/3532
f 1364/1364/1364 2034/2034/2034 2019/2019/2019
f 2019/2019/2019 2034/2034/2034 2035/2035/2035
f 2019/2019/2019 2035/2035/2035 2396/2396/2396
f 1529/1529/1529 2019/2019/2019 2396/2396/2396
f 1529/1529/1529 2396/2396/2396 1524/1524/1524
f 1978/1978/1978 2086/2086/2086 2089/2089/2089
f 1978/1978/1978 2089/2089/2089 1976/1976/1976
f 1977/1977/1977 1978/1978/1978 1976/1976/1976
f 1977/1977/1977 2391/2391/2391 1978/1978/1978
f 2396/2396/2396 2391/2391/2391 1977/1977/1977
f 2395/2395/2395 2391/2391/2391 2396/2396/2396
f 2395/2395/2395 2396/2396/2396 2035/2035/2035
f 1347/1347/1347 2395/2395/2395 2035/2035/2035
f 2393/2393/2393 2395/2395/2395 1347/1347/1347
f 2391/2391/2391 2395/2395/2395 2393/2393/2393
f 2391/2391/2391 2393/2393/2393 1978/1978/1978
f 2106/2106/2106 1706/1706/1706 1705/1705/1705
f 1707/1707/1707 2106/2106/2106 1705/1705/1705
f 1706/1706/1706 1480/1480/1480 2801/2801/2801
f 2156/2156/2156 1480/1480/1480 1706/1706/1706
f 2106/2106/2106 2156/2156/2156 1706/1706/1706
f 2107/2107/2107 2156/2156/2156 2106/2106/2106
f 3879/3879/3879 3841/3841/3841 3880/3880/3880
f 3879/3879/3879 3880/3880/3880 3877/3877/3877
f 3843/3843/3843 3877/3877/3877 3880/3880/3880
f 3859/3859/3859 3861/3861/3861 3896/3896/3896
f 3894/3894/3894 3896/3896/3896 3861/3861/3861
f 3896/3896/3896 3894/3894/3894 3893/3893/3893
f 3530/3530/3530 3531/3531/3531 3529/3529/3529
f 3860/3860/3860 3864/3864/3864 3862/3862/3862
f 3839/3839/3839 3862/3862/3862 3864/3864/3864
f 3122/3122/3122 3127/3127/3127 3123/3123/3123
f 3016/3016/3016 3123/3123/3123 3127/3127/3127
f 3045/3045/3045 3046/3046/3046 3044/3044/3044
f 2997/2997/2997 3044/3044/3044 3046/3046/3046
f 3340/3340/3340 3354/3354/3354 3341/3341/3341
f 2987/2987/2987 3341/3341/3341 3354/3354/3354
f 3328/3328/3328 3330/3330/3330 3323/3323/3323
f 3323/3323/3323 3066/3066/3066 3328/3328/3328
f 3454/3454/3454 3328/3328/3328 3066/3066/3066
f 3066/3066/3066 3453/3453/3453 3454/3454/3454
f 3451/3451/3451 3454/3454/3454 3453/3453/3453
f 3527/3527/3527 3528/3528/3528 3526/3526/3526
f 3253/3253/3253 3255/3255/3255 3252/3252/3252
f 3008/3008/3008 3252/3252/3252 3255/3255/3255
f 3252/3252/3252 3008/3008/3008 3365/3365/3365
f 3364/3364/3364 3365/3365/3365 3008/3008/3008
f 3365/3365/3365 3364/3364/3364 3366/3366/3366
f 3133/3133/3133 3366/3366/3366 3364/3364/3364
f 2944/2944/2944 2945/2945/2945 2943/2943/2943
f 2942/2942/2942 2943/2943/2943 2945/2945/2945
f 3496/3496/3496 3490/3490/3490 3493/3493/3493
f 3162/3162/3162 3496/3496/3496 3493/3493/3493
f 3086/3086/3086 3496/3496/3496 3162/3162/3162
f 3082/3082/3082 3086/3086/3086 3162/3162/3162
f 3125/3125/3125 3128/3128/3128 3126/3126/3126
f 3021/3021/3021 3126/3126/3126 3128/3128/3128
f 3021/3021/3021 3019/3019/3019 3126/3126/3126
f 3015/3015/3015 3126/3126/3126 3019/3019/3019
f 3019/3019/3019 3013/3013/3013 3015/3015/3015
f 3012/3012/3012 3015/3015/3015 3013/3013/3013
f 3524/3524/3524 3525/3525/3525 3523/3523/3523
f 3447/3447/3447 3449/3449/3449 3446/3446/3446
f 3446/3446/3446 3009/3009/3009 3447/3447/3447
f 3009/3009/3009 3446/3446/3446 2952/2952/2952
f 3068/3068/3068 3161/3161/3161 3069/3069/3069
f 3449/3449/3449 3069/3069/3069 3161/3161/3161
f 3161/3161/3161 3446/3446/3446 3449/3449/3449
f 3446/3446/3446 3161/3161/3161 3375/3375/3375
f 3375/3375/3375 3097/3097/3097 3446/3446/3446
f 3097/3097/3097 3375/3375/3375 3095/3095/3095
f 3377/3377/3377 3375/3375/3375 3161/3161/3161
f 3375/3375/3375 3377/3377/3377 3370/3370/3370
f 3503/3503/3503 3504/3504/3504 3502/3502/3502
f 2555/2555/2555 2574/2574/2574 2556/2556/2556
f 1163/1163/1163 2556/2556/2556 2574/2574/2574
f 2556/2556/2556 1163/1163/1163 1162/1162/1162
f 3500/3500/3500 3501/3501/3501 3499/3499/3499
f 2491/2491/2491 1145/1145/1145 1146/1146/1146
f 2489/2489/2489 2491/2491/2491 1146/1146/1146
f 2455/2455/2455 2491/2491/2491 2489/2489/2489
f 1642/1642/1642 2491/2491/2491 2455/2455/2455
f 1637/1637/1637 1642/1642/1642 2455/2455/2455
f 1639/1639/1639 1642/1642/1642 1637/1637/1637
f 3470/3470/3470 3471/3471/3471 3469/3469/3469
f 1200/1200/1200 1201/1201/1201 1773/1773/1773
f 1772/1772/1772 1773/1773/1773 1201/1201/1201
f 1772/1772/1772 1771/1771/1771 1773/1773/1773
f 1681/1681/1681 1773/1773/1773 1771/1771/1771
f 1681/1681/1681 1771/1771/1771 1698/1698/1698
f 1704/1704/1704 1698/1698/1698 1771/1771/1771
f 1704/1704/1704 1699/1699/1699 1698/1698/1698
f 1397/1397/1397 1698/1698/1698 1699/1699/1699
f 3467/3467/3467 3468/3468/3468 3460/3460/3460
f 1182/1182/1182 1184/1184/1184 1183/1183/1183
f 1122/1122/1122 1183/1183/1183 1184/1184/1184
f 2509/2509/2509 2511/2511/2511 2508/2508/2508
f 1120/1120/1120 2508/2508/2508 2511/2511/2511
f 1110/1110/1110 1112/1112/1112 1109/1109/1109
f 1107/1107/1107 1109/1109/1109 1112/1112/1112
f 1100/1100/1100 1103/1103/1103 1099/1099/1099
f 1098/1098/1098 1099/1099/1099 1103/1103/1103
f 1102/1102/1102 1104/1104/1104 1101/1101/1101
f 1097/1097/1097 1101/1101/1101 1104/1104/1104
f 1739/1739/1739 2286/2286/2286 2406/2406/2406
f 2406/2406/2406 2286/2286/2286 2281/2281/2281
f 2406/2406/2406 2281/2281/2281 2430/2430/2430
f 2430/2430/2430 2281/2281/2281 1130/1130/1130
f 2430/2430/2430 1130/1130/1130 1129/1129/1129
f 2291/2291/2291 2281/2281/2281 2286/2286/2286
f 2291/2291/2291 2286/2286/2286 2293/2293/2293
f 1742/1742/1742 2293/2293/2293 2286/2286/2286
f 1739/1739/1739 1742/1742/1742 2286/2286/2286
f 1735/1735/1735 1742/1742/1742 1739/1739/1739
f 1735/1735/1735 1739/1739/1739 2406/2406/2406
f 1300/1300/1300 1735/1735/1735 2406/2406/2406
f 1300/1300/1300 2406/2406/2406 2432/2432/2432
f 2432/2432/2432 2406/2406/2406 2430/2430/2430
f 2432/2432/2432 2430/2430/2430 2408/2408/2408
f 1177/1177/1177 1742/1742/1742 1735/1735/1735
f 3425/3425/3425 3426/3426/3426 3424/3424/3424
f 2505/2505/2505 1065/1065/1065 1203/1203/1203
f 1203/1203/1203 2500/2500/2500 2505/2505/2505
f 2503/2503/2503 2505/2505/2505 2500/2500/2500
f 3422/3422/3422 3423/3423/3423 3420/3420/3420
f 2200/2200/2200 2201/2201/2201 2196/2196/2196
f 2056/2056/2056 2196/2196/2196 2201/2201/2201
f 2196/2196/2196 2056/2056/2056 2772/2772/2772
f 2805/2805/2805 2772/2772/2772 2056/2056/2056
f 2807/2807/2807 2772/2772/2772 2805/2805/2805
f 2772/2772/2772 2807/2807/2807 1267/1267/1267
f 1062/1062/1062 1267/1267/1267 2807/2807/2807
f 2173/2173/2173 2174/2174/2174 2169/2169/2169
f 2059/2059/2059 2169/2169/2169 2174/2174/2174
f 2169/2169/2169 2059/2059/2059 2770/2770/2770
f 2786/2786/2786 2770/2770/2770 2059/2059/2059
f 2811/2811/2811 2770/2770/2770 2786/2786/2786
f 2770/2770/2770 2811/2811/2811 1269/1269/1269
f 1061/1061/1061 1269/1269/1269 2811/2811/2811
f 2767/2767/2767 1962/1962/1962 2078/2078/2078
f 2755/2755/2755 2767/2767/2767 2078/2078/2078
f 2305/2305/2305 2078/2078/2078 1962/1962/1962
f 1962/1962/1962 2304/2304/2304 2305/2305/2305
f 2302/2302/2302 2305/2305/2305 2304/2304/2304
f 2302/2302/2302 2303/2303/2303 2305/2305/2305
f 2190/2190/2190 2305/2305/2305 2303/2303/2303
f 2305/2305/2305 2190/2190/2190 2078/2078/2078
f 2749/2749/2749 2078/2078/2078 2190/2190/2190
f 2755/2755/2755 2078/2078/2078 2749/2749/2749
f 2755/2755/2755 2749/2749/2749 2757/2757/2757
f 2755/2755/2755 2757/2757/2757 2767/2767/2767
f 1312/1312/1312 2767/2767/2767 2757/2757/2757
f 1587/1587/1587 1312/1312/1312 2757/2757/2757
f 1587/1587/1587 2757/2757/2757 1592/1592/1592
f 1592/1592/1592 2757/2757/2757 2749/2749/2749
f 2766/2766/2766 1961/1961/1961 2081/2081/2081
f 2752/2752/2752 2766/2766/2766 2081/2081/2081
f 2309/2309/2309 2081/2081/2081 1961/1961/1961
f 1961/1961/1961 2308/2308/2308 2309/2309/2309
f 2306/2306/2306 2309/2309/2309 2308/2308/2308
f 2306/2306/2306 2307/2307/2307 2309/2309/2309
f 2227/2227/2227 2309/2309/2309 2307/2307/2307
f 2309/2309/2309 2227/2227/2227 2081/2081/2081
f 2751/2751/2751 2081/2081/2081 2227/2227/2227
f 2752/2752/2752 2081/2081/2081 2751/2751/2751
f 2752/2752/2752 2751/2751/2751 2769/2769/2769
f 2752/2752/2752 2769/2769/2769 2766/2766/2766
f 1313/1313/1313 2766/2766/2766 2769/2769/2769
f 1580/1580/1580 1313/1313/1313 2769/2769/2769
f 1580/1580/1580 2769/2769/2769 1583/1583/1583
f 1583/1583/1583 2769/2769/2769 2751/2751/2751
f 1096/1096/1096 1275/1275/1275 1349/1349/1349
f 1350/1350/1350 1349/1349/1349 1275/1275/1275
f 1349/1349/1349 1350/1350/1350 1348/1348/1348
f 3410/3410/3410 3411/3411/3411 3409/3409/3409
f 2315/2315/2315 2318/2318/2318 2319/2319/2319
f 2315/2315/2315 2314/2314/2314 2318/2318/2318
f 1782/1782/1782 2318/2318/2318 2314/2314/2314
f 2195/2195/2195 1867/1867/1867 2198/2198/2198
f 2199/2199/2199 2195/2195/2195 2198/2198/2198
f 1782/1782/1782 2195/2195/2195 2199/2199/2199
f 2318/2318/2318 1782/1782/1782 2199/2199/2199
f 2318/2318/2318 2199/2199/2199 1780/1780/1780
f 1780/1780/1780 2319/2319/2319 2318/2318/2318
f 1780/1780/1780 1783/1783/1783 2319/2319/2319
f 1783/1783/1783 1922/1922/1922 2319/2319/2319
f 2319/2319/2319 1922/1922/1922 2492/2492/2492
f 2487/2487/2487 2492/2492/2492 1922/1922/1922
f 2717/2717/2717 2492/2492/2492 2487/2487/2487
f 2715/2715/2715 2717/2717/2717 2487/2487/2487
f 2715/2715/2715 2714/2714/2714 2717/2717/2717
f 1392/1392/1392 2717/2717/2717 2714/2714/2714
f 2714/2714/2714 2347/2347/2347 1392/1392/1392
f 2365/2365/2365 1392/1392/1392 2347/2347/2347
f 2365/2365/2365 2347/2347/2347 2366/2366/2366
f 2365/2365/2365 2366/2366/2366 2373/2373/2373
f 2199/2199/2199 2198/2198/2198 2194/2194/2194
f 1780/1780/1780 2199/2199/2199 2194/2194/2194
f 1780/1780/1780 2194/2194/2194 1114/1114/1114
f 2365/2365/2365 2373/2373/2373 1392/1392/1392
f 1388/1388/1388 1392/1392/1392 2373/2373/2373
f 1388/1388/1388 2373/2373/2373 2040/2040/2040
f 2370/2370/2370 2040/2040/2040 2373/2373/2373
f 2370/2370/2370 2350/2350/2350 2040/2040/2040
f 2370/2370/2370 2355/2355/2355 2350/2350/2350
f 2370/2370/2370 2373/2373/2373 2355/2355/2355
f 1917/1917/1917 2373/2373/2373 2366/2366/2366
f 1917/1917/1917 2355/2355/2355 2373/2373/2373
f 1917/1917/1917 1264/1264/1264 2355/2355/2355
f 1917/1917/1917 2366/2366/2366 1264/1264/1264
f 2720/2720/2720 2040/2040/2040 2350/2350/2350
f 2735/2735/2735 2040/2040/2040 2720/2720/2720
f 2725/2725/2725 2735/2735/2735 2720/2720/2720
f 2725/2725/2725 1383/1383/1383 2735/2735/2735
f 1235/1235/1235 2735/2735/2735 1383/1383/1383
f 1383/1383/1383 2252/2252/2252 1235/1235/1235
f 2314/2314/2314 1235/1235/1235 2252/2252/2252
f 2252/2252/2252 2249/2249/2249 2314/2314/2314
f 1782/1782/1782 2314/2314/2314 2249/2249/2249
f 2249/2249/2249 1149/1149/1149 1782/1782/1782
f 1344/1344/1344 1345/1345/1345 1343/1343/1343
f 1073/1073/1073 1343/1343/1343 1345/1345/1345
f 1343/1343/1343 1073/1073/1073 1071/1071/1071
f 3259/3259/3259 3260/3260/3260 3258/3258/3258
f 1072/1072/1072 1074/1074/1074 1748/1748/1748
f 1745/1745/1745 1748/1748/1748 1074/1074/1074
f 1748/1748/1748 1745/1745/1745 1740/1740/1740
f 3686/3686/3686 3685/3685/3685 3684/3684/3684
f 3535/3535/3535 3685/3685/3685 3686/3686/3686
f 3048/3048/3048 3535/3535/3535 3686/3686/3686
f 1063/1063/1063 1064/1064/1064 1911/1911/1911
f 1913/1913/1913 1911/1911/1911 1064/1064/1064
f 1911/1911/1911 1913/1913/1913 1910/1910/1910
f 3654/3654/3654 3655/3655/3655 3043/3043/3043
f 3655/3655/3655 3654/3654/3654 3652/3652/3652
f 3032/3032/3032 3033/3033/3033 3031/3031/3031
f 1956/1956/1956 2083/2083/2083 1715/1715/1715
f 1715/1715/1715 1955/1955/1955 1956/1956/1956
f 1958/1958/1958 1956/1956/1956 1955/1955/1955
f 1955/1955/1955 1959/1959/1959 1958/1958/1958
f 1959/1959/1959 1955/1955/1955 1666/1666/1666
f 2691/2691/2691 2779/2779/2779 1725/1725/1725
f 2779/2779/2779 2691/2691/2691 2663/2663/2663
f 2695/2695/2695 2663/2663/2663 2691/2691/2691
f 2663/2663/2663 2695/2695/2695 2639/2639/2639
f 2790/2790/2790 2639/2639/2639 2695/2695/2695
f 2639/2639/2639 2790/2790/2790 2795/2795/2795
f 2776/2776/2776 2795/2795/2795 2790/2790/2790
f 2473/2473/2473 2795/2795/2795 2776/2776/2776
f 2795/2795/2795 2473/2473/2473 2482/2482/2482
f 2482/2482/2482 2473/2473/2473 2468/2468/2468
f 2468/2468/2468 2459/2459/2459 2482/2482/2482
f 2080/2080/2080 2482/2482/2482 2459/2459/2459
f 2459/2459/2459 2083/2083/2083 2080/2080/2080
f 2644/2644/2644 2080/2080/2080 2083/2083/2083
f 2083/2083/2083 1956/1956/1956 2644/2644/2644
f 1370/1370/1370 2644/2644/2644 1956/1956/1956
f 1956/1956/1956 1958/1958/1958 1370/1370/1370
f 1222/1222/1222 1370/1370/1370 1958/1958/1958
f 1505/1505/1505 2468/2468/2468 2473/2473/2473
f 1616/1616/1616 2777/2777/2777 1370/1370/1370
f 1370/1370/1370 1222/1222/1222 1616/1616/1616
f 1953/1953/1953 1616/1616/1616 1222/1222/1222
f 2656/2656/2656 1513/1513/1513 2774/2774/2774
f 1513/1513/1513 2656/2656/2656 2644/2644/2644
f 2645/2645/2645 2644/2644/2644 2656/2656/2656
f 2080/2080/2080 2644/2644/2644 2645/2645/2645
f 2644/2644/2644 1370/1370/1370 1513/1513/1513
f 1513/1513/1513 1370/1370/1370 2777/2777/2777
f 2777/2777/2777 2774/2774/2774 1513/1513/1513
f 2774/2774/2774 2777/2777/2777 2817/2817/2817
f 2817/2817/2817 2779/2779/2779 2774/2774/2774
f 2663/2663/2663 2774/2774/2774 2779/2779/2779
f 2774/2774/2774 2663/2663/2663 2656/2656/2656
f 2639/2639/2639 2656/2656/2656 2663/2663/2663
f 2656/2656/2656 2639/2639/2639 2645/2645/2645
f 2795/2795/2795 2645/2645/2645 2639/2639/2639
f 2645/2645/2645 2795/2795/2795 2080/2080/2080
f 2482/2482/2482 2080/2080/2080 2795/2795/2795
f 1958/1958/1958 1959/1959/1959 1222/1222/1222
f 2358/2358/2358 1222/1222/1222 1959/1959/1959
f 1222/1222/1222 2358/2358/2358 1953/1953/1953
f 1953/1953/1953 2358/2358/2358 2389/2389/2389
f 2389/2389/2389 1951/1951/1951 1953/1953/1953
f 1616/1616/1616 1953/1953/1953 1951/1951/1951
f 1951/1951/1951 2295/2295/2295 1616/1616/1616
f 2777/2777/2777 1616/1616/1616 2295/2295/2295
f 2295/2295/2295 1818/1818/1818 2777/2777/2777
f 2817/2817/2817 2777/2777/2777 1818/1818/1818
f 1818/1818/1818 1816/1816/1816 2817/2817/2817
f 2779/2779/2779 2817/2817/2817 1816/1816/1816
f 1816/1816/1816 1725/1725/1725 2779/2779/2779
f 1725/1725/1725 1816/1816/1816 1726/1726/1726
f 1798/1798/1798 1726/1726/1726 1816/1816/1816
f 1816/1816/1816 1818/1818/1818 1798/1798/1798
f 2284/2284/2284 1798/1798/1798 1818/1818/1818
f 1818/1818/1818 2295/2295/2295 2284/2284/2284
f 2294/2294/2294 2284/2284/2284 2295/2295/2295
f 2295/2295/2295 1951/1951/1951 2294/2294/2294
f 1266/1266/1266 2294/2294/2294 1951/1951/1951
f 2341/2341/2341 2389/2389/2389 2358/2358/2358
f 2950/2950/2950 2951/2951/2951 2882/2882/2882
f 2951/2951/2951 2950/2950/2950 2949/2949/2949
f 2878/2878/2878 2879/2879/2879 2877/2877/2877
f 1469/1469/1469 1471/1471/1471 2170/2170/2170
f 1441/1441/1441 2170/2170/2170 1471/1471/1471
f 2170/2170/2170 1441/1441/1441 1456/1456/1456
f 1456/1456/1456 2166/2166/2166 2170/2170/2170
f 2166/2166/2166 1456/1456/1456 2119/2119/2119
f 2164/2164/2164 2170/2170/2170 2166/2166/2166
f 2126/2126/2126 2119/2119/2119 1456/1456/1456
f 1456/1456/1456 1450/1450/1450 2126/2126/2126
f 1450/1450/1450 1456/1456/1456 1441/1441/1441
f 1450/1450/1450 1441/1441/1441 1415/1415/1415
f 1416/1416/1416 1415/1415/1415 1441/1441/1441
f 1416/1416/1416 1628/1628/1628 1415/1415/1415
f 2002/2002/2002 1415/1415/1415 1628/1628/1628
f 1415/1415/1415 2002/2002/2002 1453/1453/1453
f 1796/1796/1796 1453/1453/1453 2002/2002/2002
f 1453/1453/1453 1796/1796/1796 1398/1398/1398
f 1794/1794/1794 1398/1398/1398 1796/1796/1796
f 1398/1398/1398 1794/1794/1794 1438/1438/1438
f 1974/1974/1974 1438/1438/1438 1794/1794/1794
f 1438/1438/1438 1974/1974/1974 1527/1527/1527
f 1625/1625/1625 1527/1527/1527 1974/1974/1974
f 1527/1527/1527 1625/1625/1625 1523/1523/1523
f 2001/2001/2001 1523/1523/1523 1625/1625/1625
f 1523/1523/1523 2001/2001/2001 1419/1419/1419
f 1453/1453/1453 1398/1398/1398 1451/1451/1451
f 1423/1423/1423 1451/1451/1451 1398/1398/1398
f 1398/1398/1398 1438/1438/1438 1423/1423/1423
f 1424/1424/1424 1423/1423/1423 1438/1438/1438
f 1438/1438/1438 1527/1527/1527 1424/1424/1424
f 1427/1427/1427 1424/1424/1424 1527/1527/1527
f 1527/1527/1527 1523/1523/1523 1427/1427/1427
f 1458/1458/1458 1427/1427/1427 1523/1523/1523
f 1523/1523/1523 1419/1419/1419 1458/1458/1458
f 1476/1476/1476 1458/1458/1458 1419/1419/1419
f 1419/1419/1419 1724/1724/1724 1476/1476/1476
f 1485/1485/1485 1476/1476/1476 1724/1724/1724
f 1724/1724/1724 1747/1747/1747 1485/1485/1485
f 1488/1488/1488 1485/1485/1485 1747/1747/1747
f 1488/1488/1488 1484/1484/1484 1485/1485/1485
f 2099/2099/2099 1485/1485/1485 1484/1484/1484
f 1485/1485/1485 2099/2099/2099 1476/1476/1476
f 1460/1460/1460 1476/1476/1476 2099/2099/2099
f 1476/1476/1476 1460/1460/1460 1458/1458/1458
f 2072/2072/2072 1458/1458/1458 1460/1460/1460
f 1458/1458/1458 2072/2072/2072 1427/1427/1427
f 1395/1395/1395 1427/1427/1427 2072/2072/2072
f 1427/1427/1427 1395/1395/1395 1424/1424/1424
f 2073/2073/2073 1424/1424/1424 1395/1395/1395
f 1424/1424/1424 2073/2073/2073 1423/1423/1423
f 1413/1413/1413 1423/1423/1423 2073/2073/2073
f 1423/1423/1423 1413/1413/1413 1451/1451/1451
f 2126/2126/2126 1451/1451/1451 1413/1413/1413
f 1451/1451/1451 2126/2126/2126 1450/1450/1450
f 1451/1451/1451 1450/1450/1450 1453/1453/1453
f 1415/1415/1415 1453/1453/1453 1450/1450/1450
f 1331/1331/1331 1491/1491/1491 1488/1488/1488
f 1484/1484/1484 1488/1488/1488 1491/1491/1491
f 1491/1491/1491 1139/1139/1139 1484/1484/1484
f 2104/2104/2104 1484/1484/1484 1139/1139/1139
f 1484/1484/1484 2104/2104/2104 2099/2099/2099
f 2102/2102/2102 2099/2099/2099 2104/2104/2104
f 2099/2099/2099 2102/2102/2102 1460/1460/1460
f 2075/2075/2075 1460/1460/1460 2102/2102/2102
f 1460/1460/1460 2075/2075/2075 2072/2072/2072
f 2074/2074/2074 2072/2072/2072 2075/2075/2075
f 2072/2072/2072 2074/2074/2074 1395/1395/1395
f 2076/2076/2076 1395/1395/1395 2074/2074/2074
f 1395/1395/1395 2076/2076/2076 2073/2073/2073
f 2070/2070/2070 2073/2073/2073 2076/2076/2076
f 2073/2073/2073 2070/2070/2070 1413/1413/1413
f 2120/2120/2120 1413/1413/1413 2070/2070/2070
f 1413/1413/1413 2120/2120/2120 2126/2126/2126
f 2119/2119/2119 2126/2126/2126 2120/2120/2120
f 1443/1443/1443 1444/1444/1444 1442/1442/1442
f 1421/1421/1421 1442/1442/1442 1444/1444/1444
f 1444/1444/1444 1435/1435/1435 1421/1421/1421
f 1436/1436/1436 1421/1421/1421 1435/1435/1435
f 1435/1435/1435 1457/1457/1457 1436/1436/1436
f 1404/1404/1404 1436/1436/1436 1457/1457/1457
f 1457/1457/1457 1406/1406/1406 1404/1404/1404
f 1548/1548/1548 1404/1404/1404 1406/1406/1406
f 1406/1406/1406 1440/1440/1440 1548/1548/1548
f 1546/1546/1546 1548/1548/1548 1440/1440/1440
f 1440/1440/1440 1394/1394/1394 1546/1546/1546
f 1709/1709/1709 1546/1546/1546 1394/1394/1394
f 1394/1394/1394 1389/1389/1389 1709/1709/1709
f 1743/1743/1743 1709/1709/1709 1389/1389/1389
f 1389/1389/1389 1331/1331/1331 1743/1743/1743
f 1756/1756/1756 1743/1743/1743 1331/1331/1331
f 1331/1331/1331 1488/1488/1488 1756/1756/1756
f 1747/1747/1747 1756/1756/1756 1488/1488/1488
f 1801/1801/1801 1419/1419/1419 2001/2001/2001
f 1419/1419/1419 1801/1801/1801 1724/1724/1724
f 1820/1820/1820 1724/1724/1724 1801/1801/1801
f 1724/1724/1724 1820/1820/1820 1747/1747/1747
f 1993/1993/1993 1747/1747/1747 1820/1820/1820
f 1747/1747/1747 1993/1993/1993 1756/1756/1756
f 1733/1733/1733 1756/1756/1756 1993/1993/1993
f 1756/1756/1756 1733/1733/1733 1743/1743/1743
f 2021/2021/2021 1743/1743/1743 1733/1733/1733
f 1743/1743/1743 2021/2021/2021 1709/1709/1709
f 1806/1806/1806 1709/1709/1709 2021/2021/2021
f 1709/1709/1709 1806/1806/1806 1546/1546/1546
f 1800/1800/1800 1546/1546/1546 1806/1806/1806
f 1546/1546/1546 1800/1800/1800 1548/1548/1548
f 2018/2018/2018 1548/1548/1548 1800/1800/1800
f 1548/1548/1548 2018/2018/2018 1404/1404/1404
f 1804/1804/1804 1404/1404/1404 2018/2018/2018
f 1404/1404/1404 1804/1804/1804 1436/1436/1436
f 2000/2000/2000 1986/1986/1986 1983/1983/1983
f 1819/1819/1819 1983/1983/1983 1986/1986/1986
f 1983/1983/1983 1819/1819/1819 1814/1814/1814
f 1804/1804/1804 1814/1814/1814 1819/1819/1819
f 1814/1814/1814 1804/1804/1804 2050/2050/2050
f 2018/2018/2018 2050/2050/2050 1804/1804/1804
f 2050/2050/2050 2018/2018/2018 1997/1997/1997
f 1800/1800/1800 1997/1997/1997 2018/2018/2018
f 1997/1997/1997 1800/1800/1800 1797/1797/1797
f 1806/1806/1806 1797/1797/1797 1800/1800/1800
f 1797/1797/1797 1806/1806/1806 2020/2020/2020
f 2021/2021/2021 2020/2020/2020 1806/1806/1806
f 2020/2020/2020 2021/2021/2021 2047/2047/2047
f 1733/1733/1733 2047/2047/2047 2021/2021/2021
f 2047/2047/2047 1733/1733/1733 2038/2038/2038
f 1993/1993/1993 2038/2038/2038 1733/1733/1733
f 2038/2038/2038 1993/1993/1993 1995/1995/1995
f 1820/1820/1820 1995/1995/1995 1993/1993/1993
f 1819/1819/1819 1436/1436/1436 1804/1804/1804
f 1436/1436/1436 1819/1819/1819 1421/1421/1421
f 1986/1986/1986 1421/1421/1421 1819/1819/1819
f 1421/1421/1421 1986/1986/1986 1442/1442/1442
f 1640/1640/1640 1442/1442/1442 1986/1986/1986
f 1986/1986/1986 2000/2000/2000 1640/1640/1640
f 1131/1131/1131 1640/1640/1640 2000/2000/2000
f 1995/1995/1995 1820/1820/1820 1825/1825/1825
f 1801/1801/1801 1825/1825/1825 1820/1820/1820
f 1825/1825/1825 1801/1801/1801 2025/2025/2025
f 2001/2001/2001 2025/2025/2025 1801/1801/1801
f 2025/2025/2025 2001/2001/2001 1991/1991/1991
f 1625/1625/1625 1991/1991/1991 2001/2001/2001
f 1991/1991/1991 1625/1625/1625 1968/1968/1968
f 1974/1974/1974 1968/1968/1968 1625/1625/1625
f 1968/1968/1968 1974/1974/1974 1970/1970/1970
f 1794/1794/1794 1970/1970/1970 1974/1974/1974
f 1970/1970/1970 1794/1794/1794 1809/1809/1809
f 1796/1796/1796 1809/1809/1809 1794/1794/1794
f 1809/1809/1809 1796/1796/1796 2009/2009/2009
f 2002/2002/2002 2009/2009/2009 1796/1796/1796
f 2009/2009/2009 2002/2002/2002 2026/2026/2026
f 1628/1628/1628 2026/2026/2026 2002/2002/2002
f 2538/2538/2538 2539/2539/2539 2537/2537/2537
f 2537/2537/2537 2576/2576/2576 2538/2538/2538
f 2565/2565/2565 2538/2538/2538 2576/2576/2576
f 2586/2586/2586 2565/2565/2565 2576/2576/2576
f 2576/2576/2576 1906/1906/1906 2586/2586/2586
f 1905/1905/1905 2586/2586/2586 1906/1906/1906
f 3075/3075/3075 3074/3074/3074 3073/3073/3073
f 3077/3077/3077 3074/3074/3074 3075/3075/3075
f 3076/3076/3076 3077/3077/3077 3075/3075/3075
f 3836/3836/3836 3822/3822/3822 3837/3837/3837
f 3838/3838/3838 3836/3836/3836 3837/3837/3837
f 3835/3835/3835 3838/3838/3838 3837/3837/3837
f 3834/3834/3834 3835/3835/3835 3837/3837/3837
f 3833/3833/3833 3834/3834/3834 3837/3837/3837
f 3832/3832/3832 3833/3833/3833 3837/3837/3837
f 3831/3831/3831 3832/3832/3832 3837/3837/3837
f 3830/3830/3830 3831/3831/3831 3837/3837/3837
f 3829/3829/3829 3830/3830/3830 3837/3837/3837
f 3828/3828/3828 3829/3829/3829 3837/3837/3837
f 3827/3827/3827 3828/3828/3828 3837/3837/3837
f 3826/3826/3826 3827/3827/3827 3837/3837/3837
f 3825/3825/3825 3826/3826/3826 3837/3837/3837
f 3824/3824/3824 3825/3825/3825 3837/3837/3837
f 3823/3823/3823 3824/3824/3824 3837/3837/3837
f 3822/3822/3822 3823/3823/3823 3837/3837/3837
f 3805/3805/3805 3821/3821/3821 3818/3818/3818
f 3806/3806/3806 3805/3805/3805 3818/3818/3818
f 3807/3807/3807 3806/3806/3806 3818/3818/3818
f 3808/3808/3808 3807/3807/3807 3818/3818/3818
f 3809/3809/3809 3808/3808/3808 3818/3818/3818
f 3810/3810/3810 3809/3809/3809 3818/3818/3818
f 3811/3811/3811 3810/3810/3810 3818/3818/3818
f 3812/3812/3812 3811/3811/3811 3818/3818/3818
f 3813/3813/3813 3812/3812/3812 3818/3818/3818
f 3814/3814/3814 3813/3813/3813 3818/3818/3818
f 3815/3815/3815 3814/3814/3814 3818/3818/3818
f 3816/3816/3816 3815/3815/3815 3818/3818/3818
f 3817/3817/3817 3816/3816/3816 3818/3818/3818
f 3819/3819/3819 3817/3817/3817 3818/3818/3818
f 3820/3820/3820 3819/3819/3819 3818/3818/3818
f 3821/3821/3821 3820/3820/3820 3818/3818/3818
f 3794/3794/3794 3804/3804/3804 3801/3801/3801
f 3795/3795/3795 3794/3794/3794 3801/3801/3801
f 3796/3796/3796 3795/3795/3795 3801/3801/3801
f 3797/3797/3797 3796/3796/3796 3801/3801/3801
f 3798/3798/3798 3797/3797/3797 3801/3801/3801
f 3799/3799/3799 3798/3798/3798 3801/3801/3801
f 3800/3800/3800 3799/3799/3799 3801/3801/3801
f 3802/3802/3802 3800/3800/3800 3801/3801/3801
f 3803/3803/3803 3802/3802/3802 3801/3801/3801
f 3804/3804/3804 3803/3803/3803 3801/3801/3801
f 3474/3474/3474 3333/3333/3333 3479/3479/3479
f 3552/3552/3552 3479/3479/3479 3333/3333/3333
f 3479/3479/3479 3552/3552/3552 3351/3351/3351
f 3553/3553/3553 3351/3351/3351 3552/3552/3552
f 3351/3351/3351 3553/3553/3553 3555/3555/3555
f 3553/3553/3553 3554/3554/3554 3555/3555/3555
f 3552/3552/3552 3554/3554/3554 3553/3553/3553
f 3554/3554/3554 3552/3552/3552 3072/3072/3072
f 3334/3334/3334 3072/3072/3072 3552/3552/3552
f 3334/3334/3334 2984/2984/2984 3072/3072/3072
f 2983/2983/2983 3072/3072/3072 2984/2984/2984
f 3333/3333/3333 3334/3334/3334 3552/3552/3552
f 3489/3489/3489 3474/3474/3474 3479/3479/3479
f 3373/3373/3373 3351/3351/3351 3555/3555/3555
f 3351/3351/3351 3373/3373/3373 3479/3479/3479
f 3372/3372/3372 3479/3479/3479 3373/3373/3373
f 3479/3479/3479 3372/3372/3372 3489/3489/3489
f 3485/3485/3485 3489/3489/3489 3372/3372/3372
f 3372/3372/3372 3494/3494/3494 3485/3485/3485
f 3491/3491/3491 3485/3485/3485 3494/3494/3494
f 3148/3148/3148 3491/3491/3491 3494/3494/3494
f 3494/3494/3494 3372/3372/3372 3373/3373/3373
f 3373/3373/3373 3071/3071/3071 3494/3494/3494
f 3071/3071/3071 3373/3373/3373 3555/3555/3555
f 3494/3494/3494 3071/3071/3071 3070/3070/3070
f 3779/3779/3779 3782/3782/3782 3781/3781/3781
f 3779/3779/3779 3781/3781/3781 3780/3780/3780
f 3778/3778/3778 3779/3779/3779 3780/3780/3780
f 3778/3778/3778 3780/3780/3780 3777/3777/3777
f 3776/3776/3776 3778/3778/3778 3777/3777/3777
f 3776/3776/3776 3777/3777/3777 3775/3775/3775
f 3774/3774/3774 3776/3776/3776 3775/3775/3775
f 3775/3775/3775 3777/3777/3777 3764/3764/3764
f 3777/3777/3777 3765/3765/3765 3764/3764/3764
f 3777/3777/3777 3780/3780/3780 3765/3765/3765
f 3780/3780/3780 3766/3766/3766 3765/3765/3765
f 3780/3780/3780 3781/3781/3781 3766/3766/3766
f 3781/3781/3781 3767/3767/3767 3766/3766/3766
f 3781/3781/3781 3784/3784/3784 3767/3767/3767
f 3784/3784/3784 3768/3768/3768 3767/3767/3767
f 3784/3784/3784 3786/3786/3786 3768/3768/3768
f 3786/3786/3786 3769/3769/3769 3768/3768/3768
f 3786/3786/3786 3787/3787/3787 3769/3769/3769
f 3787/3787/3787 3770/3770/3770 3769/3769/3769
f 3787/3787/3787 3791/3791/3791 3770/3770/3770
f 3791/3791/3791 3772/3772/3772 3770/3770/3770
f 3791/3791/3791 3790/3790/3790 3772/3772/3772
f 3790/3790/3790 3773/3773/3773 3772/3772/3772
f 3790/3790/3790 3792/3792/3792 3773/3773/3773
f 3792/3792/3792 3771/3771/3771 3773/3773/3773
f 3765/3765/3765 3766/3766/3766 3763/3763/3763
f 3764/3764/3764 3765/3765/3765 3763/3763/3763
f 3771/3771/3771 3764/3764/3764 3763/3763/3763
f 3775/3775/3775 3764/3764/3764 3771/3771/3771
f 3792/3792/3792 3775/3775/3775 3771/3771/3771
f 3774/3774/3774 3775/3775/3775 3792/3792/3792
f 3793/3793/3793 3774/3774/3774 3792/3792/3792
f 3793/3793/3793 3792/3792/3792 3790/3790/3790
f 3789/3789/3789 3793/3793/3793 3790/3790/3790
f 3789/3789/3789 3790/3790/3790 3791/3791/3791
f 3788/3788/3788 3789/3789/3789 3791/3791/3791
f 3788/3788/3788 3791/3791/3791 3787/3787/3787
f 3785/3785/3785 3788/3788/3788 3787/3787/3787
f 3785/3785/3785 3787/3787/3787 3786/3786/3786
f 3783/3783/3783 3785/3785/3785 3786/3786/3786
f 3783/3783/3783 3786/3786/3786 3784/3784/3784
f 3782/3782/3782 3783/3783/3783 3784/3784/3784
f 3782/3782/3782 3784/3784/3784 3781/3781/3781
f 3773/3773/3773 3771/3771/3771 3763/3763/3763
f 3772/3772/3772 3773/3773/3773 3763/3763/3763
f 3770/3770/3770 3772/3772/3772 3763/3763/3763
f 3769/3769/3769 3770/3770/3770 3763/3763/3763
f 3768/3768/3768 3769/3769/3769 3763/3763/3763
f 3767/3767/3767 3768/3768/3768 3763/3763/3763
f 3766/3766/3766 3767/3767/3767 3763/3763/3763
f 1466/1466/1466 1470/1470/1470 1467/1467/1467
f 2253/2253/2253 1467/1467/1467 1470/1470/1470
f 1467/1467/1467 2253/2253/2253 2262/2262/2262
f 2262/2262/2262 1435/1435/1435 1467/1467/1467
f 1435/1435/1435 2262/2262/2262 1457/1457/1457
f 1674/1674/1674 1457/1457/1457 2262/2262/2262
f 1457/1457/1457 1674/1674/1674 1406/1406/1406
f 1432/1432/1432 1406/1406/1406 1674/1674/1674
f 1406/1406/1406 1432/1432/1432 1440/1440/1440
f 2230/2230/2230 1440/1440/1440 1432/1432/1432
f 1440/1440/1440 2230/2230/2230 1394/1394/1394
f 1391/1391/1391 1394/1394/1394 2230/2230/2230
f 1394/1394/1394 1391/1391/1391 1389/1389/1389
f 2125/2125/2125 1389/1389/1389 1391/1391/1391
f 1389/1389/1389 2125/2125/2125 1331/1331/1331
f 1491/1491/1491 1331/1331/1331 2125/2125/2125
f 1444/1444/1444 1467/1467/1467 1435/1435/1435
f 2267/2267/2267 2262/2262/2262 2253/2253/2253
f 2262/2262/2262 2267/2267/2267 1674/1674/1674
f 1675/1675/1675 1674/1674/1674 2267/2267/2267
f 1674/1674/1674 1675/1675/1675 1432/1432/1432
f 2215/2215/2215 1432/1432/1432 1675/1675/1675
f 1432/1432/1432 2215/2215/2215 2230/2230/2230
f 2206/2206/2206 2230/2230/2230 2215/2215/2215
f 2230/2230/2230 2206/2206/2206 1391/1391/1391
f 2097/2097/2097 1391/1391/1391 2206/2206/2206
f 1391/1391/1391 2097/2097/2097 2125/2125/2125
f 2098/2098/2098 2125/2125/2125 2097/2097/2097
f 2321/2321/2321 1579/1579/1579 1578/1578/1578
f 1579/1579/1579 2321/2321/2321 1594/1594/1594
f 1579/1579/1579 1594/1594/1594 1286/1286/1286
f 1601/1601/1601 1286/1286/1286 1594/1594/1594
f 1594/1594/1594 1603/1603/1603 1601/1601/1601
f 1571/1571/1571 1601/1601/1601 1603/1603/1603
f 1603/1603/1603 1598/1598/1598 1571/1571/1571
f 1597/1597/1597 1571/1571/1571 1598/1598/1598
f 1598/1598/1598 1608/1608/1608 1597/1597/1597
f 1556/1556/1556 1597/1597/1597 1608/1608/1608
f 1608/1608/1608 1555/1555/1555 1556/1556/1556
f 1558/1558/1558 1556/1556/1556 1555/1555/1555
f 1555/1555/1555 1586/1586/1586 1558/1558/1558
f 1634/1634/1634 1558/1558/1558 1586/1586/1586
f 1586/1586/1586 1569/1569/1569 1634/1634/1634
f 1638/1638/1638 1634/1634/1634 1569/1569/1569
f 1569/1569/1569 1572/1572/1572 1638/1638/1638
f 1827/1827/1827 1638/1638/1638 1572/1572/1572
f 1601/1601/1601 2203/2203/2203 1286/1286/1286
f 2203/2203/2203 1601/1601/1601 1932/1932/1932
f 1571/1571/1571 1932/1932/1932 1601/1601/1601
f 1932/1932/1932 1571/1571/1571 1934/1934/1934
f 1597/1597/1597 1934/1934/1934 1571/1571/1571
f 1934/1934/1934 1597/1597/1597 2191/2191/2191
f 1556/1556/1556 2191/2191/2191 1597/1597/1597
f 2191/2191/2191 1556/1556/1556 1730/1730/1730
f 1558/1558/1558 1730/1730/1730 1556/1556/1556
f 1730/1730/1730 1558/1558/1558 2205/2205/2205
f 1634/1634/1634 2205/2205/2205 1558/1558/1558
f 2205/2205/2205 1634/1634/1634 1731/1731/1731
f 1638/1638/1638 1731/1731/1731 1634/1634/1634
f 1731/1731/1731 1638/1638/1638 2177/2177/2177
f 1827/1827/1827 2177/2177/2177 1638/1638/1638
f 2177/2177/2177 1827/1827/1827 1815/1815/1815
f 1896/1896/1896 1815/1815/1815 1827/1827/1827
f 1815/1815/1815 1896/1896/1896 2211/2211/2211
f 2186/2186/2186 1815/1815/1815 2208/2208/2208
f 1815/1815/1815 2186/2186/2186 2177/2177/2177
f 2176/2176/2176 2177/2177/2177 2186/2186/2186
f 2177/2177/2177 2176/2176/2176 1731/1731/1731
f 2216/2216/2216 1731/1731/1731 2176/2176/2176
f 1731/1731/1731 2216/2216/2216 2205/2205/2205
f 2239/2239/2239 2205/2205/2205 2216/2216/2216
f 2205/2205/2205 2239/2239/2239 1730/1730/1730
f 2183/2183/2183 1730/1730/1730 2239/2239/2239
f 1730/1730/1730 2183/2183/2183 2191/2191/2191
f 2185/2185/2185 2191/2191/2191 2183/2183/2183
f 2191/2191/2191 2185/2185/2185 1934/1934/1934
f 1933/1933/1933 1934/1934/1934 2185/2185/2185
f 1934/1934/1934 1933/1933/1933 1932/1932/1932
f 2247/2247/2247 1932/1932/1932 1933/1933/1933
f 1932/1932/1932 2247/2247/2247 2203/2203/2203
f 2209/2209/2209 2203/2203/2203 2247/2247/2247
f 2203/2203/2203 2209/2209/2209 1926/1926/1926
f 1947/1947/1947 1926/1926/1926 2209/2209/2209
f 1926/1926/1926 1947/1947/1947 1930/1930/1930
f 2123/2123/2123 1930/1930/1930 1947/1947/1947
f 1930/1930/1930 2123/2123/2123 2110/2110/2110
f 2109/2109/2109 2110/2110/2110 2123/2123/2123
f 2110/2110/2110 2109/2109/2109 1861/1861/1861
f 2141/2141/2141 1861/1861/1861 2109/2109/2109
f 1861/1861/1861 2141/2141/2141 2145/2145/2145
f 2144/2144/2144 2145/2145/2145 2141/2141/2141
f 2145/2145/2145 2144/2144/2144 1949/1949/1949
f 2241/2241/2241 1949/1949/1949 2144/2144/2144
f 1949/1949/1949 2241/2241/2241 2244/2244/2244
f 2236/2236/2236 2244/2244/2244 2241/2241/2241
f 2244/2244/2244 2236/2236/2236 1936/1936/1936
f 2237/2237/2237 1936/1936/1936 2236/2236/2236
f 1936/1936/1936 2237/2237/2237 2211/2211/2211
f 2208/2208/2208 2211/2211/2211 2237/2237/2237
f 2211/2211/2211 2208/2208/2208 1815/1815/1815
f 1943/1943/1943 2211/2211/2211 1896/1896/1896
f 2211/2211/2211 1943/1943/1943 1936/1936/1936
f 1931/1931/1931 1936/1936/1936 1943/1943/1943
f 1936/1936/1936 1931/1931/1931 2244/2244/2244
f 1945/1945/1945 2244/2244/2244 1931/1931/1931
f 2244/2244/2244 1945/1945/1945 1949/1949/1949
f 1923/1923/1923 1949/1949/1949 1945/1945/1945
f 1949/1949/1949 1923/1923/1923 2145/2145/2145
f 1864/1864/1864 2145/2145/2145 1923/1923/1923
f 2145/2145/2145 1864/1864/1864 1861/1861/1861
f 1767/1767/1767 1861/1861/1861 1864/1864/1864
f 1861/1861/1861 1767/1767/1767 2110/2110/2110
f 1618/1618/1618 2110/2110/2110 1767/1767/1767
f 2110/2110/2110 1618/1618/1618 1930/1930/1930
f 1572/1572/1572 1550/1550/1550 1827/1827/1827
f 1896/1896/1896 1827/1827/1827 1550/1550/1550
f 1550/1550/1550 1615/1615/1615 1896/1896/1896
f 1943/1943/1943 1896/1896/1896 1615/1615/1615
f 1615/1615/1615 1646/1646/1646 1943/1943/1943
f 1931/1931/1931 1943/1943/1943 1646/1646/1646
f 1646/1646/1646 1656/1656/1656 1931/1931/1931
f 1945/1945/1945 1931/1931/1931 1656/1656/1656
f 1656/1656/1656 1658/1658/1658 1945/1945/1945
f 1923/1923/1923 1945/1945/1945 1658/1658/1658
f 1658/1658/1658 1661/1661/1661 1923/1923/1923
f 1864/1864/1864 1923/1923/1923 1661/1661/1661
f 1661/1661/1661 1619/1619/1619 1864/1864/1864
f 1767/1767/1767 1864/1864/1864 1619/1619/1619
f 1619/1619/1619 1570/1570/1570 1767/1767/1767
f 1618/1618/1618 1767/1767/1767 1570/1570/1570
f 1570/1570/1570 1582/1582/1582 1618/1618/1618
f 1617/1617/1617 1618/1618/1618 1582/1582/1582
f 1617/1617/1617 1930/1930/1930 1618/1618/1618
f 1930/1930/1930 1617/1617/1617 1926/1926/1926
f 1754/1754/1754 1615/1615/1615 2407/2407/2407
f 1615/1615/1615 1754/1754/1754 1646/1646/1646
f 1657/1657/1657 1646/1646/1646 1754/1754/1754
f 1646/1646/1646 1657/1657/1657 1656/1656/1656
f 2292/2292/2292 1656/1656/1656 1657/1657/1657
f 1656/1656/1656 2292/2292/2292 1658/1658/1658
f 1662/1662/1662 1658/1658/1658 2292/2292/2292
f 1658/1658/1658 1662/1662/1662 1661/1661/1661
f 2327/2327/2327 1661/1661/1661 1662/1662/1662
f 1661/1661/1661 2327/2327/2327 1619/1619/1619
f 1568/1568/1568 1619/1619/1619 2327/2327/2327
f 1619/1619/1619 1568/1568/1568 1570/1570/1570
f 2300/2300/2300 1570/1570/1570 1568/1568/1568
f 1570/1570/1570 2300/2300/2300 1582/1582/1582
f 1926/1926/1926 1286/1286/1286 2203/2203/2203
f 1286/1286/1286 1926/1926/1926 1617/1617/1617
f 1286/1286/1286 1617/1617/1617 1579/1579/1579
f 1582/1582/1582 1579/1579/1579 1617/1617/1617
f 1582/1582/1582 1578/1578/1578 1579/1579/1579
f 1578/1578/1578 1582/1582/1582 2300/2300/2300
f 2300/2300/2300 2299/2299/2299 1578/1578/1578
f 2299/2299/2299 2300/2300/2300 2301/2301/2301
f 1568/1568/1568 2301/2301/2301 2300/2300/2300
f 2301/2301/2301 1568/1568/1568 2330/2330/2330
f 2327/2327/2327 2330/2330/2330 1568/1568/1568
f 2330/2330/2330 2327/2327/2327 2333/2333/2333
f 1662/1662/1662 2333/2333/2333 2327/2327/2327
f 2333/2333/2333 1662/1662/1662 2289/2289/2289
f 2292/2292/2292 2289/2289/2289 1662/1662/1662
f 2289/2289/2289 2292/2292/2292 2296/2296/2296
f 1657/1657/1657 2296/2296/2296 2292/2292/2292
f 2296/2296/2296 1657/1657/1657 1755/1755/1755
f 1600/1600/1600 2376/2376/2376 2360/2360/2360
f 2376/2376/2376 1600/1600/1600 2339/2339/2339
f 2321/2321/2321 2339/2339/2339 1600/1600/1600
f 2339/2339/2339 2321/2321/2321 2320/2320/2320
f 1578/1578/1578 2320/2320/2320 2321/2321/2321
f 2320/2320/2320 1578/1578/1578 2299/2299/2299
f 1600/1600/1600 1594/1594/1594 2321/2321/2321
f 1594/1594/1594 1600/1600/1600 1603/1603/1603
f 2360/2360/2360 1603/1603/1603 1600/1600/1600
f 1603/1603/1603 2360/2360/2360 1598/1598/1598
f 1609/1609/1609 1598/1598/1598 2360/2360/2360
f 1598/1598/1598 1609/1609/1609 1608/1608/1608
f 2414/2414/2414 1608/1608/1608 1609/1609/1609
f 1608/1608/1608 2414/2414/2414 1555/1555/1555
f 1785/1785/1785 1555/1555/1555 2414/2414/2414
f 1555/1555/1555 1785/1785/1785 1586/1586/1586
f 1591/1591/1591 1586/1586/1586 1785/1785/1785
f 1586/1586/1586 1591/1591/1591 1569/1569/1569
f 2399/2399/2399 1569/1569/1569 1591/1591/1591
f 1569/1569/1569 2399/2399/2399 1572/1572/1572
f 1549/1549/1549 1572/1572/1572 2399/2399/2399
f 1572/1572/1572 1549/1549/1549 1550/1550/1550
f 2407/2407/2407 1550/1550/1550 1549/1549/1549
f 1550/1550/1550 2407/2407/2407 1615/1615/1615
f 1754/1754/1754 1755/1755/1755 1657/1657/1657
f 1755/1755/1755 1754/1754/1754 2410/2410/2410
f 2407/2407/2407 2410/2410/2410 1754/1754/1754
f 2410/2410/2410 2407/2407/2407 2390/2390/2390
f 1549/1549/1549 2390/2390/2390 2407/2407/2407
f 2390/2390/2390 1549/1549/1549 2384/2384/2384
f 2399/2399/2399 2384/2384/2384 1549/1549/1549
f 2384/2384/2384 2399/2399/2399 2385/2385/2385
f 1591/1591/1591 2385/2385/2385 2399/2399/2399
f 2385/2385/2385 1591/1591/1591 1787/1787/1787
f 1785/1785/1785 1787/1787/1787 1591/1591/1591
f 1787/1787/1787 1785/1785/1785 2405/2405/2405
f 2414/2414/2414 2405/2405/2405 1785/1785/1785
f 2405/2405/2405 2414/2414/2414 2403/2403/2403
f 1609/1609/1609 2403/2403/2403 2414/2414/2414
f 2403/2403/2403 1609/1609/1609 2345/2345/2345
f 2360/2360/2360 2345/2345/2345 1609/1609/1609
f 2345/2345/2345 2360/2360/2360 2376/2376/2376
f 2240/2240/2240 1935/1935/1935 1924/1924/1924
f 1925/1925/1925 1924/1924/1924 1935/1935/1935
f 1935/1935/1935 1946/1946/1946 1925/1925/1925
f 1869/1869/1869 1925/1925/1925 1946/1946/1946
f 1946/1946/1946 2246/2246/2246 1869/1869/1869
f 1870/1870/1870 1869/1869/1869 2246/2246/2246
f 2246/2246/2246 1868/1868/1868 1870/1870/1870
f 1764/1764/1764 1870/1870/1870 1868/1868/1868
f 1868/1868/1868 2257/2257/2257 1764/1764/1764
f 1614/1614/1614 1764/1764/1764 2257/2257/2257
f 2257/2257/2257 1929/1929/1929 1614/1614/1614
f 1613/1613/1613 1614/1614/1614 1929/1929/1929
f 1929/1929/1929 1948/1948/1948 1613/1613/1613
f 1554/1554/1554 1613/1613/1613 1948/1948/1948
f 1948/1948/1948 2151/2151/2151 1554/1554/1554
f 1602/1602/1602 1554/1554/1554 2151/2151/2151
f 2151/2151/2151 1723/1723/1723 1602/1602/1602
f 1561/1561/1561 1602/1602/1602 1723/1723/1723
f 1723/1723/1723 2151/2151/2151 2138/2138/2138
f 2154/2154/2154 2138/2138/2138 2151/2151/2151
f 2151/2151/2151 1948/1948/1948 2154/2154/2154
f 1942/1942/1942 2154/2154/2154 1948/1948/1948
f 1948/1948/1948 1929/1929/1929 1942/1942/1942
f 2250/2250/2250 1942/1942/1942 1929/1929/1929
f 1929/1929/1929 2257/2257/2257 2250/2250/2250
f 2261/2261/2261 2250/2250/2250 2257/2257/2257
f 2257/2257/2257 1868/1868/1868 2261/2261/2261
f 2214/2214/2214 2261/2261/2261 1868/1868/1868
f 1868/1868/1868 2246/2246/2246 2214/2214/2214
f 2225/2225/2225 2214/2214/2214 2246/2246/2246
f 2246/2246/2246 1946/1946/1946 2225/2225/2225
f 1941/1941/1941 2225/2225/2225 1946/1946/1946
f 1946/1946/1946 1935/1935/1935 1941/1941/1941
f 2204/2204/2204 1941/1941/1941 1935/1935/1935
f 1935/1935/1935 2240/2240/2240 2204/2204/2204
f 2229/2229/2229 2204/2204/2204 2240/2240/2240
f 2240/2240/2240 1940/1940/1940 2229/2229/2229
f 1937/1937/1937 2229/2229/2229 1940/1940/1940
f 1940/1940/1940 1944/1944/1944 1937/1937/1937
f 2220/2220/2220 1937/1937/1937 1944/1944/1944
f 1620/1620/1620 1927/1927/1927 1649/1649/1649
f 1927/1927/1927 1620/1620/1620 1822/1822/1822
f 1927/1927/1927 1822/1822/1822 1940/1940/1940
f 1944/1944/1944 1940/1940/1940 1822/1822/1822
f 1551/1551/1551 1822/1822/1822 1620/1620/1620
f 1822/1822/1822 1551/1551/1551 1826/1826/1826
f 1822/1822/1822 1826/1826/1826 1944/1944/1944
f 2222/2222/2222 1944/1944/1944 1826/1826/1826
f 1944/1944/1944 2222/2222/2222 2220/2220/2220
f 2210/2210/2210 2220/2220/2220 2222/2222/2222
f 2222/2222/2222 1938/1938/1938 2210/2210/2210
f 1928/1928/1928 2210/2210/2210 1938/1938/1938
f 1938/1938/1938 1939/1939/1939 1928/1928/1928
f 2153/2153/2153 1928/1928/1928 1939/1939/1939
f 1939/1939/1939 2167/2167/2167 2153/2153/2153
f 2163/2163/2163 2153/2153/2153 2167/2167/2167
f 2167/2167/2167 1729/1729/1729 2163/2163/2163
f 2121/2121/2121 2163/2163/2163 1729/1729/1729
f 1729/1729/1729 2127/2127/2127 2121/2121/2121
f 2122/2122/2122 2121/2121/2121 2127/2127/2127
f 2127/2127/2127 1723/1723/1723 2122/2122/2122
f 2138/2138/2138 2122/2122/2122 1723/1723/1723
f 1723/1723/1723 2127/2127/2127 1561/1561/1561
f 1599/1599/1599 1561/1561/1561 2127/2127/2127
f 2127/2127/2127 1729/1729/1729 1599/1599/1599
f 1557/1557/1557 1599/1599/1599 1729/1729/1729
f 1729/1729/1729 2167/2167/2167 1557/1557/1557
f 1559/1559/1559 1557/1557/1557 2167/2167/2167
f 2167/2167/2167 1939/1939/1939 1559/1559/1559
f 1563/1563/1563 1559/1559/1559 1939/1939/1939
f 1939/1939/1939 1938/1938/1938 1563/1563/1563
f 1553/1553/1553 1563/1563/1563 1938/1938/1938
f 1938/1938/1938 2222/2222/2222 1553/1553/1553
f 1826/1826/1826 1553/1553/1553 2222/2222/2222
f 1602/1602/1602 1604/1604/1604 1554/1554/1554
f 1604/1604/1604 1602/1602/1602 1596/1596/1596
f 1561/1561/1561 1596/1596/1596 1602/1602/1602
f 1596/1596/1596 1561/1561/1561 1593/1593/1593
f 1599/1599/1599 1593/1593/1593 1561/1561/1561
f 1593/1593/1593 1599/1599/1599 1611/1611/1611
f 1557/1557/1557 1611/1611/1611 1599/1599/1599
f 1611/1611/1611 1557/1557/1557 1565/1565/1565
f 1559/1559/1559 1565/1565/1565 1557/1557/1557
f 1565/1565/1565 1559/1559/1559 1605/1605/1605
f 1563/1563/1563 1605/1605/1605 1559/1559/1559
f 1605/1605/1605 1563/1563/1563 1564/1564/1564
f 1553/1553/1553 1564/1564/1564 1563/1563/1563
f 1564/1564/1564 1553/1553/1553 1552/1552/1552
f 1826/1826/1826 1552/1552/1552 1553/1553/1553
f 1552/1552/1552 1826/1826/1826 1551/1551/1551
f 2375/2375/2375 2400/2400/2400 1621/1621/1621
f 2394/2394/2394 1621/1621/1621 2400/2400/2400
f 1621/1621/1621 2394/2394/2394 1551/1551/1551
f 1552/1552/1552 1551/1551/1551 2394/2394/2394
f 2394/2394/2394 1562/1562/1562 1552/1552/1552
f 1564/1564/1564 1552/1552/1552 1562/1562/1562
f 1562/1562/1562 1746/1746/1746 1564/1564/1564
f 1605/1605/1605 1564/1564/1564 1746/1746/1746
f 1746/1746/1746 2342/2342/2342 1605/1605/1605
f 1565/1565/1565 1605/1605/1605 2342/2342/2342
f 2342/2342/2342 1610/1610/1610 1565/1565/1565
f 1611/1611/1611 1565/1565/1565 1610/1610/1610
f 1610/1610/1610 2402/2402/2402 1611/1611/1611
f 1593/1593/1593 1611/1611/1611 2402/2402/2402
f 2402/2402/2402 1560/1560/1560 1593/1593/1593
f 1596/1596/1596 1593/1593/1593 1560/1560/1560
f 1560/1560/1560 2431/2431/2431 1596/1596/1596
f 1604/1604/1604 1596/1596/1596 2431/2431/2431
f 2400/2400/2400 2392/2392/2392 2394/2394/2394
f 1562/1562/1562 2394/2394/2394 2392/2392/2392
f 2392/2392/2392 1750/1750/1750 1562/1562/1562
f 1746/1746/1746 1562/1562/1562 1750/1750/1750
f 1750/1750/1750 2363/2363/2363 1746/1746/1746
f 2342/2342/2342 1746/1746/1746 2363/2363/2363
f 2363/2363/2363 2357/2357/2357 2342/2342/2342
f 1610/1610/1610 2342/2342/2342 2357/2357/2357
f 2357/2357/2357 2413/2413/2413 1610/1610/1610
f 2402/2402/2402 1610/1610/1610 2413/2413/2413
f 2413/2413/2413 2409/2409/2409 2402/2402/2402
f 1560/1560/1560 2402/2402/2402 2409/2409/2409
f 2409/2409/2409 2435/2435/2435 1560/1560/1560
f 2431/2431/2431 1560/1560/1560 2435/2435/2435
f 2435/2435/2435 2433/2433/2433 2431/2431/2431
f 1545/1545/1545 2431/2431/2431 2433/2433/2433
f 2433/2433/2433 2412/2412/2412 1545/1545/1545
f 2397/2397/2397 1545/1545/1545 2412/2412/2412
f 2431/2431/2431 1545/1545/1545 1604/1604/1604
f 1588/1588/1588 1604/1604/1604 1545/1545/1545
f 1545/1545/1545 2397/2397/2397 1588/1588/1588
f 1590/1590/1590 1588/1588/1588 2397/2397/2397
f 2397/2397/2397 1566/1566/1566 1590/1590/1590
f 1573/1573/1573 1590/1590/1590 1566/1566/1566
f 1566/1566/1566 2368/2368/2368 1573/1573/1573
f 1612/1612/1612 1573/1573/1573 2368/2368/2368
f 2368/2368/2368 1622/1622/1622 1612/1612/1612
f 1663/1663/1663 1612/1612/1612 1622/1622/1622
f 1622/1622/1622 2324/2324/2324 1663/1663/1663
f 1664/1664/1664 1663/1663/1663 2324/2324/2324
f 2324/2324/2324 1660/1660/1660 1664/1664/1664
f 1651/1651/1651 1664/1664/1664 1660/1660/1660
f 1660/1660/1660 1734/1734/1734 1651/1651/1651
f 1649/1649/1649 1651/1651/1651 1734/1734/1734
f 1734/1734/1734 2369/2369/2369 1649/1649/1649
f 1620/1620/1620 1649/1649/1649 2369/2369/2369
f 2412/2412/2412 2411/2411/2411 2397/2397/2397
f 1566/1566/1566 2397/2397/2397 2411/2411/2411
f 2411/2411/2411 2351/2351/2351 1566/1566/1566
f 2368/2368/2368 1566/1566/1566 2351/2351/2351
f 2351/2351/2351 2344/2344/2344 2368/2368/2368
f 1622/1622/1622 2368/2368/2368 2344/2344/2344
f 2344/2344/2344 2331/2331/2331 1622/1622/1622
f 2324/2324/2324 1622/1622/1622 2331/2331/2331
f 2331/2331/2331 2322/2322/2322 2324/2324/2324
f 1660/1660/1660 2324/2324/2324 2322/2322/2322
f 2322/2322/2322 1738/1738/1738 1660/1660/1660
f 1734/1734/1734 1660/1660/1660 1738/1738/1738
f 1738/1738/1738 2382/2382/2382 1734/1734/1734
f 2369/2369/2369 1734/1734/1734 2382/2382/2382
f 2382/2382/2382 2375/2375/2375 2369/2369/2369
f 1621/1621/1621 2369/2369/2369 2375/2375/2375
f 2369/2369/2369 1621/1621/1621 1620/1620/1620
f 1551/1551/1551 1620/1620/1620 1621/1621/1621
f 1940/1940/1940 2240/2240/2240 1927/1927/1927
f 1924/1924/1924 1927/1927/1927 2240/2240/2240
f 1924/1924/1924 1649/1649/1649 1927/1927/1927
f 1649/1649/1649 1924/1924/1924 1651/1651/1651
f 1925/1925/1925 1651/1651/1651 1924/1924/1924
f 1651/1651/1651 1925/1925/1925 1664/1664/1664
f 1869/1869/1869 1664/1664/1664 1925/1925/1925
f 1664/1664/1664 1869/1869/1869 1663/1663/1663
f 1870/1870/1870 1663/1663/1663 1869/1869/1869
f 1663/1663/1663 1870/1870/1870 1612/1612/1612
f 1764/1764/1764 1612/1612/1612 1870/1870/1870
f 1612/1612/1612 1764/1764/1764 1573/1573/1573
f 1614/1614/1614 1573/1573/1573 1764/1764/1764
f 1573/1573/1573 1614/1614/1614 1590/1590/1590
f 1613/1613/1613 1590/1590/1590 1614/1614/1614
f 1590/1590/1590 1613/1613/1613 1588/1588/1588
f 1554/1554/1554 1588/1588/1588 1613/1613/1613
f 1588/1588/1588 1554/1554/1554 1604/1604/1604
f 1719/1719/1719 1487/1487/1487 1757/1757/1757
f 1494/1494/1494 1757/1757/1757 1487/1487/1487
f 1757/1757/1757 1494/1494/1494 1758/1758/1758
f 1259/1259/1259 1758/1758/1758 1494/1494/1494
f 1758/1758/1758 1259/1259/1259 1710/1710/1710
f 1393/1393/1393 1710/1710/1710 1259/1259/1259
f 1710/1710/1710 1393/1393/1393 1711/1711/1711
f 1396/1396/1396 1711/1711/1711 1393/1393/1393
f 1711/1711/1711 1396/1396/1396 1667/1667/1667
f 1422/1422/1422 1667/1667/1667 1396/1396/1396
f 1667/1667/1667 1422/1422/1422 1493/1493/1493
f 1401/1401/1401 1493/1493/1493 1422/1422/1422
f 1493/1493/1493 1401/1401/1401 1492/1492/1492
f 1459/1459/1459 1492/1492/1492 1401/1401/1401
f 1492/1492/1492 1459/1459/1459 1437/1437/1437
f 1439/1439/1439 1437/1437/1437 1459/1459/1459
f 1437/1437/1437 1439/1439/1439 1418/1418/1418
f 1446/1446/1446 1418/1418/1418 1439/1439/1439
f 1418/1418/1418 1446/1446/1446 1455/1455/1455
f 1447/1447/1447 1455/1455/1455 1446/1446/1446
f 1627/1627/1627 1989/1989/1989 1455/1455/1455
f 1418/1418/1418 1455/1455/1455 1989/1989/1989
f 1989/1989/1989 1626/1626/1626 1418/1418/1418
f 1437/1437/1437 1418/1418/1418 1626/1626/1626
f 1626/1626/1626 1984/1984/1984 1437/1437/1437
f 1492/1492/1492 1437/1437/1437 1984/1984/1984
f 1984/1984/1984 1805/1805/1805 1492/1492/1492
f 1493/1493/1493 1492/1492/1492 1805/1805/1805
f 1805/1805/1805 1808/1808/1808 1493/1493/1493
f 1667/1667/1667 1493/1493/1493 1808/1808/1808
f 1808/1808/1808 2015/2015/2015 1667/1667/1667
f 1711/1711/1711 1667/1667/1667 2015/2015/2015
f 2015/2015/2015 1829/1829/1829 1711/1711/1711
f 1710/1710/1710 1711/1711/1711 1829/1829/1829
f 1829/1829/1829 1803/1803/1803 1710/1710/1710
f 1758/1758/1758 1710/1710/1710 1803/1803/1803
f 1803/1803/1803 2032/2032/2032 1758/1758/1758
f 1757/1757/1757 1758/1758/1758 2032/2032/2032
f 1132/1132/1132 2008/2008/2008 1627/1627/1627
f 1989/1989/1989 1627/1627/1627 2008/2008/2008
f 2008/2008/2008 1998/1998/1998 1989/1989/1989
f 1626/1626/1626 1989/1989/1989 1998/1998/1998
f 1998/1998/1998 1990/1990/1990 1626/1626/1626
f 1984/1984/1984 1626/1626/1626 1990/1990/1990
f 1990/1990/1990 1996/1996/1996 1984/1984/1984
f 1805/1805/1805 1984/1984/1984 1996/1996/1996
f 1996/1996/1996 1807/1807/1807 1805/1805/1805
f 1808/1808/1808 1805/1805/1805 1807/1807/1807
f 1807/1807/1807 2041/2041/2041 1808/1808/1808
f 2015/2015/2015 1808/1808/1808 2041/2041/2041
f 2041/2041/2041 1994/1994/1994 2015/2015/2015
f 1829/1829/1829 2015/2015/2015 1994/1994/1994
f 1994/1994/1994 1823/1823/1823 1829/1829/1829
f 1803/1803/1803 1829/1829/1829 1823/1823/1823
f 1823/1823/1823 2030/2030/2030 1803/1803/1803
f 2032/2032/2032 1803/1803/1803 2030/2030/2030
f 2032/2032/2032 1810/1810/1810 1757/1757/1757
f 1719/1719/1719 1757/1757/1757 1810/1810/1810
f 1810/1810/1810 1811/1811/1811 1719/1719/1719
f 1405/1405/1405 1719/1719/1719 1811/1811/1811
f 1811/1811/1811 2005/2005/2005 1405/1405/1405
f 1521/1521/1521 1405/1405/1405 2005/2005/2005
f 2005/2005/2005 1813/1813/1813 1521/1521/1521
f 1520/1520/1520 1521/1521/1521 1813/1813/1813
f 1813/1813/1813 1821/1821/1821 1520/1520/1520
f 1425/1425/1425 1520/1520/1520 1821/1821/1821
f 1821/1821/1821 1987/1987/1987 1425/1425/1425
f 1407/1407/1407 1425/1425/1425 1987/1987/1987
f 1987/1987/1987 1623/1623/1623 1407/1407/1407
f 1448/1448/1448 1407/1407/1407 1623/1623/1623
f 1623/1623/1623 1971/1971/1971 1448/1448/1448
f 1417/1417/1417 1448/1448/1448 1971/1971/1971
f 1971/1971/1971 1624/1624/1624 1417/1417/1417
f 1420/1420/1420 1417/1417/1417 1624/1624/1624
f 1420/1420/1420 1445/1445/1445 1417/1417/1417
f 1449/1449/1449 1417/1417/1417 1445/1445/1445
f 1417/1417/1417 1449/1449/1449 1448/1448/1448
f 1452/1452/1452 1448/1448/1448 1449/1449/1449
f 1448/1448/1448 1452/1452/1452 1407/1407/1407
f 1426/1426/1426 1407/1407/1407 1452/1452/1452
f 1407/1407/1407 1426/1426/1426 1425/1425/1425
f 1434/1434/1434 1425/1425/1425 1426/1426/1426
f 1425/1425/1425 1434/1434/1434 1520/1520/1520
f 1433/1433/1433 1520/1520/1520 1434/1434/1434
f 1520/1520/1520 1433/1433/1433 1521/1521/1521
f 1462/1462/1462 1521/1521/1521 1433/1433/1433
f 1521/1521/1521 1462/1462/1462 1405/1405/1405
f 1478/1478/1478 1405/1405/1405 1462/1462/1462
f 1405/1405/1405 1478/1478/1478 1719/1719/1719
f 1487/1487/1487 1719/1719/1719 1478/1478/1478
f 1464/1464/1464 1468/1468/1468 1465/1465/1465
f 1445/1445/1445 1465/1465/1465 1468/1468/1468
f 1468/1468/1468 2180/2180/2180 1445/1445/1445
f 1449/1449/1449 1445/1445/1445 2180/2180/2180
f 2180/2180/2180 1454/1454/1454 1449/1449/1449
f 1452/1452/1452 1449/1449/1449 1454/1454/1454
f 1454/1454/1454 2161/2161/2161 1452/1452/1452
f 1426/1426/1426 1452/1452/1452 2161/2161/2161
f 2161/2161/2161 1429/1429/1429 1426/1426/1426
f 1434/1434/1434 1426/1426/1426 1429/1429/1429
f 1429/1429/1429 2088/2088/2088 1434/1434/1434
f 1433/1433/1433 1434/1434/1434 2088/2088/2088
f 2088/2088/2088 1430/1430/1430 1433/1433/1433
f 1462/1462/1462 1433/1433/1433 1430/1430/1430
f 1430/1430/1430 2068/2068/2068 1462/1462/1462
f 1478/1478/1478 1462/1462/1462 2068/2068/2068
f 2068/2068/2068 1475/1475/1475 1478/1478/1478
f 1487/1487/1487 1478/1478/1478 1475/1475/1475
f 1108/1108/1108 2175/2175/2175 1468/1468/1468
f 2180/2180/2180 1468/1468/1468 2175/2175/2175
f 2175/2175/2175 2187/2187/2187 2180/2180/2180
f 1454/1454/1454 2180/2180/2180 2187/2187/2187
f 2187/2187/2187 2136/2136/2136 1454/1454/1454
f 2161/2161/2161 1454/1454/1454 2136/2136/2136
f 2136/2136/2136 2147/2147/2147 2161/2161/2161
f 1429/1429/1429 2161/2161/2161 2147/2147/2147
f 2147/2147/2147 2084/2084/2084 1429/1429/1429
f 2088/2088/2088 1429/1429/1429 2084/2084/2084
f 2084/2084/2084 2090/2090/2090 2088/2088/2088
f 1430/1430/1430 2088/2088/2088 2090/2090/2090
f 2090/2090/2090 2069/2069/2069 1430/1430/1430
f 2068/2068/2068 1430/1430/1430 2069/2069/2069
f 2069/2069/2069 2077/2077/2077 2068/2068/2068
f 1475/1475/1475 2068/2068/2068 2077/2077/2077
f 2077/2077/2077 1630/1630/1630 1475/1475/1475
f 1631/1631/1631 1475/1475/1475 1630/1630/1630
f 1630/1630/1630 1629/1629/1629 1631/1631/1631
f 1483/1483/1483 1631/1631/1631 1629/1629/1629
f 1475/1475/1475 1631/1631/1631 1487/1487/1487
f 1494/1494/1494 1487/1487/1487 1631/1631/1631
f 1631/1631/1631 1483/1483/1483 1494/1494/1494
f 1259/1259/1259 1494/1494/1494 1483/1483/1483
f 1483/1483/1483 1390/1390/1390 1259/1259/1259
f 1393/1393/1393 1259/1259/1259 1390/1390/1390
f 1390/1390/1390 1655/1655/1655 1393/1393/1393
f 1396/1396/1396 1393/1393/1393 1655/1655/1655
f 1655/1655/1655 2160/2160/2160 1396/1396/1396
f 1422/1422/1422 1396/1396/1396 2160/2160/2160
f 2160/2160/2160 1431/1431/1431 1422/1422/1422
f 1401/1401/1401 1422/1422/1422 1431/1431/1431
f 1431/1431/1431 2251/2251/2251 1401/1401/1401
f 1459/1459/1459 1401/1401/1401 2251/2251/2251
f 2251/2251/2251 1461/1461/1461 1459/1459/1459
f 1439/1439/1439 1459/1459/1459 1461/1461/1461
f 1461/1461/1461 2171/2171/2171 1439/1439/1439
f 1446/1446/1446 1439/1439/1439 2171/2171/2171
f 1094/1094/1094 1665/1665/1665 1390/1390/1390
f 1655/1655/1655 1390/1390/1390 1665/1665/1665
f 1665/1665/1665 2165/2165/2165 1655/1655/1655
f 2160/2160/2160 1655/1655/1655 2165/2165/2165
f 2165/2165/2165 2137/2137/2137 2160/2160/2160
f 1431/1431/1431 2160/2160/2160 2137/2137/2137
f 2137/2137/2137 2258/2258/2258 1431/1431/1431
f 2251/2251/2251 1431/1431/1431 2258/2258/2258
f 2258/2258/2258 2264/2264/2264 2251/2251/2251
f 1461/1461/1461 2251/2251/2251 2264/2264/2264
f 2264/2264/2264 2168/2168/2168 1461/1461/1461
f 2171/2171/2171 1461/1461/1461 2168/2168/2168
f 2168/2168/2168 2172/2172/2172 2171/2171/2171
f 1463/1463/1463 2171/2171/2171 2172/2172/2172
f 2030/2030/2030 1985/1985/1985 2032/2032/2032
f 1810/1810/1810 2032/2032/2032 1985/1985/1985
f 1985/1985/1985 1802/1802/1802 1810/1810/1810
f 1811/1811/1811 1810/1810/1810 1802/1802/1802
f 1802/1802/1802 2048/2048/2048 1811/1811/1811
f 2005/2005/2005 1811/1811/1811 2048/2048/2048
f 2048/2048/2048 2052/2052/2052 2005/2005/2005
f 1813/1813/1813 2005/2005/2005 2052/2052/2052
f 2052/2052/2052 1812/1812/1812 1813/1813/1813
f 1821/1821/1821 1813/1813/1813 1812/1812/1812
f 1812/1812/1812 2022/2022/2022 1821/1821/1821
f 1987/1987/1987 1821/1821/1821 2022/2022/2022
f 2022/2022/2022 1988/1988/1988 1987/1987/1987
f 1623/1623/1623 1987/1987/1987 1988/1988/1988
f 1988/1988/1988 1969/1969/1969 1623/1623/1623
f 1971/1971/1971 1623/1623/1623 1969/1969/1969
f 1969/1969/1969 1973/1973/1973 1971/1971/1971
f 1624/1624/1624 1971/1971/1971 1973/1973/1973
f 3202/3202/3202 3205/3205/3205 3563/3563/3563
f 3205/3205/3205 3007/3007/3007 3564/3564/3564
f 3564/3564/3564 3563/3563/3563 3205/3205/3205
f 3563/3563/3563 3564/3564/3564 3562/3562/3562
f 3562/3562/3562 3543/3543/3543 3563/3563/3563
f 3543/3543/3543 3562/3562/3562 3538/3538/3538
f 3562/3562/3562 3378/3378/3378 3538/3538/3538
f 3378/3378/3378 3374/3374/3374 3538/3538/3538
f 3566/3566/3566 3374/3374/3374 3378/3378/3378
f 3374/3374/3374 3566/3566/3566 3001/3001/3001
f 3007/3007/3007 3001/3001/3001 3566/3566/3566
f 3566/3566/3566 3564/3564/3564 3007/3007/3007
f 3564/3564/3564 3566/3566/3566 3562/3562/3562
f 3378/3378/3378 3562/3562/3562 3566/3566/3566
f 3105/3105/3105 3107/3107/3107 3487/3487/3487
f 3488/3488/3488 3105/3105/3105 3487/3487/3487
f 3482/3482/3482 3488/3488/3488 3487/3487/3487
f 3462/3462/3462 3482/3482/3482 3487/3487/3487
f 3464/3464/3464 3462/3462/3462 3487/3487/3487
f 3486/3486/3486 3464/3464/3464 3487/3487/3487
f 3477/3477/3477 3486/3486/3486 3487/3487/3487
f 2986/2986/2986 3477/3477/3477 3487/3487/3487
f 3745/3745/3745 3736/3736/3736 3737/3737/3737
f 3745/3745/3745 3735/3735/3735 3736/3736/3736
f 3745/3745/3745 3734/3734/3734 3735/3735/3735
f 3745/3745/3745 3733/3733/3733 3734/3734/3734
f 3745/3745/3745 3732/3732/3732 3733/3733/3733
f 3745/3745/3745 3731/3731/3731 3732/3732/3732
f 3745/3745/3745 3730/3730/3730 3731/3731/3731
f 3745/3745/3745 3729/3729/3729 3730/3730/3730
f 3745/3745/3745 3742/3742/3742 3729/3729/3729
f 3745/3745/3745 3744/3744/3744 3742/3742/3742
f 3745/3745/3745 3743/3743/3743 3744/3744/3744
f 3745/3745/3745 3741/3741/3741 3743/3743/3743
f 3745/3745/3745 3740/3740/3740 3741/3741/3741
f 3745/3745/3745 3739/3739/3739 3740/3740/3740
f 3745/3745/3745 3738/3738/3738 3739/3739/3739
f 3745/3745/3745 3737/3737/3737 3738/3738/3738
f 3224/3224/3224 3221/3221/3221 3220/3220/3220
f 3221/3221/3221 3224/3224/3224 3175/3175/3175
f 3233/3233/3233 3175/3175/3175 3224/3224/3224
f 3186/3186/3186 3220/3220/3220 3221/3221/3221
f 3221/3221/3221 3188/3188/3188 3186/3186/3186
f 3188/3188/3188 3221/3221/3221 3178/3178/3178
f 3175/3175/3175 3178/3178/3178 3221/3221/3221
f 3231/3231/3231 3178/3178/3178 3175/3175/3175
f 3175/3175/3175 3233/3233/3233 3231/3231/3231
f 3232/3232/3232 3231/3231/3231 3233/3233/3233
f 3233/3233/3233 3234/3234/3234 3232/3232/3232
f 3224/3224/3224 3234/3234/3234 3233/3233/3233
f 3234/3234/3234 3224/3224/3224 3225/3225/3225
f 3220/3220/3220 3225/3225/3225 3224/3224/3224
f 3189/3189/3189 3225/3225/3225 3220/3220/3220
f 3220/3220/3220 3186/3186/3186 3189/3189/3189
f 3172/3172/3172 3189/3189/3189 3186/3186/3186
f 3186/3186/3186 3188/3188/3188 3172/3172/3172
f 2948/2948/2948 3172/3172/3172 3188/3188/3188
f 3761/3761/3761 3746/3746/3746 3760/3760/3760
f 3761/3761/3761 3747/3747/3747 3746/3746/3746
f 3761/3761/3761 3748/3748/3748 3747/3747/3747
f 3761/3761/3761 3749/3749/3749 3748/3748/3748
f 3761/3761/3761 3750/3750/3750 3749/3749/3749
f 3761/3761/3761 3751/3751/3751 3750/3750/3750
f 3761/3761/3761 3752/3752/3752 3751/3751/3751
f 3761/3761/3761 3753/3753/3753 3752/3752/3752
f 3761/3761/3761 3754/3754/3754 3753/3753/3753
f 3761/3761/3761 3755/3755/3755 3754/3754/3754
f 3761/3761/3761 3756/3756/3756 3755/3755/3755
f 3761/3761/3761 3757/3757/3757 3756/3756/3756
f 3761/3761/3761 3758/3758/3758 3757/3757/3757
f 3761/3761/3761 3759/3759/3759 3758/3758/3758
f 3761/3761/3761 3762/3762/3762 3759/3759/3759
f 3761/3761/3761 3760/3760/3760 3762/3762/3762
f 3389/3389/3389 3388/3388/3388 3401/3401/3401
f 3388/3388/3388 3389/3389/3389 3511/3511/3511
f 3516/3516/3516 3511/3511/3511 3389/3389/3389
f 3511/3511/3511 3516/3516/3516 3514/3514/3514
f 3116/3116/3116 3514/3514/3514 3516/3516/3516
f 3514/3514/3514 3116/3116/3116 3129/3129/3129
f 3402/3402/3402 3129/3129/3129 3116/3116/3116
f 3129/3129/3129 3402/3402/3402 3406/3406/3406
f 3407/3407/3407 3406/3406/3406 3402/3402/3402
f 3406/3406/3406 3407/3407/3407 3381/3381/3381
f 3106/3106/3106 3381/3381/3381 3407/3407/3407
f 3381/3381/3381 3106/3106/3106 3505/3505/3505
f 3509/3509/3509 3505/3505/3505 3106/3106/3106
f 3505/3505/3505 3509/3509/3509 3507/3507/3507
f 3386/3386/3386 3507/3507/3507 3509/3509/3509
f 3507/3507/3507 3386/3386/3386 3130/3130/3130
f 3399/3399/3399 3130/3130/3130 3386/3386/3386
f 3130/3130/3130 3399/3399/3399 3400/3400/3400
f 3401/3401/3401 3400/3400/3400 3399/3399/3399
f 3400/3400/3400 3401/3401/3401 3388/3388/3388
f 3035/3035/3035 3036/3036/3036 3480/3480/3480
f 3149/3149/3149 3035/3035/3035 3480/3480/3480
f 3492/3492/3492 3149/3149/3149 3480/3480/3480
f 3484/3484/3484 3492/3492/3492 3480/3480/3480
f 3483/3483/3483 3484/3484/3484 3480/3480/3480
f 3481/3481/3481 3483/3483/3483 3480/3480/3480
f 3337/3337/3337 3481/3481/3481 3480/3480/3480
f 3335/3335/3335 3337/3337/3337 3480/3480/3480
f 2540/2540/2540 1907/1907/1907 1060/1060/1060
f 1907/1907/1907 2540/2540/2540 2536/2536/2536
f 2536/2536/2536 2540/2540/2540 2522/2522/2522
f 3518/3518/3518 3517/3517/3517 3519/3519/3519
f 2938/2938/2938 2979/2979/2979 3519/3519/3519
f 2979/2979/2979 3518/3518/3518 3519/3519/3519
f 2833/2833/2833 3518/3518/3518 2979/2979/2979
f 2826/2826/2826 3518/3518/3518 2833/2833/2833
f 3520/3520/3520 3522/3522/3522 3521/3521/3521
f 2940/2940/2940 2980/2980/2980 3521/3521/3521
f 2980/2980/2980 3520/3520/3520 3521/3521/3521
f 2834/2834/2834 3520/3520/3520 2980/2980/2980
f 2823/2823/2823 3520/3520/3520 2834/2834/2834
f 3140/3140/3140 2845/2845/2845 2818/2818/2818
f 3141/3141/3141 2845/2845/2845 3140/3140/3140
f 3140/3140/3140 3139/3139/3139 3141/3141/3141
f 2448/2448/2448 2439/2439/2439 2093/2093/2093
f 2439/2439/2439 2448/2448/2448 2742/2742/2742
f 2724/2724/2724 2742/2742/2742 2448/2448/2448
f 2736/2736/2736 2742/2742/2742 2724/2724/2724
f 1346/1346/1346 1749/1749/1749 1752/1752/1752
f 1751/1751/1751 1752/1752/1752 1749/1749/1749
f 1180/1180/1180 1751/1751/1751 1749/1749/1749
f 1749/1749/1749 1181/1181/1181 1180/1180/1180
f 2937/2937/2937 2936/2936/2936 2934/2934/2934
f 2936/2936/2936 2937/2937/2937 3297/3297/3297
f 3294/3294/3294 3297/3297/3297 2937/2937/2937
f 3297/3297/3297 3294/3294/3294 3295/3295/3295
f 3065/3065/3065 3295/3295/3295 3294/3294/3294
f 1195/1195/1195 1774/1774/1774 1196/1196/1196
f 1777/1777/1777 1196/1196/1196 1774/1774/1774
f 1777/1777/1777 1774/1774/1774 1775/1775/1775
f 1687/1687/1687 1775/1775/1775 1774/1774/1774
f 1687/1687/1687 1697/1697/1697 1775/1775/1775
f 1695/1695/1695 1775/1775/1775 1697/1697/1697
f 1695/1695/1695 1697/1697/1697 1702/1702/1702
f 1403/1403/1403 1702/1702/1702 1697/1697/1697
f 1702/1702/1702 1403/1403/1403 1171/1171/1171
f 1329/1329/1329 1332/1332/1332 1330/1330/1330
f 1223/1223/1223 1330/1330/1330 1332/1332/1332
f 1332/1332/1332 1224/1224/1224 1223/1223/1223
f 2933/2933/2933 2935/2935/2935 2931/2931/2931
f 2931/2931/2931 2935/2935/2935 3326/3326/3326
f 3325/3325/3325 3326/3326/3326 2935/2935/2935
f 3326/3326/3326 3325/3325/3325 3329/3329/3329
f 3057/3057/3057 3329/3329/3329 3325/3325/3325
f 1679/1679/1679 1143/1143/1143 1142/1142/1142
f 2488/2488/2488 1143/1143/1143 1679/1679/1679
f 2478/2478/2478 2488/2488/2488 1679/1679/1679
f 2475/2475/2475 2488/2488/2488 2478/2478/2478
f 1533/1533/1533 2475/2475/2475 2478/2478/2478
f 1532/1532/1532 1533/1533/1533 2478/2478/2478
f 2909/2909/2909 2911/2911/2911 2908/2908/2908
f 2908/2908/2908 2911/2911/2911 3348/3348/3348
f 3346/3346/3346 3348/3348/3348 2911/2911/2911
f 3348/3348/3348 3346/3346/3346 3343/3343/3343
f 3064/3064/3064 3343/3343/3343 3346/3346/3346
f 1717/1717/1717 1190/1190/1190 1189/1189/1189
f 1721/1721/1721 1190/1190/1190 1717/1717/1717
f 1716/1716/1716 1721/1721/1721 1717/1717/1717
f 2912/2912/2912 2913/2913/2913 2910/2910/2910
f 2913/2913/2913 2912/2912/2912 3327/3327/3327
f 3332/3332/3332 3327/3327/3327 2912/2912/2912
f 3327/3327/3327 3332/3332/3332 3331/3331/3331
f 3063/3063/3063 3331/3331/3331 3332/3332/3332
f 2598/2598/2598 1515/1515/1515 1135/1135/1135
f 2614/2614/2614 1515/1515/1515 2598/2598/2598
f 2601/2601/2601 2614/2614/2614 2598/2598/2598
f 1208/1208/1208 2614/2614/2614 2601/2601/2601
f 3120/3120/3120 3124/3124/3124 3117/3117/3117
f 3098/3098/3098 3117/3117/3117 3124/3124/3124
f 3124/3124/3124 3104/3104/3104 3098/3098/3098
f 3103/3103/3103 3098/3098/3098 3104/3104/3104
f 3103/3103/3103 3104/3104/3104 3014/3014/3014
f 3011/3011/3011 3014/3014/3014 3104/3104/3104
f 2903/2903/2903 2902/2902/2902 2899/2899/2899
f 2902/2902/2902 2903/2903/2903 3312/3312/3312
f 3313/3313/3313 3312/3312/3312 2903/2903/2903
f 3312/3312/3312 3313/3313/3313 3315/3315/3315
f 3062/3062/3062 3315/3315/3315 3313/3313/3313
f 3089/3089/3089 3023/3023/3023 3022/3022/3022
f 3091/3091/3091 3023/3023/3023 3089/3089/3089
f 3088/3088/3088 3091/3091/3091 3089/3089/3089
f 2894/2894/2894 2898/2898/2898 2895/2895/2895
f 2895/2895/2895 2898/2898/2898 3304/3304/3304
f 3300/3300/3300 3304/3304/3304 2898/2898/2898
f 3304/3304/3304 3300/3300/3300 3298/3298/3298
f 3053/3053/3053 3298/3298/3298 3300/3300/3300
f 3310/3310/3310 3311/3311/3311 3302/3302/3302
f 3311/3311/3311 3310/3310/3310 3461/3461/3461
f 2989/2989/2989 3461/3461/3461 3310/3310/3310
f 2989/2989/2989 3459/3459/3459 3461/3461/3461
f 3457/3457/3457 3461/3461/3461 3459/3459/3459
f 3283/3283/3283 3280/3280/3280 3274/3274/3274
f 3280/3280/3280 3283/3283/3283 3442/3442/3442
f 2990/2990/2990 3442/3442/3442 3283/3283/3283
f 2990/2990/2990 3441/3441/3441 3442/3442/3442
f 3439/3439/3439 3442/3442/3442 3441/3441/3441
f 3322/3322/3322 3324/3324/3324 3317/3317/3317
f 3324/3324/3324 3322/3322/3322 3438/3438/3438
f 2991/2991/2991 3438/3438/3438 3322/3322/3322
f 2991/2991/2991 3433/3433/3433 3438/3438/3438
f 3434/3434/3434 3438/3438/3438 3433/3433/3433
f 3319/3319/3319 3321/3321/3321 3314/3314/3314
f 3321/3321/3321 3319/3319/3319 3458/3458/3458
f 2992/2992/2992 3458/3458/3458 3319/3319/3319
f 2992/2992/2992 3456/3456/3456 3458/3458/3458
f 3455/3455/3455 3458/3458/3458 3456/3456/3456
f 3293/3293/3293 3289/3289/3289 3287/3287/3287
f 3289/3289/3289 3293/3293/3293 3452/3452/3452
f 2993/2993/2993 3452/3452/3452 3293/3293/3293
f 2993/2993/2993 3448/3448/3448 3452/3452/3452
f 3450/3450/3450 3452/3452/3452 3448/3448/3448
f 3306/3306/3306 3305/3305/3305 3291/3291/3291
f 3305/3305/3305 3306/3306/3306 3440/3440/3440
f 2994/2994/2994 3440/3440/3440 3306/3306/3306
f 2994/2994/2994 3437/3437/3437 3440/3440/3440
f 3436/3436/3436 3440/3440/3440 3437/3437/3437
f 3267/3267/3267 3266/3266/3266 3261/3261/3261
f 3266/3266/3266 3267/3267/3267 3408/3408/3408
f 2995/2995/2995 3408/3408/3408 3267/3267/3267
f 2995/2995/2995 3404/3404/3404 3408/3408/3408
f 3405/3405/3405 3408/3408/3408 3404/3404/3404
f 3276/3276/3276 3271/3271/3271 3269/3269/3269
f 3271/3271/3271 3276/3276/3276 3445/3445/3445
f 2996/2996/2996 3445/3445/3445 3276/3276/3276
f 2996/2996/2996 3444/3444/3444 3445/3445/3445
f 3443/3443/3443 3445/3445/3445 3444/3444/3444
f 3256/3256/3256 3257/3257/3257 2998/2998/2998
f 3257/3257/3257 3256/3256/3256 3254/3254/3254
f 3580/3580/3580 3581/3581/3581 3565/3565/3565
f 3581/3581/3581 3580/3580/3580 3582/3582/3582
f 3575/3575/3575 3582/3582/3582 3580/3580/3580
f 3582/3582/3582 3575/3575/3575 3573/3573/3573
f 3574/3574/3574 3573/3573/3573 3575/3575/3575
f 3573/3573/3573 3574/3574/3574 3576/3576/3576
f 3565/3565/3565 3576/3576/3576 3574/3574/3574
f 3576/3576/3576 3565/3565/3565 3581/3581/3581
f 3589/3589/3589 3556/3556/3556 3027/3027/3027
f 3556/3556/3556 3589/3589/3589 3590/3590/3590
f 3586/3586/3586 3590/3590/3590 3589/3589/3589
f 3590/3590/3590 3586/3586/3586 3559/3559/3559
f 3569/3569/3569 3559/3559/3559 3586/3586/3586
f 3559/3559/3559 3569/3569/3569 3572/3572/3572
f 3570/3570/3570 3572/3572/3572 3569/3569/3569
f 3572/3572/3572 3570/3570/3570 3028/3028/3028
f 3615/3615/3615 3608/3608/3608 3610/3610/3610
f 3608/3608/3608 3615/3615/3615 3616/3616/3616
f 3617/3617/3617 3616/3616/3616 3615/3615/3615
f 3616/3616/3616 3617/3617/3617 3604/3604/3604
f 3612/3612/3612 3604/3604/3604 3617/3617/3617
f 3604/3604/3604 3612/3612/3612 3611/3611/3611
f 3610/3610/3610 3611/3611/3611 3612/3612/3612
f 3611/3611/3611 3610/3610/3610 3608/3608/3608
f 3632/3632/3632 3602/3602/3602 3621/3621/3621
f 3602/3602/3602 3632/3632/3632 3630/3630/3630
f 3629/3629/3629 3630/3630/3630 3632/3632/3632
f 3630/3630/3630 3629/3629/3629 3593/3593/3593
f 3620/3620/3620 3593/3593/3593 3629/3629/3629
f 3593/3593/3593 3620/3620/3620 3619/3619/3619
f 3621/3621/3621 3619/3619/3619 3620/3620/3620
f 3619/3619/3619 3621/3621/3621 3602/3602/3602
f 3639/3639/3639 3597/3597/3597 3627/3627/3627
f 3597/3597/3597 3639/3639/3639 3638/3638/3638
f 3641/3641/3641 3638/3638/3638 3639/3639/3639
f 3638/3638/3638 3641/3641/3641 3595/3595/3595
f 3626/3626/3626 3595/3595/3595 3641/3641/3641
f 3595/3595/3595 3626/3626/3626 3625/3625/3625
f 3627/3627/3627 3625/3625/3625 3626/3626/3626
f 3625/3625/3625 3627/3627/3627 3597/3597/3597
f 3670/3670/3670 3637/3637/3637 3662/3662/3662
f 3637/3637/3637 3670/3670/3670 3666/3666/3666
f 3669/3669/3669 3666/3666/3666 3670/3670/3670
f 3666/3666/3666 3669/3669/3669 3623/3623/3623
f 3663/3663/3663 3623/3623/3623 3669/3669/3669
f 3623/3623/3623 3663/3663/3663 3665/3665/3665
f 3662/3662/3662 3665/3665/3665 3663/3663/3663
f 3665/3665/3665 3662/3662/3662 3637/3637/3637
f 3675/3675/3675 3649/3649/3649 3668/3668/3668
f 3649/3649/3649 3675/3675/3675 3677/3677/3677
f 3678/3678/3678 3677/3677/3677 3675/3675/3675
f 3677/3677/3677 3678/3678/3678 3646/3646/3646
f 3667/3667/3667 3646/3646/3646 3678/3678/3678
f 3646/3646/3646 3667/3667/3667 3671/3671/3671
f 3668/3668/3668 3671/3671/3671 3667/3667/3667
f 3671/3671/3671 3668/3668/3668 3649/3649/3649
f 3871/3871/3871 3870/3870/3870 3840/3840/3840
f 3870/3870/3870 3871/3871/3871 3869/3869/3869
f 1641/1641/1641 2361/2361/2361 1643/1643/1643
f 2388/2388/2388 1643/1643/1643 2361/2361/2361
f 2361/2361/2361 2386/2386/2386 2388/2388/2388
f 2388/2388/2388 2386/2386/2386 2404/2404/2404
f 1855/1855/1855 2404/2404/2404 2386/2386/2386
f 2404/2404/2404 1855/1855/1855 1856/1856/1856
f 1856/1856/1856 2398/2398/2398 2404/2404/2404
f 2398/2398/2398 1856/1856/1856 1838/1838/1838
f 1848/1848/1848 1838/1838/1838 1856/1856/1856
f 1856/1856/1856 1849/1849/1849 1848/1848/1848
f 1373/1373/1373 1848/1848/1848 1849/1849/1849
f 1849/1849/1849 1856/1856/1856 1855/1855/1855
f 2388/2388/2388 2404/2404/2404 2398/2398/2398
f 2386/2386/2386 2361/2361/2361 2336/2336/2336
f 2927/2927/2927 2929/2929/2929 2926/2926/2926
f 2926/2926/2926 2929/2929/2929 3353/3353/3353
f 3345/3345/3345 3353/3353/3353 2929/2929/2929
f 3353/3353/3353 3345/3345/3345 3352/3352/3352
f 3067/3067/3067 3352/3352/3352 3345/3345/3345
f 2761/2761/2761 1137/1137/1137 1136/1136/1136
f 1137/1137/1137 2761/2761/2761 2763/2763/2763
f 2753/2753/2753 2763/2763/2763 2761/2761/2761
f 2763/2763/2763 2753/2753/2753 2496/2496/2496
f 2091/2091/2091 2496/2496/2496 2753/2753/2753
f 1056/1056/1056 2496/2496/2496 2091/2091/2091
f 2930/2930/2930 2932/2932/2932 2928/2928/2928
f 2932/2932/2932 2930/2930/2930 3320/3320/3320
f 3318/3318/3318 3320/3320/3320 2930/2930/2930
f 3320/3320/3320 3318/3318/3318 3316/3316/3316
f 3061/3061/3061 3316/3316/3316 3318/3318/3318
f 1766/1766/1766 1763/1763/1763 1761/1761/1761
f 1766/1766/1766 1761/1761/1761 2381/2381/2381
f 2383/2383/2383 2381/2381/2381 1761/1761/1761
f 2383/2383/2383 2354/2354/2354 2381/2381/2381
f 1700/1700/1700 2381/2381/2381 2354/2354/2354
f 2354/2354/2354 1123/1123/1123 1700/1700/1700
f 1124/1124/1124 1700/1700/1700 1123/1123/1123
f 1689/1689/1689 1694/1694/1694 1688/1688/1688
f 1688/1688/1688 1694/1694/1694 1402/1402/1402
f 1408/1408/1408 1402/1402/1402 1694/1694/1694
f 1402/1402/1402 1408/1408/1408 1409/1409/1409
f 1980/1980/1980 1409/1409/1409 1408/1408/1408
f 1409/1409/1409 1980/1980/1980 1981/1981/1981
f 1979/1979/1979 1981/1981/1981 1980/1980/1980
f 2900/2900/2900 2904/2904/2904 2901/2901/2901
f 2901/2901/2901 2904/2904/2904 3308/3308/3308
f 3307/3307/3307 3308/3308/3308 2904/2904/2904
f 3308/3308/3308 3307/3307/3307 3309/3309/3309
f 3058/3058/3058 3309/3309/3309 3307/3307/3307
f 1351/1351/1351 2447/2447/2447 2444/2444/2444
f 2446/2446/2446 2444/2444/2444 2447/2447/2447
f 2447/2447/2447 2731/2731/2731 2446/2446/2446
f 2729/2729/2729 2446/2446/2446 2731/2731/2731
f 2731/2731/2731 2740/2740/2740 2729/2729/2729
f 2740/2740/2740 1290/1290/1290 2729/2729/2729
f 1901/1901/1901 2531/2531/2531 1900/1900/1900
f 2530/2530/2530 1900/1900/1900 2531/2531/2531
f 2531/2531/2531 2527/2527/2527 2530/2530/2530
f 2527/2527/2527 1187/1187/1187 2530/2530/2530
f 2139/2139/2139 1067/1067/1067 1066/1066/1066
f 1067/1067/1067 2139/2139/2139 2143/2143/2143
f 2143/2143/2143 2139/2139/2139 2152/2152/2152
f 1354/1354/1354 2152/2152/2152 2139/2139/2139
f 2907/2907/2907 2906/2906/2906 2905/2905/2905
f 2906/2906/2906 2907/2907/2907 3299/3299/3299
f 3303/3303/3303 3299/3299/3299 2907/2907/2907
f 3299/3299/3299 3303/3303/3303 3301/3301/3301
f 3051/3051/3051 3301/3301/3301 3303/3303/3303
f 1837/1837/1837 1069/1069/1069 1068/1068/1068
f 1069/1069/1069 1837/1837/1837 1839/1839/1839
f 1839/1839/1839 1837/1837/1837 1840/1840/1840
f 1357/1357/1357 1840/1840/1840 1837/1837/1837
f 2897/2897/2897 2896/2896/2896 2893/2893/2893
f 2896/2896/2896 2897/2897/2897 3275/3275/3275
f 3278/3278/3278 3275/3275/3275 2897/2897/2897
f 3275/3275/3275 3278/3278/3278 3273/3273/3273
f 3060/3060/3060 3273/3273/3273 3278/3278/3278
f 1358/1358/1358 1134/1134/1134 2719/2719/2719
f 1358/1358/1358 2719/2719/2719 2730/2730/2730
f 2738/2738/2738 2730/2730/2730 2719/2719/2719
f 2738/2738/2738 2732/2732/2732 2730/2730/2730
f 1518/1518/1518 2730/2730/2730 2732/2732/2732
f 2730/2730/2730 1518/1518/1518 1514/1514/1514
f 1518/1518/1518 1517/1517/1517 1514/1514/1514
f 2730/2730/2730 1514/1514/1514 1358/1358/1358
f 1518/1518/1518 2732/2732/2732 1113/1113/1113
f 2891/2891/2891 2892/2892/2892 2890/2890/2890
f 2890/2890/2890 2892/2892/2892 3279/3279/3279
f 3277/3277/3277 3279/3279/3279 2892/2892/2892
f 3279/3279/3279 3277/3277/3277 3272/3272/3272
f 3059/3059/3059 3272/3272/3272 3277/3277/3277
f 1895/1895/1895 1894/1894/1894 1070/1070/1070
f 1895/1895/1895 1893/1893/1893 1894/1894/1894
f 1133/1133/1133 1893/1893/1893 1895/1895/1895
f 2919/2919/2919 2923/2923/2923 2918/2918/2918
f 2918/2918/2918 2923/2923/2923 3286/3286/3286
f 3281/3281/3281 3286/3286/3286 2923/2923/2923
f 3286/3286/3286 3281/3281/3281 3288/3288/3288
f 3056/3056/3056 3288/3288/3288 3281/3281/3281
f 1115/1115/1115 2706/2706/2706 1116/1116/1116
f 2707/2707/2707 1116/1116/1116 2706/2706/2706
f 2706/2706/2706 2704/2704/2704 2707/2707/2707
f 2925/2925/2925 2924/2924/2924 2922/2922/2922
f 2924/2924/2924 2925/2925/2925 3268/3268/3268
f 3264/3264/3264 3268/3268/3268 2925/2925/2925
f 3268/3268/3268 3264/3264/3264 3263/3263/3263
f 3052/3052/3052 3263/3263/3263 3264/3264/3264
f 1899/1899/1899 2612/2612/2612 2595/2595/2595
f 2625/2625/2625 2595/2595/2595 2612/2612/2612
f 2612/2612/2612 2545/2545/2545 2625/2625/2625
f 1117/1117/1117 2625/2625/2625 2545/2545/2545
f 2545/2545/2545 1118/1118/1118 1117/1117/1117
f 2914/2914/2914 2917/2917/2917 2915/2915/2915
f 2915/2915/2915 2917/2917/2917 3292/3292/3292
f 3290/3290/3290 3292/3292/3292 2917/2917/2917
f 3292/3292/3292 3290/3290/3290 3296/3296/3296
f 3055/3055/3055 3296/3296/3296 3290/3290/3290
f 2148/2148/2148 2014/2014/2014 1288/1288/1288
f 2014/2014/2014 2148/2148/2148 2133/2133/2133
f 2158/2158/2158 2133/2133/2133 2148/2148/2148
f 2133/2133/2133 2158/2158/2158 1972/1972/1972
f 2130/2130/2130 1972/1972/1972 2158/2158/2158
f 1972/1972/1972 2130/2130/2130 2128/2128/2128
f 2129/2129/2129 2128/2128/2128 2130/2130/2130
f 2128/2128/2128 2129/2129/2129 2043/2043/2043
f 2149/2149/2149 2043/2043/2043 2129/2129/2129
f 2043/2043/2043 2149/2149/2149 2159/2159/2159
f 2132/2132/2132 2159/2159/2159 2149/2149/2149
f 2159/2159/2159 2132/2132/2132 2049/2049/2049
f 2010/2010/2010 2049/2049/2049 2132/2132/2132
f 2049/2049/2049 2010/2010/2010 2045/2045/2045
f 2263/2263/2263 2045/2045/2045 2010/2010/2010
f 2045/2045/2045 2263/2263/2263 2265/2265/2265
f 2266/2266/2266 2265/2265/2265 2263/2263/2263
f 2265/2265/2265 2266/2266/2266 2027/2027/2027
f 2212/2212/2212 2027/2027/2027 2266/2266/2266
f 2027/2027/2027 2212/2212/2212 2213/2213/2213
f 2224/2224/2224 2213/2213/2213 2212/2212/2212
f 2213/2213/2213 2224/2224/2224 1305/1305/1305
f 1304/1304/1304 1305/1305/1305 2224/2224/2224
f 1305/1305/1305 1304/1304/1304 2036/2036/2036
f 2226/2226/2226 2036/2036/2036 1304/1304/1304
f 2036/2036/2036 2226/2226/2226 2223/2223/2223
f 2232/2232/2232 2223/2223/2223 2226/2226/2226
f 2223/2223/2223 2232/2232/2232 1302/1302/1302
f 1301/1301/1301 1302/1302/1302 2232/2232/2232
f 1302/1302/1302 1301/1301/1301 2051/2051/2051
f 2231/2231/2231 2051/2051/2051 1301/1301/1301
f 2051/2051/2051 2231/2231/2231 2233/2233/2233
f 2202/2202/2202 2233/2233/2233 2231/2231/2231
f 2233/2233/2233 2202/2202/2202 1287/1287/1287
f 1288/1288/1288 1287/1287/1287 2202/2202/2202
f 1287/1287/1287 1288/1288/1288 2014/2014/2014
f 2499/2499/2499 2497/2497/2497 2493/2493/2493
f 2497/2497/2497 2499/2499/2499 1119/1119/1119
f 1095/1095/1095 1119/1119/1119 2499/2499/2499
f 2921/2921/2921 2920/2920/2920 2916/2916/2916
f 2920/2920/2920 2921/2921/2921 3285/3285/3285
f 3284/3284/3284 3285/3285/3285 2921/2921/2921
f 3285/3285/3285 3284/3284/3284 3282/3282/3282
f 3054/3054/3054 3282/3282/3282 3284/3284/3284
f 2808/2808/2808 2787/2787/2787 2758/2758/2758
f 2787/2787/2787 2808/2808/2808 2421/2421/2421
f 1161/1161/1161 2421/2421/2421 2808/2808/2808
f 2820/2820/2820 2974/2974/2974 2819/2819/2819
f 3099/3099/3099 2819/2819/2819 2974/2974/2974
f 2974/2974/2974 3100/3100/3100 3099/3099/3099
f 3101/3101/3101 3099/3099/3099 3100/3100/3100
f 3100/3100/3100 2829/2829/2829 3101/3101/3101
f 2830/2830/2830 3101/3101/3101 2829/2829/2829
f 2553/2553/2553 2554/2554/2554 2552/2552/2552
f 1166/1166/1166 2504/2504/2504 1167/1167/1167
f 2507/2507/2507 1167/1167/1167 2504/2504/2504
f 2504/2504/2504 2506/2506/2506 2507/2507/2507
f 2549/2549/2549 2550/2550/2550 2548/2548/2548
f 1169/1169/1169 1170/1170/1170 1168/1168/1168
f 2546/2546/2546 2547/2547/2547 2544/2544/2544
f 2378/2378/2378 2367/2367/2367 1982/1982/1982
f 2367/2367/2367 2378/2378/2378 2379/2379/2379
f 1173/1173/1173 2379/2379/2379 2378/2378/2378
f 2542/2542/2542 2543/2543/2543 2541/2541/2541
f 1919/1919/1919 1950/1950/1950 1921/1921/1921
f 1270/1270/1270 1921/1921/1921 1950/1950/1950
f 1950/1950/1950 1271/1271/1271 1270/1270/1270
f 2520/2520/2520 2521/2521/2521 2519/2519/2519
f 1206/1206/1206 1207/1207/1207 1205/1205/1205
f 2517/2517/2517 2518/2518/2518 2512/2512/2512
f 1226/1226/1226 1227/1227/1227 1225/1225/1225
f 1903/1903/1903 1904/1904/1904 1902/1902/1902
f 1281/1281/1281 1282/1282/1282 1280/1280/1280
f 1897/1897/1897 1898/1898/1898 1892/1892/1892
f 1292/1292/1292 1293/1293/1293 1291/1291/1291
f 1890/1890/1890 1891/1891/1891 1889/1889/1889
f 1473/1473/1473 1474/1474/1474 1472/1472/1472
f 1887/1887/1887 1888/1888/1888 1886/1886/1886
f 1574/1574/1574 1575/1575/1575 1567/1567/1567
f 1884/1884/1884 1885/1885/1885 1883/1883/1883
f 1606/1606/1606 1607/1607/1607 1595/1595/1595
f 1881/1881/1881 1882/1882/1882 1872/1872/1872
f 1788/1788/1788 1789/1789/1789 1786/1786/1786
f 1835/1835/1835 1836/1836/1836 1833/1833/1833
f 1792/1792/1792 1793/1793/1793 1791/1791/1791
f 1831/1831/1831 1832/1832/1832 1828/1828/1828
g studio.a10.mesh_2
usemtl A10Body
f 3924/3924/3924 3916/3916/3916 3925/3925/3925
f 3924/3924/3924 3925/3925/3925 3923/3923/3923
f 4543/4543/4543 4556/4556/4556 4560/4560/4560
f 4543/4543/4543 4555/4555/4555 4556/4556/4556
f 4543/4543/4543 4552/4552/4552 4555/4555/4555
f 4543/4543/4543 4550/4550/4550 4552/4552/4552
f 4543/4543/4543 4548/4548/4548 4550/4550/4550
f 4543/4543/4543 4547/4547/4547 4548/4548/4548
f 4543/4543/4543 4544/4544/4544 4547/4547/4547
f 4543/4543/4543 4563/4563/4563 4544/4544/4544
f 4543/4543/4543 4559/4559/4559 4563/4563/4563
f 4543/4543/4543 4560/4560/4560 4559/4559/4559
f 4560/4560/4560 4562/4562/4562 4559/4559/4559
f 4560/4560/4560 4561/4561/4561 4562/4562/4562
f 4556/4556/4556 4561/4561/4561 4560/4560/4560
f 4556/4556/4556 4557/4557/4557 4561/4561/4561
f 4555/4555/4555 4557/4557/4557 4556/4556/4556
f 4555/4555/4555 4554/4554/4554 4557/4557/4557
f 4552/4552/4552 4554/4554/4554 4555/4555/4555
f 4552/4552/4552 4553/4553/4553 4554/4554/4554
f 4550/4550/4550 4553/4553/4553 4552/4552/4552
f 4550/4550/4550 4551/4551/4551 4553/4553/4553
f 4548/4548/4548 4551/4551/4551 4550/4550/4550
f 4548/4548/4548 4549/4549/4549 4551/4551/4551
f 4547/4547/4547 4549/4549/4549 4548/4548/4548
f 4547/4547/4547 4546/4546/4546 4549/4549/4549
f 4544/4544/4544 4546/4546/4546 4547/4547/4547
f 4544/4544/4544 4545/4545/4545 4546/4546/4546
f 4563/4563/4563 4545/4545/4545 4544/4544/4544
f 4563/4563/4563 4558/4558/4558 4545/4545/4545
f 4559/4559/4559 4558/4558/4558 4563/4563/4563
f 4559/4559/4559 4562/4562/4562 4558/4558/4558
f 4279/4279/4279 4272/4272/4272 4278/4278/4278
f 4279/4279/4279 4278/4278/4278 4267/4267/4267
f 4268/4268/4268 4279/4279/4279 4267/4267/4267
f 4268/4268/4268 4267/4267/4267 4262/4262/4262
f 4173/4173/4173 4178/4178/4178 4174/4174/4174
f 4168/4168/4168 4174/4174/4174 4178/4178/4178
f 4045/4045/4045 4047/4047/4047 4044/4044/4044
f 4045/4045/4045 4044/4044/4044 4033/4033/4033
f 4032/4032/4032 4045/4045/4045 4033/4033/4033
f 4032/4032/4032 4033/4033/4033 4031/4031/4031
f 3938/3938/3938 3943/3943/3943 3939/3939/3939
f 3934/3934/3934 3939/3939/3939 3943/3943/3943
f 4532/4532/4532 4526/4526/4526 4522/4522/4522
f 4479/4479/4479 4532/4532/4532 4522/4522/4522
f 4532/4532/4532 4479/4479/4479 4501/4501/4501
f 4503/4503/4503 4532/4532/4532 4501/4501/4501
f 4479/4479/4479 4522/4522/4522 4416/4416/4416
f 4474/4474/4474 4401/4401/4401 4526/4526/4526
f 4532/4532/4532 4474/4474/4474 4526/4526/4526
f 4474/4474/4474 4532/4532/4532 4469/4469/4469
f 4470/4470/4470 4474/4474/4474 4469/4469/4469
f 4514/4514/4514 4511/4511/4511 4515/4515/4515
f 4502/4502/4502 4514/4514/4514 4515/4515/4515
f 4502/4502/4502 4515/4515/4515 4492/4492/4492
f 4489/4489/4489 4502/4502/4502 4492/4492/4492
f 4411/4411/4411 4412/4412/4412 4402/4402/4402
f 4412/4412/4412 4411/4411/4411 4406/4406/4406
f 4182/4182/4182 4291/4291/4291 4245/4245/4245
f 4291/4291/4291 4293/4293/4293 4298/4298/4298
f 4291/4291/4291 4298/4298/4298 4245/4245/4245
f 4281/4281/4281 4245/4245/4245 4298/4298/4298
f 4281/4281/4281 4298/4298/4298 4266/4266/4266
f 4293/4293/4293 4167/4167/4167 4242/4242/4242
f 4293/4293/4293 4242/4242/4242 4298/4298/4298
f 4239/4239/4239 4298/4298/4298 4242/4242/4242
f 4239/4239/4239 4242/4242/4242 4234/4234/4234
f 4414/4414/4414 4415/4415/4415 4409/4409/4409
f 4400/4400/4400 4409/4409/4409 4415/4415/4415
f 4504/4504/4504 4536/4536/4536 4539/4539/4539
f 4509/4509/4509 4504/4504/4504 4539/4539/4539
f 4510/4510/4510 4504/4504/4504 4509/4509/4509
f 4475/4475/4475 4510/4510/4510 4509/4509/4509
f 4530/4530/4530 4510/4510/4510 4475/4475/4475
f 4523/4523/4523 4530/4530/4530 4475/4475/4475
f 4538/4538/4538 4530/4530/4530 4523/4523/4523
f 4535/4535/4535 4538/4538/4538 4523/4523/4523
f 4418/4418/4418 4538/4538/4538 4535/4535/4535
f 4478/4478/4478 4418/4418/4418 4535/4535/4535
f 4531/4531/4531 4418/4418/4418 4478/4478/4478
f 4527/4527/4527 4531/4531/4531 4478/4478/4478
f 4528/4528/4528 4531/4531/4531 4527/4527/4527
f 4521/4521/4521 4528/4528/4528 4527/4527/4527
f 4536/4536/4536 4528/4528/4528 4521/4521/4521
f 4539/4539/4539 4536/4536/4536 4521/4521/4521
f 4534/4534/4534 4468/4468/4468 4533/4533/4533
f 4520/4520/4520 4534/4534/4534 4533/4533/4533
f 4519/4519/4519 4534/4534/4534 4520/4520/4520
f 4506/4506/4506 4519/4519/4519 4520/4520/4520
f 4507/4507/4507 4519/4519/4519 4506/4506/4506
f 4508/4508/4508 4507/4507/4507 4506/4506/4506
f 4491/4491/4491 4507/4507/4507 4508/4508/4508
f 4500/4500/4500 4491/4491/4491 4508/4508/4508
f 4495/4495/4495 4491/4491/4491 4500/4500/4500
f 4486/4486/4486 4495/4495/4495 4500/4500/4500
f 4540/4540/4540 4495/4495/4495 4486/4486/4486
f 4541/4541/4541 4540/4540/4540 4486/4486/4486
f 4537/4537/4537 4540/4540/4540 4541/4541/4541
f 4529/4529/4529 4537/4537/4537 4541/4541/4541
f 4468/4468/4468 4537/4537/4537 4529/4529/4529
f 4533/4533/4533 4468/4468/4468 4529/4529/4529
f 4394/4394/4394 4384/4384/4384 4392/4392/4392
f 4391/4391/4391 4394/4394/4394 4392/4392/4392
f 4159/4159/4159 4150/4150/4150 4158/4158/4158
f 4159/4159/4159 4158/4158/4158 4157/4157/4157
f 4487/4487/4487 4385/4385/4385 4393/4393/4393
f 4488/4488/4488 4487/4487/4487 4393/4393/4393
f 4490/4490/4490 4487/4487/4487 4488/4488/4488
f 4497/4497/4497 4490/4490/4490 4488/4488/4488
f 4390/4390/4390 4490/4490/4490 4497/4497/4497
f 4442/4442/4442 4390/4390/4390 4497/4497/4497
f 4449/4449/4449 4390/4390/4390 4442/4442/4442
f 4441/4441/4441 4449/4449/4449 4442/4442/4442
f 4499/4499/4499 4443/4443/4443 4437/4437/4437
f 4440/4440/4440 4499/4499/4499 4437/4437/4437
f 4423/4423/4423 4440/4440/4440 4437/4437/4437
f 4482/4482/4482 4480/4480/4480 4481/4481/4481
f 4498/4498/4498 4482/4482/4482 4481/4481/4481
f 4499/4499/4499 4482/4482/4482 4498/4498/4498
f 4496/4496/4496 4499/4499/4499 4498/4498/4498
f 4443/4443/4443 4499/4499/4499 4496/4496/4496
f 4383/4383/4383 4443/4443/4443 4496/4496/4496
f 4207/4207/4207 4205/4205/4205 4263/4263/4263
f 4207/4207/4207 4263/4263/4263 4206/4206/4206
f 4207/4207/4207 4206/4206/4206 4196/4196/4196
f 4254/4254/4254 4205/4205/4205 4149/4149/4149
f 4254/4254/4254 4263/4263/4263 4205/4205/4205
f 4259/4259/4259 4263/4263/4263 4254/4254/4254
f 4259/4259/4259 4249/4249/4249 4263/4263/4263
f 4248/4248/4248 4249/4249/4249 4259/4259/4259
f 4248/4248/4248 4252/4252/4252 4249/4249/4249
f 3948/3948/3948 4063/4063/4063 4011/4011/4011
f 4063/4063/4063 4074/4074/4074 4064/4064/4064
f 4063/4063/4063 4064/4064/4064 4011/4011/4011
f 4046/4046/4046 4011/4011/4011 4064/4064/4064
f 4046/4046/4046 4064/4064/4064 4034/4034/4034
f 4074/4074/4074 3933/3933/3933 4004/4004/4004
f 4074/4074/4074 4004/4004/4004 4064/4064/4064
f 4008/4008/4008 4064/4064/4064 4004/4004/4004
f 4008/4008/4008 4004/4004/4004 4000/4000/4000
f 3971/3971/3971 3974/3974/3974 4027/4027/4027
f 3971/3971/3971 4027/4027/4027 3972/3972/3972
f 3971/3971/3971 3972/3972/3972 3970/3970/3970
f 4029/4029/4029 3974/3974/3974 3915/3915/3915
f 4029/4029/4029 4027/4027/4027 3974/3974/3974
f 4026/4026/4026 4027/4027/4027 4029/4029/4029
f 4026/4026/4026 4019/4019/4019 4027/4027/4027
f 4017/4017/4017 4019/4019/4019 4026/4026/4026
f 4017/4017/4017 4015/4015/4015 4019/4019/4019
f 4433/4433/4433 4407/4407/4407 4405/4405/4405
f 4435/4435/4435 4407/4407/4407 4433/4433/4433
f 4430/4430/4430 4435/4435/4435 4433/4433/4433
f 4438/4438/4438 4435/4435/4435 4430/4430/4430
f 4432/4432/4432 4438/4438/4438 4430/4430/4430
f 4434/4434/4434 4438/4438/4438 4432/4432/4432
f 4431/4431/4431 4434/4434/4434 4432/4432/4432
f 4429/4429/4429 4434/4434/4434 4431/4431/4431
f 4484/4484/4484 4429/4429/4429 4431/4431/4431
f 4485/4485/4485 4429/4429/4429 4484/4484/4484
f 4483/4483/4483 4485/4485/4485 4484/4484/4484
f 4410/4410/4410 4485/4485/4485 4483/4483/4483
f 4408/4408/4408 4410/4410/4410 4483/4483/4483
f 4413/4413/4413 4410/4410/4410 4408/4408/4408
f 4405/4405/4405 4413/4413/4413 4408/4408/4408
f 4407/4407/4407 4413/4413/4413 4405/4405/4405
f 4180/4180/4180 4181/4181/4181 4166/4166/4166
f 4181/4181/4181 4180/4180/4180 4179/4179/4179
f 3947/3947/3947 3946/3946/3946 3932/3932/3932
f 3946/3946/3946 3947/3947/3947 3941/3941/3941
f 3937/3937/3937 3940/3940/3940 3967/3967/3967
f 3937/3937/3937 3944/3944/3944 3940/3940/3940
f 3945/3945/3945 3944/3944/3944 3937/3937/3937
f 3945/3945/3945 3942/3942/3942 3944/3944/3944
f 4014/4014/4014 3942/3942/3942 3945/3945/3945
f 4014/4014/4014 4012/4012/4012 3942/3942/3942
f 4016/4016/4016 4012/4012/4012 4014/4014/4014
f 4016/4016/4016 3956/3956/3956 4012/4012/4012
f 3965/3965/3965 3956/3956/3956 4016/4016/4016
f 3965/3965/3965 3964/3964/3964 3956/3956/3956
f 3966/3966/3966 3964/3964/3964 3965/3965/3965
f 3966/3966/3966 3963/3963/3963 3964/3964/3964
f 3968/3968/3968 3963/3963/3963 3966/3966/3966
f 3968/3968/3968 3959/3959/3959 3963/3963/3963
f 3967/3967/3967 3959/3959/3959 3968/3968/3968
f 3967/3967/3967 3940/3940/3940 3959/3959/3959
f 4160/4160/4160 4151/4151/4151 4246/4246/4246
f 4160/4160/4160 4246/4246/4246 4256/4256/4256
f 4256/4256/4256 4246/4246/4246 4258/4258/4258
f 4256/4256/4256 4258/4258/4258 4261/4261/4261
f 4261/4261/4261 4258/4258/4258 4156/4156/4156
f 4261/4261/4261 4156/4156/4156 4215/4215/4215
f 4215/4215/4215 4156/4156/4156 4216/4216/4216
f 4215/4215/4215 4216/4216/4216 4208/4208/4208
f 3926/3926/3926 3917/3917/3917 4018/4018/4018
f 3926/3926/3926 4018/4018/4018 4023/4023/4023
f 4023/4023/4023 4018/4018/4018 4024/4024/4024
f 4023/4023/4023 4024/4024/4024 4020/4020/4020
f 4020/4020/4020 4024/4024/4024 3922/3922/3922
f 4020/4020/4020 3922/3922/3922 3980/3980/3980
f 3980/3980/3980 3922/3922/3922 3975/3975/3975
f 3980/3980/3980 3975/3975/3975 3973/3973/3973
f 4397/4397/4397 4396/4396/4396 4473/4473/4473
f 4476/4476/4476 4397/4397/4397 4473/4473/4473
f 4477/4477/4477 4476/4476/4476 4473/4473/4473
f 4471/4471/4471 4477/4477/4477 4473/4473/4473
f 4472/4472/4472 4471/4471/4471 4473/4473/4473
f 4395/4395/4395 4472/4472/4472 4473/4473/4473
f 3912/3912/3912 3913/3913/3913 3993/3993/3993
f 3994/3994/3994 3993/3993/3993 3913/3913/3913
f 3993/3993/3993 3994/3994/3994 3991/3991/3991
f 3976/3976/3976 3991/3991/3991 3994/3994/3994
f 3991/3991/3991 3976/3976/3976 3930/3930/3930
f 3930/3930/3930 3931/3931/3931 3991/3991/3991
f 4458/4458/4458 4381/4381/4381 4380/4380/4380
f 4381/4381/4381 4458/4458/4458 4460/4460/4460
f 4463/4463/4463 4460/4460/4460 4458/4458/4458
f 4460/4460/4460 4463/4463/4463 4450/4450/4450
f 4398/4398/4398 4450/4450/4450 4463/4463/4463
f 4463/4463/4463 4399/4399/4399 4398/4398/4398
f 4376/4376/4376 4378/4378/4378 4444/4444/4444
f 4444/4444/4444 4378/4378/4378 4453/4453/4453
f 4444/4444/4444 4453/4453/4453 4452/4452/4452
f 4452/4452/4452 4453/4453/4453 4455/4455/4455
f 4452/4452/4452 4455/4455/4455 4456/4456/4456
f 4456/4456/4456 4455/4455/4455 4448/4448/4448
f 4461/4461/4461 4387/4387/4387 4386/4386/4386
f 4386/4386/4386 4459/4459/4459 4461/4461/4461
f 4462/4462/4462 4461/4461/4461 4459/4459/4459
f 4461/4461/4461 4462/4462/4462 4445/4445/4445
f 4377/4377/4377 4445/4445/4445 4462/4462/4462
f 4445/4445/4445 4377/4377/4377 4375/4375/4375
f 4265/4265/4265 4280/4280/4280 4270/4270/4270
f 4265/4265/4265 4282/4282/4282 4280/4280/4280
f 4296/4296/4296 4282/4282/4282 4265/4265/4265
f 4296/4296/4296 4295/4295/4295 4282/4282/4282
f 4188/4188/4188 4295/4295/4295 4296/4296/4296
f 4188/4188/4188 4235/4235/4235 4295/4295/4295
f 4232/4232/4232 4235/4235/4235 4188/4188/4188
f 4232/4232/4232 4233/4233/4233 4235/4235/4235
f 4260/4260/4260 4233/4233/4233 4232/4232/4232
f 4260/4260/4260 4308/4308/4308 4233/4233/4233
f 4304/4304/4304 4308/4308/4308 4260/4260/4260
f 4304/4304/4304 4299/4299/4299 4308/4308/4308
f 4191/4191/4191 4299/4299/4299 4304/4304/4304
f 4191/4191/4191 4269/4269/4269 4299/4299/4299
f 4270/4270/4270 4269/4269/4269 4191/4191/4191
f 4270/4270/4270 4280/4280/4280 4269/4269/4269
f 4219/4219/4219 4144/4144/4144 4142/4142/4142
f 4213/4213/4213 4144/4144/4144 4219/4219/4219
f 4220/4220/4220 4213/4213/4213 4219/4219/4219
f 4221/4221/4221 4213/4213/4213 4220/4220/4220
f 4210/4210/4210 4221/4221/4221 4220/4220/4220
f 4214/4214/4214 4221/4221/4221 4210/4210/4210
f 4021/4021/4021 4040/4040/4040 4042/4042/4042
f 4021/4021/4021 4067/4067/4067 4040/4040/4040
f 4071/4071/4071 4067/4067/4067 4021/4021/4021
f 4071/4071/4071 4068/4068/4068 4067/4067/4067
f 3960/3960/3960 4068/4068/4068 4071/4071/4071
f 3960/3960/3960 3999/3999/3999 4068/4068/4068
f 3998/3998/3998 3999/3999/3999 3960/3960/3960
f 3998/3998/3998 4001/4001/4001 3999/3999/3999
f 4028/4028/4028 4001/4001/4001 3998/3998/3998
f 4028/4028/4028 4065/4065/4065 4001/4001/4001
f 4073/4073/4073 4065/4065/4065 4028/4028/4028
f 4073/4073/4073 4072/4072/4072 4065/4065/4065
f 3955/3955/3955 4072/4072/4072 4073/4073/4073
f 3955/3955/3955 4037/4037/4037 4072/4072/4072
f 4042/4042/4042 4037/4037/4037 3955/3955/3955
f 4042/4042/4042 4040/4040/4040 4037/4037/4037
f 3979/3979/3979 3910/3910/3910 3909/3909/3909
f 3981/3981/3981 3910/3910/3910 3979/3979/3979
f 3986/3986/3986 3981/3981/3981 3979/3979/3979
f 3987/3987/3987 3981/3981/3981 3986/3986/3986
f 3985/3985/3985 3987/3987/3987 3986/3986/3986
f 3984/3984/3984 3987/3987/3987 3985/3985/3985
f 4316/4316/4316 4315/4315/4315 4309/4309/4309
f 4319/4319/4319 4316/4316/4316 4309/4309/4309
f 4320/4320/4320 4319/4319/4319 4309/4309/4309
f 4323/4323/4323 4320/4320/4320 4309/4309/4309
f 4327/4327/4327 4323/4323/4323 4309/4309/4309
f 4325/4325/4325 4327/4327/4327 4309/4309/4309
f 4329/4329/4329 4325/4325/4325 4309/4309/4309
f 4310/4310/4310 4329/4329/4329 4309/4309/4309
f 4313/4313/4313 4310/4310/4310 4309/4309/4309
f 4315/4315/4315 4313/4313/4313 4309/4309/4309
f 4315/4315/4315 4314/4314/4314 4313/4313/4313
f 4317/4317/4317 4314/4314/4314 4315/4315/4315
f 4316/4316/4316 4317/4317/4317 4315/4315/4315
f 4318/4318/4318 4317/4317/4317 4316/4316/4316
f 4319/4319/4319 4318/4318/4318 4316/4316/4316
f 4321/4321/4321 4318/4318/4318 4319/4319/4319
f 4320/4320/4320 4321/4321/4321 4319/4319/4319
f 4322/4322/4322 4321/4321/4321 4320/4320/4320
f 4323/4323/4323 4322/4322/4322 4320/4320/4320
f 4326/4326/4326 4322/4322/4322 4323/4323/4323
f 4327/4327/4327 4326/4326/4326 4323/4323/4323
f 4328/4328/4328 4326/4326/4326 4327/4327/4327
f 4325/4325/4325 4328/4328/4328 4327/4327/4327
f 4324/4324/4324 4328/4328/4328 4325/4325/4325
f 4329/4329/4329 4324/4324/4324 4325/4325/4325
f 4311/4311/4311 4324/4324/4324 4329/4329/4329
f 4310/4310/4310 4311/4311/4311 4329/4329/4329
f 4312/4312/4312 4311/4311/4311 4310/4310/4310
f 4313/4313/4313 4312/4312/4312 4310/4310/4310
f 4314/4314/4314 4312/4312/4312 4313/4313/4313
f 4243/4243/4243 4162/4162/4162 4163/4163/4163
f 4243/4243/4243 4163/4163/4163 4244/4244/4244
f 4243/4243/4243 4244/4244/4244 4240/4240/4240
f 4243/4243/4243 4240/4240/4240 4241/4241/4241
f 4243/4243/4243 4241/4241/4241 4236/4236/4236
f 4243/4243/4243 4236/4236/4236 4161/4161/4161
f 3978/3978/3978 3906/3906/3906 3905/3905/3905
f 3983/3983/3983 3906/3906/3906 3978/3978/3978
f 3977/3977/3977 3983/3983/3983 3978/3978/3978
f 3936/3936/3936 3983/3983/3983 3977/3977/3977
f 3935/3935/3935 3936/3936/3936 3977/3977/3977
f 3992/3992/3992 3936/3936/3936 3935/3935/3935
f 3988/3988/3988 3992/3992/3992 3935/3935/3935
f 3989/3989/3989 3992/3992/3992 3988/3988/3988
f 4209/4209/4209 4140/4140/4140 4139/4139/4139
f 4212/4212/4212 4140/4140/4140 4209/4209/4209
f 4217/4217/4217 4212/4212/4212 4209/4209/4209
f 4170/4170/4170 4212/4212/4212 4217/4217/4217
f 4169/4169/4169 4170/4170/4170 4217/4217/4217
f 4224/4224/4224 4170/4170/4170 4169/4169/4169
f 4223/4223/4223 4224/4224/4224 4169/4169/4169
f 4222/4222/4222 4224/4224/4224 4223/4223/4223
f 3951/3951/3951 3914/3914/3914 3921/3921/3921
f 3958/3958/3958 3914/3914/3914 3951/3951/3951
f 3957/3957/3957 3958/3958/3958 3951/3951/3951
f 3961/3961/3961 3958/3958/3958 3957/3957/3957
f 3911/3911/3911 3961/3961/3961 3957/3957/3957
f 3920/3920/3920 3961/3961/3961 3911/3911/3911
f 3953/3953/3953 3920/3920/3920 3911/3911/3911
f 3949/3949/3949 3920/3920/3920 3953/3953/3953
f 3950/3950/3950 3949/3949/3949 3953/3953/3953
f 3962/3962/3962 3949/3949/3949 3950/3950/3950
f 3954/3954/3954 3962/3962/3962 3950/3950/3950
f 3969/3969/3969 3962/3962/3962 3954/3954/3954
f 3921/3921/3921 3969/3969/3969 3954/3954/3954
f 3914/3914/3914 3969/3969/3969 3921/3921/3921
f 4607/4607/4607 4605/4605/4605 4599/4599/4599
f 4607/4607/4607 4598/4598/4598 4605/4605/4605
f 4607/4607/4607 4600/4600/4600 4598/4598/4598
f 4607/4607/4607 4602/4602/4602 4600/4600/4600
f 4607/4607/4607 4597/4597/4597 4602/4602/4602
f 4607/4607/4607 4606/4606/4606 4597/4597/4597
f 4607/4607/4607 4601/4601/4601 4606/4606/4606
f 4607/4607/4607 4604/4604/4604 4601/4601/4601
f 4607/4607/4607 4603/4603/4603 4604/4604/4604
f 4607/4607/4607 4599/4599/4599 4603/4603/4603
f 4586/4586/4586 4603/4603/4603 4599/4599/4599
f 4586/4586/4586 4599/4599/4599 4587/4587/4587
f 4587/4587/4587 4599/4599/4599 4605/4605/4605
f 4587/4587/4587 4605/4605/4605 4588/4588/4588
f 4588/4588/4588 4605/4605/4605 4598/4598/4598
f 4588/4588/4588 4598/4598/4598 4589/4589/4589
f 4589/4589/4589 4598/4598/4598 4600/4600/4600
f 4589/4589/4589 4600/4600/4600 4590/4590/4590
f 4590/4590/4590 4600/4600/4600 4602/4602/4602
f 4590/4590/4590 4602/4602/4602 4591/4591/4591
f 4591/4591/4591 4602/4602/4602 4597/4597/4597
f 4591/4591/4591 4597/4597/4597 4592/4592/4592
f 4592/4592/4592 4597/4597/4597 4606/4606/4606
f 4592/4592/4592 4606/4606/4606 4593/4593/4593
f 4593/4593/4593 4606/4606/4606 4601/4601/4601
f 4593/4593/4593 4601/4601/4601 4595/4595/4595
f 4595/4595/4595 4601/4601/4601 4604/4604/4604
f 4595/4595/4595 4604/4604/4604 4596/4596/4596
f 4596/4596/4596 4604/4604/4604 4603/4603/4603
f 4596/4596/4596 4603/4603/4603 4594/4594/4594
f 4141/4141/4141 4143/4143/4143 4218/4218/4218
f 4228/4228/4228 4218/4218/4218 4143/4143/4143
f 4218/4218/4218 4228/4228/4228 4227/4227/4227
f 4226/4226/4226 4227/4227/4227 4228/4228/4228
f 4227/4227/4227 4226/4226/4226 4152/4152/4152
f 4152/4152/4152 4153/4153/4153 4227/4227/4227
f 4389/4389/4389 4382/4382/4382 4419/4419/4419
f 4389/4389/4389 4425/4425/4425 4382/4382/4382
f 4427/4427/4427 4425/4425/4425 4389/4389/4389
f 4427/4427/4427 4436/4436/4436 4425/4425/4425
f 4420/4420/4420 4436/4436/4436 4427/4427/4427
f 4420/4420/4420 4417/4417/4417 4436/4436/4436
f 4421/4421/4421 4417/4417/4417 4420/4420/4420
f 4421/4421/4421 4388/4388/4388 4417/4417/4417
f 4379/4379/4379 4388/4388/4388 4421/4421/4421
f 4379/4379/4379 4428/4428/4428 4388/4388/4388
f 4439/4439/4439 4428/4428/4428 4379/4379/4379
f 4439/4439/4439 4426/4426/4426 4428/4428/4428
f 4419/4419/4419 4426/4426/4426 4439/4439/4439
f 4419/4419/4419 4382/4382/4382 4426/4426/4426
f 4371/4371/4371 4367/4367/4367 4372/4372/4372
f 4370/4370/4370 4371/4371/4371 4372/4372/4372
f 4368/4368/4368 4370/4370/4370 4372/4372/4372
f 4365/4365/4365 4368/4368/4368 4372/4372/4372
f 4363/4363/4363 4365/4365/4365 4372/4372/4372
f 4369/4369/4369 4363/4363/4363 4372/4372/4372
f 4366/4366/4366 4369/4369/4369 4372/4372/4372
f 4362/4362/4362 4366/4366/4366 4372/4372/4372
f 4364/4364/4364 4362/4362/4362 4372/4372/4372
f 4367/4367/4367 4364/4364/4364 4372/4372/4372
f 4364/4364/4364 4367/4367/4367 4352/4352/4352
f 4353/4353/4353 4364/4364/4364 4352/4352/4352
f 4362/4362/4362 4364/4364/4364 4353/4353/4353
f 4354/4354/4354 4362/4362/4362 4353/4353/4353
f 4366/4366/4366 4362/4362/4362 4354/4354/4354
f 4355/4355/4355 4366/4366/4366 4354/4354/4354
f 4369/4369/4369 4366/4366/4366 4355/4355/4355
f 4356/4356/4356 4369/4369/4369 4355/4355/4355
f 4363/4363/4363 4369/4369/4369 4356/4356/4356
f 4357/4357/4357 4363/4363/4363 4356/4356/4356
f 4365/4365/4365 4363/4363/4363 4357/4357/4357
f 4358/4358/4358 4365/4365/4365 4357/4357/4357
f 4368/4368/4368 4365/4365/4365 4358/4358/4358
f 4359/4359/4359 4368/4368/4368 4358/4358/4358
f 4370/4370/4370 4368/4368/4368 4359/4359/4359
f 4361/4361/4361 4370/4370/4370 4359/4359/4359
f 4371/4371/4371 4370/4370/4370 4361/4361/4361
f 4360/4360/4360 4371/4371/4371 4361/4361/4361
f 4367/4367/4367 4371/4371/4371 4360/4360/4360
f 4352/4352/4352 4367/4367/4367 4360/4360/4360
f 4146/4146/4146 4147/4147/4147 4230/4230/4230
f 4225/4225/4225 4230/4230/4230 4147/4147/4147
f 4230/4230/4230 4225/4225/4225 4229/4229/4229
f 4211/4211/4211 4229/4229/4229 4225/4225/4225
f 4229/4229/4229 4211/4211/4211 4165/4165/4165
f 4165/4165/4165 4164/4164/4164 4229/4229/4229
f 4184/4184/4184 4148/4148/4148 4155/4155/4155
f 4198/4198/4198 4148/4148/4148 4184/4184/4184
f 4189/4189/4189 4198/4198/4198 4184/4184/4184
f 4197/4197/4197 4198/4198/4198 4189/4189/4189
f 4145/4145/4145 4197/4197/4197 4189/4189/4189
f 4154/4154/4154 4197/4197/4197 4145/4145/4145
f 4185/4185/4185 4154/4154/4154 4145/4145/4145
f 4186/4186/4186 4154/4154/4154 4185/4185/4185
f 4183/4183/4183 4186/4186/4186 4185/4185/4185
f 4190/4190/4190 4186/4186/4186 4183/4183/4183
f 4192/4192/4192 4190/4190/4190 4183/4183/4183
f 4199/4199/4199 4190/4190/4190 4192/4192/4192
f 4155/4155/4155 4199/4199/4199 4192/4192/4192
f 4148/4148/4148 4199/4199/4199 4155/4155/4155
f 4302/4302/4302 4301/4301/4301 4271/4271/4271
f 4287/4287/4287 4301/4301/4301 4302/4302/4302
f 4287/4287/4287 4289/4289/4289 4301/4301/4301
f 4286/4286/4286 4289/4289/4289 4287/4287/4287
f 4286/4286/4286 4294/4294/4294 4289/4289/4289
f 4238/4238/4238 4294/4294/4294 4286/4286/4286
f 4238/4238/4238 4187/4187/4187 4294/4294/4294
f 4297/4297/4297 4187/4187/4187 4238/4238/4238
f 4297/4297/4297 4292/4292/4292 4187/4187/4187
f 4290/4290/4290 4292/4292/4292 4297/4297/4297
f 4290/4290/4290 4288/4288/4288 4292/4292/4292
f 4237/4237/4237 4288/4288/4288 4290/4290/4290
f 4237/4237/4237 4276/4276/4276 4288/4288/4288
f 4273/4273/4273 4276/4276/4276 4237/4237/4237
f 4273/4273/4273 4271/4271/4271 4276/4276/4276
f 4302/4302/4302 4271/4271/4271 4273/4273/4273
f 4006/4006/4006 3928/3928/3928 3929/3929/3929
f 4006/4006/4006 3929/3929/3929 4005/4005/4005
f 4006/4006/4006 4005/4005/4005 4009/4009/4009
f 4006/4006/4006 4009/4009/4009 4007/4007/4007
f 4006/4006/4006 4007/4007/4007 4010/4010/4010
f 4006/4006/4006 4010/4010/4010 3927/3927/3927
f 4306/4306/4306 4231/4231/4231 4307/4307/4307
f 4300/4300/4300 4231/4231/4231 4306/4306/4306
f 4300/4300/4300 4303/4303/4303 4231/4231/4231
f 4284/4284/4284 4303/4303/4303 4300/4300/4300
f 4284/4284/4284 4305/4305/4305 4303/4303/4303
f 4253/4253/4253 4305/4305/4305 4284/4284/4284
f 4253/4253/4253 4255/4255/4255 4305/4305/4305
f 4264/4264/4264 4255/4255/4255 4253/4253/4253
f 4264/4264/4264 4257/4257/4257 4255/4255/4255
f 4275/4275/4275 4257/4257/4257 4264/4264/4264
f 4275/4275/4275 4274/4274/4274 4257/4257/4257
f 4277/4277/4277 4274/4274/4274 4275/4275/4275
f 4277/4277/4277 4285/4285/4285 4274/4274/4274
f 4283/4283/4283 4285/4285/4285 4277/4277/4277
f 4283/4283/4283 4307/4307/4307 4285/4285/4285
f 4306/4306/4306 4307/4307/4307 4283/4283/4283
f 3919/3919/3919 3918/3918/3918 3996/3996/3996
f 3996/3996/3996 3995/3995/3995 3919/3919/3919
f 3995/3995/3995 3996/3996/3996 3990/3990/3990
f 3982/3982/3982 3990/3990/3990 3996/3996/3996
f 3990/3990/3990 3982/3982/3982 3908/3908/3908
f 3907/3907/3907 3908/3908/3908 3982/3982/3982
f 4348/4348/4348 4346/4346/4346 4347/4347/4347
f 4350/4350/4350 4348/4348/4348 4347/4347/4347
f 4349/4349/4349 4348/4348/4348 4350/4350/4350
f 4351/4351/4351 4349/4349/4349 4350/4350/4350
f 4330/4330/4330 4349/4349/4349 4351/4351/4351
f 4331/4331/4331 4330/4330/4330 4351/4351/4351
f 4332/4332/4332 4330/4330/4330 4331/4331/4331
f 4333/4333/4333 4332/4332/4332 4331/4331/4331
f 4335/4335/4335 4332/4332/4332 4333/4333/4333
f 4334/4334/4334 4335/4335/4335 4333/4333/4333
f 4336/4336/4336 4335/4335/4335 4334/4334/4334
f 4337/4337/4337 4336/4336/4336 4334/4334/4334
f 4338/4338/4338 4336/4336/4336 4337/4337/4337
f 4339/4339/4339 4338/4338/4338 4337/4337/4337
f 4341/4341/4341 4338/4338/4338 4339/4339/4339
f 4340/4340/4340 4341/4341/4341 4339/4339/4339
f 4344/4344/4344 4341/4341/4341 4340/4340/4340
f 4342/4342/4342 4344/4344/4344 4340/4340/4340
f 4345/4345/4345 4344/4344/4344 4342/4342/4342
f 4343/4343/4343 4345/4345/4345 4342/4342/4342
f 4373/4373/4373 4374/4374/4374 4447/4447/4447
f 4447/4447/4447 4374/4374/4374 4446/4446/4446
f 4447/4447/4447 4446/4446/4446 4451/4451/4451
f 4451/4451/4451 4446/4446/4446 4403/4403/4403
f 4451/4451/4451 4403/4403/4403 4404/4404/4404
f 4404/4404/4404 4403/4403/4403 4457/4457/4457
f 4404/4404/4404 4457/4457/4457 4464/4464/4464
f 4464/4464/4464 4457/4457/4457 4454/4454/4454
f 4505/4505/4505 4513/4513/4513 4512/4512/4512
f 4424/4424/4424 4505/4505/4505 4512/4512/4512
f 4542/4542/4542 4505/4505/4505 4424/4424/4424
f 4525/4525/4525 4542/4542/4542 4424/4424/4424
f 4516/4516/4516 4542/4542/4542 4525/4525/4525
f 4494/4494/4494 4516/4516/4516 4525/4525/4525
f 4467/4467/4467 4516/4516/4516 4494/4494/4494
f 4466/4466/4466 4467/4467/4467 4494/4494/4494
f 4465/4465/4465 4467/4467/4467 4466/4466/4466
f 4422/4422/4422 4465/4465/4465 4466/4466/4466
f 4517/4517/4517 4465/4465/4465 4422/4422/4422
f 4524/4524/4524 4517/4517/4517 4422/4422/4422
f 4518/4518/4518 4517/4517/4517 4524/4524/4524
f 4493/4493/4493 4518/4518/4518 4524/4524/4524
f 4513/4513/4513 4518/4518/4518 4493/4493/4493
f 4512/4512/4512 4513/4513/4513 4493/4493/4493
f 4114/4114/4114 4112/4112/4112 4113/4113/4113
f 4117/4117/4117 4114/4114/4114 4113/4113/4113
f 4115/4115/4115 4114/4114/4114 4117/4117/4117
f 4116/4116/4116 4115/4115/4115 4117/4117/4117
f 4097/4097/4097 4115/4115/4115 4116/4116/4116
f 4096/4096/4096 4097/4097/4097 4116/4116/4116
f 4098/4098/4098 4097/4097/4097 4096/4096/4096
f 4099/4099/4099 4098/4098/4098 4096/4096/4096
f 4100/4100/4100 4098/4098/4098 4099/4099/4099
f 4101/4101/4101 4100/4100/4100 4099/4099/4099
f 4103/4103/4103 4100/4100/4100 4101/4101/4101
f 4102/4102/4102 4103/4103/4103 4101/4101/4101
f 4105/4105/4105 4103/4103/4103 4102/4102/4102
f 4104/4104/4104 4105/4105/4105 4102/4102/4102
f 4107/4107/4107 4105/4105/4105 4104/4104/4104
f 4106/4106/4106 4107/4107/4107 4104/4104/4104
f 4108/4108/4108 4107/4107/4107 4106/4106/4106
f 4109/4109/4109 4108/4108/4108 4106/4106/4106
f 4111/4111/4111 4108/4108/4108 4109/4109/4109
f 4110/4110/4110 4111/4111/4111 4109/4109/4109
f 4084/4084/4084 4083/4083/4083 4082/4082/4082
f 4085/4085/4085 4084/4084/4084 4082/4082/4082
f 4085/4085/4085 4082/4082/4082 4075/4075/4075
f 4086/4086/4086 4085/4085/4085 4075/4075/4075
f 4088/4088/4088 4086/4086/4086 4075/4075/4075
f 4091/4091/4091 4088/4088/4088 4075/4075/4075
f 4090/4090/4090 4091/4091/4091 4075/4075/4075
f 4095/4095/4095 4090/4090/4090 4075/4075/4075
f 4076/4076/4076 4095/4095/4095 4075/4075/4075
f 4079/4079/4079 4076/4076/4076 4075/4075/4075
f 4081/4081/4081 4079/4079/4079 4075/4075/4075
f 4082/4082/4082 4081/4081/4081 4075/4075/4075
f 4087/4087/4087 4084/4084/4084 4085/4085/4085
f 4086/4086/4086 4087/4087/4087 4085/4085/4085
f 4089/4089/4089 4087/4087/4087 4086/4086/4086
f 4088/4088/4088 4089/4089/4089 4086/4086/4086
f 4093/4093/4093 4089/4089/4089 4088/4088/4088
f 4091/4091/4091 4093/4093/4093 4088/4088/4088
f 4094/4094/4094 4093/4093/4093 4091/4091/4091
f 4090/4090/4090 4094/4094/4094 4091/4091/4091
f 4092/4092/4092 4094/4094/4094 4090/4090/4090
f 4095/4095/4095 4092/4092/4092 4090/4090/4090
f 4077/4077/4077 4092/4092/4092 4095/4095/4095
f 4076/4076/4076 4077/4077/4077 4095/4095/4095
f 4078/4078/4078 4077/4077/4077 4076/4076/4076
f 4079/4079/4079 4078/4078/4078 4076/4076/4076
f 4080/4080/4080 4078/4078/4078 4079/4079/4079
f 4081/4081/4081 4080/4080/4080 4079/4079/4079
f 4083/4083/4083 4080/4080/4080 4081/4081/4081
f 4082/4082/4082 4083/4083/4083 4081/4081/4081
f 4124/4124/4124 4131/4131/4131 4123/4123/4123
f 4134/4134/4134 4131/4131/4131 4124/4124/4124
f 4125/4125/4125 4134/4134/4134 4124/4124/4124
f 4136/4136/4136 4134/4134/4134 4125/4125/4125
f 4126/4126/4126 4136/4136/4136 4125/4125/4125
f 4128/4128/4128 4136/4136/4136 4126/4126/4126
f 4127/4127/4127 4128/4128/4128 4126/4126/4126
f 4130/4130/4130 4128/4128/4128 4127/4127/4127
f 4118/4118/4118 4130/4130/4130 4127/4127/4127
f 4138/4138/4138 4130/4130/4130 4118/4118/4118
f 4119/4119/4119 4138/4138/4138 4118/4118/4118
f 4137/4137/4137 4138/4138/4138 4119/4119/4119
f 4120/4120/4120 4137/4137/4137 4119/4119/4119
f 4135/4135/4135 4137/4137/4137 4120/4120/4120
f 4121/4121/4121 4135/4135/4135 4120/4120/4120
f 4132/4132/4132 4135/4135/4135 4121/4121/4121
f 4122/4122/4122 4132/4132/4132 4121/4121/4121
f 4129/4129/4129 4132/4132/4132 4122/4122/4122
f 4123/4123/4123 4129/4129/4129 4122/4122/4122
f 4131/4131/4131 4129/4129/4129 4123/4123/4123
f 4129/4129/4129 4131/4131/4131 4133/4133/4133
f 4131/4131/4131 4134/4134/4134 4133/4133/4133
f 4134/4134/4134 4136/4136/4136 4133/4133/4133
f 4136/4136/4136 4128/4128/4128 4133/4133/4133
f 4128/4128/4128 4130/4130/4130 4133/4133/4133
f 4130/4130/4130 4138/4138/4138 4133/4133/4133
f 4138/4138/4138 4137/4137/4137 4133/4133/4133
f 4137/4137/4137 4135/4135/4135 4133/4133/4133
f 4135/4135/4135 4132/4132/4132 4133/4133/4133
f 4132/4132/4132 4129/4129/4129 4133/4133/4133
f 4578/4578/4578 4579/4579/4579 4577/4577/4577
f 4578/4578/4578 4576/4576/4576 4579/4579/4579
f 4575/4575/4575 4576/4576/4576 4578/4578/4578
f 4575/4575/4575 4574/4574/4574 4576/4576/4576
f 4573/4573/4573 4574/4574/4574 4575/4575/4575
f 4573/4573/4573 4572/4572/4572 4574/4574/4574
f 4571/4571/4571 4572/4572/4572 4573/4573/4573
f 4571/4571/4571 4570/4570/4570 4572/4572/4572
f 4569/4569/4569 4570/4570/4570 4571/4571/4571
f 4569/4569/4569 4568/4568/4568 4570/4570/4570
f 4567/4567/4567 4568/4568/4568 4569/4569/4569
f 4567/4567/4567 4566/4566/4566 4568/4568/4568
f 4565/4565/4565 4566/4566/4566 4567/4567/4567
f 4565/4565/4565 4564/4564/4564 4566/4566/4566
f 4581/4581/4581 4564/4564/4564 4565/4565/4565
f 4581/4581/4581 4585/4585/4585 4564/4564/4564
f 4584/4584/4584 4585/4585/4585 4581/4581/4581
f 4584/4584/4584 4582/4582/4582 4585/4585/4585
f 4583/4583/4583 4582/4582/4582 4584/4584/4584
f 4583/4583/4583 4580/4580/4580 4582/4582/4582
f 4043/4043/4043 4036/4036/4036 4025/4025/4025
f 4039/4039/4039 4036/4036/4036 4043/4043/4043
f 4039/4039/4039 4050/4050/4050 4036/4036/4036
f 4052/4052/4052 4050/4050/4050 4039/4039/4039
f 4052/4052/4052 4070/4070/4070 4050/4050/4050
f 4062/4062/4062 4070/4070/4070 4052/4052/4052
f 4062/4062/4062 3997/3997/3997 4070/4070/4070
f 4066/4066/4066 3997/3997/3997 4062/4062/4062
f 4066/4066/4066 4069/4069/4069 3997/3997/3997
f 4053/4053/4053 4069/4069/4069 4066/4066/4066
f 4053/4053/4053 4061/4061/4061 4069/4069/4069
f 4013/4013/4013 4061/4061/4061 4053/4053/4053
f 4013/4013/4013 4022/4022/4022 4061/4061/4061
f 4030/4030/4030 4022/4022/4022 4013/4013/4013
f 4030/4030/4030 4025/4025/4025 4022/4022/4022
f 4043/4043/4043 4025/4025/4025 4030/4030/4030
f 4203/4203/4203 4201/4201/4201 4193/4193/4193
f 4204/4204/4204 4201/4201/4201 4203/4203/4203
f 4204/4204/4204 4171/4171/4171 4201/4201/4201
f 4172/4172/4172 4171/4171/4171 4204/4204/4204
f 4172/4172/4172 4177/4177/4177 4171/4171/4171
f 4175/4175/4175 4177/4177/4177 4172/4172/4172
f 4175/4175/4175 4176/4176/4176 4177/4177/4177
f 4251/4251/4251 4176/4176/4176 4175/4175/4175
f 4251/4251/4251 4247/4247/4247 4176/4176/4176
f 4250/4250/4250 4247/4247/4247 4251/4251/4251
f 4250/4250/4250 4194/4194/4194 4247/4247/4247
f 4195/4195/4195 4194/4194/4194 4250/4250/4250
f 4195/4195/4195 4200/4200/4200 4194/4194/4194
f 4202/4202/4202 4200/4200/4200 4195/4195/4195
f 4202/4202/4202 4193/4193/4193 4200/4200/4200
f 4203/4203/4203 4193/4193/4193 4202/4202/4202
f 4060/4060/4060 4059/4059/4059 4035/4035/4035
f 4055/4055/4055 4059/4059/4059 4060/4060/4060
f 4055/4055/4055 4048/4048/4048 4059/4059/4059
f 4056/4056/4056 4048/4048/4048 4055/4055/4055
f 4056/4056/4056 4057/4057/4057 4048/4048/4048
f 4003/4003/4003 4057/4057/4057 4056/4056/4056
f 4003/4003/4003 3952/3952/3952 4057/4057/4057
f 4054/4054/4054 3952/3952/3952 4003/4003/4003
f 4054/4054/4054 4058/4058/4058 3952/3952/3952
f 4049/4049/4049 4058/4058/4058 4054/4054/4054
f 4049/4049/4049 4051/4051/4051 4058/4058/4058
f 4002/4002/4002 4051/4051/4051 4049/4049/4049
f 4002/4002/4002 4041/4041/4041 4051/4051/4051
f 4038/4038/4038 4041/4041/4041 4002/4002/4002
f 4038/4038/4038 4035/4035/4035 4041/4041/4041
f 4060/4060/4060 4035/4035/4035 4038/4038/4038
g studio.a10.mesh_3
usemtl A10Body
usemtl A10Cockpit
f 4753/4753/4753 4754/4754/4754 4745/4745/4745
f 4754/4754/4754 4753/4753/4753 4755/4755/4755
f 4757/4757/4757 4754/4754/4754 4755/4755/4755
f 4756/4756/4756 4757/4757/4757 4755/4755/4755
f 4757/4757/4757 4756/4756/4756 4752/4752/4752
usemtl A10Body
f 4637/4637/4637 4608/4608/4608 4671/4671/4671
f 4655/4655/4655 4652/4652/4652 4641/4641/4641
f 4652/4652/4652 4640/4640/4640 4641/4641/4641
f 4641/4641/4641 4640/4640/4640 4639/4639/4639
f 4640/4640/4640 4608/4608/4608 4639/4639/4639
f 4639/4639/4639 4608/4608/4608 4638/4638/4638
f 4638/4638/4638 4608/4608/4608 4637/4637/4637
f 4643/4643/4643 4638/4638/4638 4637/4637/4637
f 4643/4643/4643 4642/4642/4642 4638/4638/4638
f 4648/4648/4648 4642/4642/4642 4643/4643/4643
f 4648/4648/4648 4653/4653/4653 4642/4642/4642
f 4653/4653/4653 4641/4641/4641 4642/4642/4642
f 4642/4642/4642 4641/4641/4641 4639/4639/4639
f 4642/4642/4642 4639/4639/4639 4638/4638/4638
f 4656/4656/4656 4655/4655/4655 4654/4654/4654
f 4761/4761/4761 4655/4655/4655 4656/4656/4656
f 4761/4761/4761 4762/4762/4762 4655/4655/4655
f 4762/4762/4762 4652/4652/4652 4655/4655/4655
f 4674/4674/4674 4723/4723/4723 4726/4726/4726
f 4723/4723/4723 4725/4725/4725 4726/4726/4726
f 4723/4723/4723 4724/4724/4724 4725/4725/4725
f 4723/4723/4723 4717/4717/4717 4724/4724/4724
f 4717/4717/4717 4718/4718/4718 4724/4724/4724
f 4717/4717/4717 4672/4672/4672 4718/4718/4718
f 4671/4671/4671 4672/4672/4672 4717/4717/4717
f 4673/4673/4673 4671/4671/4671 4717/4717/4717
f 4673/4673/4673 4637/4637/4637 4671/4671/4671
f 4644/4644/4644 4637/4637/4637 4673/4673/4673
f 4644/4644/4644 4643/4643/4643 4637/4637/4637
f 4646/4646/4646 4643/4643/4643 4644/4644/4644
f 4646/4646/4646 4648/4648/4648 4643/4643/4643
f 4648/4648/4648 4646/4646/4646 4649/4649/4649
f 4654/4654/4654 4648/4648/4648 4649/4649/4649
f 4654/4654/4654 4653/4653/4653 4648/4648/4648
f 4655/4655/4655 4653/4653/4653 4654/4654/4654
f 4655/4655/4655 4641/4641/4641 4653/4653/4653
f 4673/4673/4673 4717/4717/4717 4723/4723/4723
f 4674/4674/4674 4673/4673/4673 4723/4723/4723
f 4674/4674/4674 4644/4644/4644 4673/4673/4673
f 4645/4645/4645 4644/4644/4644 4674/4674/4674
f 4645/4645/4645 4646/4646/4646 4644/4644/4644
f 4649/4649/4649 4646/4646/4646 4645/4645/4645
f 4614/4614/4614 4610/4610/4610 4618/4618/4618
f 4618/4618/4618 4610/4610/4610 4616/4616/4616
f 4610/4610/4610 4611/4611/4611 4616/4616/4616
f 4616/4616/4616 4611/4611/4611 4612/4612/4612
f 4762/4762/4762 4612/4612/4612 4611/4611/4611
usemtl A10Cockpit
f 4768/4768/4768 4612/4612/4612 4762/4762/4762
f 4768/4768/4768 4762/4762/4762 4761/4761/4761
f 4760/4760/4760 4768/4768/4768 4761/4761/4761
usemtl A10Body
f 4761/4761/4761 4656/4656/4656 4760/4760/4760
f 4760/4760/4760 4656/4656/4656 4657/4657/4657
f 4656/4656/4656 4654/4654/4654 4657/4657/4657
f 4657/4657/4657 4654/4654/4654 4651/4651/4651
f 4651/4651/4651 4654/4654/4654 4649/4649/4649
f 4651/4651/4651 4649/4649/4649 4647/4647/4647
f 4647/4647/4647 4649/4649/4649 4645/4645/4645
f 4647/4647/4647 4645/4645/4645 4675/4675/4675
f 4675/4675/4675 4645/4645/4645 4674/4674/4674
f 4675/4675/4675 4674/4674/4674 4726/4726/4726
usemtl A10Cockpit
f 4623/4623/4623 4612/4612/4612 4768/4768/4768
f 4616/4616/4616 4612/4612/4612 4623/4623/4623
f 4622/4622/4622 4616/4616/4616 4623/4623/4623
usemtl A10Body
f 4622/4622/4622 4621/4621/4621 4616/4616/4616
f 4621/4621/4621 4618/4618/4618 4616/4616/4616
f 4617/4617/4617 4618/4618/4618 4621/4621/4621
usemtl A10Cockpit
f 4620/4620/4620 4619/4619/4619 4617/4617/4617
f 4620/4620/4620 4617/4617/4617 4621/4621/4621
f 4620/4620/4620 4621/4621/4621 4624/4624/4624
f 4624/4624/4624 4621/4621/4621 4622/4622/4622
f 4624/4624/4624 4622/4622/4622 4630/4630/4630
f 4630/4630/4630 4622/4622/4622 4623/4623/4623
f 4660/4660/4660 4630/4630/4630 4623/4623/4623
f 4660/4660/4660 4623/4623/4623 4768/4768/4768
f 4767/4767/4767 4660/4660/4660 4768/4768/4768
f 4767/4767/4767 4768/4768/4768 4760/4760/4760
f 4767/4767/4767 4760/4760/4760 4667/4667/4667
usemtl A10Body
f 4760/4760/4760 4657/4657/4657 4667/4667/4667
f 4667/4667/4667 4657/4657/4657 4659/4659/4659
f 4659/4659/4659 4657/4657/4657 4651/4651/4651
f 4659/4659/4659 4651/4651/4651 4650/4650/4650
f 4650/4650/4650 4651/4651/4651 4647/4647/4647
f 4650/4650/4650 4647/4647/4647 4676/4676/4676
f 4676/4676/4676 4647/4647/4647 4675/4675/4675
f 4722/4722/4722 4719/4719/4719 4721/4721/4721
f 4722/4722/4722 4721/4721/4721 4734/4734/4734
f 4729/4729/4729 4722/4722/4722 4734/4734/4734
f 4729/4729/4729 4734/4734/4734 4732/4732/4732
f 4728/4728/4728 4729/4729/4729 4732/4732/4732
f 4731/4731/4731 4728/4728/4728 4732/4732/4732
f 4727/4727/4727 4728/4728/4728 4731/4731/4731
f 4730/4730/4730 4727/4727/4727 4731/4731/4731
f 4676/4676/4676 4727/4727/4727 4730/4730/4730
f 4677/4677/4677 4676/4676/4676 4730/4730/4730
f 4677/4677/4677 4650/4650/4650 4676/4676/4676
f 4658/4658/4658 4650/4650/4650 4677/4677/4677
f 4658/4658/4658 4659/4659/4659 4650/4650/4650
f 4664/4664/4664 4659/4659/4659 4658/4658/4658
f 4664/4664/4664 4667/4667/4667 4659/4659/4659
usemtl A10Cockpit
f 4664/4664/4664 4666/4666/4666 4667/4667/4667
f 4666/4666/4666 4669/4669/4669 4667/4667/4667
f 4669/4669/4669 4767/4767/4767 4667/4667/4667
f 4662/4662/4662 4767/4767/4767 4669/4669/4669
f 4660/4660/4660 4767/4767/4767 4662/4662/4662
f 4665/4665/4665 4662/4662/4662 4669/4669/4669
usemtl A10Body
f 4734/4734/4734 4721/4721/4721 4735/4735/4735
f 4732/4732/4732 4734/4734/4734 4735/4735/4735
usemtl A10Cockpit
f 4666/4666/4666 4665/4665/4665 4669/4669/4669
f 4665/4665/4665 4666/4666/4666 4663/4663/4663
f 4663/4663/4663 4666/4666/4666 4664/4664/4664
f 4670/4670/4670 4663/4663/4663 4664/4664/4664
usemtl A10Body
f 4670/4670/4670 4664/4664/4664 4658/4658/4658
f 4670/4670/4670 4658/4658/4658 4678/4678/4678
f 4678/4678/4678 4658/4658/4658 4677/4677/4677
f 4678/4678/4678 4677/4677/4677 4738/4738/4738
f 4677/4677/4677 4730/4730/4730 4738/4738/4738
f 4738/4738/4738 4730/4730/4730 4741/4741/4741
f 4730/4730/4730 4731/4731/4731 4741/4741/4741
f 4741/4741/4741 4731/4731/4731 4737/4737/4737
f 4731/4731/4731 4732/4732/4732 4737/4737/4737
f 4737/4737/4737 4732/4732/4732 4736/4736/4736
f 4736/4736/4736 4732/4732/4732 4735/4735/4735
f 4736/4736/4736 4735/4735/4735 4769/4769/4769
f 4764/4764/4764 4736/4736/4736 4769/4769/4769
f 4737/4737/4737 4736/4736/4736 4764/4764/4764
f 4747/4747/4747 4737/4737/4737 4764/4764/4764
f 4741/4741/4741 4737/4737/4737 4747/4747/4747
f 4751/4751/4751 4741/4741/4741 4747/4747/4747
f 4738/4738/4738 4741/4741/4741 4751/4751/4751
f 4749/4749/4749 4738/4738/4738 4751/4751/4751
f 4678/4678/4678 4738/4738/4738 4749/4749/4749
f 4679/4679/4679 4678/4678/4678 4749/4749/4749
f 4679/4679/4679 4670/4670/4670 4678/4678/4678
usemtl A10Cockpit
f 4663/4663/4663 4670/4670/4670 4679/4679/4679
f 4680/4680/4680 4663/4663/4663 4679/4679/4679
f 4668/4668/4668 4663/4663/4663 4680/4680/4680
f 4668/4668/4668 4665/4665/4665 4663/4663/4663
f 4668/4668/4668 4636/4636/4636 4665/4665/4665
f 4665/4665/4665 4636/4636/4636 4662/4662/4662
f 4636/4636/4636 4661/4661/4661 4662/4662/4662
f 4661/4661/4661 4660/4660/4660 4662/4662/4662
f 4630/4630/4630 4660/4660/4660 4661/4661/4661
f 4632/4632/4632 4630/4630/4630 4661/4661/4661
f 4629/4629/4629 4630/4630/4630 4632/4632/4632
f 4629/4629/4629 4624/4624/4624 4630/4630/4630
f 4635/4635/4635 4632/4632/4632 4661/4661/4661
f 4636/4636/4636 4635/4635/4635 4661/4661/4661
f 4635/4635/4635 4636/4636/4636 4668/4668/4668
f 4751/4751/4751 4747/4747/4747 4746/4746/4746
f 4751/4751/4751 4746/4746/4746 4748/4748/4748
f 4749/4749/4749 4751/4751/4751 4748/4748/4748
f 4679/4679/4679 4749/4749/4749 4748/4748/4748
f 4680/4680/4680 4679/4679/4679 4748/4748/4748
f 4764/4764/4764 4765/4765/4765 4766/4766/4766
f 4747/4747/4747 4764/4764/4764 4766/4766/4766
f 4750/4750/4750 4747/4747/4747 4766/4766/4766
f 4747/4747/4747 4750/4750/4750 4746/4746/4746
f 4746/4746/4746 4750/4750/4750 4744/4744/4744
f 4748/4748/4748 4746/4746/4746 4744/4744/4744
f 4743/4743/4743 4748/4748/4748 4744/4744/4744
f 4680/4680/4680 4748/4748/4748 4743/4743/4743
f 4681/4681/4681 4680/4680/4680 4743/4743/4743
f 4681/4681/4681 4668/4668/4668 4680/4680/4680
f 4634/4634/4634 4668/4668/4668 4681/4681/4681
f 4634/4634/4634 4635/4635/4635 4668/4668/4668
f 4634/4634/4634 4633/4633/4633 4635/4635/4635
f 4633/4633/4633 4632/4632/4632 4635/4635/4635
f 4633/4633/4633 4628/4628/4628 4632/4632/4632
f 4628/4628/4628 4629/4629/4629 4632/4632/4632
f 4628/4628/4628 4625/4625/4625 4629/4629/4629
f 4625/4625/4625 4624/4624/4624 4629/4629/4629
f 4631/4631/4631 4633/4633/4633 4634/4634/4634
f 4631/4631/4631 4634/4634/4634 4682/4682/4682
f 4682/4682/4682 4634/4634/4634 4681/4681/4681
f 4627/4627/4627 4628/4628/4628 4633/4633/4633
f 4631/4631/4631 4627/4627/4627 4633/4633/4633
f 4627/4627/4627 4631/4631/4631 4683/4683/4683
f 4683/4683/4683 4631/4631/4631 4682/4682/4682
f 4683/4683/4683 4682/4682/4682 4711/4711/4711
f 4682/4682/4682 4715/4715/4715 4711/4711/4711
f 4682/4682/4682 4681/4681/4681 4715/4715/4715
f 4681/4681/4681 4743/4743/4743 4715/4715/4715
f 4626/4626/4626 4625/4625/4625 4628/4628/4628
f 4627/4627/4627 4626/4626/4626 4628/4628/4628
f 4626/4626/4626 4627/4627/4627 4684/4684/4684
f 4684/4684/4684 4627/4627/4627 4683/4683/4683
f 4684/4684/4684 4683/4683/4683 4707/4707/4707
f 4683/4683/4683 4711/4711/4711 4707/4707/4707
f 4711/4711/4711 4712/4712/4712 4707/4707/4707
f 4715/4715/4715 4712/4712/4712 4711/4711/4711
f 4714/4714/4714 4712/4712/4712 4715/4715/4715
f 4715/4715/4715 4743/4743/4743 4714/4714/4714
f 4743/4743/4743 4716/4716/4716 4714/4714/4714
f 4744/4744/4744 4716/4716/4716 4743/4743/4743
f 4625/4625/4625 4620/4620/4620 4624/4624/4624
f 4619/4619/4619 4620/4620/4620 4625/4625/4625
f 4626/4626/4626 4619/4619/4619 4625/4625/4625
f 4619/4619/4619 4626/4626/4626 4685/4685/4685
f 4685/4685/4685 4626/4626/4626 4684/4684/4684
f 4685/4685/4685 4684/4684/4684 4706/4706/4706
f 4684/4684/4684 4707/4707/4707 4706/4706/4706
f 4707/4707/4707 4708/4708/4708 4706/4706/4706
f 4712/4712/4712 4708/4708/4708 4707/4707/4707
f 4712/4712/4712 4713/4713/4713 4708/4708/4708
f 4714/4714/4714 4713/4713/4713 4712/4712/4712
f 4739/4739/4739 4713/4713/4713 4714/4714/4714
f 4716/4716/4716 4739/4739/4739 4714/4714/4714
f 4742/4742/4742 4739/4739/4739 4716/4716/4716
f 4744/4744/4744 4742/4742/4742 4716/4716/4716
f 4750/4750/4750 4742/4742/4742 4744/4744/4744
f 4750/4750/4750 4766/4766/4766 4742/4742/4742
f 4742/4742/4742 4766/4766/4766 4740/4740/4740
f 4685/4685/4685 4706/4706/4706 4699/4699/4699
f 4739/4739/4739 4742/4742/4742 4740/4740/4740
f 4739/4739/4739 4740/4740/4740 4710/4710/4710
f 4740/4740/4740 4703/4703/4703 4710/4710/4710
f 4703/4703/4703 4702/4702/4702 4710/4710/4710
f 4702/4702/4702 4703/4703/4703 4696/4696/4696
usemtl A10Body
f 4702/4702/4702 4696/4696/4696 4700/4700/4700
f 4696/4696/4696 4698/4698/4698 4700/4700/4700
f 4700/4700/4700 4698/4698/4698 4697/4697/4697
usemtl A10Cockpit
f 4701/4701/4701 4700/4700/4700 4697/4697/4697
f 4701/4701/4701 4697/4697/4697 4699/4699/4699
f 4705/4705/4705 4701/4701/4701 4699/4699/4699
f 4706/4706/4706 4705/4705/4705 4699/4699/4699
f 4708/4708/4708 4705/4705/4705 4706/4706/4706
f 4708/4708/4708 4709/4709/4709 4705/4705/4705
f 4713/4713/4713 4709/4709/4709 4708/4708/4708
f 4713/4713/4713 4710/4710/4710 4709/4709/4709
f 4713/4713/4713 4739/4739/4739 4710/4710/4710
f 4709/4709/4709 4704/4704/4704 4705/4705/4705
f 4709/4709/4709 4710/4710/4710 4704/4704/4704
f 4710/4710/4710 4702/4702/4702 4704/4704/4704
f 4702/4702/4702 4700/4700/4700 4704/4704/4704
f 4704/4704/4704 4700/4700/4700 4701/4701/4701
f 4705/4705/4705 4704/4704/4704 4701/4701/4701
f 4766/4766/4766 4765/4765/4765 4740/4740/4740
f 4765/4765/4765 4703/4703/4703 4740/4740/4740
f 4765/4765/4765 4692/4692/4692 4703/4703/4703
f 4703/4703/4703 4692/4692/4692 4696/4696/4696
usemtl A10Body
f 4692/4692/4692 4691/4691/4691 4696/4696/4696
f 4696/4696/4696 4691/4691/4691 4690/4690/4690
f 4698/4698/4698 4696/4696/4696 4690/4690/4690
f 4698/4698/4698 4690/4690/4690 4695/4695/4695
f 4697/4697/4697 4698/4698/4698 4695/4695/4695
f 4697/4697/4697 4695/4695/4695 4694/4694/4694
usemtl A10Cockpit
f 4697/4697/4697 4694/4694/4694 4699/4699/4699
f 4686/4686/4686 4699/4699/4699 4694/4694/4694
f 4686/4686/4686 4685/4685/4685 4699/4699/4699
f 4686/4686/4686 4619/4619/4619 4685/4685/4685
f 4615/4615/4615 4619/4619/4619 4686/4686/4686
f 4619/4619/4619 4615/4615/4615 4617/4617/4617
usemtl A10Body
f 4615/4615/4615 4614/4614/4614 4617/4617/4617
f 4614/4614/4614 4618/4618/4618 4617/4617/4617
usemtl A10Cockpit
f 4763/4763/4763 4692/4692/4692 4765/4765/4765
usemtl A10Body
f 4691/4691/4691 4692/4692/4692 4763/4763/4763
f 4609/4609/4609 4610/4610/4610 4614/4614/4614
f 4613/4613/4613 4609/4609/4609 4614/4614/4614
f 4613/4613/4613 4614/4614/4614 4615/4615/4615
f 4688/4688/4688 4613/4613/4613 4615/4615/4615
f 4687/4687/4687 4688/4688/4688 4615/4615/4615
f 4687/4687/4687 4694/4694/4694 4688/4688/4688
usemtl A10Cockpit
f 4687/4687/4687 4686/4686/4686 4694/4694/4694
f 4687/4687/4687 4615/4615/4615 4686/4686/4686
usemtl A10Body
f 4688/4688/4688 4609/4609/4609 4613/4613/4613
f 4695/4695/4695 4690/4690/4690 4689/4689/4689
f 4695/4695/4695 4689/4689/4689 4693/4693/4693
f 4694/4694/4694 4695/4695/4695 4693/4693/4693
f 4694/4694/4694 4693/4693/4693 4688/4688/4688
f 4693/4693/4693 4689/4689/4689 4688/4688/4688
f 4676/4676/4676 4675/4675/4675 4727/4727/4727
f 4675/4675/4675 4726/4726/4726 4727/4727/4727
f 4727/4727/4727 4726/4726/4726 4728/4728/4728
f 4726/4726/4726 4725/4725/4725 4728/4728/4728
f 4728/4728/4728 4725/4725/4725 4729/4729/4729
f 4725/4725/4725 4724/4724/4724 4729/4729/4729
f 4724/4724/4724 4722/4722/4722 4729/4729/4729
f 4724/4724/4724 4718/4718/4718 4722/4722/4722
f 4718/4718/4718 4719/4719/4719 4722/4722/4722
f 4718/4718/4718 4672/4672/4672 4719/4719/4719
f 4719/4719/4719 4672/4672/4672 4720/4720/4720
f 4719/4719/4719 4720/4720/4720 4721/4721/4721
f 4721/4721/4721 4720/4720/4720 4733/4733/4733
f 4721/4721/4721 4733/4733/4733 4735/4735/4735
f 4735/4735/4735 4733/4733/4733 4763/4763/4763
f 4735/4735/4735 4763/4763/4763 4769/4769/4769
usemtl A10Cockpit
f 4769/4769/4769 4763/4763/4763 4765/4765/4765
f 4769/4769/4769 4765/4765/4765 4764/4764/4764
f 4759/4759/4759 4774/4774/4774 4771/4771/4771
f 4772/4772/4772 4771/4771/4771 4774/4774/4774
f 4772/4772/4772 4770/4770/4770 4771/4771/4771
f 4772/4772/4772 4773/4773/4773 4770/4770/4770
f 4758/4758/4758 4770/4770/4770 4773/4773/4773
g studio.a10.mesh_4
usemtl A10Body
f 4778/4778/4778 4775/4775/4775 4777/4777/4777
f 4776/4776/4776 4778/4778/4778 4777/4777/4777
f 4782/4782/4782 4779/4779/4779 4781/4781/4781
f 4780/4780/4780 4782/4782/4782 4781/4781/4781
