# OBJ File Exported By Crafty (c) 2006 Ryan Gregg
# http://nemesis.thewavelength.net/

mtllib a10.mtl

v -192.199493 4.646179 25.018032
v -191.138748 14.905985 19.629002
v -191.006470 15.195256 18.965223
v -190.791809 15.283334 17.866272
v -189.739746 10.858489 12.521353
v -189.701859 11.793364 12.328768
v -189.945450 15.655973 13.574783
v -189.602859 12.441997 11.825946
v -189.121002 18.527649 9.377940
v -189.767151 17.738796 12.660645
v -189.785767 15.887353 12.755166
v -189.121063 13.040942 9.378362
v -189.765686 16.641008 12.661466
v -189.370407 12.926929 10.644976
v -192.198761 -9.308424 25.022879
v -189.993469 -14.112342 20.453650
v -189.585052 -15.074830 18.746952
v -187.691971 -12.420940 11.859015
v -188.064865 -18.526726 13.105493
v -187.283768 -18.526726 10.543396
v -188.096512 -15.800502 13.213238
v -188.231842 -15.595379 13.683555
v -187.551437 -12.644471 11.400607
v -187.283768 -12.727055 10.543396
v -187.748886 -12.295052 12.046429
v -189.627258 -12.295889 11.678671
v -188.061920 -16.164202 13.100341
v -188.068512 -12.298033 13.119385
v -189.692307 -11.634757 12.280284
v -189.341324 -15.177548 17.771725
v -189.811066 -14.886130 19.676590
v -192.198471 -9.974629 25.012819
v -190.216843 -12.287573 14.948663
v -191.254288 -12.283651 20.216017
v -189.739746 -10.791881 12.521353
v -191.431656 -13.335573 21.117186
v -189.993820 -12.282815 20.455206
v -191.253983 -14.113179 20.214499
v -189.790939 -12.298818 12.784091
v -188.673630 -12.286736 15.246640
v -184.601105 -3.748814 26.302210
v -184.061111 3.839657 20.130274
v -184.061096 -3.750033 20.130110
v -184.601776 3.818166 26.310099
v -190.441956 -4.581096 16.088903
v -190.441986 4.673482 16.089119
v -189.636948 -5.486764 11.999186
v -189.574936 -4.582215 11.684145
v -190.392807 -4.581382 15.839298
v -188.820297 -4.581237 16.888626
v -188.830551 4.675939 16.901094
v -190.399033 4.678450 15.870731
v -189.574936 4.693251 11.684145
v -189.631866 5.568647 11.973274
v -186.113586 -4.582215 13.596405
v -179.096771 4.693251 7.806414
v -176.643814 1.597806 6.419281
v -176.643814 -1.264152 6.419281
v -192.197678 -4.579547 25.008654
v -192.199020 10.141135 25.015425
v -189.738617 -6.324463 12.515875
v -192.198181 -6.362591 25.014967
v -192.197845 -4.958152 25.011280
v -192.199417 5.342029 25.017515
v -189.738617 6.391023 12.515875
v -192.199310 6.787305 25.016994
v -186.641083 -4.991875 26.107821
v -187.182388 -4.984108 28.852539
v -187.183228 -6.348051 28.856697
v -186.641937 -6.355844 26.111988
v -186.562637 6.798497 26.125822
v -187.102570 5.336067 28.871185
v -187.102722 6.799387 28.871172
v -182.943878 -4.582215 9.982006
v -179.100052 -1.265826 7.808295
v -177.766220 3.579289 7.054017
v -182.943878 0.384520 9.982006
v -186.113586 4.693251 13.596405
v -177.766220 1.597436 7.054017
v -179.144287 -4.582215 7.789530
v -186.562576 5.335178 26.126358
v -177.766220 -1.262573 7.054017
v -182.943878 3.094494 9.982006
v -182.943878 4.693251 9.982006
v -184.562714 14.904835 20.922466
v -184.367859 14.656461 19.940094
v -184.172775 14.781722 18.940887
v -184.430450 15.194110 20.258694
v -184.215790 15.282183 19.159746
v -183.347015 15.411211 14.753863
v -183.369431 15.654828 14.868248
v -183.191147 17.737646 13.954117
v -183.209732 15.886155 14.048637
v -183.143204 16.343050 13.718448
v -183.149017 17.759668 13.739525
v -183.189667 16.639856 13.954937
v -183.172531 15.731814 13.859173
v -185.623230 -9.306804 26.318842
v -185.622894 -9.973007 26.308264
v -184.856094 -13.333950 22.412952
v -184.338074 -15.074044 19.789391
v -184.144089 -15.176709 18.803822
v -183.151245 -18.510929 13.751586
v -183.284348 -15.326920 14.435909
v -183.327408 -15.594592 14.654719
v -183.148605 -15.895741 13.746405
v -183.213089 -18.525888 14.065680
v -183.191620 -15.560077 13.956724
v -183.234680 -15.799718 14.175528
v -183.210403 -16.163416 14.060506
v -185.473816 -9.301521 25.559790
v -185.535004 -9.294827 25.870501
v -184.712097 -12.896507 21.681259
v -184.476349 -14.529859 20.483715
v -184.443970 -14.057426 20.319027
v -184.133194 -14.708466 18.748398
v -184.323181 -14.590055 19.713697
v -184.312363 -14.150258 19.658695
v -184.127853 -14.254546 18.721346
v -184.952118 -11.413210 22.900862
v -184.710190 -12.550017 21.671513
v -184.744781 -12.754930 21.847359
v -185.266373 9.160186 24.496639
v -185.435944 9.160186 25.358402
v -185.435059 4.633994 25.353708
v -185.265442 4.633994 24.491953
v -185.623520 4.644977 26.311922
v -184.453140 14.299612 20.365210
v -184.643097 12.887024 21.330244
v -185.259537 10.611790 24.461971
v -185.212601 10.282660 24.223408
v -184.988098 -11.611899 23.083481
v -184.694626 13.195287 21.591948
v -185.369370 -9.453245 25.020582
v -185.469788 -9.996596 25.530447
v -185.403992 -9.658107 25.196274
v -184.524338 -14.885345 20.727333
v -184.830292 -13.240174 22.281624
v -184.796783 -13.386932 22.111462
v -185.065308 -10.881784 23.475628
v -185.097321 -11.098726 23.638439
v -185.622772 -6.354013 26.313051
v -185.622131 -4.577941 26.304625
v -185.622955 10.139985 26.308798
v -185.536530 -4.584364 25.869841
v -185.622498 -5.000928 26.309362
v -185.436096 9.804479 25.358923
v -185.623306 6.801478 26.310883
v -185.623383 5.333347 26.310879
v -123.170738 11.568528 29.293060
v -146.000000 11.568527 33.500008
v -148.000000 -10.518137 26.500006
v -146.000000 11.568527 33.500008
v -134.265335 11.568528 -5.036725
v -123.170738 11.568528 29.293060
v -146.000000 11.568527 33.500008
v -157.361221 11.568527 -1.486069
v -157.361221 -10.518137 -1.486069
v -123.170738 -10.518136 29.293060
v -134.265335 -10.518136 -5.036725
v -146.000000 -10.518137 33.500008
v -146.000000 -10.518137 33.500008
v -146.000000 -10.518137 33.500008
v -123.170738 -10.518136 29.293060
v -122.159828 -2.284801 31.822514
v -145.056915 -2.073576 36.048134
v -145.056915 -2.073576 36.048134
v -122.159828 -2.284801 31.822514
v -122.159828 3.085610 31.822514
v -145.056915 -2.073576 36.048134
v -145.056915 3.348379 36.048134
v -148.000000 11.568527 26.500006
v -145.056915 3.348379 36.048134
v -192.199020 10.141135 25.015425
v -192.199020 10.141135 25.015425
v -192.198471 -9.974629 25.012819
v -191.138748 14.905985 19.629002
v -191.006470 15.195256 18.965223
v -189.873779 15.872345 12.755632
v -189.902969 -15.596165 13.358951
v -191.099884 -14.886915 19.431519
v -237.761932 -9.739221 7.258794
v -235.765915 4.168835 8.349154
v -229.562775 5.789911 15.312919
v -237.765915 4.168835 7.349154
v -231.562775 5.789911 14.312919
v -231.562637 -6.143835 14.311452
v -237.765915 -4.479035 7.349102
v -229.290619 12.919495 12.416598
v -235.761642 9.334713 8.261998
v -229.256287 13.175231 12.060228
v -228.940048 13.833179 8.701931
v -235.755493 9.996242 8.154891
v -235.760696 9.520140 8.251890
v -237.761932 -9.739221 7.258794
v -237.756424 -10.191302 7.164676
v -230.973312 -14.028239 8.049265
v -230.973312 -14.028239 8.049265
v -231.280624 -13.403657 11.310492
v -237.761932 -9.739221 7.258794
v -185.623383 5.333347 26.310879
v -185.623520 4.644977 26.311922
v -185.623306 6.801478 26.310883
v -185.622955 10.139985 26.308798
v -191.138748 14.905985 19.629002
v -192.199020 10.141135 25.015425
v -184.562714 14.904835 20.922466
v -184.430450 15.194110 20.258694
v -184.562714 14.904835 20.922466
v -191.138748 14.905985 19.629002
v -191.138748 14.905985 19.629002
v -184.430450 15.194110 20.258694
v -191.006470 15.195256 18.965223
v -184.215790 15.282183 19.159746
v -189.945450 15.655973 13.574783
v -183.369431 15.654828 14.868248
v -190.791809 15.283334 17.866272
v -183.369431 15.654828 14.868248
v -189.945450 15.655973 13.574783
v -189.785767 15.887353 12.755166
v -183.209732 15.886204 14.048637
v -189.767151 17.738796 12.660645
v -183.209732 15.886204 14.048637
v -183.191147 17.737646 13.954117
v -183.189667 16.639856 13.954937
v -189.765686 16.641008 12.661466
v -189.785767 15.887353 12.755166
v -185.622772 -6.354013 26.313051
v -185.622894 -9.973007 26.308264
v -185.623230 -9.306804 26.318842
v -192.198471 -9.974629 25.012819
v -192.198471 -9.974629 25.012819
v -184.524338 -14.885345 20.727333
v -185.622894 -9.973007 26.308264
v -191.099884 -14.886915 19.431519
v -191.099884 -14.886915 19.431519
v -184.144089 -15.176709 18.803822
v -184.524338 -14.885345 20.727333
v -183.327408 -15.594592 14.654719
v -190.913620 -15.075615 18.493637
v -190.719650 -15.178332 17.508057
v -184.338074 -15.074044 19.789391
v -189.902969 -15.596165 13.358951
v -190.719650 -15.178332 17.508057
v -184.144089 -15.176709 18.803822
v -183.234680 -15.799718 14.175528
v -189.902969 -15.596165 13.358951
v -189.810303 -15.801286 12.879761
v -183.327408 -15.594592 14.654719
v -183.210403 -16.163416 14.060506
v -189.786026 -16.164984 12.764737
v -189.810303 -15.801286 12.879761
v -184.856094 -13.333950 22.412952
v -191.431656 -13.335573 21.117186
v -183.234680 -15.799718 14.175528
v -191.253983 -14.113179 20.214499
v -187.691971 -12.420940 11.859067
v -189.584183 -12.421724 11.488395
v -187.551437 -12.644471 11.400607
v -189.477615 -12.645308 11.022938
v -187.283768 -12.727055 10.543396
v -189.273438 -12.727892 10.152483
v -189.627258 -12.295889 11.678721
v -187.748886 -12.295052 12.046429
v -189.867493 -12.298818 12.768161
v -188.068512 -12.298033 13.119385
v -191.254288 -12.283597 20.216070
v -189.993820 -12.282815 20.455206
v -190.315781 -12.287573 14.928074
v -188.673630 -12.286736 15.246697
v -189.391586 10.611789 23.648643
v -185.436096 9.804479 25.358923
v -185.259537 10.611790 24.461971
v -189.568115 9.804478 24.545595
v -185.403992 -9.658107 25.196274
v -189.667053 -9.294827 25.057171
v -189.535995 -9.658108 24.382952
v -189.605835 -9.301521 24.746468
v -185.535004 -9.294827 25.870501
v -185.473816 -9.301521 25.559790
v -184.830292 -13.240174 22.281624
v -188.962311 -13.240175 21.468353
v -188.844101 -12.896508 20.867939
v -184.712097 -12.896507 21.681259
v -188.928787 -13.386933 21.298195
v -184.712097 -12.896507 21.681259
v -184.796783 -13.386932 22.111462
v -188.844101 -12.896508 20.867939
v -188.575958 -14.057427 19.505707
v -184.443970 -14.057426 20.319027
v -184.312363 -14.150258 19.658695
v -184.127853 -14.254546 18.721346
v -188.444366 -14.150259 18.845371
v -188.259857 -14.254547 17.908020
v -188.259857 -14.254547 17.908020
v -184.133194 -14.708466 18.748398
v -184.127853 -14.254546 18.721346
v -188.265182 -14.708467 17.935078
v -189.084167 -11.413211 22.087534
v -184.710190 -12.550017 21.671513
v -184.952118 -11.413210 22.900862
v -188.842194 -12.550018 20.858189
v -189.120102 -11.611900 22.270157
v -184.952118 -11.413210 22.900862
v -184.988098 -11.611899 23.083481
v -188.842194 -12.550018 20.858189
v -189.084167 -11.413211 22.087534
v -184.710190 -12.550017 21.671513
v -184.744781 -12.754930 21.847359
v -188.876816 -12.754931 21.034031
v -189.398376 9.160185 23.683260
v -185.265442 4.633994 24.491953
v -185.266373 9.160236 24.496639
v -189.397491 4.633994 23.678619
v -189.567993 9.160185 24.545076
v -185.435944 9.160236 25.358402
v -185.266373 9.160236 24.496639
v -189.398376 9.160185 23.683260
v -189.568115 9.804478 24.545595
v -185.436096 9.804479 25.358923
v -185.435944 9.160236 25.358402
v -189.567993 9.160185 24.545076
v -188.775116 12.887023 20.516914
v -184.643097 12.887024 21.330244
v -185.212601 10.282715 24.223408
v -189.344620 10.282714 23.410082
v -188.826645 13.195286 20.778677
v -184.643097 12.887024 21.330244
v -184.694626 13.195287 21.591948
v -188.775116 12.887023 20.516914
v -189.344620 10.282714 23.410082
v -185.259537 10.611790 24.461971
v -185.212601 10.282715 24.223408
v -189.391586 10.611789 23.648643
v -189.229370 -11.098727 22.825106
v -184.988098 -11.611899 23.083481
v -185.097321 -11.098726 23.638439
v -189.120102 -11.611900 22.270157
v -189.501373 -9.453246 24.207260
v -185.065308 -10.881784 23.475628
v -185.369370 -9.453245 25.020582
v -189.197311 -10.881785 22.662300
v -189.535995 -9.658108 24.382952
v -185.369370 -9.453245 25.020582
v -185.403992 -9.658107 25.196274
v -189.501373 -9.453246 24.207260
v -189.197311 -10.881785 22.662300
v -185.065308 -10.881784 23.475628
v -185.097321 -11.098726 23.638439
v -189.229370 -11.098727 22.825106
v -188.962311 -13.240175 21.468353
v -184.830292 -13.240174 22.281624
v -184.796783 -13.386932 22.111462
v -188.928787 -13.386933 21.298195
v -192.199493 4.646179 25.018032
v -190.441986 4.673482 16.089119
v -190.441971 -4.581090 16.088963
v -192.197678 -4.579547 25.008654
v -192.199158 3.699303 25.016474
v -192.199493 4.646179 25.018032
v -190.441971 -4.581090 16.088963
v -190.441986 4.673482 16.089119
v -188.830551 4.675939 16.901094
v -188.830551 4.675939 16.901094
v -188.820297 -4.581237 16.888683
v -190.441971 -4.581090 16.088963
v -188.820297 -4.581237 16.888683
v -184.061096 -3.750033 20.130110
v -184.601105 -3.748814 26.302210
v -189.889999 -4.579547 25.383953
v -189.889999 -4.579547 25.383953
v -184.601776 3.818166 26.310099
v -184.601105 -3.748814 26.302210
v -189.890839 4.646180 25.393431
v -188.830551 4.675939 16.901094
v -184.061096 -3.750033 20.130110
v -184.061111 3.839657 20.130274
v -189.890839 4.646180 25.393431
v -188.820297 -4.581237 16.888683
v -184.601776 3.818166 26.310099
v -184.061111 3.839657 20.130274
v -188.830551 4.675939 16.901094
v -185.622772 -6.354013 26.313051
v -186.641937 -6.355844 26.111988
v -185.622498 -5.000928 26.309362
v -192.197678 -4.579547 25.008654
v -189.845871 -6.358459 25.480087
v -192.198181 -6.362591 25.014967
v -192.197845 -4.958152 25.011280
v -192.198181 -6.362591 25.014967
v -190.376663 -4.970955 28.223066
v -185.622131 -4.577941 26.304625
v -186.641083 -4.991875 26.107821
v -190.387085 -6.350718 28.224800
v -189.835419 -4.978716 25.478346
v -187.183228 -6.348051 28.856697
v -192.198761 -9.308424 25.022879
v -186.641937 -6.355844 26.111988
v -189.845871 -6.358459 25.480087
v -187.182388 -4.984108 28.852539
v -192.199020 10.141135 25.015425
v -185.623383 5.333347 26.310879
v -186.562637 6.798497 26.125822
v -185.623306 6.801478 26.310883
v -186.562576 5.335178 26.126358
v -190.387085 6.794470 28.224800
v -186.562637 6.798497 26.125822
v -187.102570 5.336067 28.871185
v -190.395645 5.339938 28.223524
v -187.102722 6.799387 28.871172
v -189.855591 5.339049 25.478704
v -186.562576 5.335178 26.126358
v -192.199493 4.646179 25.018032
v -192.199310 6.787305 25.016994
v -189.847015 6.793583 25.479458
v -185.622955 10.139985 26.308798
v -192.199310 6.787305 25.016994
v -189.847015 6.793583 25.479458
v -192.199417 5.342029 25.017515
v -189.855591 5.339049 25.478704
v -192.199417 5.342029 25.017515
v -189.855591 5.339049 25.478704
v -192.199493 4.646179 25.018032
v -189.845871 -6.358459 25.480087
v -190.376663 -4.970955 28.223066
v -190.387085 -6.350718 28.224800
v -189.835419 -4.978716 25.478346
v -189.835419 -4.978716 25.478346
v -190.376663 -4.970955 28.223066
v -187.182388 -4.984108 28.852539
v -186.641083 -4.991875 26.107821
v -186.641937 -6.355844 26.111988
v -190.387085 -6.350718 28.224800
v -187.183228 -6.348051 28.856697
v -189.845871 -6.358459 25.480087
v -189.847015 6.793583 25.479458
v -187.102722 6.799387 28.871172
v -190.387085 6.794470 28.224800
v -186.562637 6.798497 26.125822
v -189.855591 5.339049 25.478704
v -190.387085 6.794470 28.224800
v -190.395645 5.339938 28.223524
v -189.847015 6.793583 25.479458
v -186.562576 5.335178 26.126358
v -190.395645 5.339938 28.223524
v -187.102570 5.336067 28.871185
v -189.855591 5.339049 25.478704
v -192.197678 -4.579547 25.008654
v -192.199158 3.699303 25.016474
v -192.197983 -3.624527 25.010214
v -189.889999 -4.579547 25.383953
v -187.283768 -18.526726 10.543396
v -187.283768 -12.727055 10.543396
v -179.635559 -1.265826 6.378303
v -179.100067 -1.265826 7.808352
v -179.144287 -4.582215 7.789530
v -179.681839 -4.582215 6.358768
v -177.766220 3.579289 7.054017
v -178.301697 3.579284 5.623969
v -177.179321 1.597806 4.989283
v -176.643814 -1.264152 6.419332
v -176.643814 1.597806 6.419332
v -177.179321 -1.264152 4.989283
v -178.301697 1.597436 5.623969
v -177.766220 1.597436 7.054017
v -176.643814 1.597806 6.419332
v -177.179321 1.597806 4.989283
v -177.179321 -1.264152 4.989283
v -176.643814 -1.264152 6.419332
v -178.301697 3.579284 5.623969
v -177.766220 1.597436 7.054017
v -177.766220 3.579289 7.054017
v -178.301697 1.597436 5.623969
v -179.100067 -1.265826 7.808352
v -177.766220 -1.262568 7.054017
v -178.301697 -1.262573 5.623969
v -179.635559 -1.265826 6.378303
v -189.121063 13.040942 9.378362
v -189.121002 18.527649 9.377940
v -151.862534 -12.777734 10.388706
v -151.863449 -19.057524 10.399335
v -178.304871 13.040943 8.140422
v -178.307266 18.599457 8.168642
v -151.862534 -12.777734 10.388706
v -178.149094 -12.777735 8.088931
v -178.510971 -12.777735 -3.406064
v -155.750229 13.040944 -1.349582
v -155.594437 -12.777734 -1.401128
v -178.666763 13.040943 -3.354517
v -152.018326 13.040944 10.440194
v -178.304871 13.040943 8.140422
v -178.510971 -12.777735 -3.406064
v -155.750229 13.040944 -1.349582
v -178.666763 13.040943 -3.354517
v -155.594437 -12.777734 -1.401128
v -190.461761 4.675939 16.097145
v -188.830551 4.675939 16.901094
v -188.820297 -4.581237 16.888683
v -190.451523 -4.581237 16.084732
v -189.575104 -4.582215 11.684398
v -186.113586 -4.582215 13.596405
v -179.681839 -4.582215 6.358768
v -179.634323 4.693251 6.375653
v -179.096771 4.693251 7.806465
v -184.187317 4.693251 6.349382
v -182.943878 4.693251 9.982006
v -189.575104 4.693251 11.684398
v -186.113586 4.693251 13.596405
v -182.943878 -4.582215 9.982006
v -179.144287 -4.582215 7.789530
v -184.187347 -4.582215 6.349379
v -191.142639 -12.727055 12.498523
v -187.283768 -12.727055 10.543396
v -187.339264 -12.727055 -4.170110
v -208.018478 -12.727056 -4.950669
v -208.110992 13.040941 -5.052261
v -189.280258 13.040942 -4.433416
v -189.121063 13.040942 9.378362
v -191.190979 13.040942 12.464967
v -208.018478 -12.727056 -4.950669
v -189.280258 13.040942 -4.433416
v -187.339264 -12.727055 -4.170110
v -208.110992 13.040941 -5.052261
v -191.190979 13.040942 12.464967
v -191.142639 -12.727055 12.498523
v -208.018478 -12.727056 -4.950669
v -208.110992 13.040941 -5.052261
v -192.198181 -6.362591 25.014967
v -185.622772 -6.354013 26.313051
v -192.198471 -9.974629 25.012819
v -185.622894 -9.973007 26.308264
v -184.524338 -14.885345 20.727333
v -191.099884 -14.886915 19.431519
v -192.198471 -9.974629 25.012819
v -185.622894 -9.973007 26.308264
v -191.099884 -14.886915 19.431519
v -184.144089 -15.176709 18.803822
v -184.524338 -14.885345 20.727333
v -190.719650 -15.178332 17.508057
v -183.327408 -15.594592 14.654719
v -189.902969 -15.596165 13.358951
v -184.144089 -15.176709 18.803822
v -184.144089 -15.176709 18.803822
v -190.719650 -15.178332 17.508057
v -189.902969 -15.596165 13.358951
v -192.199310 6.787305 25.016994
v -185.622955 10.139985 26.308798
v -192.199020 10.141135 25.015425
v -185.623306 6.801478 26.310883
v -192.199020 10.141135 25.015425
v -191.138748 14.905985 19.629002
v -184.562714 14.904835 20.922466
v -185.622955 10.139985 26.308798
v -184.430450 15.194110 20.258694
v -191.138748 14.905985 19.629002
v -184.562714 14.904835 20.922466
v -192.199493 4.646179 25.018032
v -192.199417 5.342029 25.017515
v -185.623383 5.333347 26.310879
v -185.623520 4.644977 26.311922
v -185.623520 4.644977 26.311922
v -189.397491 4.633994 23.678619
v -192.199493 4.646179 25.018032
v -185.265442 4.633994 24.491953
v -155.750229 13.040944 -1.349582
v -152.020752 18.599459 10.468413
v -152.018326 13.040944 10.440194
v -151.862534 -12.777734 10.388706
v -155.594437 -12.777734 -1.401128
v -151.863449 -19.057524 10.399335
v -151.862534 -12.777734 10.388706
v -149.327332 -16.797504 18.534357
v -149.256149 16.562923 18.392897
v -152.018326 13.040944 10.440194
v -190.978836 14.656460 18.616528
v -184.367859 14.656461 19.940094
v -189.783524 15.731813 12.535602
v -184.172791 14.781773 18.940937
v -190.783768 14.781721 17.617310
v -183.172531 15.731814 13.859173
v -189.957993 15.411210 13.430242
v -183.347015 15.411211 14.753863
v -191.064133 14.299559 19.041636
v -184.453140 14.299612 20.365210
v -184.694626 13.195287 21.591948
v -191.305588 13.195286 20.268377
v -151.863449 -19.057524 10.399335
v -178.668716 -18.627872 13.843071
v -149.327332 -16.797504 18.534357
v -151.863449 -19.057524 10.399335
v -163.702621 -19.057526 9.363544
v -163.702621 -19.057526 9.363544
v -178.149994 -19.057526 8.099563
v -178.149994 -19.057526 8.099563
v -178.149094 -12.777735 8.088931
v -178.668716 -18.627872 13.843071
v -188.064865 -18.526726 13.105493
v -187.283768 -18.526726 10.543396
v -178.307266 18.599457 8.168642
v -164.322479 18.599457 9.392152
v -178.942841 17.884298 13.580077
v -149.256149 16.562923 18.392897
v -164.322479 18.599457 9.392152
v -152.020752 18.599459 10.468413
v -152.020752 18.599459 10.468413
v -178.942841 17.884298 13.580077
v -152.018326 13.040944 10.440194
v -178.942841 17.884298 13.580077
v -164.322479 18.599457 9.392152
v -189.767151 17.738796 12.660645
v -178.307266 18.599457 8.168642
v -189.121002 18.527649 9.377940
v -149.459778 -16.797504 20.047718
v -149.327332 -16.797504 18.534357
v -178.668716 -18.627872 13.843071
v -188.064865 -18.526726 13.105493
v -178.801117 -18.627872 15.356435
v -188.113312 -18.526726 13.659245
v -149.388550 16.562923 19.906261
v -149.256149 16.562923 18.392897
v -179.075241 17.884247 15.093441
v -189.767151 17.738796 12.660645
v -189.815598 17.738796 13.214399
v -178.942841 17.884298 13.580077
v -149.459778 -16.233337 20.047718
v -149.459778 -16.797504 20.047718
v -178.801117 -15.814254 15.356435
v -188.113312 -18.526726 13.659245
v -188.113312 -15.713055 13.659245
v -178.801117 -18.627872 15.356435
v -149.388550 16.562923 19.906261
v -149.388550 15.791122 19.906261
v -189.815598 15.660318 13.214399
v -179.075241 15.805819 15.093441
v -189.815598 17.738796 13.214399
v -179.075241 17.884247 15.093441
v -149.459778 -16.233337 20.047718
v -149.769989 -16.233337 23.593416
v -188.423523 -15.713055 17.204941
v -179.069382 -15.814254 18.422693
v -149.698761 15.791122 23.451960
v -188.113312 -15.713055 13.659245
v -178.801117 -15.814254 15.356435
v -149.388550 15.791122 19.906261
v -179.343506 15.805819 18.159706
v -189.815598 15.660318 13.214399
v -179.075241 15.805819 15.093441
v -190.125809 15.660318 16.760098
v -177.209122 9.867186 -3.134030
v -176.659241 9.867186 5.809608
v -163.291183 -8.837298 4.353564
v -160.789169 9.867187 6.352379
v -160.789154 -8.837298 6.352380
v -160.340240 -8.837298 7.914010
v -160.340240 9.867187 7.914010
v -161.181274 -8.837298 11.401924
v -161.181274 9.867187 11.401924
v -157.937347 9.867187 17.258619
v -157.937347 -8.837298 17.258619
v -158.015305 9.867187 24.257742
v -148.000000 -8.837298 26.500006
v -148.000000 -10.518137 26.500006
v -157.361221 -10.518137 -1.486069
v -157.361221 11.568527 -1.486069
v -176.659241 6.311789 5.809608
v -176.659241 9.867186 5.809608
v -174.507645 6.311789 6.595192
v -172.966339 9.867186 6.279227
v -176.659241 6.311789 5.809608
v -174.507645 9.867186 6.595192
v -172.695480 6.311789 5.961883
v -176.659241 -8.837299 5.809608
v -176.659241 -5.725830 5.809608
v -176.659241 -8.837299 5.809608
v -176.874771 -5.725830 3.424637
v -176.659241 -5.725830 5.809608
v -174.507645 -5.725830 6.595192
v -172.695435 -5.725830 5.961886
v -176.874771 -5.725830 3.424637
v -174.507645 -8.837299 6.595192
v -163.562027 9.867187 4.670909
v -172.695480 -8.837299 5.961883
v -172.695480 6.311789 5.961883
v -173.164352 -5.725830 2.868994
v -173.167068 -0.733314 2.867322
v -176.659241 -5.725830 5.809608
v -176.874771 -5.725830 3.424637
v -172.695435 -5.725830 5.961886
v -173.164352 -5.725830 2.868994
v -176.874771 6.311789 3.424637
v -174.507645 -5.725830 6.595192
v -176.659241 6.311789 5.809608
v -174.507645 6.311789 6.595192
v -172.695480 6.311789 5.961883
v -173.171448 6.311789 2.864660
v -148.000000 4.797435 26.500006
v -150.835358 4.797435 33.951134
v -146.000000 -3.900673 33.500008
v -157.744446 -8.837298 23.940399
v -148.000000 9.867187 26.500006
v -156.173874 -8.837298 26.537315
v -146.000000 4.797436 33.500008
v -150.835526 -3.927577 33.951118
v -156.173904 9.867187 26.537313
v -148.000000 -3.900673 26.500006
v -155.671783 4.797435 26.538769
v -150.835358 4.797435 33.951134
v -146.000000 4.797436 33.500008
v -156.173904 -3.929480 26.537313
v -148.000000 4.797435 26.500006
v -150.835358 4.797435 33.951134
v -150.835526 -3.927577 33.951118
v -155.671783 4.797435 26.538769
v -148.000000 -3.900673 26.500006
v -150.835526 -3.927577 33.951118
v -146.000000 -3.900673 33.500008
v -156.173904 -3.929480 26.537313
v -178.475464 -8.837299 8.259401
v -178.475464 -10.518138 8.259401
v -172.966339 -8.837299 6.279227
v -172.966339 -10.518138 6.279227
v -163.562027 -8.837298 4.670909
v -163.562027 -10.518137 4.670909
v -161.060043 -8.837298 6.669722
v -161.060043 -10.518137 6.669722
v -160.611130 -10.518137 8.231353
v -160.611130 -8.837298 8.231353
v -161.181274 -8.837298 11.401924
v -161.181274 -10.518137 11.401924
v -159.982742 -10.518137 14.434442
v -159.982742 -8.837298 14.434442
v -158.208206 -10.518137 17.575962
v -158.208206 -8.837298 17.575962
v -156.444763 -8.837298 26.854660
v -156.444763 -10.518137 26.854660
v -148.000000 -10.518137 26.500006
v -148.000000 -8.837298 26.500006
v -182.532852 -8.837299 -3.599316
v -182.532852 -10.518138 -3.599316
v -178.475464 -10.518138 8.259401
v -178.475464 -8.837299 8.259401
v -156.444763 -10.518137 26.854660
v -158.015305 -8.837298 24.257742
v -158.015305 -10.518137 24.257742
v -156.444763 -8.837298 26.854660
v -182.532852 9.867186 -3.599316
v -178.475464 11.568526 8.259401
v -182.532852 11.568526 -3.599316
v -178.475464 9.867186 8.259401
v -178.475464 11.568526 8.259401
v -178.475464 9.867186 8.259401
v -163.562027 11.568527 4.670909
v -163.562027 9.867187 4.670909
v -161.060043 9.867187 6.669722
v -161.060043 11.568527 6.669722
v -160.611130 9.867187 8.231353
v -160.611130 11.568527 8.231353
v -161.181274 11.568527 11.401924
v -161.181274 9.867187 11.401924
v -159.982742 9.867187 14.434441
v -159.982742 11.568527 14.434441
v -156.444763 9.867187 26.854660
v -158.208267 9.867187 17.575958
v -158.208267 11.568527 17.575958
v -156.444763 11.568527 26.854660
v -158.015305 9.867187 24.257742
v -158.015305 11.568527 24.257742
v -148.000000 9.867187 26.500006
v -148.000000 11.568527 26.500006
v -156.444763 11.568527 26.854660
v -156.444763 9.867187 26.854660
v -182.532852 9.867186 -3.599316
v -177.209122 9.867186 -3.134030
v -176.659241 9.867186 5.809608
v -174.507645 -8.837299 6.595192
v -175.324722 -8.837299 8.424171
v -172.966339 9.867186 6.279227
v -177.209122 -8.837299 -3.134030
v -175.324722 9.867186 8.424171
v -174.507645 9.867186 6.595192
v -178.475464 9.867186 8.259401
v -176.659241 -8.837299 5.809608
v -178.475464 -8.837299 8.259401
v -182.532852 -8.837299 -3.599316
v -172.695480 -8.837299 5.961883
v -172.966339 9.867186 6.279227
v -172.966339 -10.518138 6.279227
v -175.324722 11.568526 8.424171
v -172.966339 11.568526 6.279227
v -175.324722 9.867186 8.424171
v -175.324722 -10.518138 8.424171
v -175.324722 -8.837299 8.424171
v -172.695480 -8.837299 5.961883
v -172.966339 -8.837299 6.279227
v -163.291183 -8.837298 4.353564
v -163.562027 -8.837298 4.670909
v -163.562027 9.867187 4.670909
v -160.789154 -8.837298 6.352380
v -161.060043 -8.837298 6.669722
v -161.060043 9.867187 6.669722
v -160.789169 9.867187 6.352379
v -160.611130 -8.837298 8.231353
v -160.340240 -8.837298 7.914010
v -160.340240 9.867187 7.914010
v -160.611130 9.867187 8.231353
v -161.181274 -8.837298 11.401924
v -161.181274 9.867187 11.401924
v -159.982742 -8.837298 14.434442
v -159.982742 9.867187 14.434441
v -158.208206 -8.837298 17.575962
v -157.937347 -8.837298 17.258619
v -158.208267 9.867187 17.575958
v -157.937347 9.867187 17.258619
v -158.015305 9.867187 24.257742
v -148.000000 -8.837298 26.500006
v -156.444763 -8.837298 26.854660
v -156.173904 9.867187 26.537313
v -148.000000 9.867187 26.500006
v -156.173874 -10.518137 26.537315
v -156.444763 9.867187 26.854660
v -156.173904 9.867187 26.537313
v -148.000000 -10.518137 26.500006
v -161.181274 -10.518137 11.401924
v -156.444763 -10.518137 26.854660
v -158.015305 -10.518137 24.257742
v -156.173874 -10.518137 26.537315
v -158.208206 -10.518137 17.575962
v -161.060043 -10.518137 6.669722
v -157.937347 -10.518137 17.258619
v -159.982742 -10.518137 14.434442
v -160.340240 -10.518137 7.914010
v -160.611130 -10.518137 8.231353
v -148.000000 11.568527 26.500006
v -156.444763 11.568527 26.854660
v -160.611130 11.568527 8.231353
v -161.181274 11.568527 11.401924
v -158.208267 11.568527 17.575958
v -156.444763 -8.837298 26.854660
v -157.937347 11.568527 17.258619
v -159.982742 11.568527 14.434441
v -157.744446 11.568527 23.940399
v -156.173874 -8.837298 26.537315
v -158.015305 11.568527 24.257742
v -160.340240 11.568527 7.914010
v -156.173904 11.568527 26.537313
v -156.444763 11.568527 26.854660
v -172.966339 -10.518138 6.279227
v -157.744446 -8.837298 23.940399
v -158.015305 -8.837298 24.257742
v -172.966339 -8.837299 6.279227
v -172.695480 -8.837299 5.961883
v -148.000000 -8.837298 26.500006
v -148.000000 -8.837298 26.500006
v -148.000000 9.867187 26.500006
v -148.000000 -10.518137 26.500006
v -148.000000 -10.518137 26.500006
v -148.000000 9.867187 26.500006
v -148.000000 11.568527 26.500006
v -148.000000 11.568527 26.500006
v -173.171448 6.311789 2.864660
v -173.171448 6.311789 2.864660
v -173.168625 1.272575 2.866392
v -176.874771 6.311789 3.424637
v -172.190552 2.207569 9.410952
v -173.167068 -0.733314 2.867322
v -172.695435 -5.725830 5.961886
v -173.168625 1.272575 2.866392
v -177.209122 -8.837299 -3.134030
v -173.115936 -1.649011 9.548157
v -176.874771 -0.712857 3.424637
v -176.874771 1.262429 3.424637
v -174.087845 1.242983 3.004829
v -173.164352 -5.725830 2.868994
v -173.122894 2.150817 9.548233
v -172.188965 -1.639508 9.411877
v -174.080963 -0.738270 3.004687
v -176.874771 1.262429 3.424637
v -176.874771 -0.712857 3.424637
v -176.874771 6.311789 3.424637
v -173.167068 -0.733314 2.867322
v -174.080963 -0.738270 3.004687
v -174.087845 1.242983 3.004829
v -173.168625 1.272575 2.866392
v -174.080963 -0.738270 3.004687
v -174.087845 1.242983 3.004829
v -172.825043 1.274809 5.149679
v -173.744293 1.245216 5.288112
v -172.825043 1.274809 5.149679
v -172.823517 -0.731080 5.150605
v -173.737427 -0.736036 5.288021
v -173.737427 -0.736036 5.288021
v -173.605667 1.999208 6.209343
v -172.686462 2.051493 6.070906
v -172.684891 -1.492717 6.071844
v -173.598801 -1.501477 6.209253
v -173.598801 -1.501477 6.209253
v -172.188965 -1.639508 9.411877
v -172.295761 -1.909924 8.621286
v -173.229691 2.415574 8.757643
v -173.122894 2.150817 9.548233
v -172.190552 2.207569 9.410952
v -172.295761 -1.909924 8.621286
v -172.297333 2.480343 8.620356
v -173.115936 -1.649011 9.548157
v -172.188965 -1.639508 9.411877
v -173.222717 -1.920771 8.757509
v -173.222717 -1.920771 8.757509
v -173.122894 2.150817 9.548233
v -173.229691 2.415574 8.757643
v -173.228302 1.550887 8.757605
v -173.605667 1.999208 6.209343
v -173.604324 1.313851 6.209352
v -173.226746 0.577787 8.757580
v -173.599915 -0.931777 6.209264
v -173.601471 -0.145801 6.209288
v -173.224060 -1.106435 8.757553
v -173.225586 -0.158280 8.757578
v -173.744293 1.245216 5.288112
v -173.115936 -1.649011 9.548157
v -173.602951 0.602745 6.209319
v -172.297333 2.480343 8.620356
v -172.686462 2.051493 6.070906
v -172.686157 1.388705 6.071093
v -172.297028 1.575846 8.620543
v -172.685150 -0.871955 6.071712
v -172.190552 2.207569 9.410952
v -172.684891 -1.492717 6.071844
v -172.823517 -0.731080 5.150605
v -172.685852 0.690066 6.071273
v -172.296051 -1.006629 8.621107
v -172.296661 0.640166 8.620734
v -172.685501 -0.108383 6.071464
v -172.296417 -0.058474 8.620865
v -172.686157 1.388705 6.071093
v -172.297028 1.575846 8.620543
v -173.228302 1.550887 8.757605
v -173.604324 1.313851 6.209352
v -173.602951 0.602745 6.209319
v -172.685852 0.690066 6.071273
v -173.604324 1.313851 6.209352
v -172.686157 1.388705 6.071093
v -172.296661 0.640166 8.620734
v -172.685852 0.690066 6.071273
v -173.226746 0.577787 8.757580
v -173.602951 0.602745 6.209319
v -172.685501 -0.108383 6.071464
v -172.296417 -0.058474 8.620865
v -173.225586 -0.158280 8.757578
v -173.601471 -0.145801 6.209288
v -172.685501 -0.108383 6.071464
v -172.685150 -0.871955 6.071712
v -173.601471 -0.145801 6.209288
v -173.599915 -0.931777 6.209264
v -172.296051 -1.006629 8.621107
v -172.685150 -0.871955 6.071712
v -173.224060 -1.106435 8.757553
v -173.599915 -0.931777 6.209264
v -188.425171 -4.084155 29.623055
v -187.088089 -3.482259 31.707472
v -188.425171 -3.598852 29.623055
v -187.088089 -3.952855 31.707472
v -188.119125 -4.322903 25.669870
v -188.119125 -3.811376 25.669870
v -187.760986 -3.595809 29.594189
v -187.760986 -4.080636 29.594189
v -188.425171 3.680455 29.623055
v -187.088089 4.047181 31.707472
v -188.425171 4.165757 29.623055
v -187.088089 3.576591 31.707472
v -188.119125 3.861482 25.669870
v -188.119125 4.373008 25.669870
v -187.760986 4.161317 29.594189
v -187.760986 3.676490 29.594189
v -187.088089 -3.482259 31.707472
v -188.027130 -3.482907 31.575994
v -187.760986 -3.595809 29.594189
v -188.119125 -3.811376 25.669870
v -188.425171 -3.598852 29.623055
v -192.200226 -4.069851 25.019562
v -187.088089 -3.952855 31.707472
v -191.037460 -3.703229 28.490862
v -187.760986 -4.080636 29.594189
v -192.200226 -4.615839 25.019562
v -188.425171 -4.084155 29.623055
v -191.037460 -4.202141 28.490862
v -188.119125 -4.322903 25.669870
v -188.027130 -3.953592 31.575994
v -191.037460 -4.202141 28.490862
v -191.037460 -3.703229 28.490862
v -187.088089 -3.952855 31.707472
v -187.088089 -3.482259 31.707472
v -188.027130 -3.482907 31.575994
v -188.027130 -3.953592 31.575994
v -187.760986 -4.080636 29.594189
v -187.760986 -3.595809 29.594189
v -188.425171 -3.598852 29.623055
v -188.425171 -4.084155 29.623055
v -192.200226 -4.615839 25.019562
v -192.200226 -4.069851 25.019562
v -188.119125 -3.811376 25.669870
v -188.119125 -4.322903 25.669870
v -191.037460 -4.202141 28.490862
v -192.200226 -4.069851 25.019562
v -191.037460 -3.703229 28.490862
v -192.200226 -4.615839 25.019562
v -187.088089 4.047181 31.707472
v -188.027130 4.047934 31.575994
v -187.760986 4.161317 29.594189
v -188.119125 4.373008 25.669870
v -192.200226 4.665948 25.019562
v -188.425171 4.165757 29.623055
v -187.088089 3.576591 31.707472
v -191.037460 4.279238 28.490862
v -187.760986 3.676490 29.594189
v -192.200226 4.119956 25.019562
v -188.425171 3.680455 29.623055
v -191.037460 3.780338 28.490862
v -188.027130 3.577249 31.575994
v -188.119125 3.861482 25.669870
v -191.037460 3.780338 28.490862
v -191.037460 4.279238 28.490862
v -187.088089 3.576591 31.707472
v -188.027130 4.047934 31.575994
v -188.027130 3.577249 31.575994
v -187.088089 4.047181 31.707472
v -187.760986 3.676490 29.594189
v -188.425171 4.165757 29.623055
v -187.760986 4.161317 29.594189
v -188.425171 3.680455 29.623055
v -192.200226 4.119956 25.019562
v -192.200226 4.665948 25.019562
v -188.119125 4.373008 25.669870
v -188.119125 3.861482 25.669870
v -191.037460 3.780338 28.490862
v -191.037460 4.279238 28.490862
v -192.200226 4.665948 25.019562
v -192.200226 4.119956 25.019562
v -149.698761 15.791122 23.451960
v -149.698761 17.866205 23.451960
v -190.125809 16.949682 16.760098
v -179.343506 15.805819 18.159706
v -179.343506 17.611238 18.159706
v -190.125809 15.660318 16.760098
v -149.769989 -17.581652 23.593416
v -149.769989 -16.233337 23.593416
v -179.069382 -15.814254 18.422693
v -188.423523 -15.713055 17.204941
v -179.069382 -17.162567 18.422693
v -189.993820 -12.282815 20.455206
v -188.423523 -16.699759 17.204941
v -189.993469 -14.112342 20.453650
v -189.993469 -14.112342 20.453650
v -191.253983 -14.113179 20.214499
v -191.254288 -12.283597 20.216070
v 129.864349 63.194118 11.468491
v 130.002930 -43.501167 22.926483
v -282.024750 -5.916502 -27.297247
v 185.883087 -57.929523 19.300169
v 130.029694 -64.649277 20.503227
v 185.888916 -62.535332 14.225331
v 3.179759 -95.693382 -28.774519
v 2.919847 109.814903 -28.774523
v 130.006104 -46.059010 8.420143
v 185.868347 -46.245338 8.502469
v 129.876892 53.271229 4.536294
v 259.838165 -104.719101 -13.151594
v 261.151917 -9.504568 -14.020292
v 261.126495 8.812807 -14.020292
v 259.574890 103.459381 -13.151587
v 16.953421 -109.823097 -19.887159
v -158.272552 2.711730 -16.456553
v -158.236374 -6.959130 -14.511065
v -157.918930 -0.275559 -32.790916
v -157.882751 -9.946420 -30.845442
v 288.342163 1.360752 0.237321
v -74.787224 108.809059 -36.073345
v -74.527290 -96.699226 -36.073338
v 259.574890 103.459381 -13.151587
v 259.575195 103.459381 -9.020124
v 259.838165 -104.719101 -13.151594
v 259.838531 -104.719101 -9.020132
v 283.956512 18.206882 -11.206176
v 259.680664 18.176180 -11.206175
v 283.956512 18.206882 -11.206176
v 283.857025 96.862358 -11.206176
v 283.857025 96.862358 -11.206176
v 284.004303 -19.517536 -11.206176
v 284.103729 -98.172989 -11.206183
v 259.680664 18.176180 -11.206175
v 259.728363 -19.548243 -11.206175
v 284.004303 -19.517536 -11.206176
v 259.728363 -19.548243 -11.206175
v 284.103729 -98.172989 -11.206183
v 177.628448 -65.123306 2.519232
v 130.020966 -57.754444 5.299851
v 130.027985 -63.346962 11.468483
v 90.873390 2.673922 4.970583
v 90.880470 -2.873998 4.970576
v 157.276550 -2.790018 0.340171
v 157.101166 -2.790239 20.436819
v 90.698051 2.673709 25.067209
v 157.094147 2.757688 20.436819
v 90.705070 -2.874219 25.067209
v 157.269562 2.757902 0.340171
v -75.968712 94.780525 -23.476358
v -75.708763 -110.727707 -23.476347
v -239.859833 -6.862858 -18.141602
v 177.614563 -54.076130 32.871117
v -237.817810 -9.850133 -33.133255
v -237.605835 -0.168415 -34.713951
v -237.605835 -0.168415 -34.713951
v -239.573730 2.818873 -19.672073
v 11.078319 92.231056 -22.940882
v 11.338276 -113.277275 -22.940870
v 129.889465 43.348324 11.468491
v 185.747772 46.233849 8.502484
v 185.747772 46.233849 8.502484
v 129.889465 43.348324 11.468491
v 185.877350 -53.353394 4.398626
v 185.727905 61.942123 13.043416
v -285.532837 -2.281554 -10.818166
v -157.882751 -9.946420 -30.845442
v 244.377197 -108.668945 -33.321159
v 215.702911 -108.705185 -33.958195
v 215.435486 102.700089 -33.958191
v 244.109802 102.736404 -33.321156
v 129.862122 64.950119 16.464615
v 185.727905 61.942123 13.043416
v -157.966415 17.454390 -25.008982
v -119.628113 22.403954 -13.116628
v 56.604378 53.890812 46.401089
v 56.744781 -54.228996 46.401073
v 30.536297 -100.369896 -21.432468
v 11.053858 111.577278 -22.940882
v 3.798478 325.015015 -5.985200
v 130.020447 -57.342926 27.964470
v 185.883087 -57.929523 19.300169
v 130.020447 -57.342926 27.964470
v 177.466705 59.921783 -0.465151
v 288.991913 -4.179089 -1.190185
v 67.597115 -31.750570 12.817767
v 71.567757 -32.657501 11.503840
v 72.003365 -30.452539 19.757074
v 67.518669 30.280710 12.817767
v 71.721062 30.383585 10.640727
v 71.588692 29.425966 19.726847
v -282.024750 -5.916502 -27.297247
v 26.884668 97.166191 -22.068241
v 27.136469 -98.588310 -22.859276
v 129.224884 -81.543266 19.964943
v 129.218414 -76.364403 35.903866
v 129.201233 -62.805958 45.754681
v 129.218414 -76.364403 4.026009
v 129.201233 -62.805958 -5.824798
v 129.162903 -32.488335 4.026009
v 129.180023 -46.046787 45.754681
v 129.180023 -46.046787 -5.824798
v 129.162903 -32.488335 35.903881
v 129.156311 -27.309467 19.964943
v -282.036163 3.789011 -27.295095
v 130.002930 -43.501156 11.468483
v 130.002930 -43.501156 11.468483
v 185.868347 -46.245338 8.502469
v 72.003365 -30.452539 19.757074
v 71.588692 29.425966 19.726847
v 129.876892 53.271244 28.655479
v 185.736359 55.265793 20.999990
v 209.570129 -112.765945 -26.648750
v 209.560547 -105.163246 -26.648750
v 215.702911 -108.705185 -33.958195
v 215.435486 102.700089 -33.958191
v -282.165070 -10.107150 -23.842066
v 284.384583 107.211006 -18.704178
v 284.384583 107.211006 -18.704178
v 284.663147 -113.041618 -18.704201
v 284.663147 -113.041618 -18.704201
v -230.470306 14.690089 12.280869
v 217.479645 -9.095932 -12.451878
v 217.336548 104.008362 -12.451870
v -158.236374 -6.959130 -14.511065
v -158.272552 2.711730 -16.456553
v -158.272552 2.711730 -16.456553
v -158.236374 -6.959130 -14.511065
v -157.918930 -0.275559 -32.790916
v -75.986435 108.807518 -23.476358
v -75.726494 -96.700706 -23.476347
v 129.864349 63.194118 11.468491
v -282.645752 7.659540 -23.214891
v 11.316835 -96.349358 -18.771646
v 9.931651 -93.573723 -22.851049
v 11.075259 94.649330 -18.771654
v 268.772491 105.643593 75.735657
v 268.779175 100.394890 75.735657
v 284.395050 98.867027 -18.704178
v 268.772491 105.643593 75.735657
v 268.779175 100.394890 75.735657
v 284.652557 -104.697655 -18.704201
v 269.040649 -106.265007 75.735657
v 269.047180 -111.513718 75.735657
v 269.047180 -111.513718 75.735657
v 269.040649 -106.265007 75.735657
v -283.402405 1.390703 -8.974370
v 185.740051 52.278954 4.060850
v 185.883087 -57.929523 19.300169
v -285.913361 -4.031729 -21.541256
v -282.024750 -5.916502 -27.297247
v -282.165070 -10.107150 -23.842066
v 51.765663 325.113190 -5.562030
v 165.930634 69.684006 -1.543260
v -10.418816 -15.415838 -20.043585
v 217.601257 -105.262573 -12.451878
v 217.458191 7.841736 -12.451878
v -11.169229 -321.498016 6.512123
v -237.817810 -9.850133 -33.133255
v 290.193970 -3.701969 -4.727721
v 288.991913 -4.179089 -1.190185
v 290.310455 1.221272 -4.542205
v -32.510098 110.331459 -34.110920
v 16.953421 -109.823097 -19.887159
v -230.830658 -14.528134 12.101830
v 287.939667 -5.178914 -7.838904
v 23.680719 325.058655 4.390317
v -11.419402 322.619537 -2.154642
v 3.798478 325.015015 -5.985200
v 130.029755 -64.707977 15.207817
v 130.027985 -63.346962 11.468483
v 185.886719 -60.798615 8.904279
v 33.985558 13.804886 -14.231091
v 130.001221 -42.140156 19.187141
v -10.455652 13.748686 -20.043585
v 173.359985 -35.725548 9.853270
v 205.070099 8.407264 5.276136
v 4.622725 -326.645142 -5.985200
v 56.622551 39.495304 41.161549
v -32.250187 -95.176804 -34.110909
v -32.488659 93.366631 -34.110920
v -139.319031 17.021194 28.067837
v 259.838165 -104.719101 -13.151594
v 259.838165 -104.719101 -13.151594
v 261.126495 8.812807 -14.020292
v -119.517494 -17.879158 23.097126
v -139.198303 -17.464966 28.016880
v 12.716557 -110.587936 -19.332064
v -74.769478 94.782036 -36.073345
v 11.326054 -103.604179 -17.381891
v 259.719879 -9.042517 -8.135321
v -74.778351 101.795570 -38.470531
v -75.977562 101.794044 -25.873549
v 261.151917 -9.504568 -14.020292
v -74.518433 -103.712700 -38.470524
v 259.574890 103.459381 -13.151587
v 259.838531 -104.719101 -9.020132
v -74.509560 -110.726234 -36.073338
v 259.575195 103.459381 -9.020124
v -75.717628 -103.714211 -25.873526
v 259.574890 103.459381 -13.151587
v 259.575195 103.459381 -9.020124
v 259.698486 7.895152 -8.135321
v 152.330505 -63.646759 -7.863908
v 90.705070 -2.874219 25.067209
v 90.698051 2.673709 25.067209
v 157.269562 2.757902 0.340171
v -90.137405 101.776138 -31.606779
v -89.877464 -103.732185 -31.606787
v 31.822851 -325.184875 0.691449
v -23.562078 317.755981 1.051254
v 2.320276 109.814140 -16.481249
v 56.604343 53.890812 42.697712
v 2.580211 -95.694122 -16.481234
v 11.338276 -113.277275 -22.940870
v 12.716557 -110.587936 -19.332064
v 283.337708 -6.597188 0.613802
v -282.733704 -5.268416 -9.281301
v 283.337708 -6.597188 0.613802
v 185.886719 -60.798615 8.904279
v 56.579823 73.285789 12.807925
v 185.727905 61.942123 13.043416
v 185.731415 59.139435 6.937338
v 129.862122 64.950119 16.464615
v 129.871979 57.190090 6.430496
v 129.876892 53.271229 4.536294
v 129.881897 49.352383 6.430504
v 11.075259 94.649330 -18.771654
v 290.193970 -3.701969 -4.727721
v 56.579823 73.285789 35.203350
v 71.194405 74.068047 35.644321
v 56.716835 -32.173832 27.894550
v 56.721428 -35.820927 27.251492
v 56.583897 70.078590 33.351673
v 129.889465 43.348324 11.468491
v 130.029694 -64.649277 20.503227
v 130.020447 -57.342926 27.964470
v 185.883087 -57.929523 19.300169
v 3.189793 -103.614449 -30.772776
v 3.199810 -111.535500 -28.774511
v 2.600208 -111.536255 -16.481234
v 2.929849 101.893852 -30.772779
v 2.939868 93.972786 -28.774519
v 2.340274 93.972038 -16.481249
v -241.270569 22.915857 -10.638373
v 56.729576 -42.213993 9.686687
v 56.726524 -39.833515 6.849751
v -232.896454 21.970371 0.599091
v 56.752819 -60.622055 6.440837
v 56.754421 -61.888676 2.960812
v 31.002253 323.623505 0.691449
v 2.600208 -111.536255 -16.481234
v -0.226106 -318.922699 -0.065302
v 27.924231 -320.204681 3.612607
v 2.340274 93.972038 -16.481249
v 3.199810 -111.535500 -28.774511
v 2.600208 -111.536255 -16.481234
v 2.340274 93.972038 -16.481249
v 2.340274 93.972038 -16.481249
v 2.939868 93.972786 -28.774519
v 2.943255 91.332466 -22.779745
v 11.078319 92.231056 -22.940882
v -285.532837 -2.281554 -10.818166
v -1.030776 317.280365 -0.065302
v 290.310455 1.221272 -4.542205
v -12.279606 -115.867691 -24.161383
v -283.402405 1.390703 -8.974370
v -234.097321 -0.000010 14.006768
v 205.092743 -9.529237 5.276136
v -208.904480 -18.087189 16.560539
v 184.990631 -22.170576 7.233473
v -12.570539 114.151711 -24.161379
v 2.943255 91.332466 -22.779745
v -19.972319 319.234650 4.922973
v -23.562078 317.755981 1.051254
v 152.165985 63.550339 -7.863908
v -8.567954 324.128723 1.792609
v 12.716557 -110.587936 -19.332064
v 157.101166 -2.790239 20.436819
v 157.094147 2.757688 20.436819
v 157.276550 -2.790018 0.340171
v 157.094147 2.757688 20.436819
v 157.101166 -2.790239 20.436819
v 90.698051 2.673709 25.067209
v 90.880470 -2.873998 4.970576
v 90.873390 2.673922 4.970583
v 90.705070 -2.874219 25.067209
v -206.111511 2.731999 -17.155075
v -239.573730 2.818873 -19.672073
v -237.605835 -0.168415 -34.713951
v -239.573730 2.818873 -19.672073
v -285.532837 -2.281554 -10.818166
v 130.015503 -53.424061 5.739487
v 130.024750 -60.789104 8.420150
v 185.877350 -53.353394 4.398626
v 129.864349 63.194118 11.468491
v 173.271149 34.523209 9.853270
v 166.110657 -69.745560 -1.543267
v 217.601257 -105.262573 -12.451878
v 217.601257 -105.262573 -12.451878
v 231.681305 -105.244759 -7.285969
v 217.458191 7.841736 -12.451878
v 26.868107 106.920036 -21.277203
v -35.268261 218.913361 -11.035110
v -45.846996 115.380013 -22.318012
v -34.712288 -220.642654 -11.035118
v -282.024750 -5.916502 -27.297247
v -45.552914 -117.136391 -22.318012
v -282.024750 -5.916502 -27.297247
v -284.404449 -1.134474 -25.844975
v -280.870056 -1.018385 -28.743235
v 65.628670 8.230905 8.818156
v -74.778351 101.795570 -38.470531
v 278.738922 -7.981992 -12.469871
v 18.403605 320.341248 8.014256
v 65.101433 16.793419 9.000514
v 283.336304 6.035046 0.613817
v 65.628670 8.230905 8.818156
v 65.145744 -18.269440 9.000514
v 65.651375 -9.705611 8.818164
v 65.651375 -9.705611 8.818164
v -282.645752 7.659540 -23.214891
v -90.137405 101.776138 -31.606779
v -89.877464 -103.732185 -31.606787
v -229.516510 22.327183 -19.140030
v -48.259830 90.418236 -25.302147
v -48.288689 113.239983 -25.302147
v -48.028763 -92.268333 -25.302151
v -276.805389 5.894945 -29.427790
v -119.628113 22.403954 -13.116628
v -280.870056 -1.018385 -28.743235
v -282.036163 3.789011 -27.295095
v -74.518433 -103.712700 -38.470524
v 152.155457 71.938492 -3.021005
v 166.110657 -69.745560 -1.543267
v 165.923706 75.120880 4.936172
v -74.509560 -110.726234 -36.073338
v 152.341187 -72.034897 -3.021012
v 152.147583 78.164398 4.398750
v 165.980743 30.044493 12.884359
v 152.349091 -78.260796 4.398734
v 209.570129 -112.765945 -26.648750
v 71.250511 29.756601 37.950222
v -276.781921 -7.717161 -29.427858
v 284.663147 -113.041618 -18.704201
v 152.353241 -81.573540 23.186211
v 207.101288 107.113190 -19.341213
v 209.292450 106.745316 -26.648743
v 71.189339 78.061958 37.950222
v 71.337578 -36.283730 2.641300
v 152.143433 81.477142 23.186226
v 71.329735 -30.057829 37.950222
v 284.384583 107.211006 -18.704178
v 209.292450 106.745316 -26.648743
v -276.781921 -7.717161 -29.427858
v -264.680328 -9.369757 -31.699541
v 209.570129 -112.765945 -26.648750
v 165.977173 32.937401 29.290838
v 207.379883 -113.139320 -19.341221
v 71.232002 44.370640 50.212887
v 71.219902 53.909283 51.894802
v 71.348228 -44.671864 50.212872
v 71.372353 -63.749149 50.212872
v 71.242561 35.982502 2.641315
v 71.360252 -54.210514 51.894787
v 71.207848 63.447933 50.212887
v 152.353241 -81.573540 13.500396
v 152.208740 29.859020 32.287910
v 152.212860 26.546284 23.186218
v 71.325569 -26.745096 28.848543
v 152.287994 -29.955437 32.287895
v 152.212860 26.546284 13.500411
v -249.085724 20.829569 -21.347342
v 166.060516 -30.106066 21.342634
v 166.064178 -32.998959 4.936164
v 166.121155 -78.075348 21.342627
v 165.920105 78.013794 21.342642
v 152.283722 -26.642700 13.500411
v 152.283722 -26.642693 23.186211
v 152.155457 71.938492 39.707642
v 71.197289 71.836067 45.369976
v 71.382927 -72.137306 45.369946
v 71.254662 26.443857 28.848543
v 152.341125 -72.034897 39.707626
v 152.143372 81.477142 13.500419
v 152.178101 54.011711 46.232475
v 71.219902 53.909283 51.894802
v 152.178101 54.011711 46.232475
v 152.165985 63.550369 44.550545
v 152.318512 -54.108109 46.232460
v 152.330566 -63.646759 44.550529
v 152.318512 -54.108109 46.232460
v 71.337639 -36.283737 45.369946
v 152.306427 -44.569458 44.550529
v 152.190308 44.473061 44.550560
v 152.200867 36.084930 39.707642
v 152.295898 -36.181335 39.707642
v 71.242607 35.982502 45.369976
v 166.071045 -38.435829 35.770248
v 71.360252 -54.210514 51.894787
v 165.960999 45.699364 39.999397
v 152.147583 78.164413 32.287903
v 152.208679 29.859020 4.398750
v 152.349091 -78.260803 32.287888
v 165.970276 38.374275 -1.543260
v 166.110626 -69.745567 35.770248
v 152.287994 -29.955433 4.398734
v 166.090790 -54.090691 41.468163
v 166.101410 -62.420471 39.999390
v 152.330566 -63.646759 44.550529
v 165.950409 54.029129 41.468170
v 165.939941 62.358917 39.999397
v 166.090790 -54.090691 41.468163
v 165.939941 62.358917 39.999397
v 177.474182 54.043732 32.871124
v 152.165985 63.550369 44.550545
v 185.883087 -57.929523 19.300169
v 185.888916 -62.535332 14.225331
v 185.886719 -60.798615 8.904279
v 166.080261 -45.760918 -5.772408
v 152.200867 36.084930 -3.021005
v 286.395874 6.394778 -7.687171
v 152.295898 -36.181335 -3.021012
v 262.506470 13.311677 -5.077742
v 278.701569 10.387774 -5.284468
v 30.756060 103.534065 -22.177967
v 272.322784 11.057634 -9.744970
v 166.101288 -62.420471 -5.772408
v 165.950470 54.029129 -7.241166
v 152.190247 44.473068 -7.863908
v 272.360535 -4.956532 -15.715147
v 152.306427 -44.569458 -7.863908
v 152.178101 54.011711 -9.545831
v 278.757294 -0.210126 -15.082740
v 278.743958 7.561709 -12.469871
v 165.939880 62.358917 -5.772401
v 71.390816 -78.363190 37.950199
v 71.395012 -81.675941 28.848543
v 152.318542 -54.108109 -9.545838
v 286.395874 6.394778 -7.687171
v 288.616882 2.101887 -9.050887
v 283.432739 3.386470 -12.760032
v -157.882751 -9.946420 -30.845442
v -222.470551 -16.206993 14.739182
v -99.158043 22.475000 12.961520
v 247.711700 -14.005168 0.735301
v -230.830658 -14.528134 12.101830
v -119.643509 24.015251 -0.335308
v -139.339432 22.336639 10.601795
v 73.111931 13.854379 -14.895557
v 73.148842 -15.310134 -14.895551
v -68.040688 -111.627419 -18.988874
v -68.300621 93.880913 -18.988867
v 53.989479 -15.334370 -10.846638
v -68.320656 109.726616 -18.988874
v -68.060745 -95.781708 -18.988874
v 35.713341 325.338440 -5.672122
v 16.571253 311.397064 9.387631
v 30.756060 103.534065 -22.177967
v 13.029687 323.859436 -6.047221
v 17.361006 -312.994904 9.387631
v 30.796633 98.362923 -21.922264
v 26.884668 97.166191 -22.068241
v 262.497772 -9.966734 4.089334
v 71.325508 -26.745096 19.162729
v 71.567757 -32.657501 11.503840
v -237.817810 -9.850133 -33.133255
v 71.721062 30.383585 10.640727
v -282.645752 7.659540 -23.214891
v 247.660126 -6.069891 8.088183
v -256.934784 -16.991056 -28.683973
v 71.588692 29.425966 19.726847
v -68.297272 91.239952 -27.578302
v -282.036163 3.789011 -27.295095
v -68.323990 112.367546 -27.578302
v -232.816956 -22.317833 0.562196
v 173.359985 -35.725548 9.853270
v 170.020660 -33.854908 11.539900
v 173.359985 -35.725548 9.853270
v 81.023918 8.250376 12.241777
v 81.046608 -9.686136 12.241777
v 71.588692 29.425966 19.726847
v 79.655449 17.545366 14.598841
v 79.701637 -18.984564 14.598841
v 72.003365 -30.452539 19.757074
v -68.037331 -114.268372 -27.578314
v 69.328209 -18.533026 12.491679
v -68.064079 -93.140739 -27.578306
v 69.283150 17.067583 12.491672
v 166.113129 -71.694656 27.277151
v 71.185158 81.374718 19.162745
v -157.918930 -0.275559 -32.790916
v 71.185143 81.374718 28.848543
v 165.975800 34.010666 13.583685
v 151.439911 32.261559 7.246390
v 151.524139 -32.939507 7.246390
v 153.178619 -30.313021 15.305335
v 71.331306 -31.286848 28.047701
v 71.385765 -74.369255 35.644299
v 152.197113 39.049355 36.174797
v 71.229958 45.947994 45.879192
v 71.350182 -46.249210 45.879177
v 71.238899 38.946934 41.837116
v 71.341347 -39.248150 41.837109
v 166.099609 -61.043030 36.214920
v 71.370293 -62.171825 45.879177
v 166.065460 -34.072212 20.643293
v 71.334740 -34.051781 35.644306
v 152.289520 -31.184448 22.385376
v 152.299591 -39.145744 36.174767
v 166.116089 -74.109177 13.583685
v 290.310455 1.221272 -4.542205
v 165.928162 71.633087 6.949851
v 152.207153 31.088032 22.385384
v 152.149109 76.935394 14.301253
v 71.209816 61.870602 45.879192
v 152.207153 31.088032 14.301253
v 152.347534 -77.031784 14.301238
v 288.616882 2.101887 -9.050887
v 286.395874 6.394778 -7.687171
v 2.330302 101.893105 -16.481241
v 2.320276 109.814140 -16.481249
v 165.925201 74.047607 20.643309
v 152.152649 74.170441 29.981987
v 2.330302 101.893105 -16.481241
v 2.590205 -103.615181 -16.481234
v 152.149139 76.935394 22.385384
v 2.320276 109.814140 -16.481249
v 2.580211 -95.694122 -16.481234
v 2.919847 109.814903 -28.774523
v 152.203674 33.852974 29.981987
v 2.590205 -103.615181 -16.481234
v 152.344055 -74.266853 29.981979
v 3.179759 -95.693382 -28.774519
v 152.347473 -77.031784 22.385384
v 165.972717 36.425179 27.277159
v 2.580211 -95.694122 -16.481234
v 152.318512 -54.108109 41.620636
v 152.159210 68.974091 36.174797
v 185.746094 47.544373 18.275312
v 152.328522 -62.069431 40.216843
v 71.219902 53.909283 47.282970
v 152.178101 54.011711 41.620651
v 71.360252 -54.210514 47.282970
v 165.933929 67.095276 32.685143
v 71.201027 68.871666 41.837109
v 71.379234 -69.172882 41.837109
v 152.168030 61.973022 40.216858
v 152.337463 -69.070488 36.174767
v 152.293030 -33.949379 29.981987
v 185.750366 44.159966 14.225347
v 185.747772 46.233849 8.502484
v 152.188232 46.050407 40.216858
v 165.950409 54.029129 37.440819
v 166.082001 -47.138351 36.214935
v 152.308441 -46.146805 40.216858
v 152.344025 -74.266853 6.704635
v 71.389290 -77.134178 28.047693
v 71.389336 -77.134178 19.963572
v 152.197083 39.049355 0.511848
v -11.980384 319.827942 6.512123
v 71.190880 76.832954 28.047709
v 71.190895 76.832954 19.963579
v 152.152588 74.170441 6.704650
v 152.299591 -39.145744 0.511848
v 166.068512 -36.486740 6.949828
v 166.107361 -67.156822 1.541869
v 61.783302 -37.877247 43.485302
v 61.804001 -54.222599 49.434536
v 61.695290 28.854637 19.589962
v 61.824703 -70.567970 43.485279
v 61.804001 -54.222599 49.434536
v 61.663597 53.897198 49.434551
v 177.621918 -59.954201 -0.465158
v 177.614502 -54.076118 -1.501619
v 166.090790 -54.090694 -7.241174
v 283.402496 -8.838315 -8.363151
v -229.434204 -22.655483 -19.158562
v 71.245399 33.750553 35.644314
v -248.969025 -21.425810 -21.370714
v -238.413666 -17.777901 -28.261078
v 169.936493 32.644127 11.539900
v 71.248894 30.985605 28.047709
v 173.271149 34.523209 9.853270
v 61.663597 53.897198 49.434551
v 173.271149 34.523209 9.853270
v 163.706665 32.201965 8.301794
v 163.706665 32.201965 8.301794
v 177.466705 59.921783 -0.465151
v 177.460175 65.090897 2.519240
v 152.188232 46.050423 -3.530221
v -281.452728 -11.268668 -18.362936
v -282.165070 -10.107150 -23.842066
v 152.308441 -46.146805 -3.530221
v 165.939880 62.358917 -5.772401
v 152.318542 -54.108109 -4.934021
v 262.546509 -13.547976 -5.077742
v 272.249969 -4.956677 5.180483
v 262.467285 -0.118216 7.422823
v 166.117523 -75.182426 4.936164
v 152.178101 54.011711 -4.934014
v 165.959259 47.076805 -1.987931
v 152.168030 61.973022 -3.530221
v 272.331451 -11.362257 -9.744970
v 166.090790 -54.090694 -3.213822
v 152.159210 68.974060 0.511855
v 165.941681 60.981476 -1.987931
v 152.337433 -69.070480 0.511840
v 152.328583 -62.069424 -3.530228
v 177.633362 -68.959938 7.091567
v 51.765663 325.113190 -5.562030
v 71.395012 -81.675941 19.162729
v 272.283997 -11.362317 -0.789694
v 283.337708 -6.597188 0.613802
v 278.694672 -10.808179 -5.284468
v 272.356750 4.651996 -15.715147
v 272.356750 4.651996 -15.715147
v -247.839844 9.284640 -33.091061
v 165.923767 75.120880 29.290838
v 177.455322 68.927536 24.277945
v 261.126495 8.812807 -14.020292
v 247.740692 5.833239 -17.646894
v 4.622725 -326.645142 -5.985200
v 151.524139 -32.939507 7.246390
v -257.042175 16.120867 -28.675238
v 220.707275 -111.574844 72.632744
v -10.481431 -324.605774 -1.325685
v 224.531799 -111.570007 75.594109
v 269.047180 -111.513718 75.735657
v 220.707275 -111.574844 72.632744
v -265.134583 -18.821222 -22.853998
v 220.432678 105.582428 72.632713
v 220.432678 105.582428 72.632713
v 224.257080 105.587250 75.594078
v -258.164185 -20.327486 -14.731901
v -119.517494 -17.879158 23.097126
v -129.423889 -14.362679 30.402187
v -123.884613 -9.828041 31.850529
v 268.772491 105.643593 75.735657
v 207.111877 98.769226 -19.341213
v 52.736580 20.953377 -11.968281
v 207.101288 107.113190 -19.341213
v 207.379883 -113.139320 -19.341221
v 209.560547 -105.163246 -26.648750
v 209.560547 -105.163246 -26.648750
v -5.271934 -9.676065 22.949675
v 209.302155 99.142624 -26.648743
v 209.302155 99.142624 -26.648743
v 207.369354 -104.795372 -19.341221
v 288.342163 1.360752 0.237321
v 283.336304 6.035046 0.613817
v 290.310455 1.221272 -4.542205
v -258.306396 19.320871 -14.734182
v 71.189323 78.061958 10.061069
v 71.382973 -72.137299 2.641300
v 71.390785 -78.363190 10.061053
v -265.270782 17.507006 -22.855890
v -123.951118 9.507820 31.867977
v -129.503204 13.943680 30.433430
v 51.898872 318.420532 3.192425
v 30.536297 -100.369896 -21.432468
v 16.937702 -97.371040 -19.887159
v -119.639420 17.569931 23.097134
v 71.348167 -44.671864 -2.201596
v -3.437799 -313.021210 0.733450
v 27.136469 -98.588310 -22.859276
v -4.227507 311.370758 0.733450
v 61.813187 -61.481594 43.949596
v 71.231972 44.370640 -2.201581
v -40.356853 13.710865 -12.159355
v -46.646641 13.702908 -15.669029
v -40.319977 -15.453663 -12.159355
v -46.609753 -15.461617 -15.669029
v 61.794830 -46.963604 43.949596
v 61.680870 40.254757 40.264103
v 61.690086 32.995754 27.691143
v 11.316835 -96.349358 -18.771646
v 61.652607 62.594402 0.110301
v 166.082031 -47.138348 -1.987939
v -232.896454 21.970371 0.599091
v 18.282270 -325.586792 -5.993121
v 4.622725 -326.645142 -5.985200
v 177.607056 -48.198040 -0.465158
v -208.427231 22.440250 3.097664
v -239.859833 -6.862858 -18.141602
v 8.167129 -324.107635 -2.399217
v -222.542267 16.815464 14.792763
v 71.197212 71.836067 2.641315
v -88.156929 101.778641 -27.339228
v -237.817810 -9.850133 -33.133255
v 166.068512 -36.486736 27.277159
v 71.219902 53.909283 -3.883504
v -206.500458 -6.994586 -15.387910
v -206.111511 2.731999 -17.155075
v 177.595703 -39.192310 24.277945
v -206.500458 -6.994586 -15.387910
v -239.859833 -6.862858 -18.141602
v 288.342163 1.360752 0.237321
v 165.967010 40.962997 1.541869
v 177.488068 42.996559 2.519240
v 71.207848 63.447933 -2.201581
v 71.360268 -54.210514 -3.883511
v 71.372322 -63.749165 -2.201596
v 278.638824 -0.210271 4.513803
v 283.336304 6.035046 0.613817
v 269.040649 -106.265007 75.735657
v 196.155060 16.496756 2.518582
v 224.525208 -106.321274 75.594078
v 71.385765 -74.369247 12.366969
v 52.706245 -319.928986 3.192425
v 220.700714 -106.326111 72.632713
v 71.194420 74.068031 12.366977
v 53.198341 -312.949554 4.222409
v 247.641846 13.768456 0.735301
v -5.328589 9.357260 22.949675
v 220.700714 -106.326111 72.632713
v 224.525208 -106.321274 75.594078
v 224.531799 -111.570007 75.594109
v 224.257080 105.587250 75.594078
v 220.439209 100.333679 72.632713
v 224.263702 100.338531 75.594078
v 224.263702 100.338531 75.594078
v 268.779175 100.394890 75.735657
v 220.439209 100.333679 72.632713
v 12.716564 -110.587914 -26.729315
v 12.456607 94.920403 -26.729307
v 12.698863 -96.616905 -26.729315
v 11.338276 -113.277275 -22.940870
v 11.056894 109.159004 -18.771654
v 165.966980 40.962997 32.685143
v -45.717598 13.704082 -19.583267
v 177.488129 42.996559 28.850286
v -46.646641 13.702908 -15.669029
v -45.846996 115.380013 -22.318012
v 52.590019 -326.621918 -5.562023
v -45.552914 -117.136391 -22.318012
v -46.609753 -15.461617 -15.669029
v -45.680714 -15.460442 -19.583275
v 61.691475 31.875145 36.720081
v -39.470783 -117.128685 -17.585274
v 61.684288 37.551830 43.485317
v 56.579823 73.285789 12.807925
v -45.846996 115.380013 -22.318012
v 287.939667 -5.178914 -7.838904
v 61.631947 78.939751 19.589962
v 61.684288 37.551830 4.525974
v 56.726524 -39.833515 6.849751
v 61.814999 -62.919796 0.110294
v 61.635761 75.919243 36.720081
v 61.835659 -79.265152 28.421314
v 61.635761 75.919228 11.291194
v 56.772655 -76.284172 20.116711
v 61.835674 -79.265152 19.589962
v 56.622551 39.495304 41.161549
v 61.792980 -45.525410 0.110294
v 61.783302 -37.877243 4.525974
v 56.716835 -32.173832 27.894550
v 61.772301 -29.180061 19.589962
v 56.579823 73.285789 35.203350
v 61.686882 35.516773 13.393679
v -39.764858 115.387718 -17.585274
v -30.538885 -220.637329 -5.855857
v -31.094812 218.918579 -5.855857
v 61.642963 70.242561 43.485302
v 61.674610 45.200016 0.110294
v 61.772301 -29.180061 28.421314
v 71.567757 -32.657501 11.503840
v 56.754421 -61.888676 2.960812
v -45.552914 -117.136391 -22.318012
v 56.622551 39.495304 6.849759
v 72.003365 -30.452539 19.757074
v 71.588692 29.425966 19.726847
v 67.597115 -31.750570 12.817767
v 61.824673 -70.567978 4.525974
v 288.616882 2.101887 -9.050887
v 71.567757 -32.657501 11.503840
v 72.003365 -30.452539 19.757074
v 67.518669 30.280710 12.817767
v 67.597115 -31.750570 12.817767
v 71.588692 29.425966 19.726847
v 71.721062 30.383585 10.640727
v 231.538239 7.859529 -14.937032
v 67.518669 30.280710 12.817767
v 231.416626 104.026169 -14.937032
v 217.336548 104.008362 -12.451870
v 217.336548 104.008362 -12.451870
v -6.769292 -220.607300 -11.996675
v -7.325265 218.948669 -11.996675
v -27.545633 -313.051666 1.929679
v 16.945560 -103.597069 -18.929705
v 16.937702 -97.371040 -19.887159
v -28.335386 311.340240 1.929679
v 65.101433 16.793419 9.000514
v 71.488228 8.238313 5.623226
v 53.988873 -117.010460 -19.188480
v 66.475845 -116.994682 -20.140078
v 71.510963 -9.698203 5.623218
v 66.181763 115.521721 -20.140078
v 65.145744 -18.269440 9.000514
v 167.843109 8.360174 3.256919
v 70.358299 17.039484 7.259464
v 70.403297 -18.502195 7.259471
v 11.316835 -96.349358 -18.771646
v 73.148842 -15.310134 -14.895551
v 30.796633 98.362923 -21.922264
v 61.640385 72.277626 13.393679
v -264.680328 -9.369757 -31.699541
v -271.559479 -0.758620 -31.479494
v 71.200966 68.871666 6.174175
v -264.725891 8.183611 -31.697725
v -256.819214 -0.410291 -33.805515
v 30.536297 -100.369896 -21.432468
v 61.827251 -72.603035 13.393672
v 71.370338 -62.171829 2.132099
v 71.379173 -69.172882 6.174175
v 178.276428 -22.082674 9.148123
v 259.574890 103.459381 -13.151587
v -77.475258 -17.739164 -22.839151
v 184.990631 -22.170576 7.233473
v 178.222076 20.892820 9.148123
v 205.092743 -9.529237 5.276136
v 170.020660 -33.854908 11.539900
v 169.936493 32.644127 11.539900
v -5.185632 -0.159265 -28.292749
v 184.936035 20.997709 7.233473
v 259.575195 103.459381 -9.020124
v 283.857025 96.862358 -11.206176
v 259.575195 103.459381 -9.020124
v 259.574890 103.459381 -13.151587
v 259.680664 18.176180 -11.206175
v 284.103729 -98.172989 -11.206183
v 259.838531 -104.719101 -9.020132
v 259.838165 -104.719101 -13.151594
v 259.728363 -19.548243 -11.206175
v 259.838165 -104.719101 -13.151594
v 259.838531 -104.719101 -9.020132
v 185.747772 46.233849 8.502484
v 16.937702 -97.371040 -19.887159
v 16.945560 -103.597069 -18.929705
v 31.015652 -105.184273 -21.669258
v 71.245415 33.750553 12.366977
v 129.889465 43.348324 11.468491
v 129.886230 45.906185 8.420158
v 129.888794 43.853619 24.143143
v 185.740051 52.278954 4.060850
v 129.876892 53.271229 4.536294
v 130.029694 -64.649277 20.503227
v 130.025757 -61.562519 26.896515
v 130.020447 -57.342926 27.964470
v 129.862122 64.950119 16.464615
v 185.727905 61.942123 13.043416
v 130.029694 -64.649277 20.503227
v 247.689117 13.768525 -10.294019
v 196.174927 17.694036 -4.110826
v 130.015503 -53.424061 5.739487
v 130.010498 -49.505203 6.430489
v 49.033955 -220.536697 -7.180477
v 185.877350 -53.353394 4.398626
v 48.477962 219.019257 -7.180477
v 247.759033 -14.005111 -10.294019
v 11.228774 -328.170013 -5.740358
v -87.897011 -103.729660 -35.187191
v -88.156937 101.778641 -35.187183
v 31.015652 -105.184273 -21.669258
v 261.151917 -9.504568 -14.020292
v 27.149103 -108.580032 -22.859276
v -12.279606 -115.867691 -24.161383
v 71.209862 61.870602 2.132114
v 71.350227 -46.249210 2.132099
v 71.360268 -54.210514 0.728313
v 61.640385 72.277611 34.617603
v 71.341347 -39.248150 6.174175
v 56.721428 -35.820927 27.251492
v 61.830410 -75.124054 27.691135
v 61.637196 74.798637 27.691151
v 71.230019 45.947994 2.132114
v 61.654411 61.156200 43.949596
v 56.604343 53.890812 42.697712
v 61.663597 53.897198 45.229565
v 61.803967 -54.222599 2.781734
v 61.672825 46.638210 4.061694
v 56.729576 -42.213993 9.686687
v 61.777550 -33.321148 27.691135
v 61.780739 -35.842171 34.617588
v 61.786705 -40.580151 7.747180
v 56.752819 -60.622055 6.440837
v 56.765209 -70.416794 33.351665
v 71.238838 38.946926 6.174175
v 61.780708 -35.842171 13.393672
v 71.219902 53.909283 0.728320
v 61.813168 -61.481594 4.061679
v 56.583897 70.078590 33.351673
v 61.827251 -72.603043 34.617580
v 61.654408 61.156200 4.061694
v 16.953421 -109.823097 -19.887159
v -19.972319 319.234650 4.922973
v -7.745927 -325.790131 1.792616
v -1.852042 324.627289 3.128027
v -22.756136 -319.455292 1.051261
v 51.827965 323.444580 0.338368
v 39.762184 319.429108 5.754101
v -19.162653 -320.924896 4.922973
v 36.151070 324.643768 3.377423
v 39.698723 326.555878 -5.489292
v -69.499855 93.879356 -23.570757
v -69.499855 93.879356 -23.570757
v -69.239922 -111.628868 -23.570734
v -69.239922 -111.628868 -23.570734
v 215.702911 -108.705185 -33.958195
v 244.377197 -108.668945 -33.321159
v 264.149292 -112.696938 -26.011721
v 244.377197 -108.668945 -33.321159
v 56.632286 31.835625 27.894566
v 56.735077 -46.569309 45.050472
v 56.628899 34.495808 35.203365
v 61.792984 -45.525410 47.900997
v 56.735077 -46.569309 45.050472
v 56.744781 -54.228996 46.401073
v 61.695305 28.854637 28.421329
v 56.632286 31.835625 27.894566
v -281.485779 9.043946 -18.366125
v -282.645752 7.659540 -23.214891
v -284.234833 5.064713 -14.810193
v 244.109802 102.736404 -33.321156
v 263.871582 106.814430 -26.011713
v 215.435486 102.700089 -33.958191
v 244.109802 102.736404 -33.321156
v 56.586155 68.286293 41.161549
v 61.831829 -76.244637 36.720081
v 56.735073 -46.569317 2.960812
v 61.652611 62.594402 47.901012
v 61.776100 -32.200554 36.720081
v 56.726524 -39.833515 41.161533
v 61.815002 -62.919796 47.900997
v 56.769253 -73.624001 35.203342
v 56.632240 31.835625 20.116726
v 56.628899 34.495800 12.807925
v 61.663578 53.897198 -1.423253
v 56.762966 -68.624496 6.849742
v 56.614033 46.231113 2.960827
v 56.772655 -76.284172 27.894566
v 56.576450 75.945961 20.116726
v 56.762966 -68.624504 41.161533
v -74.787224 108.809059 -36.073345
v 56.594658 61.550488 45.050472
v 61.691505 31.875145 11.291194
v 61.674614 45.200016 47.901012
v 41.994820 -325.544037 1.749539
v -29.319410 -220.635803 -12.676553
v 61.776100 -32.200554 11.291179
v -285.442780 -6.361944 -18.360355
v -285.913361 -4.031729 -21.541256
v 56.754440 -61.888676 45.050472
v 56.614067 46.231113 45.050472
v 56.765209 -70.416794 33.351665
v 56.576450 75.945961 27.894566
v 40.572182 -320.968292 5.754101
v 56.614033 46.231113 2.960827
v 56.720177 -34.834011 35.203350
v 61.831860 -76.244652 11.291179
v -260.429169 11.947978 -1.748419
v 56.594658 61.550488 45.050472
v 61.631947 78.939766 28.421329
v -284.404449 -1.134474 -25.844975
v 56.586170 68.286293 6.849751
v 61.642933 70.242561 4.525981
v 56.720177 -34.834011 35.203350
v -284.219208 -7.449233 -14.820432
v 56.594654 61.550488 2.960827
v 56.628899 34.495800 12.807925
v 56.604378 53.890812 46.401089
v 56.769268 -73.624001 12.807918
v 52.590019 -326.621918 -5.562023
v -29.875376 218.920166 -12.676553
v 56.744778 -54.228996 1.610203
v 53.095482 13.829056 -12.241261
v 61.803997 -54.222599 -1.423260
v 52.648109 -324.953247 0.338368
v -285.913361 -4.031729 -21.541256
v -286.683746 -1.222998 -18.266659
v 56.744778 -54.228996 1.610203
v -282.165070 -10.107150 -23.842066
v 56.604374 53.890812 1.610211
v -285.532837 -2.281554 -10.818166
v -74.527290 -96.699226 -36.073338
v 56.769268 -73.624001 12.807918
v 73.111931 13.854379 -14.895557
v 56.754440 -61.888676 45.050472
v -74.769478 94.782036 -36.073345
v 56.772655 -76.284172 27.894566
v -286.683746 -1.222998 -18.266659
v 56.594654 61.550488 2.960827
v 56.720238 -34.834011 12.807918
v 56.769253 -73.624001 35.203342
v 56.576450 75.945961 27.894566
v 56.720238 -34.834011 12.807918
v 56.716835 -32.173832 20.116711
v 53.694782 115.505898 -19.188480
v -261.222717 5.994060 1.929499
v 56.604378 53.890812 46.401089
v -68.320702 109.726601 -36.167736
v -230.470306 14.690089 12.280869
v 36.248283 -327.657379 -5.580729
v -68.060760 -95.781700 -36.167732
v -231.803070 9.213908 13.355096
v 18.282270 -325.586792 -5.993121
v 24.811012 -328.658356 -5.560107
v 22.369713 16.899895 15.897870
v 52.689186 20.953316 6.511745
v 86.135597 21.584948 -3.113081
v 290.193970 -3.701969 -4.727721
v 287.939667 -5.178914 -7.838904
v 166.071045 -38.435829 -1.543267
v 177.600525 -43.028954 2.519232
v 177.495575 37.118477 18.669142
v 288.991913 -4.179089 -1.190185
v 165.977173 32.937386 4.936179
v 165.980804 30.044493 21.342649
v 177.492981 39.159912 7.091581
v 177.488068 42.996559 2.519240
v 177.495575 37.118477 12.700384
v 177.607056 -48.198040 -0.465158
v -49.213589 -103.680695 -26.197750
v 43.799431 -15.347260 -13.718220
v 43.878811 219.013428 -4.819912
v -49.473541 101.827553 -26.197777
v -87.897011 -103.729660 -27.339231
v 52.408546 311.442352 4.222401
v 177.593079 -37.150883 12.700370
v 166.101288 -62.420471 -5.772408
v -283.402405 1.390703 -8.974370
v -266.378082 13.938738 -9.818365
v 166.060455 -30.106066 12.884352
v -278.199158 9.022202 -13.082089
v 177.595673 -39.192310 7.091567
v 130.006165 -46.059025 25.974815
v 177.621918 -59.954201 -0.465158
v 130.002930 -43.501156 11.468483
v 177.628448 -65.123306 2.519232
v 187.802826 8.385428 8.921689
v 172.379517 8.365918 10.921080
v 177.455261 68.927536 7.091567
v 177.460175 65.090897 2.519240
v 165.960968 45.699364 -5.772408
v -282.733704 -5.268416 -9.281301
v -266.272797 -15.445035 -9.785276
v 177.481598 48.165642 -0.465151
v 162.938629 19.860723 11.585738
v 177.474121 54.043716 -1.501612
v -278.161682 -11.165313 -13.080518
v 288.536163 5.321605 -2.265105
v 290.310455 1.221272 -4.542205
v 162.990387 -21.089239 11.585738
v 56.581104 72.298851 20.759808
v 61.637180 74.798637 20.320148
v 56.581104 72.298851 20.759808
v -87.381683 97.777405 -32.790443
v -87.391808 105.781815 -32.790443
v 56.576450 75.945961 20.116726
v -87.121758 -107.730873 -32.790447
v -87.131882 -99.726494 -32.790447
v 56.581074 72.298851 27.251499
v 172.402222 -9.570589 10.921080
v 177.488129 42.996559 28.850286
v 177.493011 39.159912 24.277945
v 56.736629 -47.835945 41.570431
v 56.744778 -54.228996 42.697689
v 56.581074 72.298851 27.251499
v 187.825470 -9.551072 8.921681
v 165.930634 69.684006 -1.543260
v 165.970337 38.374275 35.770264
v 61.804001 -54.222599 45.229549
v 56.744781 -54.228996 46.401073
v 56.744778 -54.228996 42.697689
v 56.736629 -47.835945 41.570431
v 56.586170 68.286293 6.849751
v 56.759945 -66.244019 38.324589
v 56.726524 -39.833515 41.161533
v -225.094208 -9.893078 -32.723839
v -217.135513 -16.332886 -27.083813
v 177.595703 -39.192310 24.277945
v 177.635925 -71.001366 18.669142
v 56.752819 -60.622055 41.570431
v 231.681366 -105.244789 -14.937039
v 30.920769 -328.622253 -5.510256
v 56.583897 70.078590 14.659625
v -204.309875 -9.981856 -31.931702
v 231.559692 -9.078132 -14.937039
v 56.589161 65.905815 9.686709
v 61.646336 67.539665 7.747180
v 56.583897 70.078590 14.659625
v 177.593109 -37.150883 18.669127
v 56.724236 -38.041225 33.351665
v 56.752819 -60.622055 41.570431
v 7.573958 -326.557892 3.976775
v 61.821255 -67.865067 40.264088
v 217.479645 -9.095932 -12.451878
v 56.724236 -38.041225 33.351665
v 56.759945 -66.244019 38.324589
v 24.504995 -326.638519 4.390333
v 286.395874 6.394778 -7.687171
v 56.589161 65.905815 9.686709
v 56.729576 -42.213985 38.324589
v 56.762966 -68.624504 41.161533
v 166.121155 -78.075333 12.884352
v 166.064178 -32.998955 29.290823
v 19.215979 -321.934387 8.014256
v 56.729576 -42.213985 38.324589
v 177.474182 54.043732 32.871124
v 177.635925 -71.001366 12.700370
v 177.481598 48.165642 31.834646
v 61.786751 -40.580151 40.264088
v 177.621979 -59.954201 31.834646
v -69.259987 -95.783188 -23.570734
v 165.950409 54.029129 41.468170
v 166.101410 -62.420471 39.999390
v 177.614563 -54.076130 32.871117
v -75.726494 -96.700706 -23.476347
v -74.527290 -96.699226 -36.073338
v 177.607056 -48.198040 31.834646
v 56.627647 35.482723 20.759808
v 61.690010 32.995754 20.320156
v 262.585632 -0.118071 -17.578299
v 56.614067 46.231113 45.050472
v 166.080261 -45.760918 39.999390
v 56.619576 41.875790 38.324589
v 56.632240 31.835625 20.116726
v 56.619576 41.875790 38.324589
v 56.627647 35.482723 20.759808
v 56.612461 47.497753 41.570446
v 56.624870 37.703007 14.659617
v 177.600555 -43.028946 28.850279
v 56.624870 37.703007 14.659617
v 247.740692 5.833239 -17.646894
v -69.259987 -95.783188 -23.570734
v 61.672768 46.638195 43.949596
v 56.612461 47.497753 41.570446
v 26.884668 97.166191 -22.068241
v 27.149103 -108.580032 -22.859276
v 27.136469 -98.588310 -22.859276
v -69.519890 109.725075 -23.570757
v 30.756060 103.534065 -22.177967
v 31.015652 -105.184273 -21.669258
v 21.984140 -103.590668 -25.225513
v -75.986435 108.807518 -23.476358
v -74.787224 108.809059 -36.073345
v 56.721443 -35.820930 20.759792
v 61.646412 67.539635 40.264103
v 56.744732 -54.228996 5.313571
v 61.686882 35.516773 34.617603
v 177.452728 70.968979 12.700377
v 56.586155 68.286293 41.161549
v 56.619560 41.875782 9.686694
v 56.589161 65.905815 38.324589
v 56.721443 -35.820930 20.759792
v 61.680901 40.254749 7.747188
v 56.765209 -70.416794 14.659610
v 56.762966 -68.624496 6.849742
v 56.765209 -70.416794 14.659610
v 177.452667 70.968979 18.669142
v 56.627632 35.482723 27.251492
v 56.589161 65.905815 38.324589
v 56.612446 47.497753 6.440837
v 56.624870 37.703007 33.351673
v 56.724281 -38.041218 14.659610
v 56.628899 34.495808 35.203365
v 61.777519 -33.321144 20.320148
v 56.735073 -46.569317 2.960812
v 56.759945 -66.244026 9.686679
v 56.759945 -66.244026 9.686679
v 56.744732 -54.228996 5.313571
v -69.519890 109.725075 -23.570757
v 56.604374 53.890797 5.313580
v 56.736645 -47.835945 6.440837
v 165.920074 78.013794 12.884359
v 56.724281 -38.041218 14.659610
v 56.736645 -47.835945 6.440837
v 56.716835 -32.173832 20.116711
v 56.622551 39.495304 6.849759
v 22.463425 -17.506599 15.897870
v 56.604374 53.890797 5.313580
v 56.612446 47.497753 6.440837
v 56.604374 53.890812 1.610211
v 56.624870 37.703007 33.351673
v 61.794827 -46.963596 4.061679
v 56.596287 60.283855 6.440845
v 56.596287 60.283855 6.440845
v 56.596287 60.283855 41.570461
v 61.663639 53.897198 2.781734
v 56.627632 35.482723 27.251492
v 61.821255 -67.865067 7.747173
v 56.596287 60.283855 41.570461
v 56.619560 41.875782 9.686694
v 9.931651 -93.573723 -22.851049
v 56.768063 -72.637077 27.251484
v 166.117554 -75.182434 29.290823
v 3.176494 -93.053032 -22.779741
v 177.466705 59.921783 31.834654
v 2.916582 112.455269 -22.779734
v 2.943255 91.332466 -22.779745
v 11.053858 111.577278 -22.940882
v 61.830441 -75.124062 20.320148
v 177.633362 -68.959938 24.277945
v 52.706245 -319.928986 3.192425
v 11.078319 92.231056 -22.940882
v 56.768032 -72.637085 20.759792
v 165.930634 69.684006 35.770264
v 56.768063 -72.637077 27.251484
v 177.628448 -65.123299 28.850271
v 56.772655 -76.284172 20.116711
v 56.768032 -72.637085 20.759792
v 177.460175 65.090912 28.850286
v -224.638031 15.228527 -27.527939
v -217.210953 16.950008 -27.078484
v -13.281263 101.873344 -12.626222
v 43.427818 318.685699 3.837178
v -32.510021 110.331490 -14.534005
v -238.460785 17.425106 -28.244946
v -32.228642 -112.141708 -14.534005
v -32.488590 93.366631 -14.534005
v -32.499317 101.849037 -11.271172
v -225.204285 9.583515 -32.726341
v -32.239384 -103.659256 -11.271180
v -32.250126 -95.176811 -14.534005
v -13.021358 -103.634956 -12.626222
v -119.643509 24.015251 -0.335308
v -23.702677 -313.046844 6.076820
v -68.300667 93.880913 -36.167736
v -35.268261 218.913361 -11.035110
v -74.769478 94.782036 -36.073345
v -175.474518 22.280424 5.521613
v -34.712288 -220.642654 -11.035118
v -27.545633 -313.051666 1.929679
v 177.474121 54.043716 -1.501612
v 66.475845 -116.994682 -20.140078
v -139.339432 22.336639 10.601795
v 165.950409 54.029129 -3.213815
v -139.319031 17.021194 28.067837
v -28.335386 311.340240 1.929679
v -24.492384 311.345123 6.076805
v 177.481598 48.165642 -0.465151
v 59.665424 -220.523254 -7.972995
v -75.968712 94.780525 -23.476358
v 177.452728 70.968979 12.700377
v 165.925079 74.047623 13.583685
v 177.455261 68.927536 7.091567
v -75.717628 -103.714211 -25.873526
v -75.726494 -96.700706 -23.476347
v -75.708763 -110.727707 -23.476347
v -69.249931 -103.706024 -26.433878
v -75.977562 101.794044 -25.873549
v -75.986435 108.807518 -23.476358
v -75.968712 94.780525 -23.476358
v -69.509865 101.802208 -26.433897
v 2.939868 93.972786 -28.774519
v 2.929849 101.893852 -30.772779
v 9.684398 101.902397 -29.037493
v 2.919847 109.814903 -28.774523
v 3.179759 -95.693382 -28.774519
v 3.189793 -103.614449 -30.772776
v -74.509560 -110.726234 -36.073338
v -68.040756 -111.627373 -36.167717
v 9.944363 -103.605919 -29.037497
v 3.199810 -111.535500 -28.774511
v 177.452667 70.968979 18.669142
v 165.928192 71.633118 27.277166
v 177.614502 -54.076118 -1.501619
v 9.674898 109.426567 -27.490881
v 166.099609 -61.043030 -1.987939
v 11.326054 -103.604179 -17.381891
v 226.152313 -12.176083 6.653133
v 165.933899 67.095276 1.541877
v 2.590205 -103.615181 -16.481234
v 21.716753 107.222740 -24.503717
v 177.460175 65.090897 2.519240
v 177.621918 -59.954201 -0.465158
v 26.868107 106.920036 -21.277203
v 177.466705 59.921783 -0.465151
v 196.199707 -7.448196 11.357816
v 21.724230 101.917610 -25.225508
v 205.070099 8.407264 5.276136
v 21.716753 107.222740 -24.503717
v -75.708763 -110.727707 -23.476347
v 177.455322 68.927536 24.277945
v -82.208488 96.230080 -35.557270
v 3.798478 325.015015 -5.985200
v 166.074280 -41.024559 32.685127
v 284.652557 -104.697655 -18.704201
v 177.628448 -65.123306 2.519232
v 177.466705 59.921783 31.834654
v -82.215515 101.786171 -37.332203
v -81.946190 -111.130272 -30.232489
v -82.206123 94.378044 -30.232485
v -82.224861 109.194298 -30.232485
v -81.964951 -96.314018 -30.232492
v 177.633362 -68.959938 7.091567
v -82.222511 107.342262 -35.557270
v 263.881165 99.211723 -26.011713
v 264.139618 -105.094231 -26.011721
v -87.131882 -99.726494 -32.790447
v -87.381683 97.777405 -32.790443
v 177.607056 -48.198040 31.834646
v 10.400712 326.556549 -5.740358
v -175.314331 -22.891359 5.520049
v 165.941681 60.981476 36.214935
v 184.936035 20.997709 7.233473
v -87.391808 105.781815 -32.790443
v 177.600555 -43.028946 28.850279
v -139.198303 -17.464966 28.016880
v -81.948524 -109.278229 -35.557274
v -87.121758 -107.730873 -32.790447
v 263.881165 99.211723 -26.011713
v 166.113068 -71.694641 6.949828
v 166.074280 -41.024559 1.541869
v -81.962601 -98.166039 -35.557274
v 264.149292 -112.696938 -26.011721
v 264.139618 -105.094231 -26.011721
v -81.955559 -103.722145 -37.332203
v -139.184235 -22.780399 10.601780
v 177.595673 -39.192310 7.091567
v 177.460175 65.090912 28.850286
v 284.395050 98.867027 -18.704178
v 263.871582 106.814430 -26.011713
v 284.395050 98.867027 -18.704178
v 207.111877 98.769226 -19.341213
v 207.369354 -104.795372 -19.341221
v 177.600525 -43.028954 2.519232
v 284.652557 -104.697655 -18.704201
v 177.495575 37.118477 18.669142
v 177.493011 39.159912 24.277945
v 190.274200 8.388549 4.124487
v -68.050697 -103.704552 -16.125731
v 151.439911 32.261559 7.246390
v -8.567954 324.128723 1.792609
v 177.495575 37.118477 12.700384
v -285.455933 3.965975 -18.352787
v 177.593109 -37.150883 18.669127
v -283.402405 1.390703 -8.974370
v 166.065460 -34.072216 13.583677
v -286.319489 0.992821 -15.033673
v -285.920929 1.640604 -21.532547
v 166.116211 -74.109154 20.643286
v 71.721062 30.383585 10.640727
v 165.975800 34.010658 20.643301
v 177.593079 -37.150883 12.700370
v -68.310631 101.803749 -16.125731
v 166.090881 -54.090691 37.440804
v 177.474182 54.043732 32.871124
v 148.626038 19.253101 5.155280
v 177.481598 48.165642 31.834646
v -220.110596 24.059978 -7.980643
v 165.972717 36.425179 6.949851
v -217.210953 16.950008 -27.078484
v 177.621979 -59.954201 31.834646
v 177.492981 39.159912 7.091581
v 177.635925 -71.001366 12.700370
v 177.635925 -71.001366 18.669142
v 177.614563 -54.076130 32.871117
v 165.959229 47.076782 36.214935
v -60.310055 101.813866 -13.631110
v -60.050148 -103.694427 -13.631118
v -268.274750 -0.825171 0.321841
v -82.224861 109.194298 -30.232485
v 22.456665 16.900009 -20.481987
v -253.545807 -8.192778 4.712030
v 185.868347 -46.245338 8.502469
v -82.206123 94.378044 -30.232485
v -5.217943 9.357405 -26.525766
v 86.223595 8.330423 -23.092535
v -267.995972 -6.121634 -0.913976
v -82.222527 107.342262 -24.907694
v -86.612007 98.178001 -27.674280
v -82.208473 96.230080 -24.907694
v -82.215492 101.786171 -23.132765
v -205.882660 22.440166 -17.866859
v 166.107391 -67.156830 32.685127
v -229.516510 22.327183 -19.140030
v 177.633362 -68.959938 24.277945
v 86.249260 -0.505979 -24.519640
v 177.628448 -65.123299 28.850271
v -260.337708 -13.091014 -1.716238
v -86.621124 105.383186 -27.674273
v -5.217943 9.357405 -26.525766
v 185.868347 -46.245338 8.502469
v -86.352081 -107.330307 -27.674280
v -81.948532 -109.278229 -24.907694
v -81.962608 -98.166061 -24.907694
v -81.964951 -96.314018 -30.232492
v 185.731415 59.139435 6.937338
v -81.946190 -111.130272 -30.232489
v 185.740051 52.278954 4.060850
v 129.871979 57.190090 6.430496
v 130.006104 -46.059010 8.420143
v -81.955559 -103.722145 -23.132765
v -5.161294 -9.675932 -26.525766
v -86.361191 -100.125114 -27.674280
v 28.561037 -220.562592 -7.460436
v 152.675537 -20.621902 13.479194
v 53.198341 -312.949554 4.222409
v 158.178192 29.115522 14.987754
v 86.156578 -9.342527 16.866388
v 29.649126 115.475502 -19.519665
v -204.872192 17.576847 -26.664757
v 59.109478 219.032684 -7.973003
v 59.109478 219.032684 -7.973003
v 52.408546 311.442352 4.222401
v -175.173141 9.374075 -31.155844
v 7.349321 322.486450 -2.399217
v 59.665424 -220.523254 -7.972995
v 158.178192 29.115522 14.987754
v 3.798478 325.015015 -5.985200
v 44.134666 -312.961029 4.913144
v 66.181763 115.521721 -20.140078
v 26.681219 -312.983124 4.672735
v -54.820911 -9.647187 -28.354759
v 19.416342 218.982544 -8.350917
v 158.253448 -30.356054 14.987754
v 53.095482 13.829056 -12.241261
v -157.966415 17.454390 -25.008982
v 158.253448 -30.356054 14.987754
v -5.185632 -0.159265 -28.292749
v 86.112984 8.330278 16.866381
v 163.789703 -33.428486 8.301794
v -5.161294 -9.675932 -26.525766
v -205.882660 22.440166 -17.866859
v 13.029687 323.859436 -6.047221
v 48.292530 115.499092 -16.359585
v 153.994873 28.190474 16.309416
v 152.624939 19.367298 13.479194
v 153.178619 -30.313021 15.305335
v 43.344948 311.430908 4.913136
v -47.999901 -115.090096 -25.302151
v 153.178619 -30.313021 15.305335
v 153.994873 28.190474 16.309416
v 22.400759 -0.303376 22.512394
v 151.439911 32.261559 7.246390
v -32.228703 -112.141701 -34.110909
v 130.027985 -63.346962 11.468483
v 86.130821 -0.506132 18.293467
v 226.209381 -16.544189 -4.435841
v 185.867920 -45.966591 15.950543
v 185.886719 -60.798615 8.904279
v 130.006165 -46.059025 25.974815
v 130.024750 -60.789104 8.420150
v 185.747772 46.233849 8.502484
v 185.867920 -45.966591 15.950543
v 130.002930 -43.501167 22.926483
v 129.886230 45.906185 8.420158
v 129.881927 49.352383 27.964478
v 129.881897 49.352383 6.430504
v 129.888794 43.853619 24.143143
v 185.746094 47.544373 18.275312
v 185.731415 59.139435 6.937338
v 129.864349 63.194118 11.468491
v 163.789703 -33.428486 8.301794
v 129.862122 64.950119 16.464615
v 130.006104 -46.059010 8.420143
v 52.797218 -21.820889 6.511745
v 86.244499 -22.597067 -3.113081
v 151.524139 -32.939507 7.246390
v 71.567757 -32.657501 11.503840
v 130.002930 -43.501156 11.468483
v 185.868347 -46.245338 8.502469
v 129.864349 63.194118 11.468491
v 129.866577 61.409679 7.498444
v 129.871979 57.190090 6.430496
v 130.020447 -57.342926 27.964470
v -242.874634 20.928873 -2.037565
v -243.956879 16.078997 4.468225
v 196.309052 -17.026064 -10.740252
v 123.319893 -20.000664 -11.358467
v 129.866577 61.409679 7.498444
v -157.845688 -18.005461 -25.008982
v -251.697754 19.045435 -4.916365
v 185.731415 59.139435 6.937338
v 129.871979 57.190090 6.430496
v -241.270569 22.915857 -10.638373
v 86.273338 -16.706076 -18.811224
v -204.772400 -18.087337 -26.665009
v -157.882751 -9.946420 -30.845442
v 130.025757 -61.562519 26.896515
v 185.736359 55.265793 20.999990
v 129.871918 57.190090 27.964478
v 129.876892 53.271244 28.655479
v 185.883087 -57.929523 19.300169
v 129.889465 43.348324 11.468491
v 129.892670 40.802410 14.998894
v 129.891174 41.987331 19.187149
v 130.015503 -53.424061 5.739487
v 129.892670 40.802410 14.998894
v 130.020966 -57.754444 5.299851
v 130.024750 -60.789104 8.420150
v 130.020966 -57.754444 5.299851
v 130.015503 -53.424061 5.739487
v 185.877350 -53.353394 4.398626
v 130.029755 -64.707977 15.207817
v 130.001221 -42.140156 19.187141
v 129.999634 -40.955235 14.998894
v 130.002930 -43.501156 11.468483
v 130.001221 -42.140156 19.187141
v 129.999634 -40.955235 14.998894
v -99.137924 9.584374 30.016222
v 231.416626 104.026169 -14.937032
v 160.983643 -19.888903 -3.790963
v 19.972277 -220.573486 -8.350917
v 231.681305 -105.244759 -7.285969
v 196.261749 -17.026121 2.518582
v 19.855803 -117.053642 -20.584715
v 231.559723 -9.078124 -7.285969
v 129.867584 60.636288 25.974815
v 245.639862 -9.060325 -7.002866
v 231.538239 7.859544 -7.285969
v 245.618408 7.877352 -7.002866
v 245.496826 104.043976 -7.002858
v 29.943243 -117.040901 -19.519665
v 23.218765 -15.373292 -15.371753
v 123.272484 -20.000721 4.432786
v 231.416626 104.026169 -7.285969
v 185.867920 -45.966591 15.950543
v 259.698486 7.895152 -8.135321
v 185.731934 58.765457 19.069868
v 160.924866 -14.687076 9.497344
v -123.919456 -0.000005 32.197643
v 185.873688 -50.467583 20.535009
v 130.015503 -53.424076 28.655472
v -99.071457 -9.751494 30.016222
v -99.107704 -0.083555 32.148067
v 245.496826 104.043976 -7.002858
v 130.010529 -49.505203 27.964478
v 231.416626 104.026169 -7.285969
v 129.864349 63.194134 22.926483
v 259.575195 103.459381 -9.020124
v 259.838531 -104.719101 -9.020132
v 245.761444 -105.226944 -7.002866
v -219.997620 -24.458645 -7.987105
v 18.569551 311.399567 3.899679
v 25.891481 311.408783 4.672735
v 11.066072 101.904167 -17.381907
v 226.217010 -0.163520 -19.557156
v 185.746094 47.544373 18.275312
v 226.082092 6.388581 9.677402
v 17.102736 -117.057114 -13.023944
v 17.037066 326.920135 -5.639079
v 2.580211 -95.694122 -16.481234
v -77.632492 -0.028599 31.212236
v 30.091471 327.058685 -5.510256
v 226.098724 -0.163665 10.685482
v -12.279606 -115.867691 -24.161383
v 27.394129 -220.564102 -2.558215
v 259.838531 -104.719101 -9.020132
v -12.570539 114.151711 -24.161379
v 2.340274 93.972038 -16.481249
v 247.630188 5.833101 8.088183
v 11.338276 -113.277275 -22.940870
v 245.761444 -105.226944 -7.002866
v 231.681366 -105.244789 -14.937039
v 129.891174 41.987331 19.187149
v -13.035275 -92.627922 -23.375933
v 35.713341 325.338440 -5.672122
v -35.268261 218.913361 -11.035110
v -23.451757 311.346436 0.145606
v -23.562078 317.755981 1.051254
v -11.419402 322.619537 -2.154642
v -34.712288 -220.642654 -11.035118
v -22.756136 -319.455292 1.051261
v -18.192858 -318.794983 -0.614274
v 247.770599 -6.069746 -17.646894
v -10.481431 -324.605774 -1.325685
v 2.320276 109.814140 -16.481249
v 185.750366 44.159966 14.225347
v 2.330302 101.893105 -16.481241
v -38.331173 115.389534 -25.756710
v -22.662012 -313.045502 0.145606
v 185.200592 -9.554399 3.808317
v 167.865784 -9.576326 3.256927
v 41.994820 -325.544037 1.749539
v 44.235909 -320.215576 3.837178
v -205.751007 -22.950592 -17.867836
v 36.248283 -327.657379 -5.580729
v 52.648109 -324.953247 0.338368
v 28.005079 218.993347 -7.460436
v 259.719879 -9.042517 -8.135321
v 11.053858 111.577278 -22.940882
v 16.808634 115.459251 -13.023944
v 148.676300 -20.517818 5.155273
v 9.931651 -93.573723 -22.851049
v 226.239014 -12.175976 -15.524807
v 33.238823 -312.974823 8.096363
v 32.449104 311.417114 8.096364
v 26.838133 218.991913 -2.558215
v 27.116236 318.633484 3.612592
v 226.076599 11.848792 6.653133
v -192.007538 -24.545195 -6.817291
v -30.922216 -0.046618 26.985825
v 2.600208 -111.536255 -16.481234
v -38.037125 -117.126854 -25.756718
v -208.287949 -22.950516 3.095596
v -18.997129 317.107178 -0.614274
v -77.596252 17.682199 -22.839144
v 196.310150 -7.448052 -19.579470
v 17.073446 218.979553 -2.040171
v 17.629412 -220.576447 -2.040171
v -60.320667 110.213219 -16.815674
v -48.025181 -95.121040 -15.182701
v 51.765663 325.113190 -5.562030
v -48.259830 90.418236 -25.302147
v 185.886719 -60.798615 8.904279
v -12.892035 115.421700 -13.749902
v -60.324219 113.012993 -26.369324
v -12.597942 -117.094688 -13.749902
v -60.295891 90.614784 -26.369324
v -38.821369 13.712811 -20.910961
v -48.028763 -92.268333 -25.302151
v -271.806976 13.197855 -27.742178
v -272.348480 -16.064127 -17.457014
v -272.025269 -16.909433 -23.069567
v -68.320702 109.726601 -36.167736
v -60.039497 -112.093781 -16.815674
v -271.720398 -14.785570 -27.737982
v -68.300667 93.880913 -36.167736
v 51.827965 323.444580 0.338368
v 185.888916 -62.535332 14.225331
v -272.127655 15.233614 -23.080122
v -45.680714 -15.460442 -19.583275
v -43.190037 -117.133385 -25.260323
v -11.539130 -15.417258 -8.051675
v -68.297272 91.239952 -27.578302
v -277.367279 12.590684 -22.959978
v -60.299423 93.414558 -16.815674
v -45.717598 13.704082 -19.583267
v -272.440399 14.282586 -17.470648
v -43.484081 115.382988 -25.260323
v -60.060749 -95.295113 -16.815674
v 51.898872 318.420532 3.192425
v -68.323990 112.367546 -27.578302
v -27.738037 13.726827 -9.647843
v -277.301056 -14.541266 -22.948275
v 44.709480 323.667389 0.880177
v -48.003532 -112.237381 -15.182701
v -11.576020 13.747266 -8.051675
v -48.014336 -103.679207 -11.809540
v -27.701134 -15.437701 -9.647843
v -48.288689 113.239983 -25.302147
v -48.285084 110.387260 -15.182693
v -47.999901 -115.090096 -25.302151
v -48.263435 93.270943 -15.182693
v -48.274258 101.829094 -11.809540
v -38.784527 -15.451717 -20.910961
v 129.888794 43.853619 24.143143
v 130.029694 -64.649277 20.503227
v 129.891174 41.987331 19.187149
v 185.746094 47.544373 18.275312
v -54.885460 9.628177 -28.354759
v -54.820911 -9.647187 -28.354759
v -119.535767 -0.154555 -32.288624
v 130.027985 -63.346962 11.468483
v -77.520874 -0.028455 -31.154749
v 130.029755 -64.707977 15.207817
v -68.037331 -114.268372 -27.578314
v -60.035961 -114.893547 -26.369328
v 185.886719 -60.798615 8.904279
v -48.003567 -112.237358 -35.421597
v -251.589966 -19.737711 -4.929495
v 11.056894 109.159004 -18.771654
v -68.064079 -93.140739 -27.578306
v -242.800079 -21.349684 -2.087240
v -48.003567 -112.237358 -35.421597
v -54.960091 22.478390 -12.444129
v 130.010498 -49.505203 6.430489
v -60.064293 -92.495323 -26.369328
v -5.287316 22.046255 -12.389933
v -33.427944 -112.143188 -21.513912
v -32.228703 -112.141701 -34.110909
v 185.747772 46.233849 8.502484
v 16.685596 101.911308 -18.929728
v 129.881897 49.352383 6.430504
v 11.075259 94.649330 -18.771654
v -243.903687 -16.519815 4.413796
v -30.875956 17.539402 -21.869392
v -68.060760 -95.781700 -36.167732
v 130.015503 -53.424061 5.739487
v -241.188110 -23.312654 -10.681716
v 11.066072 101.904167 -17.381907
v -30.939959 23.934208 -1.199883
v 129.886230 45.906185 8.420158
v 185.746094 47.544373 18.275312
v 185.877350 -53.353394 4.398626
v 129.888794 43.853619 24.143143
v -48.263519 93.270912 -35.421608
v -32.488659 93.366631 -34.110920
v -33.687847 93.365074 -21.513931
v 44.434742 -220.542542 -4.819912
v 160.927643 13.923383 -17.079279
v -33.449383 -95.178291 -21.513912
v 86.223595 8.330423 -23.092535
v -33.709324 110.329933 -21.513931
v -33.698559 101.847496 -24.776749
v 130.010529 -49.505203 27.964478
v -30.785986 -24.027290 -1.199883
v -33.438656 -103.660736 -24.776733
v 38.977673 -117.029457 -14.802921
v -14.220646 -103.636436 -21.528627
v 130.002930 -43.501167 22.926483
v -98.966522 -22.642000 -12.620549
v 196.202423 16.496809 -10.740252
v 130.015503 -53.424076 28.655472
v -99.002876 -22.642038 12.961520
v 185.873688 -50.467583 20.535009
v 226.163422 11.848900 -15.524807
v 129.881927 49.352383 27.964478
v -33.687847 93.365074 -21.513931
v -33.427944 -112.143188 -21.513912
v -119.477249 -24.324425 -0.335308
v -14.480558 101.871819 -21.528654
v -33.449383 -95.178291 -21.513912
v 272.246338 4.651858 5.180483
v -33.709324 110.329933 -21.513931
v -27.688486 -117.113777 -15.240258
v -8.214281 218.947571 -2.650476
v -20.506872 -220.624664 -3.896698
v 32.516563 13.803031 -7.940998
v -15.940260 311.355927 7.778930
v -77.661758 9.631777 29.133341
v -27.982550 115.402611 -15.240258
v -30.849998 -17.632481 19.469635
v -77.595741 -9.688963 29.133348
v -5.155120 -22.364866 -12.389940
v -77.557137 -17.739260 22.896639
v 286.671356 -0.354748 -11.317603
v 283.437134 -0.280950 -13.309646
v -48.025253 -95.121010 -35.421589
v 185.867920 -45.966591 15.950543
v 262.468384 9.730342 4.089334
v 20.270256 -15.377023 -7.274165
v 20.233337 13.787498 -7.274165
v -5.202514 -22.364923 8.813833
v 129.867584 60.636288 25.974815
v 129.871918 57.190090 27.964478
v 52.844627 -21.820824 -11.968289
v 28.277552 115.473763 -13.646564
v 283.432739 3.386470 -12.760032
v 129.864349 63.194134 22.926483
v 52.824821 -23.348503 -2.728267
v 28.571615 -117.042625 -13.646564
v 32.553429 -15.361482 -7.940998
v 272.275391 11.057582 -0.789694
v 22.550377 -17.506489 -20.481987
v -5.334724 22.046194 8.813833
v -77.678146 17.682100 22.896639
v -48.285172 110.387230 -35.421608
v -30.962898 17.539288 19.469635
v -32.510098 110.331459 -34.110920
v 130.001221 -42.140156 19.187141
v -7.658353 -220.608429 -2.650476
v 185.736359 55.265793 20.999990
v -32.250187 -95.176804 -34.110909
v 283.433563 -3.948377 -12.760032
v 129.876892 53.271244 28.655479
v 272.256561 8.655420 2.941660
v -15.150492 -313.036041 7.778937
v 185.731934 58.765457 19.069868
v -21.062853 218.931335 -3.896698
v -43.851494 -218.708405 -9.727486
v -180.636200 21.507399 -11.086962
v -210.920929 21.472698 -10.827904
v -210.819550 23.874996 -10.815453
v -180.611359 23.909681 -11.091043
v -105.356606 16.140406 -22.882292
v -105.356606 16.140406 -22.882292
v -105.315765 -16.150515 -22.882292
v -105.315765 -16.150515 -22.882292
v -286.108917 1.165689 -35.512772
v -204.447906 23.879192 -44.170273
v -204.444855 21.476902 -44.170273
v -182.843765 21.504217 -44.170273
v -182.846802 23.906507 -44.170273
v -75.678665 -16.113031 -37.320728
v -75.678665 -16.113031 -37.320728
v -75.718521 15.419307 -37.320728
v -75.718521 15.419307 -37.320728
v -252.256195 1.214579 -35.776676
v -252.265350 -2.135144 -35.775928
v -286.134216 -2.184027 -35.508724
v -93.062439 -1.657827 29.617990
v -93.064209 -0.242254 29.617998
v 171.387939 0.385603 -18.333605
v 171.390228 -1.454623 -18.333597
v 149.473297 -1.482348 -21.730038
v 149.470947 0.357885 -21.730038
v -27.630423 -217.071899 -10.661706
v -58.577785 -0.198651 20.650948
v -58.575993 -1.614208 20.650948
v -65.800690 -0.207783 38.716938
v -67.617195 -0.210080 20.650949
v -58.457432 -1.614056 38.718189
v -58.459248 -0.198491 38.718189
v -65.798882 -1.623341 38.716938
v -67.615425 -1.625638 20.650949
v 159.629395 0.370725 -21.730040
v 158.800903 0.369688 -38.697685
v 151.729858 0.360739 -38.697681
v 151.732178 -1.479494 -38.697681
v 158.803284 -1.470553 -38.697685
v 159.631775 -1.469507 -21.730040
v -28.752249 306.773834 2.142120
v 232.768768 103.217133 74.455162
v 232.768768 103.217133 74.455162
v 233.044373 -109.405869 73.930641
v 233.044373 -109.405869 73.930641
v 192.762909 0.412627 -37.019058
v 185.393585 0.403312 -18.333605
v 185.694244 -1.436540 -37.019054
v 185.691925 0.403693 -37.019054
v 192.765289 -1.427606 -37.019058
v -92.744675 -1.657415 48.159397
v 185.395905 -1.436921 -18.333612
v -85.403229 -1.648138 48.160648
v -92.746437 -0.241850 48.159397
v -107.631393 -0.260688 29.617998
v -107.629608 -1.676246 29.617998
v -85.404999 -0.232580 48.160648
v -62.565933 307.789459 1.668413
v -62.566410 308.192413 2.908624
v -78.867844 307.768860 2.615862
v 201.710297 0.423950 -17.048206
v 201.712616 -1.416283 -17.048206
v -61.784840 -309.746124 2.142122
v -28.755110 309.012817 0.515403
v 207.799347 -1.408592 -27.628826
v 203.262146 -1.414322 -27.628826
v 207.190399 0.430885 -17.048206
v 207.192780 -1.409348 -17.048206
v 207.796997 0.431648 -27.628826
v 203.259796 0.425911 -27.628826
v -18.828344 -230.464401 -7.763413
v -30.408346 -229.699249 -11.798867
v -21.513512 -229.699371 -24.968771
v -30.412069 -228.292847 -11.798860
v -30.408264 -183.144852 -16.558411
v -18.828278 -183.909958 -12.522950
v -21.517235 -228.292953 -24.968771
v -18.836203 -227.507767 -7.763413
v -21.513414 -183.144913 -29.728315
v -30.411995 -181.738434 -16.558411
v -30.408220 -133.921066 -21.322792
v -18.828249 -134.686172 -17.287333
v -21.517160 -181.738541 -29.728315
v -18.836143 -180.953308 -12.522942
v -21.513371 -133.921112 -34.492702
v -30.411943 -132.514648 -21.322784
v -21.517139 -132.514740 -34.492702
v -18.836100 -131.729568 -17.287325
v -18.828161 129.156418 -17.287477
v -30.408186 129.921524 -21.322933
v -30.411924 131.327957 -21.322933
v -21.513351 129.921478 -34.492851
v -18.836042 132.113052 -17.287477
v -21.517075 131.327881 -34.492851
v -30.408089 178.194458 -16.288231
v -18.828102 177.429337 -12.252770
v -30.411835 179.600830 -16.288231
v -21.513239 178.194382 -29.458147
v -18.828035 225.922882 -6.467057
v -30.408037 226.687988 -10.502519
v -21.516985 179.600769 -29.458143
v -18.835960 180.385941 -12.252770
v -30.411776 228.094421 -10.502519
v -21.513203 226.687927 -23.672430
v -21.516933 228.094330 -23.672430
v -18.835924 228.879547 -6.467057
v -18.828228 -67.236702 -17.287371
v -30.408207 -66.471596 -21.322830
v -30.411932 -65.065170 -21.322830
v -21.513342 -66.471649 -34.492737
v -18.836096 -64.280067 -17.287371
v -18.828188 62.681709 -17.287439
v -21.517120 -65.065254 -34.492737
v -30.408167 63.446831 -21.322899
v -30.411905 64.853233 -21.322899
v -21.513325 63.446724 -34.492809
v -21.517086 64.853157 -34.492809
v -18.836048 65.638329 -17.287439
v -42.413692 -16.070961 -24.790405
v -42.413692 -16.070961 -24.790405
v -42.453545 15.461391 -24.790405
v -42.453545 15.461391 -24.790405
v -49.351749 0.992001 -13.792549
v -49.351730 0.992001 -37.341568
v -49.347984 -1.970768 -37.341572
v -49.348019 -1.970768 -13.792549
v -27.973665 -308.798859 2.142112
v -210.401306 24.243946 -46.357147
v -210.398651 22.144123 -43.466991
v -78.085449 -310.821747 1.375642
v -61.783539 -310.801117 1.375627
v -78.086784 -309.766785 2.142122
v -27.972170 -309.980713 3.768829
v 231.077545 102.214035 84.865105
v 227.477570 103.210449 84.865105
v 227.477570 103.210449 84.865105
v 226.262360 103.208923 74.455162
v 226.263702 102.207977 74.455162
v -28.753721 307.955658 3.768844
v 231.076324 103.215012 84.865105
v 227.752045 -108.411621 84.340584
v 231.352051 -109.408020 84.340584
v 226.536957 -108.413147 73.930656
v 227.752045 -108.411621 84.340584
v 226.538177 -109.414124 73.930656
v 231.350800 -108.407074 84.340569
v 31.055304 -1.280022 -37.341583
v 31.053078 0.504653 -13.792567
v -78.867653 307.614929 2.142137
v -78.869484 309.072876 2.615862
v -62.567558 309.093506 2.615846
v -180.320404 23.752829 -42.205444
v -28.756147 309.868073 3.147483
v -178.072266 24.083113 -44.295849
v -208.491333 21.472698 -28.036190
v -47.244881 -16.835648 -22.378803
v -47.285721 15.455273 -22.378803
v -46.414978 15.456371 -24.890224
v -48.835751 -16.837658 -37.086498
v -48.836708 -16.079082 -37.086494
v -48.877571 16.211842 -37.086491
v -48.876614 15.453266 -37.086494
v -46.374157 -16.834549 -24.890228
v -31.632032 -221.169968 -7.438370
v -27.625235 -221.196747 -7.372222
v -28.177607 215.535095 -11.835687
v -28.177607 215.535095 -11.835687
v -61.784157 -310.303040 2.908617
v -207.308899 23.718693 -42.205429
v -21.513414 -183.144913 -29.728315
v -21.513239 178.194382 -29.458147
v -21.513351 129.921478 -34.492851
v -21.513342 -66.471649 -34.492737
v -21.513325 63.446724 -34.492809
v -21.513371 -133.921112 -34.492702
v -21.513203 226.687927 -23.672430
v -21.513512 -229.699371 -24.968771
v -292.326324 2.868615 -28.446930
v -293.312683 2.133775 -29.401852
v 17.823853 2.709831 -13.792567
v 17.823851 2.709831 -37.341579
v -32.190090 220.050842 -8.230416
v 17.831734 -3.518654 -13.792560
v 31.053030 0.504653 -37.341587
v 31.055336 -1.280022 -13.792567
v -180.341934 23.909681 -28.149374
v 17.831755 -3.518654 -37.341579
v -32.187263 217.819153 -7.155671
v 17.831755 -3.518654 -37.341579
v -27.973665 -308.798859 2.142112
v -62.567558 309.093506 2.615846
v -180.611359 23.909681 -11.091043
v -204.444855 21.476902 -44.170273
v -204.447906 23.879192 -44.170273
v -180.636200 21.507399 -11.086962
v -204.808929 21.476902 -30.618553
v -204.444855 21.476902 -44.170273
v -208.448746 23.874996 -28.042831
v -182.846802 23.906507 -30.678991
v -204.780701 23.879192 -30.623272
v -204.780701 23.879192 -30.623272
v -208.448746 23.874996 -28.042831
v -27.972170 -309.980713 3.768829
v -27.973665 -308.798859 2.142112
v -178.068939 21.447691 -46.210590
v -178.068939 21.447683 -44.295849
v -251.921326 -5.880246 -31.131357
v -292.428589 -1.513679 -34.394798
v -293.396515 -1.871040 -34.068611
v -252.256195 1.214579 -35.776676
v -252.256195 1.214579 -35.776676
v -61.223450 -309.167572 1.136751
v -61.784840 -309.746124 2.142122
v -27.973665 -308.798859 2.142112
v -61.784840 -309.746124 2.142122
v -27.629728 -217.637268 -8.184663
v -27.626844 -219.926361 -7.082275
v -178.068939 21.447683 -44.295849
v -178.072266 24.083113 -44.295849
v -180.320404 23.752829 -42.205444
v -78.086784 -309.766785 2.142122
v -286.134216 -2.184027 -35.508724
v -286.134216 -2.184027 -35.508724
v -292.335205 2.547624 -29.302551
v -293.305237 2.259782 -28.306694
v -293.303528 1.637597 -28.790169
v -292.321747 1.637597 -28.806637
v -287.234924 1.165704 -26.019264
v -78.867653 307.614929 2.142137
v -44.405148 219.042206 -9.727478
v -44.402027 216.565155 -10.292847
v 21.698133 -133.593185 -17.287340
v 21.698370 227.015869 -6.467066
v 21.695822 -181.969833 -29.728327
v 21.698334 178.522324 -12.252780
v 21.696020 179.369461 -29.458158
v 21.696087 227.863037 -23.672445
v 21.695934 64.621849 -34.492821
v 21.695843 -132.746048 -34.492714
v 21.695740 -228.524292 -24.968782
v 21.698023 -229.371414 -7.763415
v 21.698170 -66.143707 -17.287378
v 21.698082 -182.816986 -12.522967
v 21.698221 130.249405 -17.287485
v 21.695930 131.096558 -34.492863
v 21.698225 63.774696 -17.287447
v -18.836048 65.638329 -17.287439
v 21.695900 -65.296585 -34.492752
v -78.085457 -310.821747 2.908617
v -78.086784 -309.766785 2.142122
v -27.630423 -217.071899 -10.661706
v -43.851494 -218.708405 -9.727486
v -31.630072 -222.714371 -9.374993
v -210.401306 24.243946 -46.357147
v -210.401321 24.243946 -44.149261
v -210.398651 22.144123 -47.039417
v -210.397018 20.846371 -45.253204
v -210.398651 22.144123 -43.466991
v 207.190399 0.430885 -17.048206
v 203.259796 0.425911 -27.628826
v 203.262146 -1.414322 -27.628826
v 185.393585 0.403312 -18.333605
v -28.752661 307.100403 1.136749
v -178.072266 24.083113 -46.210590
v -180.317902 21.772268 -48.300991
v -28.755110 309.012817 0.515403
v -28.755110 309.012817 0.515403
v 159.629395 0.370725 -21.730040
v -27.969759 -311.893036 1.136741
v -27.969728 -311.893036 3.147476
v -27.969759 -311.893036 1.136741
v -27.972200 -309.980713 0.515388
v -27.972200 -309.980713 0.515388
v 151.729858 0.360739 -38.697681
v 151.732178 -1.479494 -38.697681
v -27.969728 -311.893036 3.147476
v -28.752249 306.773834 2.142120
v -27.972170 -309.980713 3.768829
v -182.843765 21.504217 -30.678991
v -180.338898 21.507399 -28.149374
v -204.808929 21.476902 -30.618553
v -182.843765 21.504217 -30.678991
v -28.753721 307.955658 3.768844
v -180.338898 21.507399 -28.149374
v -180.341934 23.909681 -28.149374
v -28.182093 219.094574 -7.372216
v -292.340302 -4.277488 -30.716473
v -28.178888 216.553802 -7.372216
v -28.182093 219.094574 -7.372216
v -32.187263 217.819153 -7.155671
v -61.219971 -311.935089 3.147493
v -28.178888 216.553802 -7.372216
v -27.969728 -311.893036 3.147476
v -292.303436 0.935426 -27.005154
v -78.867844 307.768860 2.615862
v -78.869484 309.072876 2.615862
v -292.303436 0.935426 -27.005154
v -182.843765 21.504217 -44.170273
v -32.184433 215.587433 -8.230416
v -32.183769 215.036163 -10.645350
v -182.846802 23.906507 -44.170273
v -28.176889 214.969727 -9.358643
v -182.846802 23.906507 -44.170273
v -204.447906 23.879192 -44.170273
v -182.846802 23.906507 -30.678991
v -210.920929 21.472698 -10.827904
v -208.491333 21.472698 -28.036190
v -182.843765 21.504217 -44.170273
v -210.819550 23.874996 -10.815453
v -286.988770 -1.525779 -27.022114
v -286.216980 0.935426 -34.313492
v -286.216980 0.935426 -34.313492
v -32.731552 2.645887 -13.792549
v -49.347984 -1.970768 -37.341572
v -32.723656 -3.582592 -37.341576
v -31.630072 -222.714371 -9.374993
v -32.190090 220.050842 -8.230416
v -38.850731 -222.172302 -9.500801
v -31.637114 -217.148529 -9.374993
v -31.636412 -217.699692 -8.230433
v -31.637114 -217.148529 -9.374993
v -27.629728 -217.637268 -8.184663
v -62.566410 308.192413 2.908624
v -62.565933 307.789459 1.668413
v -61.223450 -309.167572 1.136751
v -62.003944 307.913635 3.768861
v -61.783539 -310.801117 1.375627
v -62.005302 308.970734 0.515413
v -27.630423 -217.071899 -10.661706
v -27.630423 -217.071899 -10.661706
v -62.006382 309.825989 3.147501
v -62.006775 310.152618 2.142137
v -28.756147 309.868073 3.147483
v -67.617195 -0.210080 20.650949
v -58.457432 -1.614056 38.718189
v -58.459248 -0.198491 38.718189
v -85.403229 -1.648138 48.160648
v -85.404999 -0.232580 48.160648
v -107.631393 -0.260688 29.617998
v -286.957520 3.875672 -27.650116
v -286.615173 4.910799 -30.753540
v -61.784157 -310.303040 2.908617
v -28.752249 306.773834 2.142120
v -286.601440 -5.929130 -30.749451
v -286.299835 -4.894003 -33.818966
v -252.107300 3.924563 -34.002110
v -251.936462 4.959689 -31.129866
v -286.601440 -5.929130 -30.749451
v -251.845337 -4.845120 -28.269426
v -251.936462 4.959689 -31.129866
v -62.002865 307.058380 1.136766
v -251.886505 -2.135144 -26.472410
v -207.308899 23.718693 -42.205429
v 185.395905 -1.436921 -18.333612
v -180.320435 23.752836 -48.300991
v -207.310944 25.321003 -47.136833
v -207.304382 20.135822 -43.369579
v -210.397018 20.846371 -45.253204
v -210.401306 24.243946 -46.357147
v -62.002445 306.731720 2.142137
v 192.765289 -1.427606 -37.019058
v -210.398651 22.144123 -47.039417
v -210.398651 22.144123 -43.466991
v -207.308899 23.718693 -48.300983
v -62.565933 307.789459 1.668413
v -207.306396 21.738132 -48.300983
v -207.310944 25.321003 -43.369579
v -207.304382 20.135822 -47.136833
v -210.401321 24.243946 -44.149261
v -180.320404 23.752829 -42.205444
v 192.762909 0.412627 -37.019058
v 192.762909 0.412627 -37.019058
v 185.691925 0.403693 -37.019054
v 149.473297 -1.482348 -21.730038
v 151.732178 -1.479494 -38.697681
v 192.765289 -1.427606 -37.019058
v 207.192780 -1.409348 -17.048206
v 207.799347 -1.408592 -27.628826
v 149.470947 0.357885 -21.730038
v 207.796997 0.431648 -27.628826
v 207.796997 0.431648 -27.628826
v 203.259796 0.425911 -27.628826
v -32.183769 215.036163 -10.645350
v 207.799347 -1.408592 -27.628826
v 201.712616 -1.416283 -17.048206
v -32.183762 215.036163 -9.374978
v 203.262146 -1.414322 -27.628826
v 201.710297 0.423950 -17.048206
v 159.631775 -1.469507 -21.730040
v 158.803284 -1.470553 -38.697685
v 158.800903 0.369688 -38.697685
v 151.729858 0.360739 -38.697681
v 158.800903 0.369688 -38.697685
v 171.390228 -1.454623 -18.333597
v 185.694244 -1.436540 -37.019054
v 158.803284 -1.470553 -38.697685
v -251.872650 1.214579 -26.472620
v -251.853485 3.924563 -28.268156
v -251.886505 -2.135144 -26.472410
v 171.387939 0.385603 -18.333605
v -180.322433 25.355139 -43.369587
v -207.311691 25.933033 -45.253204
v -251.853485 3.924563 -28.268156
v -286.957520 3.875672 -27.650116
v -180.323212 25.967176 -45.253216
v -178.072266 24.083113 -44.295849
v -178.068939 21.447691 -46.210590
v -251.872650 1.214579 -26.472620
v -180.315887 20.169966 -47.136845
v -180.315094 19.557936 -45.253216
v -207.303589 19.523792 -45.253204
v -207.308899 23.718693 -48.300983
v -180.320435 23.752836 -48.300991
v -180.322433 25.355139 -47.136845
v -178.072266 24.083113 -46.210590
v -178.068939 21.447683 -44.295849
v -62.002865 307.058380 1.136766
v -62.006382 309.825989 3.147501
v -62.002445 306.731720 2.142137
v -180.315872 20.169966 -43.369587
v -28.752661 307.100403 1.136749
v -207.306396 21.738132 -42.205429
v -180.317902 21.772268 -42.205444
v -62.006775 310.152618 2.142137
v -252.100159 -4.845128 -34.002724
v -251.921326 -5.880246 -31.131357
v -62.567558 309.093506 2.615846
v -252.265350 -2.135144 -35.775928
v -286.299835 -4.894003 -33.818966
v -252.265350 -2.135144 -35.775928
v -252.100159 -4.845128 -34.002724
v 31.053030 0.504653 -37.341587
v 17.823851 2.709831 -37.341579
v 31.053030 0.504653 -37.341587
v -292.326324 2.868615 -28.446930
v 31.055304 -1.280022 -37.341583
v -293.315918 2.755959 -28.917950
v -292.335205 2.547624 -29.302551
v -292.326324 2.868615 -28.446930
v -292.321747 1.637597 -28.806637
v -292.335205 2.547624 -29.302551
v 21.696087 227.863037 -23.672445
v 31.055336 -1.280022 -13.792567
v 21.696087 227.863037 -23.672445
v 8.466925 228.909851 -6.467065
v 31.053078 0.504653 -13.792567
v 8.466855 228.909821 -23.672445
v 8.474736 225.953186 -23.672445
v 8.466855 228.909821 -23.672445
v 21.695740 -228.524292 -24.968782
v 31.055304 -1.280022 -37.341583
v 8.466477 -227.477448 -24.968782
v 21.698023 -229.371414 -7.763415
v 21.695740 -228.524292 -24.968782
v 21.696020 179.369461 -29.458158
v 8.466477 -227.477448 -24.968782
v 8.474389 -230.434097 -24.968782
v 8.474389 -230.434097 -24.968782
v 8.466555 -227.477432 -7.763414
v 8.474422 -230.434082 -7.763414
v 8.466811 180.416290 -29.458155
v 8.474736 225.953186 -23.672445
v 21.696020 179.369461 -29.458158
v 8.474692 177.459610 -29.458158
v 8.466842 180.416290 -12.252779
v 8.466811 180.416290 -29.458155
v 8.474791 225.953186 -6.467065
v 21.695934 64.621849 -34.492821
v 21.698370 227.015869 -6.467066
v 8.466685 65.668633 -34.492821
v 8.474692 177.459610 -29.458158
v 21.695843 -132.746048 -34.492714
v 8.474715 177.459671 -12.252779
v 8.474581 62.711998 -34.492821
v 8.466747 65.668694 -17.287447
v 21.695934 64.621849 -34.492821
v 21.698334 178.522324 -12.252780
v 8.466685 65.668633 -34.492821
v 21.698082 -182.816986 -12.522967
v 8.466618 -131.699249 -34.492710
v 8.474448 -183.879654 -29.728327
v 21.695843 -132.746048 -34.492714
v 21.695822 -181.969833 -29.728327
v 8.466657 -131.699219 -17.287340
v 8.474509 -183.879608 -12.522966
v 8.466618 -131.699249 -34.492710
v 8.474499 -134.655884 -34.492714
v 8.474499 -134.655884 -34.492714
v 8.474561 -134.655853 -17.287340
v 21.698133 -133.593185 -17.287340
v 8.474448 -183.879654 -29.728327
v 8.466582 -180.923035 -29.728327
v 8.466582 -180.923035 -29.728327
v 8.466620 -180.923019 -12.522966
v 21.695900 -65.296585 -34.492752
v 21.695822 -181.969833 -29.728327
v 21.695900 -65.296585 -34.492752
v 21.695930 131.096558 -34.492863
v 8.466715 -64.249733 -17.287378
v 8.474549 -67.206413 -34.492752
v 8.466653 -64.249763 -34.492748
v 8.466653 -64.249763 -34.492748
v 8.474578 129.186722 -34.492859
v 8.466747 65.668694 -17.287447
v 8.466705 132.143372 -34.492859
v 8.474581 62.711998 -34.492821
v 8.474621 62.712044 -17.287447
v 8.466705 132.143372 -34.492859
v 8.474621 62.712044 -17.287447
v 21.698225 63.774696 -17.287447
v 21.698225 63.774696 -17.287447
v 21.695930 131.096558 -34.492863
v 8.466775 132.143402 -17.287485
v -27.623960 -222.215500 -11.835702
v -27.623198 -222.780853 -10.661706
v -27.623198 -222.780853 -10.661706
v -286.108917 1.165689 -35.512772
v -27.623960 -222.215500 -11.835702
v -286.615173 4.910799 -30.753540
v -286.299927 3.875673 -33.823158
v -78.084747 -311.378632 2.142122
v -78.085457 -310.821747 2.908617
v -61.221043 -311.079895 0.515405
v 21.698221 130.249405 -17.287485
v -286.299927 3.875673 -33.823158
v 8.474549 -67.206413 -34.492752
v 8.474578 129.186722 -34.492859
v -252.107300 3.924563 -34.002110
v 8.474648 129.186752 -17.287485
v -286.108917 1.165689 -35.512772
v -61.219547 -312.261749 2.142122
v -43.849224 -220.498062 -11.154732
v 21.698170 -66.143707 -17.287378
v 8.474587 -67.206383 -17.287378
v -61.782799 -311.358032 2.142122
v -286.959778 -4.894003 -27.645302
v -38.854813 -218.947342 -7.947746
v -287.238373 -2.184028 -26.014091
v -287.238373 -2.184028 -26.014091
v -32.731537 2.645887 -37.341576
v -251.845337 -4.845120 -28.269426
v -287.234924 1.165704 -26.019264
v -49.351730 0.992001 -37.341568
v -286.959778 -4.894003 -27.645302
v -32.723656 -3.582592 -37.341576
v -32.731537 2.645887 -37.341576
v -49.351730 0.992001 -37.341568
v -49.348019 -1.970768 -13.792549
v -32.723656 -3.582598 -13.792550
v -49.351749 0.992001 -13.792549
v -61.219547 -312.261749 2.142122
v -49.347984 -1.970768 -37.341572
v -38.854813 -218.947342 -12.072601
v -43.851177 -218.953674 -10.802231
v -44.404854 218.796936 -9.218102
v -61.219971 -311.935089 3.147493
v -27.629728 -217.637268 -8.184663
v -61.782799 -311.358032 2.142122
v -44.404301 218.354919 -8.865600
v -27.628424 -218.656021 -7.372222
v -31.636412 -217.699692 -8.230433
v -286.571594 -4.277487 -30.690594
v -286.799286 -3.516944 -28.358273
v -292.381592 -3.516944 -33.017712
v -292.367310 3.687127 -30.722626
v -292.326324 2.868615 -28.446930
v -292.428589 -1.513679 -34.394798
v -286.328827 2.926584 -32.980610
v -286.549103 3.687142 -30.693584
v -292.367310 3.687127 -30.722626
v -38.856411 -217.708832 -9.500801
v -43.850605 -219.395676 -8.865616
v -43.851494 -218.708405 -9.727486
v -286.549103 3.687142 -30.693584
v -292.395630 2.926583 -33.022285
v -292.413849 0.935418 -34.444874
v -292.309662 -3.516944 -28.420818
v -292.428589 -1.513679 -34.394798
v -292.340302 -4.277488 -30.716473
v -292.413849 0.935418 -34.444874
v -286.328827 2.926584 -32.980610
v -292.395630 2.926583 -33.022285
v -292.321838 -1.525779 -27.002041
v -292.321838 -1.525779 -27.002041
v -30.408037 226.687988 -10.502519
v -30.411776 228.094421 -10.502519
v -286.799286 -3.516944 -28.358273
v -292.309662 -3.516944 -28.420818
v -21.516933 228.094330 -23.672430
v 227.477570 103.210449 84.865105
v 226.262360 103.208923 74.455162
v 226.263702 102.207977 74.455162
v -65.798882 -1.623341 38.716938
v -67.615425 -1.625638 20.650949
v -65.800690 -0.207783 38.716938
v -65.800690 -0.207783 38.716938
v -58.459248 -0.198491 38.718189
v -65.798882 -1.623341 38.716938
v -58.575993 -1.614208 20.650948
v -58.457432 -1.614056 38.718189
v 227.477570 103.210449 84.865105
v -58.577785 -0.198651 20.650948
v 231.077545 102.214035 84.865105
v 231.076324 103.215012 84.865105
v 232.768768 103.217133 74.455162
v 231.076324 103.215012 84.865105
v 231.077545 102.214035 84.865105
v -85.404999 -0.232580 48.160648
v -107.629608 -1.676246 29.617998
v -85.403229 -1.648138 48.160648
v -92.744675 -1.657415 48.159397
v -93.062439 -1.657827 29.617990
v -92.746437 -0.241850 48.159397
v -30.408186 129.921524 -21.322933
v -30.411924 131.327957 -21.322933
v -93.064209 -0.242254 29.617998
v -30.411943 -132.514648 -21.322784
v -30.408220 -133.921066 -21.322792
v -21.517075 131.327881 -34.492851
v -30.411835 179.600830 -16.288231
v -21.517139 -132.514740 -34.492702
v -30.408089 178.194458 -16.288231
v -21.516985 179.600769 -29.458143
v -30.412069 -228.292847 -11.798860
v -30.408346 -229.699249 -11.798867
v -21.517235 -228.292953 -24.968771
v -61.222366 -310.022797 3.768846
v -61.223873 -308.840912 2.142122
v -30.408167 63.446831 -21.322899
v -61.784840 -309.746124 2.142122
v -30.411905 64.853233 -21.322899
v -30.408167 63.446831 -21.322899
v -21.517086 64.853157 -34.492809
v -30.411905 64.853233 -21.322899
v -18.828188 62.681709 -17.287439
v -30.411932 -65.065170 -21.322830
v -30.408207 -66.471596 -21.322830
v -30.411995 -181.738434 -16.558411
v -21.517120 -65.065254 -34.492737
v -30.408264 -183.144852 -16.558411
v 227.752045 -108.411621 84.340584
v -21.517160 -181.738541 -29.728315
v -28.183397 220.113312 -11.835687
v -28.182138 219.094574 -12.648118
v -28.182138 219.094574 -12.648118
v -39.409496 219.599731 -11.437416
v -28.183397 220.113312 -11.835687
v 231.352051 -109.408020 84.340584
v 231.350800 -108.407074 84.340569
v 233.044373 -109.405869 73.930641
v 231.350800 -108.407074 84.340569
v 231.352051 -109.408020 84.340584
v -27.625235 -221.196747 -7.372222
v -31.632032 -221.169968 -7.438370
v -27.625235 -221.196747 -12.648126
v -28.184114 220.678680 -10.661683
v -28.178911 216.553802 -12.648118
v -28.178911 216.553802 -12.648118
v -39.409489 219.599731 -8.582924
v -38.852299 -220.933777 -12.072601
v -27.625235 -221.196747 -7.372222
v -27.625235 -221.196747 -12.648126
v -28.184114 220.678680 -10.661683
v -27.626829 -219.926361 -12.938073
v -27.628447 -218.656021 -12.648126
v -27.628447 -218.656021 -12.648126
v -28.180521 217.824219 -12.938073
v -28.176889 214.969727 -9.358643
v -28.184076 220.678680 -9.358643
v -27.626829 -219.926361 -12.938073
v -28.755079 309.012817 3.768844
v -27.629751 -217.637268 -11.835702
v -27.629751 -217.637268 -11.835702
v -28.752645 307.100403 3.147483
v -38.856373 -217.708832 -10.519554
v -28.184076 220.678680 -9.358643
v -28.756147 309.868073 3.147483
v -28.180521 217.824219 -12.938073
v -27.626844 -219.926361 -7.082275
v 227.752045 -108.411621 84.340584
v 226.536957 -108.413147 73.930656
v 226.538177 -109.414124 73.930656
v 233.044373 -109.405869 73.930641
v 226.538177 -109.414124 73.930656
v 226.536957 -108.413147 73.930656
v -286.360596 -3.516944 -32.977158
v -286.571594 -4.277487 -30.690594
v -286.241730 -1.525779 -34.308517
v -286.360596 -3.516944 -32.977158
v -292.381592 -3.516944 -33.017712
v -286.795197 2.926583 -28.362469
v -286.795197 2.926583 -28.362469
v -286.971100 0.935434 -27.030003
v -286.988770 -1.525779 -27.022114
v -286.971100 0.935434 -27.030003
v -286.241730 -1.525779 -34.308517
v -292.326324 2.868615 -28.446930
v -47.244881 -16.835648 -22.378803
v -47.245850 -16.077068 -22.378803
v -46.374157 -16.834549 -24.890228
v -47.286682 16.213856 -22.378803
v -46.414978 15.456371 -24.890224
v -47.285721 15.455273 -22.378803
v -75.718521 15.419307 -37.320728
v -48.877571 16.211842 -37.086491
v -48.876614 15.453266 -37.086494
v -42.453545 15.461391 -24.790405
v -48.876614 15.453266 -37.086494
v -48.877571 16.211842 -37.086491
v -75.678665 -16.113031 -37.320728
v -48.836708 -16.079082 -37.086494
v -48.835751 -16.837658 -37.086498
v -42.413692 -16.070961 -24.790405
v -48.835751 -16.837658 -37.086498
v -48.836708 -16.079082 -37.086494
v -78.868996 308.669861 2.908624
v -39.405964 216.816772 -12.072594
v -43.848343 -221.185425 -9.727486
v -46.186764 217.801453 -10.010170
v -78.084747 -311.378632 2.142122
v -44.402908 217.252502 -11.154724
v -43.849232 -220.498062 -8.865616
v -46.186764 217.801453 -10.010170
v -44.402027 216.565155 -10.292847
v -44.404289 218.354919 -11.154724
v -45.633114 -219.949142 -10.010179
v -78.084747 -311.378632 2.142122
v -78.085449 -310.821747 1.375642
v -78.085449 -310.821747 1.375642
v -61.782799 -311.358032 2.142122
v -293.378113 -2.133880 -33.326012
v -78.086082 -310.323639 2.908617
v -38.850750 -222.172302 -10.519554
v -43.848351 -221.185425 -10.292854
v -43.848343 -221.185425 -9.727486
v -45.633114 -219.949142 -10.010179
v -293.396515 -1.871040 -34.068611
v -293.383179 -1.382735 -33.065445
v -293.398865 -1.119895 -33.807278
v -293.383179 -1.382735 -33.065445
v -293.387085 0.916558 -34.093372
v -293.396515 -1.871040 -34.068611
v -44.402340 216.810455 -9.218102
v -39.404388 215.578278 -10.519547
v -39.404961 216.020325 -8.582916
v -293.387085 0.916558 -34.093372
v -39.407219 217.809998 -7.721031
v -292.414917 -1.095748 -33.392612
v -293.365356 1.288270 -33.044147
v -292.414917 -1.095748 -33.392612
v -292.428589 -1.513679 -34.394798
v -293.372986 0.571267 -33.383446
v -293.398865 -1.119895 -33.807278
v -292.390289 0.858262 -33.078251
v -293.372986 0.571267 -33.383446
v -293.365356 1.288270 -33.044147
v -292.407349 0.595422 -33.819122
v -293.381073 1.633561 -33.753624
v -292.390289 0.858262 -33.078251
v -292.412781 1.346566 -34.080746
v -293.381073 1.633561 -33.753624
v -292.412781 1.346566 -34.080746
v -292.396973 1.609406 -33.339684
v -292.407349 0.595422 -33.819122
v -292.396973 1.609406 -33.339684
v -292.412079 -2.158027 -33.761677
v -292.400787 -1.812736 -33.053368
v -292.400787 -1.812736 -33.053368
v -292.428589 -1.513679 -34.394798
v -292.412079 -2.158027 -33.761677
v -293.378113 -2.133880 -33.326012
v -293.342590 -2.852111 -31.758095
v -293.323120 0.135659 -30.380772
v -293.329193 -3.029197 -30.994747
v -293.334625 0.135659 -31.163414
v -293.323120 0.135659 -30.380772
v -293.343445 -0.660148 -31.161469
v -293.343445 -0.660148 -31.161469
v -293.332153 -0.660148 -30.378674
v -293.331451 -3.805045 -31.170734
v -293.344055 -3.627959 -31.934185
v -293.329193 -3.029197 -30.994747
v -293.344055 -3.627959 -31.934185
v -292.358673 2.504723 -31.013218
v -292.358673 2.504723 -31.013218
v -292.384125 3.103486 -31.952274
v -292.373688 3.280572 -31.190174
v -292.370209 2.327638 -31.775211
v -292.384125 3.103486 -31.952274
v -293.356110 2.678887 -32.008816
v -293.356110 2.678887 -32.008816
v -292.370209 2.327638 -31.775211
v -293.339874 2.255494 -31.343834
v -293.342102 2.929314 -30.929825
v -293.339874 2.255494 -31.343834
v -293.359863 3.352715 -31.594364
v -292.373688 3.280572 -31.190174
v -293.342102 2.929314 -30.929825
v -293.359863 3.352715 -31.594364
v -293.342590 -2.852111 -31.758095
v -292.357819 -2.779967 -31.353336
v -292.368469 -3.203361 -32.017101
v -292.357819 -2.779967 -31.353336
v -293.305054 -2.370406 -28.417709
v -293.305054 -2.370406 -28.417709
v -293.334625 0.135659 -31.163414
v -292.348602 0.300477 -30.786434
v -292.362946 -0.262244 -31.337944
v -292.362946 -0.262244 -31.337944
v -292.348450 -3.453796 -30.938793
v -293.331451 -3.805045 -31.170734
v -292.360809 -3.877196 -31.602116
v -292.360809 -3.877196 -31.602116
v -293.312042 -2.281303 -29.192421
v -292.348450 -3.453796 -30.938793
v -293.307129 -3.072105 -29.281639
v -292.368469 -3.203361 -32.017101
v -293.307129 -3.072105 -29.281639
v -293.332153 -0.660148 -30.378674
v -292.361389 -0.824966 -30.783379
v -293.300385 -3.161216 -28.506947
v -292.345215 -0.262237 -30.232288
v -292.345215 -0.262237 -30.232288
v -293.299164 0.135659 -27.298176
v -292.348602 0.300477 -30.786434
v -292.361389 -0.824966 -30.783379
v -293.299164 0.135659 -27.298176
v -293.311188 -0.660148 -28.074070
v -293.301514 0.135659 -28.076622
v -293.311188 -0.660148 -28.074070
v -293.309143 -0.660148 -27.295471
v -293.303528 1.637597 -28.790169
v -293.303528 1.637597 -28.790169
v -293.315918 2.755959 -28.917950
v -292.321747 1.637597 -28.806637
v -293.312683 2.133775 -29.401852
v -293.312683 2.133775 -29.401852
v -293.315918 2.755959 -28.917950
v -293.305237 2.259782 -28.306694
v -293.305237 2.259782 -28.306694
v -292.326324 2.868615 -28.446930
v -292.329681 -2.658248 -29.413288
v -292.329681 -2.658248 -29.413288
v -292.328186 -2.162078 -28.802795
v -292.318359 -2.784270 -28.318924
v -293.312042 -2.281303 -29.192421
v -293.300385 -3.161216 -28.506947
v -292.315308 0.300477 -27.705318
v -292.323914 -0.262244 -28.253460
v -292.318359 -2.784270 -28.318924
v -292.321472 -3.280440 -28.928986
v -293.301514 0.135659 -28.076622
v -292.328186 -2.162078 -28.802795
v -292.321472 -3.280440 -28.928986
v -292.323914 -0.262244 -28.253460
v -292.329315 -0.824966 -27.701405
v -292.319275 -0.262244 -27.153652
v -293.309143 -0.660148 -27.295471
v -292.319275 -0.262244 -27.153652
v -78.868347 308.171783 1.375659
v -78.869492 309.072876 1.668428
v -292.329315 -0.824966 -27.701405
v -62.567059 308.690521 1.375650
v -292.315308 0.300477 -27.705318
v -78.869492 309.072876 1.668428
v -78.869484 309.072876 2.615862
v -78.868347 308.171783 1.375659
v 62.604359 52.564884 24.194813
v 64.211647 49.657337 28.196712
v 64.211647 47.860371 25.723408
v 64.211647 47.860371 22.666225
v 64.211647 49.657337 20.192921
v 64.211647 52.564884 19.248203
v 64.211647 55.472424 20.192921
v 64.211647 57.269390 22.666225
v 64.211647 52.564884 29.141430
v 64.211647 57.269390 25.723408
v 64.211647 55.472424 28.196712
v 71.020073 47.618267 31.003237
v 68.419487 47.860371 30.670008
v 71.020073 44.561100 26.795397
v 68.419487 44.952839 26.668116
v 71.020073 44.561100 21.594225
v 71.020073 47.618282 17.386385
v 68.419487 44.952839 21.721514
v 71.020073 52.564884 15.779140
v 68.419487 47.860371 17.719614
v 68.419487 52.564884 16.191019
v 71.020058 57.511501 17.386385
v 71.020073 60.568661 21.594225
v 68.419456 57.269390 17.719614
v 68.419456 60.176937 21.721514
v 71.020073 60.568661 26.795404
v 68.419487 57.269390 30.670008
v 68.419487 52.564884 32.198597
v 71.020073 52.564884 32.610485
v 71.020073 57.511486 31.003244
v 68.419487 60.176937 26.668123
v 71.020073 47.618267 31.003237
v 71.020073 44.561100 26.795397
v 71.020073 44.561100 21.594225
v 71.020073 47.618282 17.386385
v 71.020073 52.564884 15.779140
v 71.020058 57.511501 17.386385
v 71.020073 60.568661 21.594225
v 71.020073 52.564884 32.610485
v 70.971428 52.604053 24.181856
v 71.020073 60.568661 26.795404
v 71.020073 57.511486 31.003244
v 128.384064 77.774597 27.886528
v 128.384064 72.312378 36.061306
v 128.384064 64.137619 41.523495
v 128.384064 54.494831 43.441570
v 128.384064 44.852039 41.523487
v 128.384064 36.677280 36.061291
v 128.384064 31.215069 27.886520
v 128.384064 29.297001 18.243736
v 128.384064 31.215076 8.600929
v 128.384064 36.677280 0.426170
v 128.384064 44.852047 -5.036026
v 128.384064 54.494831 -6.954094
v 128.384064 64.137634 -5.036026
v 128.384064 79.692657 18.243736
v 128.384064 72.312378 0.426170
v 128.384064 77.774597 8.600945
v 128.384064 54.494831 18.243736
v 70.922768 75.922966 33.811680
v 70.922768 70.460777 41.986439
v 70.922768 62.286007 47.448650
v 70.922768 52.643223 49.366711
v 70.922768 43.000431 47.448650
v 70.922768 34.825665 41.986439
v 70.922768 29.363466 33.811672
v 70.922768 27.445398 24.168879
v 70.922768 29.363466 14.526088
v 70.922768 34.825665 6.351322
v 70.922768 43.000431 0.889125
v 70.922768 52.643223 -1.028943
v 70.922768 62.286007 0.889125
v 70.922768 70.460777 6.351329
v 70.922768 77.841042 24.168894
v 70.971428 52.604053 24.181856
v 70.922768 75.922966 14.526095
v 62.604366 -53.931057 24.194813
v 64.211647 -51.023510 28.196712
v 64.211647 -49.226551 25.723408
v 64.211647 -49.226551 22.666225
v 64.211647 -51.023514 20.192921
v 64.211647 -53.931057 19.248203
v 64.211647 -56.838604 20.192921
v 64.211647 -58.635563 22.666225
v 64.211647 -53.931057 29.141430
v 64.211647 -58.635563 25.723408
v 64.211647 -56.838604 28.196712
v 71.020073 -48.984444 31.003237
v 68.419487 -49.226551 30.670008
v 71.020073 -45.927269 26.795397
v 68.419487 -46.319004 26.668116
v 71.020073 -45.927269 21.594225
v 71.020073 -48.984447 17.386385
v 68.419487 -46.319004 21.721514
v 68.419487 -49.226551 17.719614
v 71.020073 -53.931057 15.779140
v 71.020058 -58.877674 17.386385
v 68.419487 -53.931057 16.191019
v 71.020073 -61.934837 21.594225
v 68.419456 -58.635563 17.719614
v 68.419456 -61.543106 21.721514
v 71.020073 -61.934837 26.795404
v 71.020073 -58.877659 31.003244
v 68.419487 -58.635563 30.670008
v 68.419487 -61.543106 26.668123
v 68.419487 -53.931057 32.198597
v 71.020073 -53.931057 32.610485
v 71.020073 -48.984444 31.003237
v 71.020073 -45.927269 26.795397
v 71.020073 -45.927269 21.594225
v 71.020073 -48.984447 17.386385
v 71.020073 -53.931057 15.779140
v 71.020058 -58.877674 17.386385
v 71.020073 -61.934837 21.594225
v 70.971428 -53.970226 24.181856
v 71.020073 -61.934837 26.795404
v 71.020073 -58.877659 31.003244
v 71.020073 -53.931057 32.610485
v 128.384064 -79.140755 27.886528
v 128.384064 -73.678551 36.061306
v 128.384064 -65.503784 41.523495
v 128.384064 -55.861004 43.441570
v 128.384064 -46.218212 41.523487
v 128.384064 -38.043453 36.061291
v 128.384064 -32.581242 27.886520
v 128.384064 -30.663181 18.243736
v 128.384064 -32.581249 8.600929
v 128.384064 -38.043453 0.426170
v 128.384064 -46.218220 -5.036026
v 128.384064 -55.861004 -6.954094
v 128.384064 -65.503792 -5.036026
v 128.384064 -55.861004 18.243736
v 128.384064 -73.678558 0.426170
v 128.384064 -79.140755 8.600945
v 128.384064 -81.058830 18.243736
v 70.922768 -77.289154 33.811680
v 70.922768 -71.826950 41.986439
v 70.922768 -63.652180 47.448650
v 70.922768 -54.009392 49.366711
v 70.922768 -44.366604 47.448650
v 70.922768 -36.191837 41.986439
v 70.922768 -30.729643 33.811672
v 70.922768 -28.811571 24.168879
v 70.922768 -30.729643 14.526088
v 70.922768 -36.191841 6.351322
v 70.922768 -44.366611 0.889125
v 70.922768 -54.009396 -1.028943
v 70.922768 -63.652187 0.889125
v 70.922768 -71.826950 6.351329
v 70.922768 -79.207230 24.168894
v 70.971428 -53.970226 24.181856
v 70.922768 -77.289154 14.526095
v -200.806015 -21.862072 -12.047701
v -234.097321 -0.637043 14.006768
v -139.319031 17.021194 28.067837
v -135.945724 11.447477 -9.664585
v -116.845116 11.527128 -9.250409
v -116.813744 -0.171059 -8.887792
v -116.845116 11.527128 -9.250409
v -135.945724 11.447477 -9.664585
v -208.904480 -18.087189 16.560539
v -116.779137 -11.869264 -9.250409
v -116.779137 -11.869264 -9.250409
v -139.319031 17.021194 28.067837
v -123.884613 -9.828041 31.850529
v -116.813744 -0.171059 -8.887792
v -123.919456 -0.160109 32.197643
v -135.975174 21.195976 -10.714878
v -135.945724 11.447477 -9.664585
v -135.879715 -11.948911 -9.664593
v -135.854156 -21.697412 -10.714870
v -139.198303 -17.464966 28.016880
v -234.097321 -0.637043 14.006768
v -139.198303 -17.464966 28.016880
v -225.259537 -11.555733 -11.967751
v -208.904480 -18.087189 16.560539
v -139.198303 -17.464966 28.016880
v -135.854156 -21.697412 -10.714870
v -129.423889 -14.362679 30.402187
v -135.879715 -11.948911 -9.664593
v -135.854156 -21.697412 -10.714870
v -135.879715 -11.948911 -9.664593
v -225.147720 -21.092241 -12.708260
v -225.259537 -11.555733 -11.967751
v -230.830658 -14.528134 12.101830
v -230.830658 -14.528134 12.101830
v -222.542267 16.815464 14.792763
v -230.470306 14.690089 12.280869
v -225.220108 19.006346 -12.725845
v -222.470551 -16.206993 14.739182
v -123.951118 9.507820 31.867977
v -200.806015 -21.862072 -12.047701
v -129.503204 13.943680 30.433430
v -135.945724 11.447477 -9.664585
v -225.147720 -21.092241 -12.708260
v -225.147720 -21.092241 -12.708260
v -200.806015 -21.862072 -12.047701
v -225.259537 -11.555733 -11.967751
v -225.220108 19.006346 -12.725845
v -222.542267 16.815464 14.792763
v -135.975174 21.195976 -10.714878
v -225.220108 19.006346 -12.725845
v -135.945724 11.447477 -9.664585
v -200.806015 -21.862072 -12.047701
v -116.813744 -0.171059 -8.887792
v -225.259537 -11.555733 -11.967751
v -230.470306 14.690089 12.280869
v -225.220108 19.006346 -12.725845
v -139.319031 17.021194 28.067837
v -231.803070 9.213908 13.355096
v -222.542267 16.815464 14.792763
v -135.975174 21.195976 -10.714878
v -225.259537 -11.555733 -11.967751
v -135.945724 11.447477 -9.664585
v -225.220108 19.006346 -12.725845
v -123.919456 -0.160109 32.197643
v -123.951118 9.507820 31.867977
v -116.845116 11.527128 -9.250409
v -155.306183 -1.821214 -48.013653
v -164.112732 -0.612908 -57.155289
v -156.273163 1.743377 -45.749325
v -165.633972 -0.427697 -55.400311
v -156.273163 -1.486840 -45.885021
v -165.633072 0.235435 -55.385975
v -161.674576 -0.817399 -41.060345
v -165.725815 0.683356 -55.269394
v -156.529129 2.188270 -45.708717
v -164.570999 -0.240663 -56.619190
v -171.079880 -0.244355 -54.140697
v -163.401474 -0.498895 -57.782173
v -165.996765 -0.558694 -54.796841
v -155.306183 2.108459 -47.848812
v -164.111206 0.492950 -57.131878
v -165.890976 -0.271073 -55.100727
v -160.259750 -0.809625 -41.506374
v -163.664215 1.211356 -57.457268
v -164.707367 1.951156 -56.246979
v -165.745453 1.163405 -55.063457
v -163.664215 1.211356 -57.457268
v -171.079880 -0.244355 -54.140697
v -173.164276 -2.451845 -76.428619
v -172.325043 -2.494379 -73.991760
v -173.369888 -2.510515 -73.067444
v -155.306183 2.108459 -47.848812
v -164.111206 0.492950 -57.131878
v -155.146637 3.301803 -48.602306
v -155.146637 3.301803 -48.602306
v -156.529129 2.188270 -45.708717
v -156.529129 -2.159966 -45.881672
v -165.227646 -1.675141 -55.896267
v -175.204926 0.053602 -59.268723
v -165.633972 -0.427697 -55.400311
v -165.725815 0.683356 -55.269394
v -176.868744 3.052374 -58.733902
v -152.958344 -3.030740 -46.545349
v -176.868774 -2.877588 -58.837589
v -156.273163 1.743377 -45.749325
v -178.097076 0.087393 -58.785507
v -174.849365 -0.804644 -59.283665
v -155.146637 -3.013848 -48.867008
v -152.958344 3.284934 -46.280167
v -155.146637 -3.013848 -48.867008
v -165.761841 0.375411 -55.234509
v -160.967194 0.116462 -41.267132
v -160.652359 -1.327882 -41.391651
v -174.762329 2.515204 -73.083031
v -161.534485 -0.173066 -41.093311
v -160.399887 -0.166825 -41.450993
v -172.328186 0.164213 -74.079659
v -170.937897 -2.877587 -58.837589
v -161.282013 -1.331346 -41.193123
v -164.936035 -0.765138 -56.211143
v -173.903320 4.280531 -58.712395
v -175.484360 0.164221 -74.079659
v -165.523514 -0.778665 -55.535057
v -165.233246 0.673980 -55.836548
v -170.937897 3.052375 -58.733902
v -169.709564 0.087394 -58.785507
v -172.777069 0.053595 -59.268723
v -173.132614 0.911833 -59.253536
v -174.849365 0.911833 -59.253536
v -173.990997 1.267324 -59.247311
v -164.703247 0.399802 -56.452438
v -163.401474 -0.498895 -57.782173
v -165.745453 1.163405 -55.063457
v -164.117035 -1.891755 -56.977547
v -171.015503 -0.186791 -57.948246
v -165.996765 -0.558694 -54.796841
v -163.401474 -0.498895 -57.782173
v -155.753693 2.481040 -47.392506
v -156.297974 -2.923066 -46.639954
v -155.753693 -2.200204 -47.588875
v -155.722717 -1.249154 -46.647606
v -171.007797 1.459754 -57.545834
v -165.014313 0.824927 -56.085007
v -155.722717 1.516906 -46.531498
v -164.508789 -1.557534 -56.720963
v -164.112732 -0.612908 -57.155289
v -155.306183 -1.821214 -48.013653
v -155.292419 -1.397965 -47.595093
v -164.337677 0.447372 -56.872425
v -156.273163 -1.486840 -45.885021
v -165.633072 0.235435 -55.385975
v -165.016846 -0.990128 -56.123226
v -164.504639 1.421668 -56.657894
v -165.727997 -0.877198 -55.301884
v -165.223206 1.506400 -55.828903
v -156.297974 2.516570 -46.439758
v -164.339127 -0.580399 -56.893932
v -155.292419 1.679389 -47.465607
v -178.097137 -1.423166 -22.004980
v -175.022156 -0.951487 -74.099083
v -175.484360 0.052412 -58.636723
v -170.941254 3.273307 -30.402822
v -175.022156 -1.063303 -58.656143
v -172.239883 -2.470072 -75.383842
v -174.762329 -2.509027 -73.152504
v -163.458466 3.819724 -38.852398
v -174.762329 -2.509027 -73.152504
v -172.239883 -2.470072 -75.383842
v -175.601563 -2.466486 -75.589561
v -170.652740 -1.301324 -23.914961
v -175.686737 -2.490793 -74.197289
v -174.556732 -2.450357 -76.513687
v -163.458466 -5.100289 -39.008068
v -173.903320 -4.105721 -58.859089
v -170.937897 -2.877587 -58.837589
v -173.990997 -1.160135 -59.289883
v -163.401474 -0.498895 -57.782173
v -173.132614 -0.804644 -59.283665
v -171.015503 -0.186791 -57.948246
v -165.745453 1.163405 -55.063457
v -164.117035 -1.891755 -56.977547
v -171.027481 2.171973 -56.008087
v -173.906281 1.742071 -74.052139
v -170.937912 -4.388146 -22.056723
v -171.059448 1.413589 -54.492455
v -164.707367 1.951156 -56.246979
v -169.709595 -1.423173 -22.004980
v -171.044586 -1.527758 -56.911953
v -165.272034 -1.918374 -55.648769
v -173.906281 -1.413630 -74.107162
v -171.073135 -1.553370 -55.217236
v -169.709564 0.087394 -58.785507
v -170.941254 -5.646729 -30.558523
v -170.941254 3.273307 -30.402822
v -163.458466 -5.100289 -39.008068
v -170.652740 -1.301324 -23.914961
v -173.164276 2.572394 -76.359146
v -170.937912 1.541808 -21.953184
v -172.328186 0.052412 -58.636723
v -173.164276 -2.451845 -76.428619
v -173.903320 4.280531 -58.712395
v -172.790390 1.168113 -58.616982
v -172.239883 2.554144 -75.314362
v -172.790390 1.279928 -74.060242
v -170.937897 3.052375 -58.733902
v -155.146637 -3.013848 -48.867008
v -163.458466 3.819724 -38.852398
v -170.941254 -5.646729 -30.558523
v -155.146637 3.301803 -48.602306
v -175.601563 2.557737 -75.520096
v -172.325043 -2.494379 -73.991760
v -173.903351 2.769957 -21.931776
v -172.325043 2.529837 -73.922279
v -176.868744 3.052374 -58.733902
v -173.903320 -4.105721 -58.859089
v -173.369888 -2.510515 -73.067444
v -175.601563 -2.466486 -75.589561
v -175.686737 -2.490793 -74.197289
v -175.686737 2.533438 -74.127815
v -173.369888 2.513723 -72.997963
v -174.556732 2.573874 -76.444221
v -174.556732 -2.450357 -76.513687
v -173.903381 -5.616297 -22.078176
v -178.097076 0.087393 -58.785507
v -152.958344 -3.030740 -46.545349
v -161.132568 -0.684754 -36.382854
v -173.906281 -1.525446 -58.664230
v -176.868774 -2.877588 -58.837589
v -173.906281 1.630262 -58.608891
v -175.022156 1.168112 -58.616982
v -176.868805 -4.388146 -22.056723
v -176.868805 1.541815 -21.953184
v -175.022156 1.279928 -74.060242
v -172.790390 -1.063303 -58.656143
v -172.790390 -0.951487 -74.099083
v -152.958344 3.284934 -46.280167
v -173.982941 2.518065 -74.734436
v -169.701324 2.518066 -77.845215
v -165.419708 4.163268 -80.955986
v -170.712082 4.163267 -84.801117
v -172.347504 2.518065 -79.767776
v -177.253799 4.163267 -84.801117
v -175.618362 2.518065 -79.767776
v -178.264557 2.518065 -77.845215
v -182.546158 4.163275 -80.955986
v -184.567657 4.163275 -74.734436
v -179.275314 2.518072 -74.734436
v -178.264557 2.518072 -71.623657
v -182.546143 4.163275 -68.512886
v -175.618362 2.518065 -69.701096
v -177.253784 4.163275 -64.667763
v -169.701324 2.518066 -71.623665
v -172.347504 2.518065 -69.701096
v -163.398224 4.163268 -74.734436
v -170.712067 4.163267 -64.667763
v -165.419708 4.163268 -68.512894
v -168.690582 2.518066 -74.734436
v -165.419708 4.163268 -80.955986
v -165.419708 8.901785 -80.955986
v -170.712067 8.901793 -84.801117
v -170.712082 4.163267 -84.801117
v -177.253799 8.901793 -84.801117
v -177.253799 4.163267 -84.801117
v -182.546158 4.163275 -80.955986
v -182.546143 8.901793 -80.955986
v -184.567657 4.163275 -74.734436
v -184.567657 8.901793 -74.734436
v -182.546143 4.163275 -68.512886
v -182.546143 8.901793 -68.512886
v -177.253784 8.901793 -64.667763
v -177.253784 4.163275 -64.667763
v -170.712067 4.163267 -64.667763
v -170.712067 8.901793 -64.667770
v -170.712067 8.901793 -64.667770
v -170.712067 4.163267 -64.667763
v -165.419708 8.901793 -68.512894
v -163.398224 8.901786 -74.734444
v -163.398224 4.163268 -74.734436
v -165.419708 4.163268 -68.512894
v -165.419708 8.901785 -80.955986
v -170.712067 8.901793 -84.801117
v -177.253799 8.901793 -84.801117
v -182.546143 8.901793 -80.955986
v -184.567657 8.901793 -74.734436
v -182.546143 8.901793 -68.512886
v -177.253784 8.901793 -64.667763
v -170.712067 8.901793 -64.667770
v -165.419708 8.901793 -68.512894
v -163.398224 8.901786 -74.734444
v -168.690582 10.546995 -74.734444
v -178.264542 10.547003 -71.623665
v -169.701324 10.546995 -77.845215
v -175.618362 10.546995 -69.701103
v -179.275299 10.547003 -74.734436
v -173.982941 10.546995 -74.734436
v -172.347504 10.546995 -69.701103
v -178.264557 10.546995 -77.845215
v -169.701324 10.546995 -71.623665
v -175.618362 10.546995 -79.767776
v -172.347504 10.546995 -79.767776
v 11.708848 100.387566 -44.310452
v 2.902307 101.595863 -53.452084
v 10.741876 103.952156 -42.046124
v 10.741876 100.721931 -42.181812
v 1.381059 101.781075 -51.697105
v 1.381966 102.444206 -51.682766
v 5.340456 101.391350 -37.357132
v 1.289231 102.892128 -51.566185
v 10.485909 104.397041 -42.005505
v 2.444040 101.968132 -52.915985
v -4.064849 101.964424 -50.437489
v 3.613564 101.709877 -54.078964
v 1.018266 101.650078 -51.093632
v 2.903832 102.701714 -53.428673
v 11.708863 104.317223 -44.145607
v 1.124056 101.937691 -51.397518
v 6.755289 101.399147 -37.803162
v 3.350816 103.420128 -53.754059
v 2.307672 104.159935 -52.543770
v 3.350816 103.420128 -53.754059
v 1.269585 103.372185 -51.360249
v -4.064849 101.964424 -50.437489
v -6.149238 99.756935 -72.725410
v -5.310012 99.714394 -70.288551
v -6.354850 99.698265 -69.364235
v 2.903832 102.701714 -53.428673
v 11.708863 104.317223 -44.145607
v 11.868394 105.510567 -44.899097
v 11.868394 105.510567 -44.899097
v 10.485909 104.397041 -42.005505
v 10.485903 100.048805 -42.178467
v 1.787386 100.533623 -52.193062
v -9.853722 105.261162 -55.030697
v -8.189873 102.262367 -55.565510
v 1.381059 101.781075 -51.697105
v 1.289231 102.892128 -51.566185
v -7.834326 101.404137 -55.580456
v -9.853728 99.331184 -55.134380
v -11.082047 102.296181 -55.082302
v 10.741876 103.952156 -42.046124
v 14.056703 99.178032 -42.842136
v 14.056703 105.493706 -42.576962
v 11.868394 99.194908 -45.163803
v 11.868394 99.194908 -45.163803
v 6.047847 102.325249 -37.563923
v 6.362674 100.880898 -37.688442
v 5.480548 102.035713 -37.390099
v 1.253205 102.584175 -51.531303
v -7.747315 104.723961 -69.379822
v -8.469330 102.373009 -70.376450
v 5.733020 100.877434 -37.489914
v 1.781801 102.882759 -52.133339
v -5.313140 102.372993 -70.376450
v 6.615145 102.041939 -37.747791
v -3.922843 105.261162 -55.030697
v -3.922842 99.331184 -55.134380
v -5.762030 102.262352 -55.565510
v 3.613564 101.709877 -54.078964
v 1.491533 101.430107 -51.831848
v 2.078995 101.443626 -52.507935
v 2.311776 102.608589 -52.749233
v -2.694525 102.296181 -55.082302
v -6.888283 106.489311 -55.009186
v -6.117583 103.120598 -55.550327
v -6.975959 103.476097 -55.544102
v -7.834326 103.120598 -55.550327
v 1.018266 101.650078 -51.093632
v 2.897997 100.317024 -53.274338
v 1.269585 103.372185 -51.360249
v -4.000464 102.021980 -54.245037
v 11.261346 100.008568 -43.885670
v 11.708848 100.387566 -44.310452
v 11.261346 104.689812 -43.689297
v 2.506250 100.651253 -53.017754
v 2.000733 103.033699 -52.381798
v 2.902307 101.595863 -53.452084
v -3.992767 103.668541 -53.842628
v 3.613564 101.709877 -54.078964
v 10.717065 99.285713 -42.936745
v 11.292314 103.725685 -42.828289
v 11.292314 100.959618 -42.944401
v 11.722611 100.810814 -43.891884
v 2.677361 102.656136 -53.169216
v 1.381966 102.444206 -51.682766
v 10.741876 100.721931 -42.181812
v 1.287035 101.331581 -51.598675
v 10.717080 104.725334 -42.736553
v 2.675912 101.628380 -53.190723
v 11.722619 103.888145 -43.762394
v 1.998201 101.218651 -52.420013
v 2.510407 103.630440 -52.954685
v 1.791834 103.715187 -52.125698
v -11.082083 100.785606 -18.301775
v -8.007111 101.257286 -70.395874
v -8.007111 101.145470 -54.952938
v -3.926207 105.482079 -26.699614
v -8.469330 102.261192 -54.933514
v -7.541694 99.758415 -72.810478
v -5.224845 99.738701 -71.680634
v -7.747314 99.699745 -69.449295
v -3.637708 100.907448 -20.211748
v -8.671700 99.717995 -70.494080
v -8.586525 99.742287 -71.886353
v 3.556558 106.028481 -35.149193
v -5.224845 99.738701 -71.680634
v -7.747314 99.699745 -69.449295
v 3.556559 97.108482 -35.304863
v 1.269585 103.372185 -51.360249
v -6.888296 98.103050 -55.155880
v -4.000464 102.021980 -54.245037
v 2.897997 100.317024 -53.274338
v -6.117583 101.404137 -55.580456
v -6.975959 101.048653 -55.586674
v 3.613564 101.709877 -54.078964
v -3.922842 99.331184 -55.134380
v -4.058097 100.655403 -51.514023
v -3.922879 97.820625 -18.353510
v -4.044409 103.622353 -50.789242
v -2.694562 100.785591 -18.301775
v 2.307672 104.159935 -52.543770
v -4.029556 100.681023 -53.208744
v -6.891243 100.795158 -70.403954
v -4.012451 104.380760 -52.304874
v -3.926206 96.562050 -26.855314
v 1.742998 100.290398 -51.945560
v -2.694525 102.296181 -55.082302
v -6.891243 103.950844 -70.348930
v -3.637708 100.907448 -20.211748
v 3.556559 97.108482 -35.304863
v -3.926207 105.482079 -26.699614
v -5.313139 102.261192 -54.933514
v -5.775352 103.488716 -70.357033
v -6.149239 104.781166 -72.655937
v 11.868394 105.510567 -44.899097
v -6.149238 99.756935 -72.725410
v -3.922879 103.750587 -18.249971
v -3.922843 105.261162 -55.030697
v -5.224846 104.762901 -71.611153
v -6.888283 106.489311 -55.009186
v 11.868394 99.194908 -45.163803
v 3.556558 106.028481 -35.149193
v -5.775352 103.376884 -54.913769
v -3.926206 96.562050 -26.855314
v -6.891242 103.839043 -54.905682
v -9.853722 105.261162 -55.030697
v -6.888296 98.103050 -55.155880
v -6.888327 104.978722 -18.228563
v -8.671700 99.717995 -70.494080
v -8.586525 99.742287 -71.886353
v -5.310013 104.738609 -70.219070
v -8.586525 104.766518 -71.816887
v -5.310012 99.714394 -70.288551
v 14.056703 99.178032 -42.842136
v -6.354851 104.722481 -69.294754
v 14.056703 105.493706 -42.576962
v -8.671700 104.742226 -70.424606
v -8.007111 103.376884 -54.913769
v -8.007111 103.488716 -70.357033
v -6.354850 99.698265 -69.364235
v 5.882471 101.524010 -32.679649
v -5.775352 101.145470 -54.952938
v -9.853728 99.331184 -55.134380
v -7.541695 104.782661 -72.741013
v -7.541694 99.758415 -72.810478
v -9.853765 97.820625 -18.353510
v -5.775352 101.257286 -70.395874
v -6.888326 96.592476 -18.374964
v -11.082047 102.296181 -55.082302
v -9.853765 103.750603 -18.249971
v -6.891241 100.683327 -54.961021
v -6.925782 104.751289 -71.174438
v -1.102805 104.751289 -75.405083
v 4.720192 106.988762 -79.635742
v -2.477426 106.988762 -84.865112
v -4.701622 104.751289 -78.019775
v -11.374162 106.988762 -84.865112
v -9.149980 104.751289 -78.019768
v -12.748779 104.751289 -75.405083
v -18.571785 106.988777 -79.635742
v -21.321022 106.988777 -71.174423
v -14.123413 104.751289 -71.174423
v -12.748779 104.751289 -66.943771
v -18.571768 106.988777 -62.713123
v -11.374146 106.988777 -57.483753
v -9.149971 104.751289 -64.329086
v 7.469429 106.988762 -71.174438
v -1.102799 104.751289 -66.943787
v -2.477410 106.988762 -57.483753
v -4.701592 104.751289 -64.329086
v 4.720192 106.988762 -62.713131
v 0.271820 104.751289 -71.174438
v 4.720192 113.433144 -79.635742
v 4.720192 106.988762 -79.635742
v -2.477411 113.433144 -84.865112
v -2.477426 106.988762 -84.865112
v -11.374162 106.988762 -84.865112
v -11.374162 113.433144 -84.865112
v -18.571772 113.433159 -79.635742
v -18.571785 106.988777 -79.635742
v -21.321016 113.433159 -71.174438
v -21.321022 106.988777 -71.174423
v -18.571768 106.988777 -62.713123
v -18.571770 113.433159 -62.713123
v -11.374146 106.988777 -57.483753
v -2.477410 106.988762 -57.483753
v -11.374146 113.433159 -57.483753
v -2.477410 113.433144 -57.483761
v -2.477410 113.433144 -57.483761
v -2.477410 106.988762 -57.483753
v 4.720207 113.433144 -62.713139
v 7.469435 113.433144 -71.174438
v 4.720192 106.988762 -62.713131
v 7.469429 106.988762 -71.174438
v 4.720192 113.433144 -79.635742
v -2.477411 113.433144 -84.865112
v -11.374162 113.433144 -84.865112
v -18.571772 113.433159 -79.635742
v -21.321016 113.433159 -71.174438
v -18.571770 113.433159 -62.713123
v -11.374146 113.433159 -57.483753
v -2.477410 113.433144 -57.483761
v 7.469435 113.433144 -71.174438
v 4.720207 113.433144 -62.713139
v -9.149972 115.670631 -78.019775
v -12.748779 115.670631 -66.943787
v -4.701592 115.670616 -78.019775
v -9.149971 115.670631 -64.329102
v -12.748779 115.670631 -75.405083
v -1.102799 115.670616 -75.405090
v -4.701592 115.670631 -64.329102
v -14.123398 115.670631 -71.174438
v -1.102799 115.670616 -66.943787
v 0.271835 115.670616 -71.174438
v -6.925782 115.670631 -71.174438
v 11.708858 -101.753731 -44.310452
v 2.902316 -102.962036 -53.452084
v 10.741885 -105.318336 -42.046124
v 10.741885 -102.088104 -42.181812
v 1.381068 -103.147247 -51.697105
v 1.381976 -103.810387 -51.682766
v 5.340465 -102.757545 -37.357132
v 1.289240 -104.258308 -51.566185
v 10.485919 -105.763222 -42.005505
v 2.444049 -103.334297 -52.915985
v -4.064841 -103.330605 -50.437489
v 3.613574 -103.076057 -54.078964
v 1.018275 -103.016258 -51.093632
v 2.903841 -104.067902 -53.428673
v 11.708873 -105.683411 -44.145607
v 1.124065 -103.303871 -51.397518
v 6.755297 -102.765327 -37.803162
v 3.350825 -104.786316 -53.754059
v 2.307681 -105.526100 -52.543770
v 1.269595 -104.738365 -51.360249
v -4.064841 -103.330605 -50.437489
v 3.350825 -104.786316 -53.754059
v -6.149230 -101.123108 -72.725410
v -5.310004 -101.080574 -70.288551
v -6.354842 -101.064438 -69.364235
v 11.708873 -105.683411 -44.145607
v 2.903841 -104.067902 -53.428673
v 11.868403 -106.876747 -44.899097
v 11.868403 -106.876747 -44.899097
v 10.485919 -105.763222 -42.005505
v 1.787394 -101.899811 -52.193062
v 10.485912 -101.414986 -42.178467
v -8.189863 -103.628548 -55.565510
v 1.381068 -103.147247 -51.697105
v -9.853712 -106.627335 -55.030697
v -7.834318 -102.770302 -55.580456
v 11.868403 -100.561096 -45.163803
v -9.853719 -100.697365 -55.134380
v 10.741885 -105.318336 -42.046124
v 1.289240 -104.258308 -51.566185
v -11.082037 -103.662346 -55.082302
v 14.056712 -100.544220 -42.842136
v 14.056712 -106.859886 -42.576962
v 11.868403 -100.561096 -45.163803
v 1.253214 -103.950356 -51.531303
v -7.747305 -106.090157 -69.379822
v 6.362682 -102.247070 -37.688442
v 6.047856 -103.691414 -37.563923
v 5.480556 -103.401878 -37.390099
v -8.469320 -103.739182 -70.376450
v 3.613574 -103.076057 -54.078964
v -5.313131 -103.739174 -70.376450
v 2.311785 -103.974762 -52.749233
v 2.079005 -102.809814 -52.507935
v 6.615153 -103.408119 -37.747791
v 1.491542 -102.796288 -51.831848
v -3.922834 -100.697365 -55.134380
v -6.975950 -104.842278 -55.544102
v -5.762022 -103.628540 -55.565510
v -6.117574 -104.486786 -55.550327
v -7.834317 -104.486786 -55.550327
v -2.694516 -103.662346 -55.082302
v -6.888273 -107.855476 -55.009186
v 1.781810 -104.248932 -52.133339
v 1.269595 -104.738365 -51.360249
v -3.922833 -106.627335 -55.030697
v 5.733028 -102.243614 -37.489914
v 2.898005 -101.683197 -53.274338
v -4.000456 -103.388161 -54.245037
v -3.992758 -105.034706 -53.842628
v 1.018275 -103.016258 -51.093632
v 11.292323 -102.325798 -42.944401
v 11.292323 -105.091858 -42.828289
v 2.506258 -102.017433 -53.017754
v 11.261355 -101.374748 -43.885670
v 2.902316 -102.962036 -53.452084
v 3.613574 -103.076057 -54.078964
v 11.261355 -106.056000 -43.689297
v 10.717074 -100.651894 -42.936745
v 11.722621 -102.176987 -43.891884
v 2.000742 -104.399879 -52.381798
v 1.381976 -103.810387 -51.682766
v 2.677371 -104.022324 -53.169216
v 11.708858 -101.753731 -44.310452
v 1.287044 -102.697746 -51.598675
v 1.791843 -105.081360 -52.125698
v 2.675921 -102.994553 -53.190723
v 10.717090 -106.091515 -42.736553
v 11.722629 -105.254326 -43.762394
v 1.998209 -102.584824 -52.420013
v 2.510417 -104.996613 -52.954685
v 10.741885 -102.088104 -42.181812
v -8.469320 -103.627357 -54.933514
v -8.007101 -102.623459 -70.395874
v -8.007101 -102.511658 -54.952938
v -11.082073 -102.151787 -18.301775
v -3.637699 -102.273636 -20.211748
v -3.926197 -106.848259 -26.699614
v -8.586515 -101.108467 -71.886353
v -7.541686 -101.124603 -72.810478
v -5.224837 -101.104874 -71.680634
v 3.556568 -107.394676 -35.149193
v -5.224837 -101.104874 -71.680634
v -7.747306 -101.065926 -69.449295
v -8.671690 -101.084167 -70.494080
v -7.747306 -101.065926 -69.449295
v 3.556567 -98.474655 -35.304863
v 3.613574 -103.076057 -54.078964
v -4.000456 -103.388161 -54.245037
v 2.898005 -101.683197 -53.274338
v -6.975951 -102.414818 -55.586674
v -6.117575 -102.770302 -55.580456
v -6.888288 -99.469231 -55.155880
v -3.922834 -100.697365 -55.134380
v 1.269595 -104.738365 -51.360249
v -4.044400 -104.988533 -50.789242
v -3.926198 -97.928223 -26.855314
v 2.307681 -105.526100 -52.543770
v -2.694553 -102.151779 -18.301775
v -3.926197 -106.848259 -26.699614
v -6.891233 -105.317017 -70.348930
v -6.891234 -102.161324 -70.403954
v -3.922871 -99.186798 -18.353510
v -4.058089 -102.021584 -51.514023
v -4.012441 -105.746941 -52.304874
v -4.029548 -102.047195 -53.208744
v 1.743006 -101.656586 -51.945560
v -2.694516 -103.662346 -55.082302
v -3.926198 -97.928223 -26.855314
v 3.556567 -98.474655 -35.304863
v -3.637699 -102.273636 -20.211748
v -6.149229 -106.147346 -72.655937
v -5.313131 -103.627357 -54.933514
v -6.888273 -107.855476 -55.009186
v -3.922870 -105.116768 -18.249971
v -3.922833 -106.627335 -55.030697
v -6.149230 -101.123108 -72.725410
v -5.224836 -106.129097 -71.611153
v 11.868403 -106.876747 -44.899097
v -5.775343 -104.854881 -70.357033
v -5.775342 -104.743073 -54.913769
v 11.868403 -100.561096 -45.163803
v 3.556568 -107.394676 -35.149193
v -6.891232 -102.049507 -54.961021
v -8.007101 -104.743073 -54.913769
v -6.891232 -105.205223 -54.905682
v -6.888317 -106.344910 -18.228563
v -9.853712 -106.627335 -55.030697
v -8.586515 -101.108467 -71.886353
v 14.056712 -100.544220 -42.842136
v -5.310004 -101.080574 -70.288551
v -8.007101 -104.854881 -70.357033
v -5.775344 -102.623459 -70.395874
v 14.056712 -106.859886 -42.576962
v -8.671690 -101.084167 -70.494080
v -8.586515 -106.132690 -71.816887
v -9.853719 -100.697365 -55.134380
v -5.310003 -106.104790 -70.219070
v -8.671690 -106.108383 -70.424606
v 5.882479 -102.890198 -32.679649
v -11.082037 -103.662346 -55.082302
v -9.853756 -105.116768 -18.249971
v -6.354842 -101.064438 -69.364235
v -7.541685 -106.148827 -72.741013
v -9.853756 -99.186798 -18.353510
v -6.354841 -106.088676 -69.294754
v -7.541686 -101.124603 -72.810478
v -6.888318 -97.958656 -18.374964
v -6.888288 -99.469231 -55.155880
v -5.775343 -102.511658 -54.952938
v -6.925772 -106.117470 -71.174438
v -1.102796 -106.117470 -75.405083
v 4.720202 -108.354950 -79.635742
v -2.477416 -108.354950 -84.865112
v -4.701612 -106.117470 -78.019775
v -9.149970 -106.117470 -78.019768
v -11.374152 -108.354950 -84.865112
v -12.748770 -106.117470 -75.405083
v -18.571777 -108.354958 -79.635742
v -14.123404 -106.117470 -71.174423
v -21.321014 -108.354958 -71.174423
v -18.571760 -108.354958 -62.713123
v -12.748770 -106.117470 -66.943771
v -9.149961 -106.117470 -64.329086
v -11.374136 -108.354958 -57.483753
v 7.469439 -108.354950 -71.174438
v -1.102789 -106.117470 -66.943787
v -4.701582 -106.117470 -64.329086
v -2.477400 -108.354950 -57.483753
v 4.720202 -108.354950 -62.713131
v 0.271830 -106.117470 -71.174438
v 4.720202 -114.799339 -79.635742
v 4.720202 -108.354950 -79.635742
v -2.477401 -114.799339 -84.865112
v -2.477416 -108.354950 -84.865112
v -11.374152 -114.799339 -84.865112
v -11.374152 -108.354950 -84.865112
v -18.571760 -114.799347 -79.635742
v -18.571777 -108.354958 -79.635742
v -21.321005 -114.799347 -71.174438
v -21.321014 -108.354958 -71.174423
v -18.571758 -114.799347 -62.713123
v -18.571760 -108.354958 -62.713123
v -11.374136 -114.799347 -57.483753
v -2.477400 -108.354950 -57.483753
v -11.374136 -108.354958 -57.483753
v -2.477400 -114.799339 -57.483761
v -2.477400 -114.799339 -57.483761
v 7.469439 -108.354950 -71.174438
v 4.720217 -114.799339 -62.713139
v -2.477400 -108.354950 -57.483753
v 4.720202 -108.354950 -62.713131
v 7.469445 -114.799339 -71.174438
v 7.469445 -114.799339 -71.174438
v 4.720202 -114.799339 -79.635742
v -2.477401 -114.799339 -84.865112
v -11.374152 -114.799339 -84.865112
v -18.571760 -114.799347 -79.635742
v -21.321005 -114.799347 -71.174438
v -18.571758 -114.799347 -62.713123
v -11.374136 -114.799347 -57.483753
v 7.469445 -114.799339 -71.174438
v -2.477400 -114.799339 -57.483761
v 4.720217 -114.799339 -62.713139
v -12.748770 -117.036827 -66.943787
v -9.149962 -117.036827 -78.019775
v -1.102789 -117.036812 -75.405090
v -12.748770 -117.036827 -75.405083
v -4.701582 -117.036827 -64.329102
v -14.123388 -117.036827 -71.174438
v 0.271845 -117.036812 -71.174438
v -1.102789 -117.036812 -66.943787
v -4.701582 -117.036812 -78.019775
v -9.149961 -117.036827 -64.329102
v -6.925772 -117.036827 -71.174438
v -123.884613 -9.828041 31.850529
v -230.830658 -14.528134 12.101830
v -222.470551 -16.206993 14.739182
v -208.904480 -18.087189 16.560539
v -201.389099 -17.831806 20.103157
v -230.898438 -6.011707 16.594368
v -229.893036 -12.525311 14.755647
v -227.789124 -6.078236 19.609375
v -211.647430 -16.994400 18.976059
v -224.484650 -11.243687 20.427864
v -220.876984 -15.436909 17.691582
v -222.578201 -5.681736 24.498474
v -219.646301 -10.297031 25.339554
v -218.325165 -14.319878 21.851112
v -209.993347 -15.982235 23.619156
v -200.426865 -16.765503 25.277481
v -214.527618 -13.177959 26.958717
v -215.295593 -9.007519 29.875473
v -217.531082 -4.977038 29.044029
v -212.454468 -4.551547 33.503922
v -213.085068 -8.042103 32.087700
v -210.904312 -11.508232 31.923607
v -207.410645 -14.728065 29.203110
v -207.128754 -4.852031 37.736763
v -204.715546 -12.805694 34.728577
v -208.235840 -8.877369 35.839363
v -201.283524 -5.321254 41.022766
v -202.465820 -9.806354 38.945427
v -198.573975 -11.897590 38.048851
v -128.586533 -4.154266 35.346310
v -130.326019 -7.636902 35.355854
v -129.220734 -11.656910 33.427631
v -129.423889 -14.362679 30.402187
v -138.597366 -15.509415 30.666569
v -135.105301 -13.035236 33.708206
v -133.851807 -9.743725 35.789970
v -133.271118 -3.676414 37.265038
v -138.140732 -3.843117 38.989410
v -136.809418 -7.259193 37.739891
v -143.489883 -4.233177 40.909470
v -138.899384 -10.875713 36.564659
v -141.836441 -8.029580 39.210968
v -149.613281 -4.425431 42.866928
v -147.958282 -8.406960 40.989037
v -139.198303 -17.464966 28.016880
v -141.901031 -13.727532 34.136574
v -145.204468 -11.433846 37.832840
v -156.500870 -16.333342 29.808081
v -158.716751 -14.519853 34.891068
v -160.932373 -12.123212 39.573509
v -163.891266 -4.707879 45.056374
v -162.779877 -8.925286 43.076759
v -198.836044 -15.350863 31.319160
v -197.833817 -14.143622 34.543732
v -192.243958 -13.933455 36.186882
v -187.319672 -5.268000 45.363777
v -179.265442 -9.582624 44.018616
v -193.299713 -11.529635 39.769516
v -187.672501 -9.854560 42.929787
v -178.951385 -12.875055 39.990715
v -194.202118 -7.352672 42.529915
v -188.329315 -13.129714 38.615883
v -179.468018 -5.092782 46.386467
v -123.919456 -0.000005 32.197643
v -123.951118 9.507820 31.867977
v -128.165924 -0.000006 35.448154
v -133.188629 -0.000006 37.506012
v -138.402176 -0.000006 39.367424
v -143.998444 -0.000006 41.363548
v -150.168945 -0.000007 43.389656
v -164.265930 -0.000007 45.742256
v -179.519348 -0.000008 47.235466
v -187.155365 -0.000008 46.232399
v -194.514435 -0.000009 44.020866
v -200.842377 -0.000009 41.698402
v -206.855347 -0.000009 38.214279
v -212.503754 -0.000009 33.674110
v -217.955536 -0.000010 28.936325
v -223.277130 -0.000010 24.194252
v -228.518341 -0.000010 19.252632
v -234.097321 -0.000010 14.006768
v -230.470306 14.690089 12.280869
v -222.542267 16.815464 14.792763
v -208.509415 16.850153 17.031168
v -201.389099 17.831787 20.103157
v -230.898438 6.011687 16.594368
v -227.789124 6.078216 19.609375
v -229.893036 12.525290 14.755647
v -211.647430 16.994381 18.976059
v -224.484650 11.243668 20.427864
v -220.876984 15.436890 17.691582
v -222.578201 5.681716 24.498474
v -218.325165 14.319859 21.851112
v -219.646301 10.297012 25.339554
v -209.993347 15.982216 23.619156
v -200.426865 16.765484 25.277481
v -214.527618 13.177940 26.958717
v -215.295593 9.007500 29.875473
v -217.531082 4.977019 29.044029
v -212.454468 4.551529 33.503922
v -213.085068 8.042084 32.087700
v -210.904312 11.508213 31.923607
v -207.410645 14.728046 29.203110
v -207.128754 4.852013 37.736763
v -208.235840 8.877350 35.839363
v -204.715546 12.805676 34.728577
v -202.465820 9.806336 38.945427
v -201.283524 5.321237 41.022766
v -198.573975 11.897573 38.048851
v -128.586533 4.154254 35.346310
v -130.326019 7.636890 35.355854
v -129.220734 11.656898 33.427631
v -129.503204 13.943680 30.433430
v -138.597366 15.509403 30.666569
v -135.105301 13.035225 33.708206
v -133.271118 3.676402 37.265038
v -133.851807 9.743713 35.789970
v -136.809418 7.259181 37.739891
v -138.140732 3.843105 38.989410
v -143.489883 4.233165 40.909470
v -141.836441 8.029567 39.210968
v -138.899384 10.875702 36.564659
v -149.613281 4.425417 42.866928
v -147.958282 8.406947 40.989037
v -145.204468 11.433833 37.832840
v -139.319031 17.021194 28.067837
v -141.901031 13.727519 34.136574
v -156.500870 16.333326 29.808081
v -158.716751 14.519839 34.891068
v -160.932373 12.123199 39.573509
v -163.891266 4.707865 45.056374
v -197.833817 14.143605 34.543732
v -198.836044 15.350846 31.319160
v -162.779877 8.925273 43.076759
v -192.243958 13.933438 36.186882
v -194.202118 7.352654 42.529915
v -193.299713 11.529618 39.769516
v -187.088089 -3.462321 31.707472
v -187.672501 9.854543 42.929787
v -178.951385 12.875040 39.990715
v -187.319672 5.267984 45.363777
v -179.468018 5.092767 46.386467
v -188.329315 13.129697 38.615883
v -179.265442 9.582609 44.018616
v -187.088089 3.596528 31.707472
v -186.902786 -2.611039 31.982470
v -190.803543 -3.939538 25.302441
v -186.658676 0.067208 32.340580
v -186.902786 2.745341 31.982470
v -190.803543 4.029520 25.302441
v -187.088089 -3.462321 31.707472
v -187.088089 3.596528 31.707472
v -178.566574 -15.236456 34.170235
v -178.113663 -16.933237 27.675924
v -177.589828 -17.807663 21.707159
v -178.776474 16.923655 21.773916
v -178.566574 15.236441 34.170235
v -189.713593 16.982309 26.613043
v -190.893875 15.820733 31.103857
v -190.893875 -15.820750 31.103857
v -189.713593 -16.982325 26.613043
v -178.113663 16.933222 27.675924
v -190.803543 -3.939538 25.302441
v -190.803543 4.029520 25.302441
v -186.658676 0.067208 32.340580
v -186.902786 -2.611039 31.982470
v -186.902786 2.745341 31.982470
v -16.764002 0.142241 -10.668000
v -109.727997 0.142237 15.240005
v -109.727997 0.142237 -10.667996
v -16.764002 0.142241 15.240001
v -109.727982 0.142237 -10.667996
v -16.763994 0.142241 15.240001
v -16.763994 0.142241 -10.668000
v -109.727982 0.142237 15.240005
vn 0.981174 -0.000001 0.193128
vn 0.981088 -0.000794 0.193563
vn 0.981172 -0.000384 0.193135
vn 0.981268 0.000606 0.192646
vn 0.981192 -0.000264 0.193033
vn 0.981286 -0.000232 0.192556
vn 0.981300 -0.000095 0.192484
vn 0.981311 0.000062 0.192428
vn 0.981173 0.000004 0.193129
vn 0.981369 0.000728 0.192131
vn 0.981128 -0.000439 0.193357
vn 0.981305 0.000344 0.192459
vn 0.981144 -0.000262 0.193276
vn 0.981013 -0.000745 0.193940
vn 0.981175 -0.000726 0.193121
vn 0.973537 -0.000008 0.228531
vn 0.970302 -0.014010 0.241491
vn 0.958165 0.000670 0.286217
vn 0.956535 -0.000556 0.291616
vn 0.956607 -0.000278 0.291380
vn 0.957086 0.001337 0.289801
vn 0.960406 -0.000517 0.278602
vn 0.955562 0.004257 0.294758
vn 0.955971 0.002145 0.293454
vn 0.957901 0.002235 0.287089
vn 0.988592 -0.035851 0.146287
vn 0.956577 -0.000041 0.291480
vn 0.961788 0.005063 0.273748
vn 0.985384 -0.017830 0.169412
vn 0.965666 0.000854 0.259786
vn 0.971263 -0.007404 0.237894
vn 0.981163 -0.000825 0.193178
vn 0.981169 0.000485 0.193151
vn 0.981168 0.000166 0.193154
vn 0.981195 -0.000220 0.193017
vn 0.981175 0.000006 0.193122
vn 0.971476 -0.002722 0.237124
vn 0.981175 0.000003 0.193119
vn 0.984084 -0.011777 0.177314
vn 0.968086 -0.004176 0.250585
vn 0.996194 -0.000002 0.087159
vn 0.996195 0.000000 0.087156
vn 0.996195 -0.000001 0.087157
vn 0.996195 -0.000001 0.087157
vn 0.981167 -0.000147 0.193162
vn 0.981189 -0.000358 0.193049
vn 0.981170 -0.000064 0.193145
vn 0.981174 -0.000001 0.193127
vn 0.981167 -0.000151 0.193161
vn 0.772452 0.000000 0.635074
vn 0.772451 0.000000 0.635074
vn 0.981188 -0.000357 0.193053
vn 0.981172 0.000020 0.193136
vn 0.981181 -0.000189 0.193089
vn 0.765668 0.000000 0.643236
vn 0.492253 0.000038 0.870452
vn 0.492253 0.000000 0.870452
vn 0.492253 0.000000 0.870452
vn 0.981181 0.000316 0.193089
vn 0.981173 0.000002 0.193133
vn 0.981187 0.000306 0.193059
vn 0.981183 0.000299 0.193078
vn 0.981190 0.000588 0.193044
vn 0.981172 0.000016 0.193134
vn 0.981173 -0.000002 0.193129
vn 0.981173 0.000001 0.193132
vn 0.981102 -0.000023 0.193490
vn 0.981103 -0.000019 0.193488
vn 0.981103 -0.000014 0.193486
vn 0.981103 -0.000019 0.193488
vn 0.981193 0.000112 0.193027
vn 0.981193 0.000104 0.193031
vn 0.981193 0.000108 0.193029
vn 0.675856 0.000000 0.737033
vn 0.491000 -0.003820 0.871151
vn 0.492249 0.000013 0.870455
vn 0.604966 -0.002322 0.796248
vn 0.756026 0.000000 0.654541
vn 0.492250 0.000000 0.870454
vn 0.494157 -0.005726 0.869354
vn 0.981193 0.000108 0.193029
vn 0.492247 -0.000003 0.870456
vn 0.573001 -0.000001 0.819555
vn 0.586118 0.000013 0.810226
vn 0.980937 -0.001141 0.194325
vn 0.981025 -0.000887 0.193877
vn 0.981336 0.000296 0.192300
vn 0.981243 -0.000044 0.192775
vn 0.981222 -0.000109 0.192882
vn 0.981235 -0.000152 0.192814
vn 0.981355 0.000386 0.192201
vn 0.981239 0.001467 0.192791
vn 0.981059 -0.000938 0.193706
vn 0.981076 -0.000992 0.193620
vn 0.981380 0.001324 0.192074
vn 0.981187 0.000261 0.193062
vn 0.981289 -0.000193 0.192542
vn 0.981266 -0.000667 0.192657
vn 0.981174 -0.001667 0.193119
vn 0.981199 0.000142 0.192999
vn 0.980949 0.000429 0.194263
vn 0.981176 0.000023 0.193117
vn 0.981167 -0.000608 0.193159
vn 0.981468 -0.001321 0.191619
vn 0.981327 -0.000631 0.192346
vn 0.981052 0.000604 0.193745
vn 0.981234 -0.000651 0.192817
vn 0.980928 0.001453 0.194367
vn 0.981245 -0.000236 0.192764
vn 0.980826 0.001902 0.194878
vn 0.981124 -0.004958 0.193318
vn 0.981227 -0.002251 0.192844
vn 0.981173 -0.000011 0.193133
vn 0.980923 0.000406 0.194396
vn 0.981029 0.000312 0.193860
vn 0.981175 0.000013 0.193119
vn 0.981047 0.000103 0.193770
vn 0.980899 0.000389 0.194516
vn 0.981174 -0.000008 0.193125
vn 0.981161 -0.000112 0.193190
vn 0.981172 -0.000027 0.193136
vn 0.981171 -0.000007 0.193140
vn 0.981185 0.000002 0.193070
vn 0.981172 0.000015 0.193135
vn 0.981189 -0.000008 0.193052
vn 0.981180 -0.000003 0.193096
vn 0.981144 0.000055 0.193276
vn 0.981060 -0.000763 0.193702
vn 0.981167 0.000025 0.193160
vn 0.981185 -0.000071 0.193068
vn 0.981174 -0.000006 0.193127
vn 0.981165 -0.000063 0.193171
vn 0.981183 -0.000062 0.193080
vn 0.981157 -0.000119 0.193211
vn 0.981208 -0.000512 0.192951
vn 0.981223 -0.001325 0.192870
vn 0.981088 0.000180 0.193560
vn 0.981172 0.000002 0.193137
vn 0.981152 -0.000094 0.193237
vn 0.981172 -0.000009 0.193136
vn 0.981168 -0.000021 0.193155
vn 0.981383 0.000275 0.192060
vn 0.981167 0.001314 0.193156
vn 0.981192 -0.000084 0.193036
vn 0.981279 0.000552 0.192591
vn 0.981256 0.000819 0.192705
vn 0.981170 0.000008 0.193144
vn 0.981216 -0.000017 0.192910
vn 0.981171 0.000023 0.193142
vn 0.172862 0.300309 0.938048
vn 0.174429 0.305074 0.936218
vn -0.961524 -0.000000 0.274721
vn -0.961220 -0.025147 0.274634
vn -0.000000 1.000000 0.000000
vn -0.000000 1.000000 0.000000
vn -0.000000 1.000000 0.000000
vn -0.000000 1.000000 0.000000
vn 0.000000 -1.000000 0.000000
vn 0.000000 -1.000000 0.000000
vn 0.000000 -1.000000 0.000000
vn 0.000000 -1.000000 0.000000
vn 0.172755 -0.302172 0.937469
vn -0.956167 0.006201 0.292755
vn 0.171321 -0.305291 0.936721
vn 0.169885 -0.308406 0.935962
vn 0.181484 0.000000 0.983394
vn 0.171321 -0.305291 0.936721
vn 0.181484 0.000000 0.983394
vn 0.178684 0.205571 0.962192
vn -0.953086 0.006200 0.302635
vn -0.958554 -0.012575 0.284635
vn -0.957411 -0.003188 0.288711
vn 0.181650 0.104425 0.977803
vn -0.246811 0.749427 0.614364
vn -0.262348 -0.000127 0.964973
vn -0.246884 -0.402079 0.881692
vn -0.183444 0.743914 0.642605
vn -0.088489 0.971242 0.221040
vn -0.061918 0.993355 0.097020
vn -0.059449 -0.987864 0.143495
vn -0.111999 -0.915263 0.386976
vn -0.536065 -0.014897 0.844045
vn -0.748022 0.011814 0.663569
vn -0.489035 0.390502 0.779970
vn -0.746668 -0.000047 0.665197
vn -0.526324 -0.000111 0.850284
vn -0.536342 -0.115259 0.836094
vn -0.690151 -0.099356 0.716812
vn -0.465500 0.479586 0.743846
vn -0.654921 0.126062 0.745109
vn -0.373063 0.808966 0.454310
vn -0.218620 0.966089 0.137397
vn -0.607866 0.590263 0.531120
vn -0.615435 0.311791 0.723897
vn -0.237506 -0.200760 0.950414
vn -0.237506 -0.200760 0.950414
vn -0.237506 -0.200760 0.950414
vn -0.310617 -0.938549 0.150478
vn -0.402602 -0.717017 0.569033
vn -0.539980 -0.834596 0.108956
vn 0.193058 -0.001526 -0.981186
vn 0.193058 -0.001526 -0.981186
vn 0.193299 -0.000633 -0.981140
vn 0.126370 -0.755204 -0.643193
vn 0.126378 -0.755210 -0.643185
vn 0.126374 -0.755207 -0.643189
vn 0.126374 -0.755207 -0.643189
vn 0.075695 -0.919533 -0.385654
vn 0.075695 -0.919533 -0.385654
vn 0.075695 -0.919533 -0.385654
vn -0.075694 0.919537 0.385645
vn -0.045937 0.971053 0.234405
vn -0.035627 0.982653 0.182000
vn -0.015382 0.996749 0.079091
vn -0.016215 0.996391 0.083321
vn -0.016215 0.996391 0.083322
vn -0.015799 0.996572 0.081207
vn 0.051374 -0.963689 -0.262039
vn 0.051374 -0.963689 -0.262040
vn 0.051374 -0.963688 -0.262042
vn 0.051374 -0.963689 -0.262040
vn 0.192998 -0.000476 -0.981199
vn 0.191435 -0.126114 -0.973369
vn 0.192997 -0.000474 -0.981199
vn 0.192295 -0.084384 -0.977702
vn 0.192816 -0.042430 -0.980317
vn 0.191435 -0.126116 -0.973369
vn -0.193556 0.002714 0.981085
vn 0.193266 0.015674 -0.981021
vn 0.193333 0.009539 -0.981087
vn 0.193305 0.015286 -0.981020
vn 0.124705 0.763255 -0.633949
vn 0.129413 0.742169 -0.657600
vn 0.124723 0.763242 -0.633960
vn 0.137946 0.730155 -0.669212
vn 0.037209 0.981079 -0.190001
vn 0.019422 0.994817 -0.099806
vn 0.037207 0.981080 -0.189996
vn -0.018784 -0.995153 0.096531
vn 0.031314 0.986604 -0.160102
vn 0.019431 0.994815 -0.099830
vn 0.025380 0.991188 -0.130008
vn 0.018775 0.995154 -0.096521
vn 0.018775 0.995154 -0.096521
vn 0.018775 0.995154 -0.096521
vn 0.074697 0.921893 -0.380177
vn 0.074697 0.921892 -0.380178
vn 0.074697 0.921892 -0.380177
vn 0.074697 0.921892 -0.380177
vn 0.183898 0.307531 -0.933598
vn 0.183898 0.307533 -0.933598
vn 0.183898 0.307535 -0.933597
vn 0.131356 0.747059 -0.651651
vn 0.124690 0.763408 -0.633767
vn 0.183898 0.307533 -0.933598
vn 0.135609 0.741257 -0.657380
vn 0.089010 0.885437 -0.456156
vn 0.096525 0.863665 -0.494738
vn 0.039166 0.978635 -0.201838
vn 0.060729 0.948163 -0.311927
vn 0.017363 0.995744 -0.090508
vn 0.017329 0.995749 -0.090461
vn 0.035262 0.982601 -0.182350
vn 0.071567 0.927257 -0.367523
vn 0.000043 0.999997 -0.002590
vn -0.000429 1.000000 -0.000054
vn -0.000462 1.000000 -0.000834
vn -0.000404 1.000000 -0.000837
vn -0.000109 0.999997 -0.002260
vn 0.000235 0.999993 -0.003698
vn 0.127840 -0.749553 -0.649483
vn 0.127841 -0.749555 -0.649480
vn 0.127840 -0.749554 -0.649481
vn 0.127840 -0.749554 -0.649481
vn 0.133989 0.720185 -0.680720
vn 0.004082 0.999777 -0.020738
vn 0.133989 0.720187 -0.680719
vn 0.050452 0.965275 -0.256317
vn 0.004082 0.999777 -0.020738
vn 0.096558 0.866045 -0.490554
vn 0.142679 -0.673900 -0.724915
vn 0.142680 -0.673922 -0.724894
vn 0.123886 0.767149 -0.629392
vn 0.123886 0.767148 -0.629393
vn -0.143961 0.666550 0.731428
vn -0.143977 0.666505 0.731465
vn -0.143969 0.666528 0.731447
vn -0.143969 0.666528 0.731447
vn 0.094646 0.871686 -0.480838
vn 0.060983 0.948839 -0.309815
vn 0.022767 0.993027 -0.115664
vn 0.020958 0.994094 -0.106476
vn 0.024573 0.991872 -0.124842
vn 0.020958 0.994094 -0.106476
vn 0.192774 -0.060641 -0.979368
vn 0.192774 -0.060635 -0.979368
vn 0.192774 -0.060638 -0.979368
vn 0.192774 -0.060638 -0.979368
vn 0.129773 0.740594 -0.659303
vn 0.129774 0.740592 -0.659304
vn 0.129774 0.740593 -0.659303
vn 0.129774 0.740593 -0.659303
vn -0.140947 0.683654 0.716066
vn -0.140944 0.683664 0.716057
vn -0.140946 0.683659 0.716062
vn 0.145373 -0.658337 -0.738552
vn -0.140946 0.683659 0.716062
vn 0.145373 -0.658334 -0.738554
vn 0.143585 -0.668758 -0.729484
vn 0.144483 -0.663570 -0.734030
vn 0.193142 0.001044 -0.981170
vn 0.193129 0.001056 -0.981173
vn 0.193136 0.001050 -0.981171
vn 0.193136 0.001050 -0.981171
vn -0.000012 1.000000 -0.000002
vn -0.000012 1.000000 -0.000002
vn -0.000012 1.000000 -0.000002
vn -0.000012 1.000000 -0.000002
vn 0.193130 0.000827 -0.981173
vn 0.193129 0.000833 -0.981173
vn 0.193128 0.000839 -0.981173
vn 0.193129 0.000833 -0.981173
vn 0.127849 -0.749519 -0.649520
vn 0.127849 -0.749519 -0.649520
vn 0.127848 -0.749519 -0.649520
vn 0.127849 -0.749519 -0.649520
vn 0.146024 0.654405 -0.741910
vn 0.146048 0.654324 -0.741977
vn 0.146036 0.654365 -0.741944
vn 0.146036 0.654365 -0.741944
vn -0.155330 -0.594251 0.789137
vn -0.155330 -0.594245 0.789142
vn -0.155330 -0.594248 0.789140
vn -0.155330 -0.594248 0.789140
vn 0.129773 0.740599 -0.659296
vn 0.129773 0.740600 -0.659296
vn 0.129773 0.740600 -0.659296
vn 0.129773 0.740600 -0.659296
vn 0.129768 0.740622 -0.659272
vn 0.129769 0.740620 -0.659274
vn 0.129768 0.740621 -0.659273
vn 0.129768 0.740621 -0.659273
vn -0.145409 0.658123 0.738736
vn -0.145409 0.658123 0.738736
vn -0.145409 0.658123 0.738736
vn -0.145409 0.658123 0.738736
vn 0.153403 -0.607532 -0.779341
vn 0.153403 -0.607528 -0.779344
vn 0.153403 -0.607524 -0.779347
vn 0.153403 -0.607528 -0.779344
vn 0.124747 0.763364 -0.633809
vn 0.124747 0.763365 -0.633808
vn 0.124747 0.763366 -0.633807
vn 0.124747 0.763365 -0.633808
vn -0.000482 0.999996 0.002963
vn -0.001789 0.999994 0.003040
vn -0.000161 -1.000000 0.000141
vn -0.000096 -1.000000 0.000168
vn -0.163039 -0.001682 0.986618
vn -0.161768 -0.001355 0.986828
vn 0.449986 0.000016 -0.893036
vn 0.449986 0.000016 -0.893036
vn 0.449986 0.000016 -0.893036
vn 0.442288 0.001692 -0.896871
vn 0.442288 0.001692 -0.896871
vn 0.442288 0.001692 -0.896871
vn 0.052975 -0.998572 0.006857
vn 0.155760 -0.987651 0.016872
vn 0.152855 -0.988156 0.013569
vn -0.164815 -0.001246 0.986324
vn 0.104116 -0.994500 0.011344
vn -0.170926 -0.001042 0.985283
vn -0.170915 -0.001035 0.985285
vn -0.167444 -0.001033 0.985881
vn 0.560849 0.001731 -0.827916
vn 0.562922 0.000019 -0.826510
vn 0.561886 0.000875 -0.827214
vn 0.049223 0.998743 0.009485
vn 0.561886 0.000875 -0.827214
vn 0.156008 0.987555 0.019915
vn 0.161153 0.986774 0.017531
vn 0.103268 0.994550 0.014357
vn 0.193462 -0.002169 -0.981105
vn -0.193815 0.002916 0.981034
vn -0.193876 0.005663 0.981010
vn -0.193367 0.006892 0.981102
vn -0.193978 0.002708 0.981002
vn -0.193953 0.002665 0.981007
vn -0.193702 0.008189 0.981026
vn 0.193977 -0.002673 -0.981002
vn -0.193333 0.002693 0.981130
vn -0.193616 0.010616 0.981020
vn -0.193789 0.007879 0.981012
vn -0.193418 0.002902 0.981112
vn -0.193754 0.007436 0.981022
vn -0.193504 0.003110 0.981095
vn 0.193554 0.001122 -0.981089
vn 0.193528 -0.002331 -0.981092
vn 0.193739 -0.002475 -0.981050
vn -0.193418 0.002902 0.981112
vn 0.192982 -0.000476 -0.981202
vn 0.192783 0.000597 -0.981241
vn 0.193299 -0.000351 -0.981140
vn 0.193040 -0.000179 -0.981191
vn 0.192955 0.000281 -0.981208
vn -0.193099 0.000276 0.981179
vn 0.193198 -0.000603 -0.981160
vn -0.192977 -0.000011 0.981203
vn -0.193038 0.000132 0.981191
vn -0.193038 0.000132 0.981191
vn 0.192978 -0.000444 -0.981203
vn 0.192978 -0.000444 -0.981203
vn 0.193058 -0.001526 -0.981186
vn -0.192909 0.000368 0.981217
vn 0.193003 -0.000451 -0.981198
vn 0.193072 -0.000503 -0.981185
vn 0.192945 -0.000402 -0.981210
vn -0.192987 0.000499 0.981201
vn -0.192987 0.000499 0.981201
vn -0.193065 0.000630 0.981186
vn 0.193065 -0.000750 -0.981186
vn 0.193065 -0.000750 -0.981186
vn 0.192784 0.001201 -0.981241
vn -0.981079 0.007188 -0.193474
vn -0.981077 0.007167 -0.193484
vn -0.981078 0.007178 -0.193479
vn -0.981078 0.007178 -0.193479
vn 0.004502 0.999988 -0.001940
vn 0.004501 0.999988 -0.001941
vn 0.004500 0.999988 -0.001942
vn 0.004501 0.999988 -0.001941
vn 0.000247 -0.999996 0.002888
vn 0.000266 -0.999996 0.002873
vn 0.000256 -0.999996 0.002880
vn 0.000256 -0.999996 0.002880
vn -0.001379 0.999999 -0.000594
vn -0.001380 0.999999 -0.000596
vn -0.001380 0.999999 -0.000595
vn -0.001380 0.999999 -0.000595
vn -0.981171 0.005885 -0.193051
vn -0.981177 0.005944 -0.193021
vn -0.981174 0.005914 -0.193036
vn -0.981174 0.005914 -0.193036
vn -0.001193 -0.999999 0.000089
vn -0.001193 -0.999999 0.000089
vn -0.001193 -0.999999 0.000089
vn -0.001193 -0.999999 0.000089
vn -0.160522 -0.001664 0.987031
vn -0.160201 -0.000869 0.987084
vn -0.160362 -0.001267 0.987057
vn -0.160362 -0.001267 0.987057
vn 0.258468 0.000000 0.966020
vn 0.258985 0.000799 0.965881
vn 0.936440 -0.011002 -0.350656
vn 0.936249 -0.010744 -0.351172
vn 0.936059 -0.010485 -0.351687
vn 0.936249 -0.010744 -0.351172
vn 0.555978 0.804703 -0.208187
vn 0.555635 0.804883 -0.208404
vn 0.936493 0.000000 -0.350686
vn 0.936493 0.000000 -0.350686
vn 0.936493 0.000000 -0.350686
vn 0.936493 0.000000 -0.350686
vn -0.000272 1.000000 0.000102
vn -0.000272 1.000000 0.000102
vn -0.000272 1.000000 0.000102
vn -0.000272 1.000000 0.000102
vn -0.001161 -0.999999 0.000435
vn -0.001162 -0.999999 0.000437
vn 0.936499 0.000000 -0.350669
vn 0.936499 0.000000 -0.350669
vn 0.936499 0.000000 -0.350669
vn 0.936499 0.000000 -0.350669
vn 0.002016 -0.999998 -0.000755
vn 0.000956 -1.000000 -0.000356
vn -0.000103 -1.000000 0.000041
vn 0.002015 -0.999998 -0.000753
vn 0.113710 0.000075 0.993514
vn 0.112440 -0.002461 0.993656
vn -0.087156 0.001699 0.996193
vn -0.087156 0.001699 0.996193
vn 0.046113 -0.003354 0.998931
vn -0.021140 -0.005085 0.999764
vn -0.000000 1.000000 0.000000
vn 0.001834 0.999998 -0.000058
vn 0.003748 0.999993 -0.000065
vn 0.000000 -1.000000 0.000000
vn -0.000000 1.000000 0.000000
vn 0.000000 -1.000000 0.000000
vn 0.000000 -1.000000 0.000000
vn 0.000000 -1.000000 0.000000
vn -0.091499 -0.000475 0.995805
vn -0.087155 -0.002515 0.996192
vn -0.091816 -0.002542 0.995773
vn -0.087155 -0.002515 0.996192
vn -0.001759 0.999992 0.003570
vn -0.001875 0.999992 0.003586
vn -0.000104 -1.000000 0.000211
vn -0.000107 -1.000000 0.000206
vn -0.000037 -1.000000 0.000067
vn -0.000072 -1.000000 0.000137
vn 0.000000 -1.000000 0.000000
vn 0.193677 0.978363 -0.072764
vn 0.387611 0.910286 -0.145383
vn -0.000000 1.000000 0.000000
vn -0.000000 1.000000 0.000000
vn -0.001250 0.999996 0.002391
vn -0.000663 0.999999 0.001201
vn 0.000000 -1.000000 0.000000
vn 0.000000 -1.000000 0.000000
vn 0.000000 -1.000000 0.000000
vn -0.000000 1.000000 0.000000
vn 0.002811 0.999996 -0.000049
vn 0.002871 0.999996 -0.000011
vn -0.000000 1.000000 0.000000
vn 0.000000 -1.000000 0.000000
vn 0.000000 -1.000000 0.000000
vn 0.000000 -1.000000 0.000000
vn 0.000000 -1.000000 0.000000
vn -0.037719 0.003804 0.999281
vn -0.073425 0.002944 0.997296
vn -0.052270 0.005078 0.998620
vn -0.035282 0.005771 0.999361
vn 0.719261 0.000445 -0.694740
vn 0.719040 0.000142 -0.694969
vn 0.718818 -0.000160 -0.695199
vn 0.719040 0.000142 -0.694969
vn -0.193676 -0.000568 0.981065
vn -0.193484 -0.000930 0.981103
vn -0.193484 -0.000930 0.981103
vn -0.193293 -0.001291 0.981140
vn -0.126201 -0.756826 0.641317
vn -0.126178 -0.756838 0.641307
vn -0.126154 -0.756850 0.641298
vn -0.126178 -0.756838 0.641307
vn -0.028198 -0.989134 0.144286
vn -0.028183 -0.989139 0.144259
vn -0.028190 -0.989136 0.144272
vn -0.028190 -0.989136 0.144272
vn 0.018784 0.995153 -0.096531
vn 0.018784 0.995153 -0.096531
vn 0.018784 0.995153 -0.096531
vn -0.018780 -0.995153 0.096526
vn -0.018775 -0.995154 0.096521
vn -0.018780 -0.995153 0.096526
vn -0.193058 0.000476 0.981187
vn -0.192982 0.000633 0.981202
vn -0.193020 0.000554 0.981195
vn -0.193020 0.000554 0.981195
vn -0.126369 0.755210 0.643187
vn -0.126374 0.755207 0.643189
vn -0.126379 0.755204 0.643191
vn -0.126374 0.755207 0.643189
vn -0.075695 0.919533 0.385654
vn -0.075695 0.919533 0.385654
vn -0.075695 0.919533 0.385654
vn -0.193058 0.000750 0.981187
vn -0.193019 0.001138 0.981194
vn -0.192979 0.001526 0.981202
vn -0.193019 0.001138 0.981194
vn -0.001319 -0.999982 0.005775
vn -0.001268 -0.999978 0.006444
vn -0.001294 -0.999981 0.006110
vn -0.001294 -0.999981 0.006110
vn -0.953359 -0.006355 0.301773
vn -0.944355 -0.002082 0.328921
vn -0.953359 -0.006354 0.301773
vn -0.953359 -0.006355 0.301773
vn -0.953359 -0.006355 0.301772
vn -0.954733 0.000643 0.297462
vn -0.955219 -0.002856 0.295887
vn -0.951963 -0.000770 0.306213
vn -0.944734 0.000660 0.327838
vn -0.948522 -0.001678 0.316707
vn 0.059683 -0.952670 -0.298092
vn 0.094504 -0.876509 -0.472017
vn 0.065139 -0.943346 -0.325355
vn 0.025541 -0.991504 -0.127543
vn 0.027095 -0.990433 -0.135306
vn 0.065138 -0.943349 -0.325346
vn 0.053192 -0.962594 -0.265676
vn 0.040980 -0.977974 -0.204665
vn 0.126511 -0.764673 -0.631878
vn 0.128244 -0.757147 -0.640532
vn 0.129960 -0.749498 -0.649125
vn 0.129961 -0.749506 -0.649116
vn -0.018240 0.964801 -0.262348
vn -0.018240 0.964801 -0.262348
vn -0.018240 0.964801 -0.262348
vn 0.006475 0.997236 -0.074015
vn 0.006475 0.997236 -0.074015
vn -0.087156 0.001699 0.996193
vn 0.145571 0.001114 0.989347
vn 0.022698 0.997107 -0.072540
vn -0.000497 0.001693 0.999998
vn 0.015604 0.998419 -0.054002
vn 0.010512 0.999940 0.003205
vn 0.024733 0.999118 -0.033948
vn 0.011347 -0.991489 -0.129699
vn 0.011347 -0.991489 -0.129699
vn 0.011347 -0.991489 -0.129699
vn -0.002923 -0.968769 -0.247947
vn 0.011347 -0.991489 -0.129699
vn 0.004220 -0.981935 -0.189171
vn -0.087155 -0.005095 0.996182
vn 0.004220 -0.981935 -0.189171
vn -0.087155 -0.005095 0.996182
vn 0.024215 -0.991455 -0.128183
vn -0.087155 -0.005095 0.996182
vn 0.002065 -0.983094 -0.183091
vn 0.002065 -0.983094 -0.183091
vn -0.020093 -0.971218 -0.237344
vn -0.061404 0.998099 -0.005374
vn -0.061404 0.998099 -0.005373
vn -0.013349 0.999910 -0.001168
vn 0.010691 0.999942 0.000935
vn -0.037394 0.999295 -0.003272
vn 0.010691 0.999942 0.000935
vn -0.043844 -0.999031 -0.003836
vn -0.043842 -0.999031 -0.003853
vn -0.024790 -0.999690 -0.002191
vn 0.013342 -0.999910 0.001167
vn 0.013342 -0.999910 0.001150
vn -0.005721 -0.999983 -0.000523
vn -0.157881 -0.000000 0.987458
vn -0.157881 -0.000000 0.987458
vn -0.165030 -0.000000 0.986289
vn -0.179301 -0.000000 0.983794
vn -0.179301 -0.000000 0.983794
vn -0.172170 -0.000000 0.985067
vn -0.160031 -0.000000 0.987112
vn -0.160031 -0.000000 0.987112
vn -0.172334 -0.000000 0.985039
vn -0.168236 -0.000000 0.985747
vn -0.172334 -0.000000 0.985039
vn -0.164135 -0.000000 0.986438
vn 0.014085 0.999900 0.001232
vn 0.014085 0.999900 0.001232
vn 0.010696 0.999942 0.000936
vn 0.011826 0.999930 0.001035
vn -0.000488 -1.000000 -0.000043
vn 0.010696 0.999942 0.000936
vn 0.012955 0.999916 0.001133
vn -0.000488 -1.000000 -0.000043
vn 0.004122 -0.999992 0.000361
vn 0.013342 -0.999910 0.001167
vn 0.008732 -0.999962 0.000764
vn 0.013342 -0.999910 0.001167
vn -0.998376 0.009669 0.056137
vn -0.342971 -0.000000 0.939346
vn -0.348222 -0.012975 0.937322
vn -0.739908 -0.007742 0.672663
vn -0.885821 -0.000000 0.464027
vn -0.997811 -0.000000 -0.066127
vn -0.994013 -0.000000 0.109265
vn -0.965448 -0.000000 0.260594
vn -0.999985 -0.000000 0.005571
vn -0.944330 -0.000000 0.329001
vn -0.985061 -0.005128 0.172132
vn -0.973919 -0.012935 0.226529
vn 0.004564 0.000000 0.999990
vn 0.000000 -1.000000 0.000000
vn 0.000000 -1.000000 0.000000
vn -0.000000 1.000000 0.000000
vn -0.995942 -0.000000 0.090003
vn -0.997084 0.009670 0.075691
vn 0.065266 -0.020579 0.997656
vn 0.233479 -0.044789 0.971330
vn -0.342971 -0.000000 0.939346
vn -0.167329 -0.000000 0.985901
vn 0.213365 -0.044839 0.975943
vn -0.997070 -0.011049 0.075690
vn -0.995942 -0.000000 0.090003
vn -0.342971 -0.000000 0.939346
vn -0.997696 -0.007366 0.067436
vn -0.342971 -0.000000 0.939346
vn -0.125143 -0.000000 0.992139
vn 0.236062 -0.000002 0.971738
vn 0.148101 0.000000 0.988972
vn 0.111365 -0.000002 0.993780
vn 0.020428 -0.023142 0.999523
vn 0.213608 -0.004781 0.976908
vn -0.988397 -0.000004 0.151892
vn -0.988701 -0.000488 0.149898
vn 0.148635 0.000412 0.988892
vn -0.000000 1.000000 0.000000
vn -0.000000 1.000000 0.000000
vn -0.000000 1.000000 0.000000
vn -0.000000 1.000000 0.000000
vn 0.000000 -1.000000 0.000000
vn -0.000000 1.000000 0.000000
vn 0.000000 -1.000000 0.000000
vn 0.000000 -1.000000 0.000000
vn 0.000000 -1.000000 0.000000
vn 0.000000 -1.000000 0.000000
vn 0.005052 0.000000 0.999987
vn 0.092894 -0.000004 0.995676
vn 0.092888 0.000000 0.995677
vn -0.899707 -0.009514 0.436391
vn 0.004808 0.000370 0.999988
vn -0.318732 -0.000002 0.947845
vn 0.092891 -0.000002 0.995676
vn 0.092891 -0.000002 0.995676
vn -0.460449 -0.005977 0.887666
vn 0.004564 0.000000 0.999990
vn -0.000000 1.000000 0.000000
vn -0.000000 1.000000 0.000000
vn -0.000000 1.000000 0.000000
vn -0.571491 0.010553 0.820541
vn -0.000000 1.000000 0.000000
vn -0.837493 0.000015 0.546448
vn -0.824506 0.023292 0.565374
vn -0.369306 0.010642 0.929247
vn 0.003520 -0.999993 -0.001006
vn 0.005236 -0.999980 -0.003513
vn 0.004378 -0.999988 -0.002259
vn 0.004378 -0.999988 -0.002259
vn -0.052224 -0.000000 0.998635
vn -0.052224 -0.000000 0.998635
vn 0.168572 0.000000 0.985689
vn 0.168572 0.000000 0.985689
vn -0.103709 -0.000000 0.994608
vn -0.390145 -0.000000 0.920754
vn -0.768618 -0.000000 0.639708
vn -0.885824 -0.000000 0.464022
vn -0.999649 -0.000000 -0.026512
vn -0.991754 -0.000000 0.128156
vn -0.999989 -0.000000 0.004689
vn -0.981285 -0.000000 0.192563
vn -0.892344 -0.000000 0.451355
vn -0.912155 -0.000000 0.409846
vn -0.982156 -0.000000 0.188070
vn -0.938046 -0.000000 0.346512
vn 0.041960 0.000000 0.999119
vn 0.041960 0.000000 0.999119
vn 0.041960 0.000000 0.999119
vn 0.041960 0.000000 0.999119
vn -0.946153 -0.000000 0.323720
vn -0.946153 -0.000000 0.323720
vn -0.946153 -0.000000 0.323720
vn -0.946153 -0.000000 0.323720
vn -0.855686 -0.000000 0.517495
vn -0.980300 -0.000000 0.197516
vn -0.930888 -0.000000 0.365304
vn -0.855686 -0.000000 0.517495
vn -0.946153 -0.000000 0.323720
vn -0.946153 -0.000000 0.323720
vn -0.946153 -0.000000 0.323720
vn -0.946153 -0.000000 0.323720
vn -0.052224 -0.000000 0.998635
vn -0.052224 -0.000000 0.998635
vn -0.103709 -0.000000 0.994608
vn -0.390145 -0.000000 0.920754
vn -0.885824 -0.000000 0.464022
vn -0.768618 -0.000000 0.639708
vn -0.999649 -0.000000 -0.026512
vn -0.991754 -0.000000 0.128156
vn -0.999989 -0.000000 0.004689
vn -0.981285 -0.000000 0.192563
vn -0.892349 -0.000000 0.451347
vn -0.912156 -0.000000 0.409842
vn -0.855686 -0.000000 0.517495
vn -0.982155 -0.000000 0.188071
vn -0.938048 -0.000000 0.346505
vn -0.855686 -0.000000 0.517495
vn -0.930887 -0.000000 0.365307
vn -0.980298 -0.000000 0.197522
vn 0.041960 0.000000 0.999119
vn 0.041960 0.000000 0.999119
vn 0.041960 0.000000 0.999119
vn 0.041960 0.000000 0.999119
vn 0.000000 -1.000000 0.000000
vn 0.000000 -1.000000 0.000000
vn 0.000000 -1.000000 0.000000
vn -0.000000 1.000000 0.000000
vn -0.000000 1.000000 0.000000
vn 0.000000 -1.000000 0.000000
vn -0.000000 1.000000 0.000000
vn 0.000000 -1.000000 0.000000
vn 0.000000 -1.000000 0.000000
vn 0.000000 -1.000000 0.000000
vn -0.000000 1.000000 0.000000
vn -0.000000 1.000000 0.000000
vn -0.000000 1.000000 0.000000
vn 0.683292 0.027644 0.729622
vn 0.438302 0.000000 0.898828
vn 0.678148 0.013824 0.734796
vn 0.336215 0.000000 0.941785
vn 0.438302 0.000000 0.898828
vn 0.336215 0.000000 0.941785
vn 0.336215 0.000000 0.941785
vn 0.339593 0.007500 0.940543
vn -0.000000 1.000000 0.000000
vn -0.000000 1.000000 0.000000
vn -0.000000 1.000000 0.000000
vn -0.000000 1.000000 0.000000
vn 0.000000 -1.000000 0.000000
vn -0.000000 1.000000 0.000000
vn -0.000000 1.000000 0.000000
vn 0.000000 -1.000000 0.000000
vn 0.000000 -1.000000 0.000000
vn -0.000000 1.000000 0.000000
vn -0.000000 1.000000 0.000000
vn 0.000000 -1.000000 0.000000
vn 0.000000 -1.000000 0.000000
vn -0.000000 1.000000 0.000000
vn 0.000000 -1.000000 0.000000
vn -0.000000 1.000000 0.000000
vn 0.000000 -1.000000 0.000000
vn -0.000000 1.000000 0.000000
vn -0.000000 1.000000 0.000000
vn 0.000000 -1.000000 0.000000
vn 0.000000 -1.000000 0.000000
vn 0.000000 -1.000000 0.000000
vn -0.000000 1.000000 0.000000
vn 0.000000 0.000000 1.000000
vn 0.000000 0.000000 1.000000
vn 0.000000 -1.000000 0.000000
vn 0.000000 0.000000 1.000000
vn 0.000000 -1.000000 0.000000
vn 0.000000 -1.000000 0.000000
vn 0.000000 -1.000000 0.000000
vn 0.000000 -1.000000 0.000000
vn 0.000000 -1.000000 0.000000
vn 0.000000 -1.000000 0.000000
vn 0.000000 -1.000000 0.000000
vn 0.000000 -1.000000 0.000000
vn 0.000000 -1.000000 0.000000
vn 0.000000 -1.000000 0.000000
vn 0.000000 -1.000000 0.000000
vn 0.000000 -1.000000 0.000000
vn 0.000000 -1.000000 0.000000
vn -0.000000 1.000000 0.000000
vn 0.000000 0.000000 1.000000
vn -0.000000 1.000000 0.000000
vn -0.000000 1.000000 0.000000
vn -0.000000 1.000000 0.000000
vn -0.000000 1.000000 0.000000
vn -0.000000 1.000000 0.000000
vn -0.000000 1.000000 0.000000
vn -0.000000 1.000000 0.000000
vn -0.000000 1.000000 0.000000
vn -0.000000 1.000000 0.000000
vn -0.000000 1.000000 0.000000
vn -0.000000 1.000000 0.000000
vn -0.000000 1.000000 0.000000
vn -0.760617 -0.000000 -0.649200
vn -0.000000 1.000000 0.000000
vn -0.000000 1.000000 0.000000
vn -0.760617 -0.000000 -0.649200
vn -0.760617 -0.000000 -0.649200
vn 0.000000 0.000000 1.000000
vn 0.000000 0.000000 1.000000
vn 0.000000 0.000000 1.000000
vn 0.000000 0.000000 1.000000
vn 0.000000 0.000000 1.000000
vn 0.000000 0.000000 1.000000
vn 0.000000 0.000000 1.000000
vn 0.000000 0.000000 1.000000
vn 0.149510 0.000424 0.988760
vn -0.988542 -0.000253 0.150946
vn 0.149217 0.000203 0.988804
vn -0.997982 0.004835 0.063306
vn 0.145655 0.000298 0.989335
vn -0.988726 -0.000593 0.149733
vn -0.988634 -0.000423 0.150339
vn -0.988719 -0.000600 0.149783
vn -0.998585 -0.004419 0.053003
vn 0.145450 0.000246 0.989366
vn -0.998703 -0.000000 0.050912
vn -0.998703 -0.000000 0.050912
vn 0.148945 0.000143 0.988845
vn 0.148461 0.000275 0.988918
vn 0.145553 0.000272 0.989350
vn 0.145553 0.000272 0.989350
vn 0.148721 0.000318 0.988879
vn 0.148852 0.000149 0.988859
vn 0.148465 0.000138 0.988918
vn 0.149129 0.000136 0.988818
vn 0.005447 -0.999985 0.000159
vn 0.005447 -0.999985 0.000159
vn -0.031607 0.999493 0.003778
vn -0.031607 0.999493 0.003778
vn -0.988864 -0.003445 0.148782
vn -0.988863 -0.003440 0.148787
vn 0.988789 0.000683 -0.149320
vn -0.063665 0.974668 -0.214406
vn -0.101122 0.894201 -0.436096
vn -0.027807 -0.975080 -0.220102
vn -0.060363 -0.895339 -0.441276
vn -0.989002 -0.003438 0.147862
vn -0.115080 0.870054 -0.479336
vn -0.105714 0.941812 -0.319083
vn -0.065892 -0.871240 -0.486414
vn -0.989080 -0.002436 0.147361
vn -0.039094 -0.944474 -0.326251
vn 0.990982 0.000377 -0.133995
vn 0.990226 0.000319 -0.139469
vn -0.064314 0.997909 0.006363
vn -0.014025 0.946116 0.323524
vn -0.009327 0.944886 0.327267
vn 0.010609 -0.999943 -0.001304
vn -0.040656 0.984681 0.169560
vn 0.056412 -0.946508 0.317712
vn 0.056976 -0.946739 0.316922
vn -0.989870 -0.001739 0.141965
vn 0.034886 -0.986171 0.162019
vn -0.991078 -0.001817 0.133270
vn -0.990437 -0.001670 0.137958
vn -0.990108 -0.001679 0.140295
vn -0.989049 -0.001822 0.147575
vn -0.988842 -0.001929 0.148953
vn -0.990387 -0.001570 0.138316
vn -0.988978 -0.001869 0.148049
vn -0.988858 -0.001962 0.148852
vn -0.990402 -0.001626 0.138209
vn -0.990119 -0.001670 0.140218
vn -0.988758 -0.002369 0.149503
vn -0.990949 -0.001634 0.134229
vn -0.988962 -0.001850 0.148156
vn 0.989401 0.000341 -0.145206
vn 0.988747 0.000503 -0.149598
vn 0.988729 0.000381 -0.149715
vn 0.990224 0.000323 -0.139484
vn 0.988795 0.000390 -0.149281
vn 0.991013 0.000334 -0.133764
vn 0.988676 0.000350 -0.150064
vn 0.988893 0.000446 -0.148631
vn 0.988794 0.000397 -0.149288
vn 0.989828 0.000327 -0.142266
vn 0.989820 0.000349 -0.142324
vn 0.988733 0.000380 -0.149688
vn 0.990227 0.000329 -0.139463
vn 0.089971 -0.994181 0.059245
vn 0.064737 -0.995226 0.073040
vn 0.039450 -0.995447 0.086774
vn 0.064737 -0.995226 0.073040
vn 0.148825 0.000242 0.988864
vn 0.148851 0.000281 0.988860
vn 0.148851 0.000281 0.988860
vn 0.148877 0.000320 0.988856
vn -0.062628 0.997613 0.029087
vn -0.076970 0.996690 0.026160
vn -0.076970 0.996690 0.026160
vn -0.091295 0.995553 0.023229
vn 0.042770 -0.999000 0.013030
vn 0.073350 -0.997300 -0.003581
vn 0.103841 -0.994389 -0.020187
vn 0.073350 -0.997300 -0.003581
vn 0.148777 0.000389 0.988871
vn 0.148729 0.000327 0.988878
vn 0.148729 0.000327 0.988878
vn 0.148680 0.000264 0.988885
vn -0.096910 0.993019 0.067248
vn -0.075304 0.994578 0.071719
vn -0.075304 0.994578 0.071719
vn -0.053660 0.995651 0.076156
vn 0.841711 0.000000 -0.539929
vn 0.841711 0.000000 -0.539928
vn 0.841711 0.000000 -0.539929
vn 0.841711 0.000000 -0.539929
vn 0.995861 0.000000 -0.090884
vn 0.995861 0.000000 -0.090884
vn 0.995861 0.000000 -0.090884
vn 0.995861 0.000000 -0.090884
vn 0.841711 0.000000 -0.539928
vn 0.841711 0.000000 -0.539929
vn 0.841711 0.000000 -0.539928
vn 0.841711 0.000000 -0.539928
vn 0.995861 0.000000 -0.090884
vn 0.995861 0.000000 -0.090884
vn 0.995861 0.000000 -0.090884
vn 0.995861 0.000000 -0.090884
vn 0.007832 0.998116 -0.060854
vn -0.003873 0.998281 -0.058478
vn -0.006931 0.998505 -0.054216
vn -0.023972 0.997534 -0.065964
vn -0.007692 0.998372 -0.056523
vn -0.048875 0.994859 -0.088701
vn -0.008807 -0.997613 0.068490
vn -0.026853 0.997419 -0.066587
vn 0.007935 -0.998113 0.060894
vn 0.055400 -0.993460 0.099840
vn 0.008797 -0.997940 0.063547
vn 0.030495 -0.996725 0.074899
vn 0.027234 -0.996874 0.074169
vn 0.004457 -0.997823 0.065801
vn -0.715730 -0.000000 0.698377
vn -0.715730 -0.000000 0.698377
vn -0.138660 -0.000000 0.990340
vn -0.138660 -0.000000 0.990340
vn -0.451449 -0.000000 0.892297
vn -0.451449 -0.000000 0.892297
vn 0.043420 0.000000 0.999057
vn 0.043420 0.000000 0.999057
vn 0.043420 0.000000 0.999057
vn 0.043420 0.000000 0.999057
vn 0.157361 0.000000 -0.987541
vn 0.157361 0.000000 -0.987541
vn 0.157361 0.000000 -0.987541
vn 0.157361 0.000000 -0.987541
vn -0.948218 -0.000000 0.317620
vn -0.948218 -0.000000 0.317620
vn -0.948218 -0.000000 0.317620
vn -0.948218 -0.000000 0.317620
vn -0.007855 0.998057 0.061815
vn 0.005541 0.998237 0.059095
vn 0.008980 0.998552 0.053046
vn 0.028589 0.997393 0.066251
vn 0.056742 0.994164 0.091746
vn 0.010019 0.998365 0.056282
vn 0.006885 -0.998508 -0.054171
vn 0.031907 0.997219 0.067354
vn -0.007978 -0.998893 -0.046360
vn -0.050209 -0.995483 -0.080576
vn -0.008915 -0.998747 -0.049251
vn -0.028264 -0.997856 -0.059027
vn -0.004955 -0.998647 -0.051765
vn -0.025326 -0.997994 -0.058032
vn -0.715730 -0.000000 0.698377
vn -0.715730 -0.000000 0.698377
vn -0.138660 -0.000000 0.990340
vn -0.451449 -0.000000 0.892297
vn -0.451449 -0.000000 0.892297
vn -0.138660 -0.000000 0.990340
vn 0.043420 0.000000 0.999057
vn 0.043420 0.000000 0.999057
vn 0.043420 0.000000 0.999057
vn 0.043420 0.000000 0.999057
vn 0.157361 0.000000 -0.987541
vn 0.157361 0.000000 -0.987541
vn 0.157361 0.000000 -0.987541
vn 0.157361 0.000000 -0.987541
vn -0.948218 -0.000000 0.317620
vn -0.948218 -0.000000 0.317620
vn -0.948218 -0.000000 0.317620
vn -0.948218 -0.000000 0.317620
vn -0.175744 -0.000000 0.984436
vn -0.175744 -0.000000 0.984436
vn -0.128726 -0.000000 0.991680
vn -0.160112 -0.000000 0.987099
vn -0.144435 -0.000000 0.989514
vn -0.128726 -0.000000 0.991680
vn -0.173793 -0.000000 0.984782
vn -0.173793 -0.000000 0.984782
vn -0.144026 -0.000000 0.989574
vn -0.129094 -0.000000 0.991632
vn -0.158930 -0.000000 0.987290
vn -0.186394 -0.000872 0.982475
vn -0.129094 -0.000000 0.991632
vn -0.186394 -0.000872 0.982475
vn -0.186399 -0.000875 0.982474
vn -0.186399 -0.000875 0.982474
vn -0.186394 -0.000872 0.982475
vn -0.041544 -0.942616 0.331284
vn -0.113332 -0.761168 -0.638576
vn -0.419366 -0.164690 -0.892754
vn -0.120813 0.956891 -0.264128
vn -0.096762 0.985585 -0.138780
vn 0.103009 -0.736500 0.668549
vn -0.014463 -0.999895 -0.000766
vn -0.014463 -0.999895 -0.000767
vn 0.002944 0.499999 -0.866021
vn 0.002944 0.500000 -0.866020
vn -0.015391 -0.435152 -0.900225
vn 0.063466 -0.009980 -0.997934
vn 0.047222 -0.004971 -0.998872
vn 0.030655 0.009676 -0.999483
vn 0.046976 0.004879 -0.998884
vn 0.172696 -0.149499 0.973564
vn -0.003043 -0.983692 0.179835
vn 0.002545 0.983692 -0.179846
vn -0.004266 -0.984347 0.176192
vn 0.004288 0.984640 -0.174544
vn 0.924718 0.010407 0.380511
vn 0.995018 -0.031116 0.094720
vn 0.995017 -0.031118 0.094720
vn 0.073724 -0.022652 -0.997021
vn 0.082780 -0.025434 0.996243
vn 0.073763 0.022868 -0.997014
vn 0.082824 0.025677 0.996233
vn 0.000000 0.000000 1.000000
vn 0.041429 -0.012729 0.999060
vn 0.000000 0.000000 -1.000000
vn 0.041429 -0.012729 0.999060
vn 0.036890 -0.011334 -0.999255
vn 0.000000 0.000000 1.000000
vn 0.041451 0.012851 0.999058
vn 0.036890 -0.011334 -0.999255
vn 0.041451 0.012851 0.999058
vn 0.000000 0.000000 -1.000000
vn 0.036909 0.011443 -0.999253
vn 0.036909 0.011443 -0.999253
vn 0.471149 -0.675444 -0.567269
vn 0.045186 -0.716116 -0.696517
vn -0.005440 0.766030 0.642782
vn -0.001265 0.999999 0.000000
vn 0.001265 -0.999999 0.000000
vn 0.001265 -0.999999 0.000000
vn 0.001265 -0.999999 0.000000
vn -0.001265 0.999999 0.000000
vn -0.001265 0.999999 0.000000
vn 0.001265 -0.999999 0.000000
vn -0.001265 0.999999 0.000000
vn 0.994936 0.033631 0.094722
vn 0.994936 0.033632 0.094719
vn 0.990615 -0.007701 0.136467
vn 0.591898 0.140696 0.793638
vn 0.991088 -0.004107 0.133146
vn 0.991537 -0.000513 0.129823
vn -0.014037 0.078668 -0.996802
vn 0.991088 -0.004107 0.133146
vn 0.235531 -0.840609 0.487751
vn 0.249215 -0.830191 -0.498673
vn -0.041616 0.983953 0.173505
vn -0.071818 0.997199 0.020879
vn 0.031591 -0.883616 -0.467146
vn 0.010840 -0.811044 -0.584885
vn 0.026476 -0.622080 -0.782506
vn 0.023383 0.908592 -0.417030
vn -0.554180 -0.093773 0.827098
vn -0.999765 -0.007807 -0.020216
vn 0.006261 0.898315 -0.439308
vn 0.008419 0.902639 -0.430317
vn 0.010703 -0.902615 -0.430316
vn 0.008534 -0.898296 -0.439307
vn -0.067860 -0.962785 -0.261609
vn -0.085344 -0.927105 -0.364956
vn 0.025297 0.891384 -0.452543
vn 0.016546 0.955924 -0.293149
vn -0.508645 0.148882 0.848006
vn -0.508267 -0.150167 0.848006
vn 0.104445 -0.038479 0.993786
vn 0.197994 0.847958 0.491696
vn 0.008506 0.121224 -0.992589
vn -0.149237 0.171522 -0.973811
vn -0.149787 0.166376 -0.974619
vn 0.149237 -0.171522 0.973811
vn 0.440179 0.156461 -0.884173
vn 0.371427 -0.190588 0.908690
vn -0.844054 -0.001637 0.536255
vn 0.010308 -0.966200 0.257589
vn 0.014378 -0.959282 0.282084
vn -0.861005 0.010396 0.508490
vn -0.018974 0.994342 0.104521
vn 0.005787 0.966496 0.256617
vn -0.469603 -0.552231 -0.688850
vn 0.285071 -0.827498 -0.483716
vn 0.244565 0.839887 -0.484538
vn -0.999999 -0.001249 0.000000
vn -0.999999 -0.001249 0.000000
vn -0.999999 -0.001266 -0.000002
vn -0.999999 -0.001249 0.000000
vn -0.999999 -0.001266 0.000002
vn -0.999999 -0.001260 -0.000004
vn -0.999999 -0.001266 -0.000002
vn -0.999999 -0.001266 0.000002
vn -0.999999 -0.001260 0.000004
vn -0.999999 -0.001260 -0.000004
vn -0.633682 0.078130 -0.769638
vn -0.039126 -0.984055 0.173506
vn 0.008788 0.811068 -0.584886
vn 0.051592 0.944233 -0.325210
vn -0.739108 0.161369 0.653972
vn -0.749943 -0.159904 0.641885
vn 0.139779 -0.171769 0.975170
vn 0.145901 -0.251109 0.956900
vn -0.765809 -0.000965 -0.643067
vn -0.765809 -0.000965 -0.643067
vn -0.765809 -0.000965 -0.643067
vn -0.765811 -0.000978 -0.643065
vn -0.490817 -0.581091 -0.649178
vn 0.335574 0.000421 -0.942014
vn 0.986606 0.001238 0.163119
vn 0.335575 0.000426 -0.942013
vn 0.986606 0.001252 0.163119
vn -0.373889 0.750281 0.545239
vn -0.344443 -0.000436 0.938807
vn -0.344443 -0.000436 0.938807
vn 0.016116 -0.188295 -0.981980
vn 0.014230 -0.197148 -0.980271
vn -0.999765 -0.007807 -0.020216
vn -0.999765 -0.007807 -0.020216
vn -0.999765 -0.007807 -0.020216
vn 0.995018 -0.031116 0.094720
vn 0.995018 -0.031117 0.094719
vn 0.032931 0.911613 -0.409729
vn -0.680754 0.731074 -0.045877
vn 0.248712 0.837987 0.485716
vn 0.246130 0.836387 0.489772
vn 0.194849 -0.848379 0.492227
vn 0.986606 0.001247 0.163118
vn 0.986606 0.001256 0.163118
vn 0.986606 0.001247 0.163118
vn -0.003181 -0.000004 0.999995
vn -0.003181 -0.000004 0.999995
vn 0.986606 0.001240 0.163118
vn 0.986606 0.001228 0.163117
vn 0.986606 0.001240 0.163118
vn -0.003180 -0.000004 0.999995
vn -0.003180 -0.000001 0.999995
vn -0.542691 -0.092972 0.834771
vn -0.009317 -0.515805 -0.856655
vn 0.149787 -0.166376 0.974619
vn -0.826990 -0.340913 -0.447064
vn -0.826990 -0.340913 -0.447064
vn -0.826990 -0.340913 -0.447064
vn 0.008508 0.121203 -0.992591
vn 0.450376 0.446846 -0.772975
vn 0.084978 0.043139 -0.995449
vn -0.344443 -0.000436 0.938807
vn -0.344443 -0.000436 0.938807
vn -0.139555 -0.492962 0.858786
vn -0.050134 -0.170991 -0.983996
vn 0.947674 -0.034382 0.317383
vn 0.936960 -0.011997 0.349232
vn 0.936960 -0.011997 0.349232
vn 0.034607 0.944195 -0.327565
vn 0.155004 -0.149968 0.976465
vn -0.375789 -0.343372 0.860743
vn 0.500812 -0.574996 -0.646967
vn 0.002297 0.852979 0.521940
vn -0.298069 0.943409 -0.145380
vn -0.204849 0.954449 -0.216942
vn 0.027159 -0.939341 -0.341908
vn 0.027159 -0.939341 -0.341908
vn 0.027159 -0.939341 -0.341908
vn 0.114597 -0.044034 -0.992436
vn 0.083879 0.936393 0.340782
vn 0.073429 -0.041797 -0.996424
vn 0.092119 -0.264574 -0.959956
vn 0.203167 0.175130 0.963355
vn 0.008815 -0.121195 -0.992590
vn -0.999999 -0.001259 -0.000007
vn 0.034607 0.944195 -0.327563
vn 0.036995 -0.944105 -0.327562
vn 0.084400 0.897332 0.433211
vn 0.999905 -0.013797 -0.000089
vn 0.018667 -0.999826 -0.000002
vn 0.971214 0.013739 0.237811
vn 0.052782 -0.955096 0.291557
vn 0.122976 -0.818714 0.560878
vn 0.207814 -0.181039 0.961269
vn 0.994936 0.033632 0.094721
vn 0.265535 -0.015015 0.963984
vn 0.971628 -0.000982 0.236511
vn 0.995454 -0.009537 0.094764
vn 0.995427 0.012055 0.094765
vn 0.992859 -0.007443 0.119062
vn 0.995454 -0.009538 0.094763
vn 0.032160 0.999254 -0.021372
vn 0.992859 -0.007443 0.119062
vn 0.994936 0.033633 0.094719
vn 0.041488 0.999139 -0.000003
vn 0.995427 0.012055 0.094763
vn 0.992777 0.007569 0.119733
vn 0.999999 0.001289 -0.000074
vn 0.992777 0.007569 0.119733
vn 0.054678 -0.395872 -0.916676
vn 0.069570 0.000088 0.997577
vn -0.999961 -0.001265 -0.008724
vn 0.999961 0.001260 0.008728
vn -0.875052 -0.001106 -0.484028
vn -0.875053 -0.001107 -0.484025
vn 0.092104 0.777583 -0.621998
vn -0.696996 0.576880 0.425918
vn -0.014286 -0.999897 -0.001116
vn -0.999999 -0.001267 0.000002
vn -0.014287 -0.999897 -0.001114
vn 0.231483 -0.827921 0.510845
vn 0.217382 -0.820620 0.528515
vn 0.373282 -0.241865 0.895635
vn -0.526622 -0.136403 0.839085
vn 0.226213 -0.663307 0.713338
vn -0.006470 0.650632 0.759365
vn -0.999999 -0.001271 0.000002
vn -0.023383 -0.908592 0.417030
vn -0.032499 -0.926628 0.374571
vn -0.032499 -0.926628 0.374571
vn -0.999999 -0.001265 0.000024
vn -0.999999 -0.001265 0.000024
vn -0.999999 -0.001265 0.000024
vn 0.262560 -0.181219 0.947746
vn 0.809091 0.003001 -0.587676
vn -0.999999 -0.001267 -0.000001
vn 0.087416 -0.831982 -0.547873
vn -0.999999 -0.001261 -0.000001
vn -0.999999 -0.001261 -0.000001
vn -0.999999 -0.001268 -0.000001
vn -0.005441 0.766030 0.642782
vn -0.100512 0.710803 -0.696172
vn -0.100512 0.710803 -0.696172
vn -0.100512 0.710803 -0.696172
vn -0.999022 -0.001835 -0.044184
vn -0.998721 -0.013552 -0.048713
vn -0.998945 -0.007407 -0.045316
vn -0.999022 -0.001833 -0.044182
vn -0.998721 -0.013552 -0.048713
vn -0.998945 -0.007405 -0.045315
vn -0.054872 0.998469 0.007048
vn -0.999999 -0.001266 0.000007
vn -0.999999 -0.001266 0.000005
vn -0.209974 0.872271 0.441649
vn -0.999999 -0.001265 -0.000005
vn -0.999999 -0.001265 -0.000001
vn 0.051862 -0.763597 -0.643607
vn -0.016738 0.999860 -0.000755
vn 0.092800 0.314854 -0.944593
vn 0.074902 0.363823 -0.928452
vn -0.016739 0.999860 -0.000756
vn -0.016811 0.999858 -0.001122
vn 0.215345 -0.157263 -0.963792
vn 0.215346 -0.157264 -0.963792
vn 0.152154 -0.883098 0.443832
vn -0.016811 0.999858 -0.001120
vn 0.108643 -0.913075 0.393052
vn 0.152154 -0.883098 0.443832
vn -0.761981 -0.506362 0.403711
vn 0.095210 -0.321882 -0.941980
vn 0.871380 -0.072875 -0.485166
vn 0.085128 -0.063338 -0.994355
vn -0.470010 0.289474 0.833844
vn -0.370122 -0.013521 0.928885
vn 0.071340 -0.262443 -0.962307
vn -0.078789 -0.943803 0.320980
vn 0.084787 -0.263128 -0.961028
vn 0.091203 0.047824 -0.994683
vn 0.021209 -0.945673 0.324427
vn -0.391617 0.920054 0.011715
vn -0.389717 0.920444 -0.030065
vn 0.053676 0.396009 -0.916676
vn -0.330650 0.939148 -0.093124
vn 0.273677 -0.552314 0.787433
vn 0.999961 0.001265 0.008727
vn 0.999961 0.001262 0.008727
vn 0.999961 0.001262 0.008727
vn 0.069570 0.000088 0.997577
vn 0.069570 0.000088 0.997577
vn 0.069570 0.000088 0.997577
vn -0.999961 -0.001276 -0.008727
vn -0.999961 -0.001271 -0.008726
vn -0.999961 -0.001271 -0.008726
vn -0.008523 -0.983321 0.181677
vn -0.017036 -0.981125 0.192621
vn -0.011263 -0.983124 0.182596
vn 0.073660 -0.157839 -0.984714
vn -0.951606 0.129931 0.278502
vn 0.022117 0.341962 0.939454
vn 0.003191 0.554828 0.831959
vn 0.007432 0.431944 0.901870
vn 0.015478 -0.642700 0.765961
vn 0.378101 0.149115 0.913676
vn 0.451507 -0.445701 -0.772976
vn -0.173815 -0.000220 -0.984778
vn 0.001264 -0.999999 0.000004
vn 0.001264 -0.999999 0.000004
vn -0.173815 -0.000220 -0.984778
vn 0.220585 0.355994 0.908081
vn -0.771377 0.146311 -0.619331
vn -0.778106 0.064458 -0.624817
vn -0.771009 -0.148261 -0.619325
vn -0.630532 -0.079292 -0.772103
vn -0.777945 -0.066426 -0.624811
vn -0.836389 -0.271627 -0.476102
vn -0.634075 -0.000583 -0.773271
vn -0.634075 -0.000583 -0.773271
vn -0.437347 -0.184984 0.880062
vn -0.151297 -0.000190 -0.988488
vn 0.304437 -0.642218 -0.703473
vn 0.035316 0.339599 0.939907
vn -0.714958 -0.125002 0.687903
vn 0.300464 0.652140 0.696014
vn -0.478676 -0.010777 -0.877925
vn -0.707539 0.125452 0.695450
vn -0.437810 0.183878 0.880063
vn -0.478702 0.009570 -0.877925
vn -0.530785 0.578506 -0.619353
vn -0.946747 -0.001197 0.321976
vn -0.946748 -0.001198 0.321973
vn -0.011128 0.874836 -0.484291
vn 0.016026 -0.953280 -0.301663
vn 0.013615 0.953317 -0.301666
vn 0.013615 0.953317 -0.301663
vn -0.380620 0.321445 -0.867065
vn 0.002951 0.961538 -0.274657
vn -0.356515 -0.000450 -0.934290
vn -0.477924 0.390009 -0.787071
vn -0.151297 -0.000190 -0.988488
vn 0.068192 0.684998 -0.725346
vn 0.303882 -0.633096 -0.711930
vn 0.351345 0.808961 -0.471316
vn -0.150347 -0.762464 -0.629321
vn 0.069925 -0.684824 -0.725346
vn 0.089540 0.890223 -0.446639
vn 0.380082 -0.911286 -0.158417
vn 0.091792 -0.889994 -0.446638
vn -0.957881 -0.001207 -0.287162
vn -0.105369 -0.830603 0.546805
vn -0.301418 -0.124947 -0.945270
vn 0.001561 -0.999582 -0.028857
vn 0.143883 -0.962859 0.228474
vn -0.001535 0.999982 -0.005732
vn -0.880027 -0.001123 -0.474923
vn -0.111072 0.888324 0.445582
vn -0.106547 0.754426 -0.647680
vn 0.141447 0.963220 0.228475
vn -0.107470 0.830333 0.546806
vn -0.000968 0.999583 -0.028858
vn 0.001025 0.979957 -0.199205
vn -0.400517 -0.489366 -0.774666
vn -0.134572 -0.422175 -0.896470
vn 0.003505 -0.979952 -0.199204
vn 0.432706 -0.779171 0.453496
vn 0.000995 -0.999983 -0.005730
vn -0.091894 -0.285211 0.954049
vn -0.089428 -0.173062 0.980843
vn -0.092615 0.284978 0.954049
vn -0.093147 -0.394963 0.913963
vn -0.136371 -0.702682 -0.698313
vn -0.089866 0.172835 0.980843
vn -0.094145 0.394726 0.913963
vn 0.117515 -0.986386 -0.115033
vn 0.160151 -0.882429 0.442347
vn 0.126970 -0.989959 0.062122
vn -0.118709 0.966038 0.229520
vn 0.157918 0.882832 0.442346
vn 0.097172 -0.976979 -0.189920
vn -0.112547 0.953929 -0.278124
vn 0.405516 0.899772 0.161145
vn 0.350894 0.812175 -0.466096
vn 0.408060 -0.899866 0.154042
vn 0.405782 0.900895 0.154042
vn 0.098184 0.955051 -0.279711
vn 0.132650 0.984559 0.114225
vn 0.184685 0.586818 0.788375
vn -0.101138 0.683063 0.723323
vn -0.099410 -0.683317 0.723323
vn -0.119876 -0.984499 0.128026
vn 0.186169 -0.586350 0.788375
vn 0.115019 0.986680 -0.115033
vn 0.224941 -0.103656 0.968843
vn -0.089865 0.172835 0.980843
vn 0.068497 0.173325 0.982480
vn 0.130125 0.337278 0.932368
vn 0.224678 0.104228 0.968843
vn 0.130978 -0.336949 0.932368
vn 0.068935 -0.173152 0.982480
vn -0.098407 0.593783 0.798585
vn 0.193460 0.389410 0.900518
vn 0.194445 -0.388919 0.900518
vn 0.180692 -0.675387 0.714985
vn 0.178984 0.675840 0.714986
vn -0.096905 -0.594031 0.798584
vn 0.450713 0.571602 0.685659
vn -0.089428 -0.173062 0.980843
vn 0.464332 -0.298871 0.833710
vn 0.165609 0.823894 0.542007
vn 0.081131 -0.840584 -0.535571
vn 0.167693 -0.823473 0.542007
vn 0.330027 -0.608239 -0.721892
vn 0.452220 -0.576593 0.680468
vn 0.072600 0.860732 -0.503855
vn 0.592253 -0.139186 0.793640
vn 0.322684 -0.163961 0.932197
vn 0.322685 -0.163963 0.932197
vn 0.591898 0.140685 0.793640
vn 0.489594 0.335150 0.804967
vn 0.440438 0.024206 0.897457
vn 0.322267 0.164777 0.932198
vn 0.591900 0.140689 0.793638
vn 0.322268 0.164779 0.932197
vn 0.999999 0.001265 0.000000
vn 0.999999 0.001265 0.000000
vn 0.999999 0.001265 0.000000
vn 0.313786 0.327328 -0.891288
vn 0.063939 -0.595375 -0.800900
vn 0.340245 0.875700 -0.342611
vn 0.062432 0.595535 -0.800900
vn 0.121096 0.992641 0.000514
vn 0.322144 0.945406 0.049299
vn 0.427754 0.656467 -0.621351
vn 0.202520 0.892038 -0.404046
vn 0.239361 -0.252167 -0.937613
vn 0.309006 -0.002245 -0.951057
vn 0.051404 -0.285812 -0.956906
vn 0.168952 -0.345459 -0.923100
vn 0.050681 0.285941 -0.956906
vn 0.047833 0.058668 -0.997131
vn 0.263397 0.000152 -0.964687
vn 0.278208 0.668275 -0.689933
vn 0.238721 0.252772 -0.937613
vn -0.108824 -0.888602 0.445582
vn -0.120250 -0.986095 0.114699
vn 0.047982 -0.058546 -0.997131
vn 0.536750 0.550110 -0.639749
vn 0.581722 0.503817 -0.638567
vn 0.458717 0.500309 -0.734350
vn 0.018808 -0.217486 -0.975882
vn -0.193032 -0.872122 0.449602
vn -0.000427 0.961855 0.273558
vn 0.092936 -0.926008 0.365886
vn -0.273409 -0.774774 0.570064
vn -0.003181 0.999197 0.039929
vn 0.003168 0.961881 0.273452
vn 0.131144 0.059985 0.989547
vn 0.206416 -0.063904 0.976375
vn -0.331949 -0.683051 0.650577
vn -0.331948 -0.683051 0.650578
vn 0.177015 -0.062824 0.982201
vn -0.333675 0.682210 0.650577
vn -0.333675 0.682209 0.650578
vn 0.033963 -0.970532 -0.238567
vn 0.007892 -0.012967 0.999885
vn 0.138268 -0.026791 0.990032
vn 0.008508 0.121221 -0.992589
vn 0.007859 0.012987 0.999885
vn -0.052183 0.048912 0.997439
vn 0.177650 -0.295106 0.938804
vn 0.150378 -0.674777 0.722539
vn -0.134321 0.967710 -0.213294
vn -0.048903 0.892759 -0.447872
vn -0.011044 -0.489155 -0.872127
vn -0.065581 -0.936439 -0.344647
vn -0.834941 0.331553 -0.439257
vn 0.095596 -0.322247 0.941816
vn -0.082775 -0.703018 -0.706338
vn -0.034259 -0.989512 -0.140328
vn -0.155253 -0.948994 0.274423
vn -0.839127 0.299592 -0.453995
vn -0.157653 0.948599 0.274420
vn -0.161404 -0.907350 0.388155
vn -0.275447 -0.866694 0.415898
vn -0.239978 -0.908487 0.342142
vn 0.378481 -0.148163 0.913674
vn -0.088404 -0.254850 0.962931
vn -0.089048 0.254626 0.962931
vn -0.060865 -0.430105 0.900725
vn -0.052021 -0.337550 0.939869
vn -0.049446 0.316859 0.947183
vn -0.051962 0.438459 0.897248
vn -0.155253 -0.948994 0.274422
vn -0.368682 0.296204 0.881100
vn -0.157653 0.948597 0.274424
vn -0.367935 -0.295193 0.881751
vn -0.284414 0.830257 -0.479356
vn -0.134735 0.964044 -0.229053
vn 0.020609 0.097153 -0.995056
vn -0.122744 0.985788 0.114699
vn -0.235990 0.961217 0.142725
vn -0.093468 0.889189 0.447891
vn -0.092566 -0.892637 0.441170
vn -0.122524 -0.991307 0.047943
vn 0.109797 -0.980125 -0.165227
vn 0.085310 0.832200 -0.547873
vn -0.167087 0.588390 -0.791125
vn 0.073064 0.395605 -0.915510
vn 0.074065 -0.395419 -0.915510
vn 0.079337 0.684540 -0.724645
vn 0.081069 -0.684337 -0.724645
vn -0.324573 0.322736 -0.889097
vn 0.071810 0.285660 -0.955637
vn -0.267135 -0.944549 -0.190959
vn 0.091023 -0.890150 -0.446484
vn -0.124766 -0.954001 -0.272609
vn -0.165598 -0.588812 -0.791125
vn -0.219528 0.960714 0.169811
vn 0.837345 0.501986 -0.216482
vn -0.184724 -0.851032 0.491551
vn -0.124162 0.965446 -0.229123
vn -0.086004 -0.969274 0.230457
vn 0.072532 -0.285477 -0.955637
vn -0.110280 0.993528 0.027195
vn -0.088457 0.969054 0.230455
vn 0.837345 0.501986 -0.216482
vn 0.837345 0.501986 -0.216482
vn -0.999021 0.002263 -0.044181
vn -0.998812 -0.001264 -0.048714
vn -0.251024 -0.953341 -0.167714
vn -0.138421 -0.885424 -0.443694
vn 0.287565 0.000363 -0.957761
vn -0.999021 0.002262 -0.044182
vn -0.112805 -0.986992 -0.114551
vn 0.214947 0.157808 -0.963792
vn -0.998812 -0.001260 -0.048712
vn -0.998965 0.004024 -0.045314
vn -0.148317 0.826052 -0.543727
vn 0.287564 0.000363 -0.957761
vn -0.140661 0.885071 -0.443694
vn -0.998965 0.004024 -0.045315
vn -0.115301 0.986703 -0.114551
vn -0.285777 0.830470 -0.478174
vn 0.214947 0.157807 -0.963792
vn -0.181074 0.057478 -0.981788
vn -0.159806 -0.678075 -0.717409
vn 0.999999 0.001259 0.000003
vn -0.175501 0.390343 -0.903788
vn 0.070701 0.058617 -0.995774
vn -0.180928 -0.057934 -0.981789
vn 0.070850 -0.058437 -0.995774
vn -0.307414 -0.611818 -0.728818
vn 0.078335 -0.594862 -0.800002
vn 0.076829 0.595059 -0.800002
vn -0.174513 -0.390785 -0.903788
vn -0.161521 0.677669 -0.717409
vn -0.146227 -0.826425 -0.543727
vn 0.999999 0.001259 0.000003
vn 0.999999 0.001259 0.000003
vn -0.178364 0.281620 -0.942802
vn -0.329817 0.000364 -0.944045
vn -0.324246 -0.324919 -0.888421
vn -0.177650 -0.282072 -0.942802
vn -0.063423 0.833413 0.548999
vn 0.096227 0.968417 -0.230020
vn 0.108256 0.987465 0.114860
vn -0.052673 0.664270 0.745635
vn -0.125623 0.475389 0.870761
vn 0.098679 -0.968170 -0.230020
vn 0.110755 -0.987188 0.114860
vn -0.061313 -0.833571 0.548999
vn -0.050561 -0.651571 0.756901
vn -0.195895 -0.846191 0.495566
vn -0.159749 0.634274 0.756424
vn -0.386729 0.594941 0.704617
vn -0.336563 0.163104 0.927428
vn -0.273706 -0.953171 -0.128646
vn -0.385228 -0.591006 0.708739
vn -0.424519 -0.157743 0.891572
vn -0.336149 -0.163956 0.927428
vn 0.440572 -0.155348 -0.884174
vn 0.445145 0.053101 -0.893883
vn 0.308999 0.003027 -0.951058
vn 0.434696 -0.855926 -0.280055
vn 0.012083 -0.907713 -0.419417
vn 0.088771 0.890377 -0.446485
vn -0.084051 -0.956064 -0.280851
vn 0.046622 -0.731065 -0.680713
vn -0.242273 0.907878 0.342142
vn 0.115428 0.977958 -0.173995
vn -0.277635 0.865997 0.415894
vn -0.424916 0.156670 0.891572
vn 0.091450 0.264806 -0.959956
vn -0.172189 0.915765 0.362940
vn 0.087817 0.258130 -0.962111
vn 0.450375 0.446847 -0.772975
vn 0.450375 0.446846 -0.772975
vn -0.033992 0.396273 0.917503
vn -0.614055 -0.773126 0.158784
vn -0.664806 -0.743614 -0.071207
vn -0.032990 -0.396358 0.917503
vn 0.450375 0.446846 -0.772975
vn -0.027099 -0.058687 0.997909
vn 0.122159 -0.992510 0.000716
vn 0.198870 -0.337269 0.920163
vn 0.131186 0.000140 0.991358
vn 0.353391 -0.808070 -0.471314
vn -0.027247 0.058618 0.997909
vn -0.142459 0.338131 0.930254
vn -0.029970 -0.286172 0.957709
vn 0.169482 -0.904915 -0.390391
vn -0.135464 -0.000081 0.990782
vn -0.041820 -0.596184 0.801758
vn -0.140941 -0.338714 0.930273
vn -0.043328 0.596076 0.801758
vn -0.030694 0.286095 0.957710
vn 0.484602 -0.729798 -0.482240
vn 0.115930 0.956094 0.269156
vn -0.132295 -0.964382 -0.229052
vn 0.198046 -0.902874 0.381571
vn 0.433971 -0.878434 0.200057
vn 0.349406 -0.929668 0.116763
vn 0.172600 0.173975 -0.969506
vn 0.162499 0.529230 -0.832772
vn -0.040489 0.327239 -0.944074
vn 0.430872 0.784029 0.446819
vn 0.559311 0.741623 0.370360
vn 0.099082 0.673253 -0.732744
vn 0.071647 0.540403 -0.838350
vn -0.200819 -0.955908 -0.214270
vn -0.012201 -0.955288 0.295425
vn -0.115201 0.705499 -0.699286
vn -0.863856 -0.001077 0.503738
vn -0.292426 -0.950561 -0.104502
vn 0.001264 -0.999999 0.000001
vn 0.000856 -0.999938 0.011116
vn 0.000719 -0.999964 0.008492
vn -0.211136 -0.955995 -0.203706
vn -0.863859 -0.001075 0.503732
vn -0.001810 0.999962 0.008495
vn -0.001266 0.999999 0.000006
vn -0.256983 -0.956842 0.135697
vn 0.082249 -0.790755 0.606581
vn 0.221722 -0.726511 0.650401
vn 0.157305 -0.488550 0.858239
vn -0.001674 0.999937 0.011118
vn -0.997287 -0.001266 -0.073606
vn 0.028250 0.937940 -0.345645
vn -0.997287 -0.001261 -0.073603
vn -0.997287 -0.001255 -0.073603
vn -0.957881 -0.001208 -0.287163
vn 0.004022 0.948951 -0.315399
vn 0.070740 -0.375773 0.924008
vn -0.910558 -0.001160 -0.413379
vn 0.006423 -0.948938 -0.315398
vn -0.997287 -0.001258 -0.073604
vn 0.732145 0.337825 0.591471
vn 0.404474 0.829116 0.385963
vn 0.909974 0.188710 0.369236
vn -0.298447 0.944406 0.137935
vn -0.145585 0.826258 -0.544153
vn -0.152499 -0.589904 -0.792942
vn -0.143494 -0.826624 -0.544153
vn -0.256628 0.946858 -0.193914
vn 0.153980 0.490843 0.857533
vn 0.217022 0.727187 0.651231
vn 0.221096 0.326076 0.919125
vn 0.240589 0.843592 0.480073
vn 0.244287 0.838805 0.486549
vn 0.073456 0.821704 0.565161
vn -0.157717 0.391455 -0.906581
vn 0.081263 0.018581 -0.996520
vn 0.242073 0.839208 0.486961
vn 0.083934 -0.018720 -0.996295
vn 0.331169 0.325349 -0.885706
vn -0.156725 -0.391853 -0.906581
vn -0.295421 0.052625 0.953917
vn -0.551552 0.053015 0.832454
vn -0.295287 -0.053372 0.953917
vn -0.551417 -0.054410 0.832453
vn 0.331984 -0.319991 -0.887351
vn 0.330814 0.604999 -0.724250
vn 0.330403 0.929093 -0.166194
vn 0.249430 0.557195 0.792034
vn -0.386380 0.318039 -0.865772
vn -0.141603 -0.338491 0.930254
vn -0.138407 0.937542 0.319154
vn 0.041035 0.936845 -0.347329
vn -0.059634 0.841693 -0.536654
vn -0.151165 -0.283017 0.947127
vn -0.031660 0.958933 0.281862
vn 0.019788 0.981041 -0.192789
vn 0.029021 0.669295 -0.742430
vn -0.128849 0.900389 0.415570
vn -0.153991 0.589516 -0.792942
vn -0.765385 -0.000969 0.643572
vn 0.012911 0.983393 -0.181031
vn -0.283675 -0.831191 -0.478174
vn -0.159905 -0.058121 -0.985420
vn 0.009455 0.983504 -0.180638
vn 0.046547 -0.179026 -0.982743
vn -0.310218 -0.850219 -0.425315
vn 0.049121 -0.180443 -0.982358
vn 0.076932 -0.169575 -0.982510
vn 0.391197 -0.040565 0.919413
vn -0.160972 0.633927 0.756456
vn -0.170804 0.587535 0.790967
vn -0.158957 0.282491 -0.946008
vn -0.160052 0.057716 -0.985420
vn -0.158243 -0.282892 -0.946008
vn 0.305849 0.012561 0.951997
vn 0.336578 0.303493 0.891408
vn -0.001672 0.999937 0.011115
vn 0.050680 0.926145 0.373748
vn -0.001264 0.999999 -0.000001
vn 0.119931 0.887463 0.445002
vn 0.221922 -0.325514 0.919125
vn -0.001809 0.999962 0.008491
vn 0.122176 -0.887156 0.445002
vn 0.200792 -0.010536 0.979577
vn 0.088859 0.930934 0.354212
vn 0.073320 0.375879 0.923764
vn -0.863856 -0.001081 0.503738
vn -0.325018 -0.000403 0.945708
vn -0.325017 -0.000403 0.945708
vn -0.325021 -0.000407 0.945707
vn -0.863858 -0.001084 0.503734
vn 0.001266 -0.999999 0.000004
vn -0.325018 -0.000410 0.945708
vn 0.000857 -0.999938 0.011116
vn 0.000721 -0.999964 0.008493
vn 0.268794 -0.484483 -0.832482
vn 0.287227 -0.499155 -0.817524
vn 0.267479 0.488455 -0.830582
vn 0.157767 -0.864033 -0.478077
vn 0.248750 0.563765 0.787587
vn -0.309921 0.611876 -0.727706
vn -0.972942 -0.007449 -0.230930
vn -0.341336 0.645633 -0.683116
vn -0.972942 -0.007449 -0.230930
vn -0.972942 -0.007449 -0.230930
vn -0.060559 0.960649 -0.271082
vn -0.972958 0.004988 -0.230928
vn -0.972958 0.004988 -0.230928
vn -0.972958 0.004988 -0.230928
vn -0.384963 -0.801002 0.458475
vn -0.392050 0.010559 0.919883
vn -0.385223 -0.595918 0.704617
vn -0.514551 0.766327 -0.384682
vn -0.672973 0.009922 0.739600
vn 0.817395 -0.160039 -0.553401
vn -0.387126 0.908556 -0.157034
vn -0.385229 -0.591006 -0.708739
vn -0.514232 0.511371 -0.688524
vn -0.385574 -0.319015 -0.865772
vn -0.386985 0.796818 0.464029
vn -0.384829 -0.908418 0.163349
vn -0.386989 0.800025 -0.458475
vn -0.512506 -0.852939 -0.099160
vn -0.384827 -0.909532 -0.157033
vn -0.512837 -0.589804 0.623803
vn -0.386373 0.312013 -0.867965
vn -0.386726 0.590028 -0.708739
vn -0.514661 0.851640 0.099160
vn -0.341985 0.914275 -0.217133
vn -0.514488 0.715982 0.471881
vn 0.351995 0.796684 0.491319
vn -0.392022 -0.011551 0.919883
vn -0.482655 0.064068 0.873464
vn -0.482490 -0.065289 0.873465
vn -0.386722 0.590031 0.708738
vn -0.385581 -0.312990 -0.867966
vn -0.387126 0.908556 0.157033
vn 0.174570 -0.798948 0.575507
vn -0.513152 -0.340919 -0.787686
vn -0.672948 -0.011625 0.739599
vn -0.512935 -0.512670 -0.688525
vn 0.154625 -0.974670 0.161582
vn 0.154941 0.967575 0.199480
vn -0.131540 -0.955967 0.262342
vn -0.385224 -0.595918 -0.704617
vn 0.814724 -0.029689 -0.579088
vn -0.131540 -0.955967 0.262342
vn -0.131540 -0.955967 0.262342
vn 0.030166 0.993993 0.105200
vn -0.335815 -0.303041 -0.891849
vn 0.030166 0.993993 0.105200
vn 0.030166 0.993993 0.105200
vn -0.063820 0.002344 -0.997959
vn -0.381542 0.287015 -0.878663
vn -0.055660 -0.000070 -0.998450
vn -0.173815 -0.000220 -0.984778
vn -0.001265 0.999999 0.000000
vn 0.071918 -0.124601 -0.989597
vn 0.071603 0.124765 -0.989599
vn -0.322345 -0.144984 -0.935454
vn 0.227261 -0.007833 0.973802
vn 0.218419 0.148595 0.964475
vn -0.322710 0.144168 -0.935454
vn -0.373763 0.146130 -0.915941
vn -0.279616 0.103200 -0.954549
vn -0.025138 -0.030460 -0.999220
vn -0.075251 -0.055714 -0.995607
vn -0.279352 -0.103908 -0.954550
vn -0.075392 0.055523 -0.995607
vn -0.373388 -0.147074 -0.915942
vn -0.005735 0.178490 -0.983925
vn -0.197917 0.213004 -0.956796
vn -0.182002 -0.225111 -0.957184
vn 0.239755 0.165336 0.956651
vn -0.058026 0.053013 -0.996907
vn 0.052183 -0.048912 -0.997439
vn 0.332611 -0.815408 0.473793
vn -0.136729 -0.138484 -0.980881
vn -0.214981 -0.000351 -0.976618
vn 0.131562 -0.680595 0.720751
vn -0.160018 0.282801 -0.945737
vn -0.092715 -0.011405 -0.995627
vn 0.423739 0.086537 -0.901641
vn 0.330546 0.816246 0.473795
vn 0.136798 0.393004 0.909304
vn 0.129839 0.680926 0.720751
vn 0.212428 -0.084282 0.973535
vn 0.262180 0.965019 -0.000019
vn 0.018767 -0.745773 -0.665936
vn 0.306903 -0.139835 0.941412
vn 0.214982 0.049529 0.975361
vn 0.233372 -0.205364 0.950454
vn 0.287973 0.029341 0.957189
vn 0.288045 -0.028613 0.957189
vn 0.041231 0.000114 -0.999150
vn 0.281988 0.127917 0.950852
vn 0.262180 0.965019 -0.000019
vn 0.262180 0.965019 -0.000019
vn -0.999999 -0.001239 0.000074
vn -0.999999 -0.001239 0.000074
vn -0.999999 -0.001239 0.000074
vn 0.260460 -0.965485 -0.000023
vn 0.260460 -0.965485 -0.000023
vn 0.260460 -0.965485 -0.000023
vn -0.999999 -0.001291 0.000089
vn -0.999999 -0.001291 0.000089
vn -0.999999 -0.001291 0.000089
vn 0.005441 -0.766030 -0.642782
vn 0.155698 0.055589 0.986239
vn 0.191092 -0.000244 0.981572
vn 0.162155 -0.013100 0.986678
vn 0.129653 0.785216 0.605497
vn 0.005441 -0.766030 -0.642782
vn 0.005441 -0.766030 -0.642782
vn 0.098380 -0.931289 0.350744
vn -0.002530 0.411070 -0.911600
vn 0.000067 0.435185 -0.900341
vn -0.999999 -0.001256 -0.000009
vn -0.999999 -0.001256 -0.000009
vn -0.999999 -0.001256 -0.000009
vn 0.067860 0.962785 0.261609
vn 0.085344 0.927105 0.364956
vn 0.111086 -0.823811 0.555873
vn 0.080895 0.912273 -0.401515
vn 0.048158 0.998840 -0.000607
vn -0.023851 0.173570 -0.984533
vn -0.006070 0.396572 -0.917983
vn -0.030269 -0.120994 -0.992192
vn -0.010616 0.342012 -0.939636
vn -0.030575 0.120917 -0.992192
vn 0.083179 -0.914427 -0.396113
vn -0.103461 -0.994411 0.021030
vn -0.658917 -0.000833 -0.752215
vn -0.658917 -0.000833 -0.752215
vn 0.291028 -0.594156 0.749854
vn 0.100653 -0.676235 -0.729778
vn 0.272568 -0.725981 0.631394
vn 0.067305 -0.902399 -0.425612
vn 0.137792 -0.392656 0.909304
vn 0.139038 -0.283373 0.948877
vn 0.139989 0.058273 0.988437
vn 0.332613 -0.817812 -0.469629
vn 0.134652 -0.540359 0.830591
vn 0.448010 -0.869790 -0.206766
vn 0.330403 0.929928 -0.161454
vn 0.332754 -0.929089 -0.161455
vn 0.138320 0.283724 0.948877
vn 0.331991 -0.324513 -0.885705
vn 0.446977 -0.051923 -0.893037
vn 0.331582 -0.001985 -0.943424
vn 0.331582 -0.001986 0.943424
vn 0.331166 0.325349 0.885707
vn 0.447692 -0.613675 0.650365
vn 0.332753 -0.928254 -0.166193
vn 0.332611 -0.815406 -0.473796
vn 0.355322 -0.577576 0.734951
vn 0.446586 0.256678 0.857133
vn 0.445899 0.800202 -0.401062
vn 0.132559 0.591600 0.795259
vn 0.389167 -0.806783 0.444580
vn 0.140136 -0.057918 0.988437
vn 0.331174 0.320828 0.887352
vn 0.447920 -0.799073 -0.401062
vn 0.330543 0.818651 -0.469629
vn 0.331985 -0.319989 0.887352
vn 0.254619 -0.759784 0.598246
vn -0.408188 0.614385 0.675214
vn -0.236147 -0.961588 0.139939
vn -0.108463 0.879032 0.464261
vn -0.513986 -0.844678 0.149459
vn 0.177325 0.785285 0.593197
vn 0.178092 0.327966 0.927751
vn -0.471126 -0.670029 0.573673
vn 0.123618 0.748022 0.652059
vn 0.072347 0.971365 0.226309
vn 0.061486 0.998105 -0.002312
vn -0.001097 -0.365835 -0.930679
vn -0.001096 -0.365836 -0.930679
vn 0.061486 0.998105 -0.002316
vn 0.009552 -0.868982 -0.494751
vn 0.012376 -0.861226 -0.508071
vn 0.007164 -0.934542 -0.355782
vn 0.346828 0.000441 -0.937929
vn -0.512506 -0.852939 0.099161
vn -0.514015 0.339620 0.787685
vn -0.512613 -0.767626 0.384680
vn -0.386380 0.318039 0.865772
vn -0.999999 -0.001262 0.000004
vn -0.508645 0.148881 0.848006
vn -0.339081 -0.934621 0.107273
vn -0.999999 -0.001271 0.000001
vn -0.630540 0.756153 0.175075
vn -0.826583 0.561818 -0.033475
vn -0.766490 0.590557 0.252458
vn 0.010197 0.861255 -0.508071
vn 0.004799 0.934557 -0.355781
vn 0.007353 0.869004 -0.494751
vn 0.346829 0.000437 -0.937928
vn -0.514229 0.511373 0.688525
vn -0.384968 -0.797795 0.464028
vn -0.513895 0.245002 -0.822123
vn -0.386371 0.312015 0.867966
vn -0.386989 0.800025 0.458475
vn -0.514328 0.588503 0.623803
vn -0.385581 -0.312991 0.867966
vn -0.512674 -0.717282 0.471882
vn -0.512526 -0.835456 -0.198321
vn -0.999999 -0.001260 0.000005
vn -0.385981 0.002719 -0.922503
vn -0.512838 -0.589803 -0.623803
vn -0.513273 -0.246302 -0.822123
vn -0.512527 -0.835455 0.198320
vn -0.514662 0.851640 -0.099160
vn -0.512933 -0.512672 0.688525
vn -0.173248 0.767573 -0.617103
vn -0.513895 0.245002 0.822123
vn -0.356790 -0.815421 -0.455839
vn -0.385574 -0.319016 0.865772
vn 0.126334 -0.771852 0.623125
vn -0.133298 -0.138963 -0.981285
vn -0.292016 0.852191 -0.434162
vn -0.911485 -0.410646 0.023779
vn -0.929559 -0.349185 -0.118282
vn -0.513274 -0.246301 0.822123
vn -0.513154 -0.340919 0.787685
vn -0.999999 -0.001262 -0.000005
vn -0.999999 -0.001268 0.000000
vn 0.169224 -0.378272 0.910095
vn -0.999999 -0.001262 0.000002
vn -0.999999 -0.001264 0.000000
vn -0.384964 -0.801002 -0.458475
vn -0.441812 0.648782 0.619584
vn -0.999999 -0.001265 -0.000003
vn -0.387126 0.907442 0.163349
vn -0.920923 -0.001680 -0.389740
vn -0.514328 0.588504 -0.623802
vn -0.386730 0.594942 -0.704616
vn -0.514554 0.766326 0.384680
vn -0.744886 -0.621134 0.243594
vn -0.999999 -0.001267 0.000004
vn -0.512675 -0.717282 -0.471881
vn -0.508267 -0.150169 0.848006
vn -0.999999 -0.001266 0.000000
vn 0.093967 -0.958121 0.270506
vn -0.133616 0.138616 -0.981291
vn -0.513520 -0.050994 -0.856561
vn -0.004603 -0.061061 -0.998123
vn -0.385974 -0.003695 -0.922502
vn 0.157199 -0.730540 0.664530
vn -0.915328 -0.101990 -0.389579
vn -0.991928 0.042016 -0.119639
vn -0.999999 -0.001264 -0.000009
vn -0.811605 -0.580909 -0.061987
vn -0.513648 0.049696 -0.856560
vn -0.938062 -0.309295 0.156130
vn -0.173248 0.767573 -0.617103
vn -0.512612 -0.767626 -0.384681
vn -0.103478 -0.061690 -0.992717
vn -0.999999 -0.001263 0.000003
vn -0.171307 -0.768009 -0.617103
vn -0.999999 -0.001261 -0.000005
vn -0.970931 -0.235267 0.044075
vn -0.514014 0.339621 -0.787685
vn -0.514493 0.715979 -0.471880
vn -0.999999 -0.001263 0.000000
vn -0.514640 0.834155 0.198321
vn -0.999999 -0.001266 0.000000
vn -0.514641 0.834155 -0.198320
vn -0.040517 0.025370 -0.998857
vn -0.415378 0.348993 0.840039
vn -0.999999 -0.001268 0.000005
vn 0.064076 -0.997909 -0.008496
vn -0.367120 0.569993 0.735072
vn 0.008817 -0.121190 -0.992590
vn 0.064077 -0.997909 -0.008494
vn -0.403165 0.287558 0.868774
vn 0.008816 -0.121192 -0.992590
vn 0.008816 -0.121192 -0.992590
vn 0.051309 0.720857 0.691182
vn 0.037151 0.931796 0.361076
vn 0.025902 0.999664 0.001090
vn 0.496318 -0.866596 0.051769
vn 0.508063 -0.845162 0.166052
vn 0.328487 0.609071 -0.721892
vn 0.468078 0.606509 -0.642690
vn 0.545730 -0.815525 0.192608
vn 0.454398 -0.888658 0.061721
vn 0.352948 -0.811283 -0.466098
vn 0.407791 -0.898743 0.161145
vn 0.493096 -0.777037 -0.391241
vn 0.469612 -0.605322 -0.642690
vn 0.519663 -0.848493 -0.100049
vn 0.451864 0.353877 -0.818896
vn 0.050505 0.000064 -0.998724
vn 0.017865 0.050289 -0.998575
vn 0.164812 -0.109399 0.980239
vn 0.050505 0.000064 -0.998724
vn -0.765386 -0.000967 0.643571
vn 0.200765 0.011043 0.979577
vn 0.517516 0.849805 -0.100049
vn 0.451505 -0.445704 -0.772976
vn -0.493766 0.629804 0.599619
vn -0.433426 0.780045 0.451300
vn 0.377776 0.912244 -0.158416
vn -0.512496 0.735677 0.442862
vn 0.491129 0.778283 -0.391240
vn -0.135082 -0.637353 -0.758639
vn 0.451503 -0.445707 -0.772975
vn -0.003503 -0.766043 0.642780
vn 0.451505 -0.445704 -0.772976
vn 0.187740 0.127357 0.973927
vn 0.107327 -0.022233 0.993975
vn 0.482753 0.731023 -0.482240
vn 0.469437 0.676639 -0.567264
vn 0.314614 -0.326534 -0.891288
vn -0.530328 -0.652242 0.541602
vn -0.392088 -0.805555 0.444240
vn 0.452758 -0.352734 -0.818895
vn 0.190227 -0.047186 0.980606
vn 0.445278 -0.051975 -0.893883
vn -0.485140 -0.767937 0.418224
vn 0.720467 0.626124 0.298153
vn 0.838427 0.492468 -0.233485
vn 0.190107 0.047668 0.980605
vn 0.448012 -0.869789 0.206765
vn 0.332755 -0.928253 0.166192
vn -0.999999 -0.001274 0.000001
vn -0.697989 -0.698082 0.159664
vn -0.699753 0.696314 0.159663
vn -0.999999 -0.001273 -0.000001
vn -0.697989 -0.698083 0.159661
vn -0.699755 0.696313 0.159662
vn -0.999999 -0.001271 -0.000001
vn 0.107271 0.022504 0.993975
vn 0.585148 -0.484092 0.650582
vn 0.568278 -0.687626 0.451919
vn 0.447234 -0.255548 -0.857133
vn 0.446846 0.053054 -0.893036
vn 0.448034 -0.888019 -0.103382
vn 0.161469 -0.094548 0.982338
vn 0.302278 0.633865 -0.711929
vn 0.452159 -0.570460 0.685658
vn 0.331577 0.002826 -0.943424
vn -0.999999 -0.001267 0.000004
vn -0.999999 -0.001265 0.000002
vn -0.999999 -0.001263 0.000007
vn -0.999999 -0.001263 -0.000001
vn -0.999999 -0.001264 0.000002
vn -0.999999 -0.001274 -0.000002
vn 0.050732 -0.664401 -0.745652
vn -0.038210 -0.722951 -0.689842
vn 0.566536 0.689062 0.451919
vn 0.537156 -0.837967 0.096303
vn 0.446461 0.355324 -0.821229
vn -0.063696 -0.002612 -0.997966
vn 0.018623 -0.979775 0.199236
vn 0.447857 -0.746584 0.491973
vn -0.000661 -0.577129 -0.816653
vn -0.071804 -0.000091 -0.997419
vn 0.447589 -0.533258 0.717844
vn 0.332345 -0.604159 0.724251
vn -0.999999 -0.001266 0.000001
vn 0.543665 0.816903 0.192607
vn -0.999999 -0.001271 0.000000
vn -0.999999 -0.001265 0.000004
vn -0.053252 -0.877362 0.476864
vn 0.330809 0.608684 -0.721159
vn -0.173815 -0.000220 -0.984778
vn 0.447855 -0.746582 -0.491977
vn 0.446133 0.614807 -0.650367
vn 0.068947 -0.858349 0.508412
vn 0.555311 0.830813 0.037147
vn -0.999999 -0.001263 0.000001
vn -0.999999 -0.001268 0.000000
vn -0.999999 -0.001267 0.000003
vn 0.380469 -0.909966 -0.164942
vn 0.430734 0.780263 0.453496
vn 0.037660 -0.384528 0.922345
vn 0.447585 -0.533260 -0.717845
vn 0.592252 -0.139194 0.793639
vn 0.510542 -0.836247 -0.200094
vn 0.595014 -0.229831 0.770153
vn 0.332344 -0.604159 -0.724251
vn 0.592509 -0.319236 0.739609
vn 0.099546 -0.994989 0.009359
vn 0.440498 -0.023089 0.897457
vn 0.490440 -0.333911 0.804967
vn 0.592254 -0.139190 0.793638
vn 0.140658 -0.989969 0.013274
vn 0.140659 -0.989969 0.013274
vn 0.594430 0.231336 0.770153
vn 0.445785 0.889150 0.103382
vn 0.374255 0.917871 0.132085
vn 0.098464 0.000123 -0.995141
vn -0.999999 -0.001262 -0.000002
vn 0.463573 0.300047 0.833710
vn -0.999999 -0.001260 -0.000004
vn -0.999999 -0.001258 0.000001
vn 0.446237 0.534390 -0.717844
vn -0.999999 -0.001265 0.000000
vn 0.446588 0.256679 -0.857132
vn 0.445900 0.800201 0.401062
vn 0.583919 0.485572 0.650583
vn -0.999999 -0.001259 0.000002
vn 0.058731 0.170344 -0.983633
vn -0.002022 0.365832 -0.930679
vn 0.331175 0.320830 -0.887351
vn -0.999999 -0.001267 0.000003
vn 0.247517 -0.175906 -0.952781
vn 0.319633 -0.388505 -0.864233
vn 0.359079 0.101287 -0.927795
vn 0.099548 -0.994989 0.009356
vn 0.236660 -0.049897 -0.970311
vn 0.384930 0.021192 -0.922703
vn 0.315973 -0.003661 -0.948761
vn 0.140663 -0.989969 0.013270
vn 0.140662 -0.989969 0.013270
vn -0.999999 -0.001262 -0.000002
vn 0.332348 -0.607845 -0.721158
vn 0.446976 -0.051924 0.893038
vn 0.330546 0.816245 -0.473796
vn 0.508424 0.837536 -0.200096
vn -0.999999 -0.001266 -0.000001
vn 0.446132 0.614808 0.650367
vn 0.447683 -0.613678 -0.650369
vn 0.448035 -0.888018 0.103383
vn 0.330808 0.608683 0.721160
vn -0.999999 -0.001265 -0.000001
vn -0.999999 -0.001266 -0.000002
vn 0.445965 0.747714 0.491975
vn 0.535035 0.839323 0.096304
vn 0.445806 0.870922 -0.206766
vn -0.999999 -0.001266 0.000000
vn -0.999999 -0.001262 0.000004
vn -0.999999 -0.001258 -0.000004
vn 0.447926 -0.799069 0.401062
vn -0.999999 -0.001263 -0.000001
vn 0.353354 -0.923749 0.147746
vn -0.999999 -0.001264 -0.000010
vn -0.999999 -0.001267 -0.000001
vn 0.446235 0.534390 0.717845
vn -0.999999 -0.001265 -0.000011
vn -0.002023 0.365831 -0.930679
vn -0.999999 -0.001263 0.000001
vn 0.447360 -0.354195 0.821228
vn 0.378165 0.910926 -0.164942
vn -0.999999 -0.001264 -0.000005
vn -0.999999 -0.001264 -0.000001
vn -0.999999 -0.001264 -0.000004
vn -0.999999 -0.001262 0.000005
vn 0.045002 -0.739575 0.671568
vn 0.446841 0.053054 0.893039
vn 0.446458 0.355325 0.821230
vn -0.999999 -0.001265 0.000002
vn 0.445966 0.747713 -0.491976
vn 0.331989 -0.324511 0.885707
vn 0.447235 -0.255547 0.857133
vn -0.999999 -0.001269 0.000004
vn -0.999999 -0.001265 -0.000005
vn 0.331576 0.002826 0.943424
vn -0.999999 -0.001269 0.000001
vn 0.330814 0.604998 0.724251
vn 0.447357 -0.354198 -0.821228
vn -0.999999 -0.001262 0.000007
vn 0.168370 0.866354 -0.470194
vn 0.445788 0.889149 -0.103382
vn 0.432855 -0.782936 0.446819
vn 0.056121 0.931947 -0.358226
vn 0.591699 0.320732 0.739610
vn 0.064234 0.931502 -0.358020
vn 0.066590 -0.931338 -0.358016
vn 0.174761 0.876634 -0.448298
vn 0.330403 0.929093 0.166192
vn 0.561185 -0.740205 0.370362
vn -0.082725 0.327415 -0.941252
vn 0.191739 -0.861223 -0.470670
vn 0.445808 0.870921 0.206765
vn 0.450760 0.577735 0.680469
vn -0.999999 -0.001263 -0.000001
vn 0.580167 -0.559470 0.591946
vn -0.999999 -0.001265 0.000002
vn -0.999999 -0.001268 0.000003
vn 0.578748 0.560937 0.591946
vn 0.015488 0.723637 -0.690007
vn -0.068801 0.730219 -0.679740
vn 0.126905 0.000160 0.991915
vn -0.033154 -0.333549 -0.942150
vn 0.007756 0.666213 0.745721
vn 0.038684 0.727368 -0.685157
vn 0.009606 -0.666817 0.745159
vn 0.014896 -0.676673 0.736133
vn 0.018144 0.000022 0.999835
vn 0.016723 0.462261 -0.886586
vn 0.018144 0.000023 0.999835
vn 0.011750 0.681025 0.732166
vn 0.126905 0.000160 0.991915
vn -0.003061 0.999982 0.005129
vn -0.493787 -0.139743 0.858281
vn 0.102341 0.994700 0.009864
vn -0.763879 -0.018177 0.645104
vn 0.138148 0.990323 0.013270
vn -0.026145 0.969897 0.242109
vn -0.763926 0.016244 0.645099
vn -0.723934 -0.349363 0.594866
vn -0.146646 -0.058225 0.987474
vn 0.197588 0.018891 0.980103
vn -0.030476 0.978087 0.205952
vn -0.135463 -0.000261 0.990782
vn -0.046563 0.953700 0.297134
vn -0.724812 0.347529 0.594871
vn -0.494136 0.138492 0.858283
vn -0.151880 0.282635 0.947127
vn 0.201412 0.107762 0.973561
vn 0.138151 0.990322 0.013272
vn -0.248315 -0.962106 0.112654
vn -0.217097 -0.961266 0.169813
vn -0.210450 -0.873651 0.438685
vn -0.086315 -0.000109 -0.996268
vn -0.071976 0.330723 -0.940979
vn -0.071138 -0.330904 -0.940979
vn -0.046727 -0.000059 -0.998908
vn -0.086315 -0.000108 -0.996268
vn -0.071976 0.330724 -0.940979
vn -0.071140 -0.330904 -0.940979
vn -0.046728 -0.000059 -0.998908
vn 0.182655 -0.684616 -0.705647
vn 0.248826 0.000314 -0.968548
vn 0.255431 -0.004138 -0.966818
vn 0.163206 0.694989 -0.700253
vn 0.175639 0.686298 -0.705795
vn 0.248824 0.000314 -0.968549
vn 0.138151 0.990322 0.013267
vn 0.102341 0.994701 0.009860
vn 0.261000 0.000330 -0.965339
vn 0.189558 -0.660759 -0.726268
vn -0.286748 -0.932281 -0.220518
vn -0.282313 -0.830973 -0.479357
vn -0.146793 0.057854 0.987474
vn 0.266243 0.587682 -0.764032
vn -0.141797 0.338357 0.930273
vn 0.190176 -0.005845 0.981733
vn 0.073988 -0.679778 0.729677
vn -0.158143 -0.634676 0.756424
vn 0.171560 0.000217 0.985174
vn 0.344710 0.810038 -0.474356
vn -0.178139 -0.675502 0.715516
vn -0.156821 0.391337 0.906787
vn 0.327589 0.815941 -0.476367
vn -0.155830 -0.391732 0.906787
vn 0.060194 -0.352260 0.933964
vn 0.310645 -0.035760 -0.949853
vn 0.074418 0.268320 -0.960451
vn 0.278718 0.129857 -0.951553
vn 0.138152 0.990322 0.013268
vn -0.321075 -0.791550 -0.519961
vn -0.352132 -0.656983 -0.666615
vn -0.213120 0.949407 -0.230666
vn -0.308371 -0.612658 -0.727707
vn 0.335575 0.000426 -0.942013
vn -0.179848 0.675049 0.715516
vn -0.363719 -0.267450 -0.892289
vn -0.292982 -0.000370 -0.956118
vn -0.262207 -0.917348 -0.299533
vn -0.262208 -0.917349 -0.299529
vn -0.264526 0.916682 -0.299532
vn -0.264527 0.916682 -0.299531
vn -0.212659 0.873117 0.438684
vn -0.353791 0.656091 -0.666616
vn 0.003366 -0.982341 -0.187067
vn 0.000881 0.982347 -0.187068
vn -0.542006 0.554594 -0.631391
vn -0.540600 -0.555963 -0.631393
vn -0.359544 -0.370760 -0.856309
vn -0.084238 0.995329 0.047163
vn -0.025937 -0.968833 0.246355
vn -0.323757 -0.323553 -0.889098
vn 0.085541 0.264898 -0.960475
vn -0.542004 0.554595 -0.631392
vn -0.339700 -0.646495 -0.683117
vn -0.008392 -0.956142 0.292784
vn -0.352130 -0.656982 -0.666617
vn -0.540599 -0.555964 -0.631393
vn 0.341208 0.000430 -0.939988
vn -0.186877 0.850561 0.491551
vn -0.159367 -0.634332 0.756455
vn -0.353792 0.656090 -0.666616
vn 0.339331 0.000431 -0.940667
vn 0.341207 0.000434 -0.939988
vn -0.292981 -0.000371 -0.956118
vn -0.006191 -0.972415 0.233176
vn -0.198699 -0.818308 0.539343
vn -0.347573 -0.560332 -0.751812
vn 0.001412 -0.999841 -0.017756
vn 0.339331 0.000427 -0.940667
vn 0.335575 0.000422 -0.942013
vn 0.001213 -0.999850 -0.017256
vn -0.001316 0.999850 -0.017257
vn -0.169316 -0.587966 0.790966
vn -0.001118 0.999842 -0.017755
vn -0.276450 0.954682 -0.110258
vn -0.312369 0.849430 -0.425316
vn 0.055053 0.233786 -0.970728
vn -0.344489 -0.000435 0.938790
vn 0.036722 0.213116 -0.976337
vn -0.171156 0.972153 0.160078
vn -0.237630 0.944864 0.225307
vn -0.894806 0.437685 0.088058
vn -0.274034 -0.955379 -0.110258
vn -0.868166 0.367767 0.333219
vn -0.245803 -0.954131 0.170922
vn -0.948865 0.269012 0.165189
vn -0.937508 0.242475 -0.249569
vn -0.253434 0.952703 -0.167713
vn -0.179812 0.231345 -0.956110
vn -0.255080 0.952428 -0.166777
vn -0.235239 -0.945463 0.225307
vn -0.344489 -0.000436 0.938790
vn -0.329815 -0.001198 -0.944045
vn -0.368141 0.054089 -0.928195
vn -0.011156 0.185744 -0.982535
vn -0.360481 0.369849 -0.856309
vn -0.021699 0.999268 0.031505
vn -0.207517 0.840323 0.500793
vn 0.024731 0.845072 -0.534080
vn -0.364393 0.266534 -0.892288
vn -0.200770 0.817802 0.539344
vn -0.250748 0.961475 0.112653
vn -0.289105 0.931553 -0.220517
vn -0.368004 -0.055022 -0.928195
vn -0.325067 0.324095 -0.888422
vn -0.224459 -0.000285 0.974483
vn -0.224460 -0.000283 0.974483
vn -0.444609 -0.045306 0.894578
vn -0.426359 0.866168 0.260713
vn 0.029564 0.722536 -0.690701
vn -0.380431 -0.349523 0.856216
vn -0.052758 -0.993001 0.105667
vn -0.424166 -0.867244 0.260714
vn 0.034641 0.469943 -0.882017
vn 0.036462 0.167580 -0.985184
vn -0.427040 -0.383854 0.818714
vn -0.502265 0.611115 0.611774
vn -0.694715 -0.559828 0.451622
vn -0.500718 -0.612384 0.611774
vn -0.520102 -0.000658 0.854104
vn 0.014765 0.957608 -0.287696
vn -0.308962 0.611037 -0.728819
vn -0.003370 0.961046 -0.276367
vn -0.323077 0.790734 -0.519962
vn 0.038096 0.006377 -0.999254
vn -0.348990 0.559450 -0.751812
vn -0.404312 -0.639397 0.653990
vn -0.696130 0.558069 0.451622
vn 0.040031 0.170991 -0.984459
vn -0.003273 -0.642787 0.766038
vn -0.694715 -0.559829 0.451621
vn -0.500717 -0.612384 0.611775
vn -0.502266 0.611114 0.611775
vn -0.426360 0.866167 0.260714
vn 0.010420 -0.520575 0.853752
vn -0.424166 -0.867244 0.260713
vn 0.018525 0.075127 0.997002
vn 0.021883 -0.357604 0.933617
vn -0.003173 -0.596732 0.802434
vn -0.520102 -0.000658 0.854104
vn 0.036083 -0.182344 -0.982572
vn -0.696131 0.558069 0.451621
vn 0.049297 -0.122147 -0.991287
vn 0.080461 0.165759 0.982879
vn -0.077550 0.057496 -0.995329
vn -0.100674 0.925661 0.364715
vn 0.057689 -0.306998 0.949960
vn 0.075126 0.031333 -0.996682
vn 0.009370 0.713822 -0.700265
vn 0.203076 -0.104715 0.973548
vn -0.074493 0.120628 -0.989899
vn -0.077404 -0.057691 -0.995329
vn 0.023684 0.429487 -0.902762
vn 0.040442 -0.737624 -0.674000
vn -0.074188 -0.120816 -0.989899
vn 0.288759 -0.255542 0.922668
vn -0.062280 -0.843676 -0.533227
vn -0.030857 0.009831 -0.999475
vn 0.181750 0.002998 0.983340
vn 0.077302 -0.001012 -0.997007
vn 0.023984 -0.581782 -0.812991
vn 0.118919 0.122546 -0.985313
vn 0.192314 0.206982 0.959257
vn 0.169062 0.054810 0.984080
vn 0.020330 0.756537 -0.653635
vn -0.092500 -0.931603 0.351510
vn 0.038393 -0.000476 -0.999263
vn 0.058713 0.310829 0.948651
vn -0.132240 -0.922843 0.361764
vn 0.034732 -0.387212 -0.921336
vn -0.004389 0.874964 -0.484168
vn -0.022264 -0.923755 -0.382337
vn 0.176977 -0.041891 0.983323
vn 0.136863 -0.344579 0.928727
vn 0.130746 -0.212781 0.968313
vn 0.044258 0.253099 0.966428
vn -0.030832 -0.009909 -0.999475
vn 0.008948 -0.956343 -0.292109
vn -0.009215 -0.935321 0.353680
vn -0.017664 0.910182 0.413831
vn 0.072361 -0.000090 0.997379
vn -0.021235 0.941703 0.335774
vn 0.036579 -0.927613 -0.371747
vn 0.005440 -0.766030 -0.642782
vn 0.060166 0.000144 0.998188
vn 0.065567 -0.997848 0.000414
vn -0.125050 -0.662455 -0.738590
vn 0.006470 -0.650632 -0.759365
vn 0.121249 0.662517 0.739168
vn 0.019514 -0.673390 -0.739030
vn 0.000523 -0.546879 -0.837211
vn 0.108789 0.815885 0.567887
vn 0.100122 0.861834 0.497210
vn 0.004209 -0.499990 -0.866021
vn 0.140143 -0.361237 0.921883
vn -0.004796 -0.510548 -0.859836
vn 0.123031 -0.566234 0.815011
vn 0.138272 -0.451525 0.881480
vn 0.032499 0.926628 -0.374571
vn 0.041544 0.942616 -0.331284
vn 0.072161 -0.220936 -0.972615
vn 0.032499 0.926628 -0.374571
vn 0.003503 0.766043 -0.642780
vn 0.027528 -0.950978 0.308030
vn 0.029382 -0.999568 -0.000100
vn 0.013021 -0.163090 -0.986525
vn -0.150840 -0.257546 -0.954420
vn 0.003503 0.766043 -0.642780
vn 0.003503 0.766043 -0.642780
vn -0.999999 -0.001284 0.000016
vn -0.999999 -0.001284 0.000016
vn -0.999999 -0.001284 0.000016
vn 0.146203 -0.242548 0.959059
vn -0.250593 0.894399 0.370478
vn -0.359734 0.638871 0.680025
vn 0.048090 -0.925249 -0.376301
vn 0.034221 -0.944348 -0.327162
vn 0.018420 0.642586 -0.765992
vn 0.022785 -0.792666 -0.609231
vn -0.351151 0.855360 0.380857
vn 0.010118 0.557014 -0.830442
vn -0.001614 0.357043 -0.934087
vn -0.184841 0.980035 0.073253
vn 0.033768 -0.718881 -0.694312
vn -0.017805 -0.702513 -0.711448
vn 0.023620 -0.580368 -0.814012
vn 0.144913 -0.626174 0.766098
vn 0.127962 0.330232 0.935186
vn 0.126714 0.387539 0.913103
vn 0.127703 0.172385 0.976717
vn 0.130380 -0.667151 0.733424
vn -0.999999 -0.001260 -0.000001
vn -0.999999 -0.001260 -0.000001
vn -0.999999 -0.001260 -0.000001
vn -0.999999 -0.001260 -0.000013
vn 0.044453 -0.971187 -0.234136
vn -0.999999 -0.001260 -0.000013
vn -0.999999 -0.001260 -0.000013
vn -0.024001 0.100945 -0.994603
vn -0.024001 0.100945 -0.994603
vn -0.024001 0.100945 -0.994603
vn 0.071055 -0.997411 0.011057
vn -0.999999 -0.001307 0.000009
vn -0.999999 -0.001307 0.000009
vn -0.999999 -0.001307 0.000009
vn 0.081405 0.959046 0.271299
vn 0.064475 0.989984 -0.125595
vn 0.035849 0.397367 0.916959
vn 0.006763 0.999876 -0.014247
vn 0.043849 -0.999038 0.000044
vn 0.116058 -0.121190 -0.985821
vn -0.129797 -0.000164 0.991541
vn 0.056752 -0.928473 0.367038
vn 0.113194 -0.020248 -0.993367
vn -0.239243 -0.000303 0.970960
vn 0.115418 0.638718 0.760735
vn 0.013337 0.000017 0.999911
vn -0.129797 -0.000164 0.991541
vn 0.067452 0.003169 0.997717
vn 0.033980 0.000043 0.999423
vn 0.070179 -0.033555 -0.996970
vn 0.107406 0.046532 -0.993126
vn 0.040975 -0.931079 0.362510
vn -0.001265 0.999999 0.000000
vn 0.086710 0.989165 0.118467
vn 0.080155 0.009332 0.996739
vn 0.116927 0.674209 0.729225
vn 0.052554 -0.681934 0.729524
vn 0.038477 -0.000031 0.999259
vn 0.141270 0.324294 0.935348
vn 0.145995 -0.054189 0.987800
vn 0.037541 -0.396829 0.917125
vn 0.022772 0.000077 0.999741
vn 0.021020 0.999678 -0.014249
vn 0.129752 0.339376 0.931659
vn -0.239243 -0.000303 0.970960
vn 0.092832 0.881972 0.462069
vn 0.111056 0.004758 0.993803
vn 0.142164 -0.008977 0.989802
vn 0.067563 -0.002974 0.997711
vn -0.027368 -0.999609 0.005662
vn 0.121146 -0.028785 -0.992217
vn 0.050229 0.016920 -0.998594
vn 0.184618 0.000233 0.982810
vn 0.043045 0.005593 -0.999057
vn 0.093742 -0.859872 0.501830
vn 0.065456 0.322731 0.944225
vn 0.014630 0.024650 0.999589
vn 0.008508 0.121216 -0.992590
vn 0.151811 0.534135 0.831657
vn 0.058288 0.000194 0.998300
vn 0.008509 0.121204 -0.992591
vn 0.067370 -0.000311 0.997728
vn 0.030877 -0.929581 0.367322
vn 0.084053 0.111052 0.990254
vn 0.023827 -0.999414 -0.024592
vn 0.028700 0.928679 0.369773
vn 0.154613 -0.318331 0.935286
vn 0.098722 0.322924 0.941262
vn 0.155175 -0.880816 0.447308
vn 0.015124 -0.999583 -0.024591
vn 0.012546 -0.999846 -0.012294
vn 0.083490 -0.900161 0.427480
vn 0.019665 0.947424 0.319377
vn 0.008509 0.121209 -0.992591
vn -0.224744 0.147388 -0.963207
vn -0.155888 0.089060 -0.983752
vn -0.326863 0.142051 -0.934335
vn -0.129576 -0.339902 -0.931492
vn -0.224370 -0.147956 -0.963207
vn -0.320077 -0.177854 -0.930547
vn -0.101417 0.068460 -0.992486
vn 0.067270 -0.349939 -0.934354
vn -0.158579 0.236781 -0.958534
vn 0.158841 0.521682 0.838223
vn 0.073112 -0.975219 0.208813
vn 0.171561 0.000217 0.985173
vn -0.054256 0.045793 -0.997476
vn -0.155663 -0.089454 -0.983751
vn 0.054975 -0.239217 -0.969409
vn -0.007483 -0.174755 -0.984583
vn -0.013565 0.743998 -0.668044
vn -0.035594 0.317173 -0.947700
vn -0.004410 -0.932177 -0.361976
vn 0.010066 0.960775 -0.277146
vn -0.100960 0.779311 -0.618451
vn 0.058163 0.123864 -0.990593
vn 0.111223 -0.004440 0.993786
vn 0.138079 0.892117 0.430187
vn 0.014692 -0.024613 0.999589
vn 0.003436 -0.194911 -0.980815
vn 0.113976 0.895741 0.429717
vn 0.058261 -0.678779 -0.732028
vn 0.120338 0.006359 0.992713
vn 0.120354 -0.006055 0.992713
vn 0.084334 -0.110839 0.990254
vn 0.080185 -0.339665 -0.937122
vn 0.065254 0.681244 0.729143
vn -0.002683 -0.999742 0.022571
vn 0.086422 0.000616 0.996258
vn 0.167581 -0.519262 0.838024
vn -0.054163 -0.045936 -0.997475
vn -0.054810 -0.962905 0.264214
vn -0.097024 -0.122162 -0.987756
vn 0.013744 0.772617 -0.634724
vn 0.039019 -0.324713 -0.945007
vn 0.019080 -0.113220 0.993387
vn 0.018794 0.113268 0.993387
vn -0.171747 0.680123 0.712696
vn -0.063043 0.740936 0.668610
vn -0.031410 -0.967347 -0.251501
vn -0.029156 -0.964742 0.261579
vn 0.036588 -0.987747 -0.151717
vn -0.061328 -0.024795 0.997810
vn -0.010804 0.950664 -0.310036
vn -0.061390 0.024640 0.997810
vn -0.008397 -0.950688 -0.310035
vn -0.084974 -0.048620 -0.995196
vn -0.033325 0.963967 0.263925
vn -0.357273 0.680727 -0.639505
vn -0.382419 -0.896900 0.222096
vn -0.335057 -0.930152 -0.150179
vn -0.039668 0.951215 -0.305969
vn -0.170026 -0.680555 0.712697
vn -0.317547 -0.689918 -0.650520
vn -0.037259 -0.951312 -0.305968
vn -0.071362 -0.785702 -0.614476
vn 0.001105 -0.950645 -0.310278
vn -0.379535 0.915221 -0.135368
vn -0.515906 0.035154 -0.855923
vn -0.416792 -0.038597 -0.908182
vn -0.048937 -0.055379 0.997266
vn -0.109694 -0.951901 -0.286096
vn -0.550007 0.822954 -0.142267
vn -0.170026 -0.680555 0.712696
vn -0.515812 -0.036458 -0.855926
vn -0.422795 0.876739 0.229289
vn -0.416885 0.037543 -0.908184
vn -0.171747 0.680122 0.712697
vn -0.082019 -0.384846 -0.919329
vn -0.112105 0.951620 -0.286097
vn -0.130605 0.054136 0.989955
vn -0.512025 -0.845183 -0.153286
vn -0.037128 -0.795175 -0.605242
vn -0.061168 -0.741093 0.668611
vn -0.049077 0.055255 0.997266
vn -0.090810 -0.000115 0.995868
vn -0.130467 -0.054466 0.989956
vn -0.040647 0.960919 0.273829
vn -0.063042 0.740935 0.668611
vn -0.037914 -0.961147 0.273422
vn -0.061168 -0.741093 0.668610
vn -0.090810 -0.000115 0.995868
vn -0.085097 0.048405 -0.995196
vn -0.098380 0.931289 -0.350744
vn 0.036588 -0.987747 -0.151717
vn -0.082066 0.991005 -0.105713
vn -0.099961 0.964850 -0.243047
vn 0.028205 0.381183 -0.924069
vn 0.031419 -0.208773 -0.977459
vn 0.021274 -0.000028 -0.999774
vn -0.027159 0.939341 0.341908
vn 0.033273 0.000063 -0.999446
vn -0.049924 0.984492 0.168178
vn -0.077956 -0.946032 -0.314557
vn -0.009189 -0.956138 -0.292772
vn -0.075457 0.996884 0.022987
vn -0.008632 -0.952851 -0.303316
vn -0.318761 -0.865951 0.385384
vn 0.229216 0.415369 0.880300
vn -0.112104 0.951620 -0.286098
vn -0.234809 -0.897977 0.372158
vn 0.013329 0.999888 -0.006889
vn 0.006576 0.946896 -0.321472
vn 0.010616 -0.342011 0.939636
vn -0.010802 0.950664 -0.310036
vn 0.016510 0.950574 -0.310060
vn -0.005991 0.999961 -0.006479
vn -0.011455 0.999934 -0.000972
vn -0.002185 0.626007 0.779814
vn 0.232366 -0.028480 0.972211
vn 0.014324 0.378439 0.925515
vn 0.260963 -0.424679 0.866917
vn -0.323171 -0.694447 0.642887
vn 0.021139 0.755412 -0.654910
vn -0.039667 0.951215 -0.305969
vn 0.023851 -0.173570 0.984533
vn -0.131522 -0.989744 0.055748
vn 0.265547 0.000336 0.964098
vn 0.008930 0.999791 -0.018393
vn -0.004899 0.642775 0.766039
vn -0.144178 0.361225 -0.921265
vn 0.006070 -0.396572 0.917983
vn -0.123031 0.566234 -0.815011
vn 0.013327 0.999888 -0.006885
vn -0.011457 0.999934 -0.000967
vn -0.005992 0.999961 -0.006476
vn 0.164727 0.108650 0.980337
vn 0.035002 0.723768 -0.689155
vn 0.105100 0.360555 -0.926798
vn 0.035697 0.489249 -0.871413
vn 0.105100 0.360556 -0.926797
vn 0.128305 0.000162 -0.991735
vn -0.134385 -0.473734 -0.870354
vn 0.005900 -0.999981 -0.001556
vn 0.128305 0.000162 -0.991735
vn 0.147339 0.004183 0.989077
vn 0.201301 0.000254 -0.979529
vn -0.083879 -0.936393 -0.340782
vn 0.010576 -0.955781 -0.293888
vn 0.041951 0.916921 -0.396858
vn -0.145995 0.054189 -0.987800
vn 0.002557 -0.961845 0.273585
vn -0.139980 -0.260036 -0.955399
vn 0.058368 0.673296 -0.737065
vn -0.146384 0.377376 -0.914417
vn 0.106012 -0.360289 -0.926797
vn 0.106011 -0.360288 -0.926798
vn 0.001451 -0.999657 0.026158
vn 0.201301 0.000254 -0.979529
vn 0.008408 -0.999913 -0.010159
vn 0.202422 0.337233 0.919402
vn 0.008408 -0.999913 -0.010161
vn -0.146658 0.022491 0.988932
vn -0.064345 -0.111352 0.991696
vn -0.153812 0.104333 0.982576
vn 0.129422 0.060937 0.989716
vn -0.118708 0.015054 0.992815
vn 0.064060 0.411059 0.909355
vn -0.146600 -0.022862 0.988932
vn 0.052702 -0.717274 0.694795
vn 0.064181 -0.411517 0.909139
vn 0.007080 -0.956924 -0.290253
vn 0.027718 -0.780961 0.623965
vn 0.648346 -0.053323 -0.759476
vn 0.441423 -0.000098 -0.897299
vn 0.015469 -0.999674 -0.020330
vn -0.076423 -0.985017 -0.154601
vn 0.126919 0.678498 0.723556
vn 0.028037 -0.057306 0.997963
vn 0.027892 0.057377 0.997963
vn 0.022397 -0.943150 0.331612
vn -0.119079 -0.587477 -0.800431
vn -0.127870 -0.339388 -0.931915
vn 0.020396 -0.938787 -0.343895
vn 0.109796 -0.012545 0.993875
vn 0.443944 0.186213 -0.876492
vn -0.092832 -0.881972 -0.462069
vn 0.014620 -0.999893 0.000538
vn 0.085820 0.022571 0.996055
vn 0.099615 -0.058812 0.993287
vn 0.207549 0.900719 0.381614
vn 0.019311 -0.762615 -0.646565
vn 0.028181 0.944396 0.327599
vn 0.025779 0.784084 0.620120
vn 0.015469 -0.999674 -0.020330
vn 0.056072 0.718635 0.693123
vn -0.010690 -0.999942 -0.000895
vn -0.064628 -0.996921 -0.044408
vn -0.064626 0.111188 0.991696
vn -0.136813 -0.217436 -0.966439
vn -0.010691 -0.999943 -0.000893
vn 0.441185 -0.314301 -0.840577
vn -0.146776 0.111874 -0.982823
vn 0.230220 0.665720 0.709800
vn -0.118668 -0.015354 0.992815
vn -0.113123 -0.727727 -0.676473
vn -0.153547 -0.104722 0.982577
vn -0.112700 0.949009 -0.294417
vn 0.001190 -0.999999 0.000092
vn 0.001147 -0.999999 0.000162
vn -0.001150 0.999999 -0.000158
vn -0.001192 0.999999 -0.000089
vn -0.000816 0.998670 -0.051552
vn -0.012013 -0.999609 0.025265
vn -0.011565 -0.999586 -0.026334
vn -0.001265 0.999999 0.000000
vn -0.007794 -0.001149 -0.999969
vn -0.001264 0.999999 -0.000031
vn 0.001254 -0.999999 0.000017
vn 0.001264 -0.999999 0.000000
vn -0.001255 0.999999 -0.000016
vn -0.019291 -0.999746 -0.011639
vn -0.001265 0.999999 0.000000
vn -0.015186 0.999590 -0.024258
vn -0.005374 -0.999906 0.012633
vn -0.007841 -0.000676 -0.999969
vn -0.007889 -0.000202 -0.999969
vn -0.007841 -0.000676 -0.999969
vn 0.001264 -0.999999 0.000000
vn -0.001265 0.999999 0.000001
vn -0.001264 0.999999 0.000000
vn 0.001264 -0.999999 0.000000
vn 0.001264 -0.999999 0.000000
vn -0.001264 0.999999 0.000000
vn -0.031152 0.998810 -0.037519
vn -0.001264 0.999999 -0.000001
vn 0.001264 -0.999999 0.000000
vn -0.001266 0.999999 0.000000
vn -0.001265 0.999999 0.000000
vn 0.001265 -0.999999 0.000000
vn -0.001265 0.999999 0.000000
vn 0.001265 -0.999999 0.000000
vn 0.001265 -0.999999 0.000000
vn -0.001265 0.999999 0.000000
vn -0.001266 0.999999 0.000001
vn -0.001265 0.999999 0.000000
vn 0.001264 -0.999999 0.000000
vn 0.001264 -0.999999 0.000000
vn 0.001264 -0.999999 0.000000
vn 0.001204 -0.951082 -0.308935
vn 0.152922 -0.985746 -0.070142
vn -0.001262 0.999999 -0.000001
vn 0.001269 -0.999999 0.000000
vn 0.150436 0.986129 -0.070141
vn -0.001263 0.999999 0.000000
vn -0.001264 0.999999 0.000000
vn 0.001264 -0.999999 0.000000
vn -0.001264 0.999999 0.000000
vn 0.001263 -0.999999 0.000000
vn 0.001264 -0.999999 0.000001
vn 0.001264 -0.999999 0.000000
vn 0.001264 -0.999999 0.000001
vn -0.001263 0.999999 -0.000002
vn -0.001264 0.999999 -0.000001
vn 0.001264 -0.999999 0.000001
vn -0.001264 0.999999 -0.000001
vn 0.019158 -0.950883 0.308957
vn 0.019158 -0.950883 0.308957
vn 0.019158 -0.950883 0.308957
vn -0.001265 0.999999 0.000000
vn 0.001265 -0.999999 0.000000
vn -0.000745 0.587783 -0.809018
vn 0.008331 0.890968 -0.453989
vn 0.001263 -0.999999 0.000001
vn 0.001264 -0.999999 0.000000
vn -0.001265 0.999999 0.000000
vn 0.001264 -0.999999 0.000000
vn -0.001264 0.999999 0.000000
vn -0.001265 0.999999 0.000000
vn -0.026144 -0.998844 -0.040333
vn -0.053378 -0.997924 -0.036042
vn -0.025598 -0.999311 -0.026890
vn -0.054773 0.997813 -0.037001
vn -0.053374 -0.997924 -0.036043
vn -0.026142 -0.998844 -0.040334
vn -0.040973 0.998392 -0.039178
vn -0.027694 0.999275 -0.026127
vn -0.025597 -0.999311 -0.026890
vn -0.054776 0.997813 -0.037004
vn -0.053373 -0.997924 -0.036044
vn -0.026142 -0.998844 -0.040335
vn -0.040975 0.998392 -0.039181
vn -0.027695 0.999275 -0.026129
vn -0.025597 -0.999311 -0.026891
vn -0.054774 0.997813 -0.037000
vn -0.040973 0.998392 -0.039177
vn -0.027695 0.999275 -0.026127
vn -0.026142 -0.998844 -0.040335
vn -0.053373 -0.997924 -0.036044
vn -0.054775 0.997813 -0.037000
vn -0.025597 -0.999311 -0.026891
vn -0.027695 0.999275 -0.026127
vn -0.040974 0.998392 -0.039177
vn -0.053375 -0.997924 -0.036043
vn -0.026142 -0.998844 -0.040334
vn -0.054776 0.997813 -0.037000
vn -0.025598 -0.999311 -0.026890
vn -0.026142 -0.998844 -0.040334
vn -0.053374 -0.997924 -0.036043
vn -0.040975 0.998392 -0.039177
vn -0.027696 0.999275 -0.026126
vn -0.054777 0.997813 -0.037003
vn -0.025597 -0.999311 -0.026891
vn -0.040975 0.998392 -0.039180
vn -0.027695 0.999275 -0.026129
vn -0.026142 -0.998844 -0.040335
vn -0.053373 -0.997924 -0.036044
vn -0.054775 0.997813 -0.037001
vn -0.025597 -0.999311 -0.026891
vn -0.027695 0.999275 -0.026127
vn -0.026143 -0.998844 -0.040332
vn -0.040974 0.998392 -0.039178
vn -0.053376 -0.997924 -0.036041
vn -0.054775 0.997813 -0.037000
vn -0.025598 -0.999311 -0.026889
vn -0.040973 0.998392 -0.039177
vn -0.027695 0.999275 -0.026128
vn -0.190791 0.976624 0.099017
vn 0.190105 -0.981023 -0.038119
vn -0.002837 0.998048 0.062395
vn 0.001267 -0.999999 -0.000001
vn -0.999999 -0.001259 -0.000001
vn -0.999999 -0.001262 -0.000001
vn -0.999999 -0.001264 -0.000001
vn -0.999999 -0.001262 -0.000001
vn 0.008800 0.808996 -0.587748
vn -0.478927 0.270723 -0.835068
vn -0.478925 0.270720 0.835070
vn -0.000745 0.587787 -0.809015
vn -0.000745 0.587785 -0.809017
vn -0.000745 0.587785 -0.809017
vn -0.001024 0.809022 0.587777
vn -0.057451 -0.997979 0.027148
vn -0.264730 -0.956449 0.122975
vn -0.001268 0.999999 0.000001
vn -0.001265 0.999999 0.000000
vn -0.057451 -0.997979 0.027148
vn -0.000390 0.309007 0.951060
vn -0.001265 0.999999 0.000000
vn -0.264724 -0.956451 0.122977
vn -0.133197 -0.989137 0.062174
vn 0.074850 0.996574 -0.035194
vn -0.001264 0.999999 0.000001
vn -0.133197 -0.989137 0.062174
vn 0.074850 0.996574 -0.035194
vn 0.166916 -0.985971 0.000000
vn 0.164421 0.986390 0.000000
vn -0.008418 -0.809005 -0.587742
vn -0.001265 0.999999 0.000000
vn 0.007841 0.987659 -0.156423
vn 0.365792 0.000462 0.930697
vn -0.000390 0.309012 0.951058
vn 0.999999 0.001262 0.000000
vn 0.001204 -0.999999 0.000105
vn -0.012440 -0.999893 -0.007760
vn -0.003162 -0.999960 0.008422
vn 0.001264 -0.999999 -0.000001
vn 0.055053 -0.998414 -0.011744
vn 0.126795 0.991832 0.013873
vn 0.180310 0.983608 0.001990
vn 0.001265 -0.999999 -0.000001
vn 0.096135 -0.995184 -0.019149
vn -0.015516 -0.781745 0.623405
vn 0.054439 -0.845229 0.531624
vn -0.027007 -0.830900 -0.555766
vn 0.999999 0.001283 0.000003
vn 0.018700 -0.587666 0.808888
vn -0.128060 -0.000162 0.991766
vn -0.469203 -0.001250 -0.883090
vn -0.469203 -0.001247 -0.883090
vn -0.469203 -0.001242 -0.883089
vn -0.469202 -0.001260 -0.883090
vn -0.469203 -0.001255 -0.883089
vn -0.469203 -0.001257 -0.883090
vn -0.469203 -0.001245 -0.883089
vn -0.469203 -0.001242 -0.883089
vn 0.297256 -0.266778 0.916771
vn -0.176623 0.603702 -0.777399
vn 0.109530 0.993984 0.000000
vn 0.054131 0.998534 0.000000
vn -0.098307 0.510767 0.854080
vn 0.056656 -0.998394 0.000000
vn 0.164422 0.986390 0.000000
vn 0.166916 -0.985971 0.000000
vn -0.001234 0.999999 -0.000026
vn 0.112043 -0.993703 0.000000
vn -0.052672 -0.234696 0.970641
vn 0.000000 0.000000 -1.000000
vn -0.001023 0.809019 0.587782
vn -0.899390 0.415643 -0.135420
vn 0.999822 -0.010312 0.015791
vn -0.999638 -0.001270 -0.026856
vn -0.999656 0.005214 -0.025707
vn 0.999852 -0.004524 0.016607
vn -0.947297 0.005730 -0.320306
vn 0.000000 0.000000 -1.000000
vn -0.001216 0.999999 -0.000089
vn -0.001242 0.999999 -0.000059
vn -0.791175 0.009121 -0.611522
vn -0.001252 0.999999 -0.000059
vn -0.853870 0.013699 -0.520306
vn 0.999999 0.001274 0.000007
vn 0.999999 0.001270 -0.000006
vn 0.837106 -0.363771 -0.408563
vn 0.897237 -0.435621 0.072110
vn 0.003431 -0.993747 0.111601
vn 0.018215 -0.700512 -0.713408
vn -0.402195 0.299723 -0.865104
vn 0.996835 -0.002742 -0.079452
vn -0.007312 0.548090 -0.836388
vn -0.024439 0.872313 0.488336
vn -0.024439 0.872313 0.488336
vn -0.024439 0.872313 0.488336
vn -0.899192 0.256462 -0.354516
vn 0.999999 0.001265 0.000009
vn 0.999999 0.001265 0.000010
vn 0.680882 0.000860 0.732393
vn 0.680881 0.000859 0.732394
vn 0.680881 0.000859 0.732394
vn -0.999999 -0.001264 -0.000002
vn -0.996289 0.007421 -0.085748
vn -0.005933 -0.528833 -0.848705
vn 0.279033 -0.456317 -0.844935
vn 0.159642 -0.452596 0.877309
vn 0.013244 -0.613511 0.789575
vn 0.159642 -0.452596 0.877309
vn 0.012419 0.177839 0.983981
vn -0.999999 -0.001264 -0.000012
vn -0.290026 0.916297 -0.276196
vn -0.287262 -0.785486 -0.548171
vn 0.141529 0.988737 0.048663
vn 0.141530 0.988737 0.048665
vn 0.142796 -0.988554 -0.048693
vn 0.141529 0.988737 0.048663
vn 0.142799 -0.988553 -0.048692
vn 0.142799 -0.988553 -0.048694
vn 0.142799 -0.988553 -0.048693
vn 0.142797 -0.988554 -0.048692
vn 0.142795 -0.988554 -0.048691
vn 0.141530 0.988737 0.048663
vn 0.141530 0.988737 0.048663
vn 0.141529 0.988737 0.048665
vn 0.141531 0.988737 0.048664
vn 0.142797 -0.988553 -0.048693
vn 0.141531 0.988737 0.048664
vn -0.111093 -0.000295 0.993810
vn 0.142797 -0.988554 -0.048691
vn -0.018700 0.587677 0.808879
vn -0.009986 0.707071 0.707072
vn -0.031578 0.712916 0.700538
vn -0.303793 0.946019 0.112947
vn -0.019234 -0.940942 0.338020
vn -0.999999 -0.001262 -0.000007
vn -0.999999 -0.001267 -0.000003
vn -0.999999 -0.001264 -0.000002
vn -0.999999 -0.001258 0.000000
vn -0.999999 -0.001265 0.000000
vn 0.998360 0.001291 0.057237
vn -0.989445 -0.001263 -0.144901
vn 0.000000 0.000000 -1.000000
vn 0.930265 0.001171 0.366886
vn 0.999999 0.001283 0.000007
vn 0.916754 0.001160 -0.399451
vn 0.355864 -0.308335 -0.882208
vn 0.000391 -0.309001 -0.951062
vn 0.999999 0.001274 -0.000005
vn 0.998809 0.001292 -0.048770
vn 0.999999 0.001272 -0.000015
vn 0.999999 0.001271 -0.000009
vn 0.004776 -0.809008 -0.587778
vn 0.999999 0.001269 -0.000017
vn 0.003361 0.309022 -0.951049
vn -0.991253 -0.001249 -0.131966
vn -0.000001 -0.000000 -1.000000
vn 0.000391 -0.309017 0.951056
vn 0.001025 -0.809030 0.587766
vn 0.000391 -0.309019 0.951056
vn 0.864568 0.001093 -0.502514
vn 0.001236 -0.999999 0.000059
vn 0.001240 -0.999999 0.000063
vn 0.001251 -0.999999 0.000020
vn 0.001024 -0.809020 0.587781
vn 0.928095 0.001173 -0.372341
vn 0.927940 -0.001967 -0.372724
vn 0.999999 0.001260 0.000003
vn 0.000739 -0.993944 -0.109886
vn 0.999999 0.001261 0.000001
vn 0.006392 0.433885 0.900946
vn -0.044021 -0.000054 0.999031
vn 0.001203 -0.951057 0.309013
vn 0.007487 -0.433869 0.900945
vn 0.006222 -0.987669 0.156434
vn -0.999635 0.007507 0.025935
vn -0.017956 -0.000023 0.999839
vn -0.009288 0.156427 0.987646
vn 0.004243 0.210175 0.977655
vn 0.999999 0.001264 0.000000
vn -0.043033 -0.781126 0.622889
vn -0.061793 -0.957258 -0.282558
vn 0.999999 0.001264 0.000000
vn 0.008181 -0.974893 0.222522
vn 0.000000 0.000000 -1.000000
vn 0.000000 0.000000 -1.000000
vn 0.967920 0.001223 -0.251257
vn -0.989286 0.042473 -0.139675
vn -0.853089 0.019828 -0.521389
vn 0.000000 0.000000 -1.000000
vn -0.989982 0.029830 -0.138005
vn 0.004005 -0.191612 0.981463
vn 0.018310 0.185445 -0.982484
vn 0.995123 -0.009809 0.098157
vn -0.033886 0.999426 0.000000
vn -0.000000 0.000001 -1.000000
vn -0.031358 -0.999508 0.000000
vn -0.069391 -0.779982 0.621943
vn -0.038803 0.770500 0.636258
vn -0.124694 -0.737076 0.664207
vn -0.077255 0.898266 0.432607
vn -0.018990 0.900811 0.433797
vn -0.027727 0.991518 0.126978
vn 0.016991 0.943729 0.330284
vn -0.634014 -0.105281 0.766121
vn -0.456825 -0.431536 -0.777874
vn -0.501191 0.462087 -0.731630
vn -0.509367 -0.066459 0.857979
vn -0.768679 -0.265894 -0.581751
vn -0.509532 0.065173 -0.857980
vn -0.056522 0.899515 -0.433218
vn 0.999999 0.001251 -0.000008
vn -0.001204 0.951065 0.308989
vn -0.406000 0.875617 -0.261648
vn 0.008557 0.999963 0.000006
vn -0.994982 -0.001244 0.100044
vn -0.000170 -0.000000 1.000000
vn 0.999978 0.001283 -0.006561
vn -0.000170 -0.000000 1.000000
vn 0.924255 0.001156 -0.381773
vn -0.779803 -0.000983 0.626024
vn -0.994492 0.044766 -0.094773
vn 0.000635 0.993018 0.117965
vn -0.634605 0.364988 0.681220
vn 0.999999 0.001271 -0.000009
vn -0.994013 -0.025462 -0.106256
vn -0.994360 -0.005250 -0.105928
vn 0.998072 -0.010610 -0.061162
vn 0.998135 -0.042135 -0.044183
vn 0.000720 -0.992822 -0.119602
vn 0.998186 0.043068 -0.042081
vn -0.001954 0.993708 -0.111985
vn -0.836460 -0.521309 -0.169032
vn 0.012939 -0.190865 0.981531
vn -0.295567 0.482963 0.824249
vn 0.930264 0.001187 0.366888
vn 0.241792 0.000309 -0.970328
vn -0.162305 0.835202 -0.525447
vn -0.217875 -0.820641 0.528279
vn -0.472872 -0.881131 0.000000
vn -0.440200 0.818867 -0.368348
vn -0.596250 -0.720439 0.354196
vn 0.930264 0.001203 0.366889
vn -0.473642 -0.272698 -0.837436
vn -0.438599 -0.446973 0.779645
vn -0.295075 0.093078 -0.950930
vn -0.879262 -0.476034 -0.017027
vn -0.160943 -0.241778 -0.956891
vn -0.162206 0.757679 0.632148
vn -0.217957 -0.756206 -0.616966
vn -0.474886 0.711766 0.517564
vn 0.191452 0.577071 0.793937
vn 0.930264 0.001187 0.366888
vn -0.000001 -0.000000 -1.000000
vn -0.291280 -0.000367 -0.956638
vn -0.991254 -0.001266 -0.131965
vn -0.991254 -0.001258 -0.131965
vn -0.000001 -0.000000 -1.000000
vn 0.998360 0.001283 0.057236
vn 0.998360 0.001275 0.057234
vn -0.991254 -0.001258 -0.131965
vn 0.998360 0.001283 0.057236
vn 0.000000 0.000000 -1.000000
vn 0.000000 0.000000 -1.000000
vn -0.074868 -0.997193 0.000000
vn 0.000000 0.000000 -1.000000
vn -0.989445 -0.001247 -0.144904
vn -0.065360 -0.930514 0.360377
vn -0.989445 -0.001255 -0.144903
vn -0.989445 -0.001255 -0.144903
vn 0.998809 0.001292 -0.048770
vn 0.998809 0.001292 -0.048770
vn -0.000001 -0.000000 -1.000000
vn -0.000001 -0.000000 -1.000000
vn 0.998809 0.001292 -0.048770
vn -0.794046 -0.000990 -0.607856
vn -0.582559 -0.000730 -0.812788
vn -0.000001 -0.000000 -1.000000
vn 0.999982 -0.004136 0.004431
vn 0.999699 -0.011620 -0.021627
vn 0.999851 0.010919 -0.013389
vn -0.794047 -0.000995 -0.607856
vn 0.240994 0.823002 0.514382
vn -0.220145 0.973926 0.054812
vn 0.007177 0.853456 0.521115
vn 0.009998 0.708452 0.705689
vn 0.317486 0.946596 -0.056208
vn 0.613813 0.718810 0.326413
vn 0.555618 -0.790675 -0.257141
vn 0.012783 0.368604 0.929499
vn 0.243075 -0.822391 -0.514380
vn 0.319882 -0.945789 0.056207
vn -0.160002 -0.984912 -0.065945
vn -0.128798 0.582783 -0.802356
vn 0.289023 0.562938 -0.774317
vn 0.241093 0.743737 -0.623482
vn 0.613813 0.718809 -0.326415
vn 0.555237 -0.488396 0.673187
vn -0.320077 -0.586331 -0.744155
vn -0.635968 0.395835 0.662465
vn 0.001203 -0.951070 -0.308974
vn 0.242976 -0.743125 0.623480
vn 0.000894 -0.707118 -0.707095
vn -0.160783 -0.367213 0.916135
vn 0.273518 -0.237795 0.932009
vn -0.837786 0.519185 0.169004
vn 0.998264 0.026396 -0.052658
vn 0.998960 0.013151 -0.043655
vn -0.685308 0.339912 0.644060
vn 0.997551 0.006702 -0.069620
vn -0.003513 -0.710449 -0.703740
vn -0.004823 -0.538292 -0.842744
vn -0.002268 -0.852255 -0.523122
vn 0.999999 0.001274 -0.000002
vn 0.000000 -0.000001 -1.000000
vn -0.000001 -0.000002 -1.000000
vn 0.060774 0.934343 -0.351155
vn -0.000001 -0.000001 -1.000000
vn -0.060616 0.804759 -0.590499
vn -0.060616 0.804759 -0.590499
vn 0.999884 0.007582 -0.013222
vn 0.999884 0.007582 -0.013222
vn 0.999884 0.007582 -0.013222
vn 0.000000 0.000000 -1.000000
vn 0.999999 0.001265 -0.000001
vn 0.110293 0.993601 0.024351
vn 0.073245 0.997182 0.016253
vn 0.999999 0.001270 -0.000002
vn 0.000000 0.000000 -1.000000
vn 0.000000 0.000000 -1.000000
vn 0.016889 0.999762 -0.013801
vn 0.000000 0.000000 -1.000000
vn 0.999999 0.001270 -0.000002
vn 0.000000 0.000000 -1.000000
vn 0.111538 -0.993461 -0.024365
vn 0.110295 0.993601 0.024350
vn -0.000000 0.000001 -1.000000
vn 0.016890 0.999762 -0.013800
vn 0.000000 0.000000 -1.000000
vn 0.066311 -0.997666 -0.016273
vn 0.073246 0.997181 0.016252
vn 0.018929 -0.999710 -0.014882
vn -0.000000 0.000001 -1.000000
vn 0.066313 -0.997666 -0.016275
vn 0.110294 0.993601 0.024351
vn -0.000000 0.000002 -1.000000
vn 0.073245 0.997182 0.016253
vn 0.016889 0.999762 -0.013799
vn 0.018929 -0.999710 -0.014883
vn 0.000000 0.000000 -1.000000
vn 0.111540 -0.993461 -0.024366
vn 0.000000 0.000000 -1.000000
vn 0.066312 -0.997666 -0.016272
vn -0.000000 0.000001 -1.000000
vn 0.018929 -0.999710 -0.014881
vn 0.000000 0.000000 -1.000000
vn 0.073245 0.997182 0.016251
vn 0.110293 0.993601 0.024350
vn 0.111539 -0.993461 -0.024364
vn 0.016888 0.999762 -0.013801
vn 0.111537 -0.993462 -0.024365
vn 0.016889 0.999762 -0.013800
vn 0.066310 -0.997666 -0.016273
vn 0.110293 0.993601 0.024350
vn 0.000000 0.000000 -1.000000
vn 0.073245 0.997182 0.016252
vn 0.018928 -0.999710 -0.014881
vn -0.000000 0.000001 -1.000000
vn -0.000000 0.000001 -1.000000
vn 0.066312 -0.997666 -0.016273
vn 0.018929 -0.999710 -0.014882
vn 0.111539 -0.993461 -0.024365
vn 0.000000 0.000000 -1.000000
vn 0.000000 0.000000 -1.000000
vn 0.016889 0.999762 -0.013801
vn 0.073245 0.997182 0.016253
vn -0.000000 0.000001 -1.000000
vn 0.110293 0.993601 0.024351
vn 0.110294 0.993601 0.024350
vn 0.000000 0.000000 -1.000000
vn 0.073246 0.997181 0.016252
vn -0.000000 0.000001 -1.000000
vn 0.016890 0.999762 -0.013800
vn -0.000000 0.000001 -1.000000
vn 0.000000 0.000000 -1.000000
vn 0.000000 0.000000 1.000000
vn 0.000000 0.000000 -1.000000
vn 0.066312 -0.997666 -0.016273
vn 0.018929 -0.999710 -0.014881
vn 0.016889 0.999762 -0.013800
vn 0.000000 0.000000 1.000000
vn 0.111539 -0.993461 -0.024365
vn 0.000000 0.000000 1.000000
vn 0.110295 0.993601 0.024350
vn 0.073246 0.997181 0.016252
vn -0.062621 -0.780328 -0.622227
vn 0.005005 -0.999007 -0.044278
vn 0.999999 0.001318 -0.000015
vn -0.995248 0.000245 -0.097370
vn 0.999999 0.001284 -0.000008
vn -0.994259 0.011266 -0.106401
vn -0.995010 -0.008130 -0.099445
vn 0.001022 -0.809019 0.587781
vn 0.009984 -0.707076 0.707067
vn -0.501893 -0.338439 -0.795966
vn 0.111539 -0.993461 -0.024365
vn -0.004607 0.848472 -0.529220
vn 0.066312 -0.997666 -0.016273
vn 0.066311 -0.997666 -0.016273
vn -0.005468 0.705996 -0.708195
vn 0.018929 -0.999710 -0.014882
vn -0.006255 0.538480 -0.842615
vn -0.231474 -0.954729 -0.186850
vn -0.360987 -0.417209 -0.834041
vn 0.111539 -0.993461 -0.024364
vn 0.018929 -0.999710 -0.014882
vn 0.009984 -0.707076 0.707067
vn -0.991751 -0.013785 -0.127432
vn -0.125289 0.373609 0.919086
vn -0.985518 0.000753 -0.169568
vn 0.013988 -0.368107 0.929678
vn -0.066507 0.997786 0.000000
vn 0.012213 -0.702942 0.711142
vn -0.992263 0.008973 -0.123829
vn -0.099022 0.995085 0.000000
vn 0.009903 -0.846040 0.533028
vn 0.000000 0.000000 -1.000000
vn 0.000000 0.000000 -1.000000
vn -0.000000 0.000001 -1.000000
vn -0.096503 -0.995333 0.000000
vn -0.063982 -0.997951 0.000000
vn -0.099022 0.995085 0.000000
vn -0.836449 -0.521326 0.169034
vn -0.096503 -0.995333 0.000000
vn -0.128608 0.387659 -0.912787
vn -0.352493 0.574111 -0.739017
vn -0.276162 0.587443 0.760688
vn -0.596682 -0.374812 0.709568
vn -0.018642 0.623372 0.781703
vn -0.879360 -0.395362 0.265357
vn -0.392820 0.200751 0.897436
vn -0.044629 0.464653 0.884367
vn -0.067398 0.722925 0.687631
vn -0.001225 -0.994180 0.107729
vn 0.995674 0.037794 0.084878
vn -0.999810 -0.014394 0.013182
vn -0.999853 -0.008248 0.015041
vn -0.999843 0.001429 0.017651
vn 0.015779 -0.204183 -0.978806
vn 0.995320 -0.007892 0.096308
vn 0.000761 0.993776 -0.111394
vn -0.005249 0.993119 0.116990
vn -0.138441 0.807801 0.572968
vn -0.361204 0.487605 0.794842
vn -0.368271 0.726717 0.579878
vn 0.994842 -0.013973 0.100466
vn -0.999934 0.000196 0.011494
vn -0.999972 0.006105 0.004261
vn -0.999589 -0.020445 0.020115
vn -0.999920 -0.002917 0.012297
vn -0.999748 -0.015864 0.015905
vn 0.015463 0.389332 -0.920968
vn 0.008859 0.729021 -0.684434
vn 0.003249 0.864291 -0.502982
vn -0.000818 -0.394674 0.918821
vn -0.999810 -0.005491 0.018729
vn -0.828696 -0.002201 -0.559694
vn -0.828696 -0.002203 -0.559694
vn -0.003368 -0.730069 0.683366
vn -0.004942 -0.865030 0.501695
vn -0.469203 -0.001246 -0.883089
vn -0.993254 -0.001332 0.115948
vn -0.993254 -0.001332 0.115948
vn -0.993254 -0.001332 0.115948
vn -0.994982 -0.001271 0.100046
vn -0.994982 -0.001258 0.100045
vn -0.994982 -0.001258 0.100045
vn -0.000170 -0.000000 1.000000
vn -0.000170 -0.000000 1.000000
vn -0.000170 -0.000000 1.000000
vn 0.999978 0.001267 -0.006562
vn 0.999978 0.001275 -0.006561
vn 0.000000 0.000000 1.000000
vn 0.999978 0.001275 -0.006561
vn 0.000000 0.000000 1.000000
vn 0.000000 0.000000 1.000000
vn 0.987040 0.001204 0.160473
vn 0.987040 0.001204 0.160473
vn 0.987040 0.001204 0.160473
vn -0.000170 -0.000000 1.000000
vn -0.779804 -0.000977 0.626023
vn 0.924255 0.001157 -0.381773
vn -0.284781 -0.000355 0.958593
vn 0.924255 0.001158 -0.381773
vn -0.569375 -0.000713 0.822078
vn -0.828696 -0.002198 -0.559694
vn -0.828696 -0.002203 -0.559694
vn 0.924255 0.001157 -0.381773
vn -0.828697 -0.002191 -0.559693
vn -0.828697 -0.002206 -0.559694
vn -0.469203 -0.001245 -0.883089
vn -0.828696 -0.002207 -0.559695
vn -0.469203 -0.001249 -0.883089
vn -0.828696 -0.002207 -0.559695
vn -0.469203 -0.001248 -0.883090
vn -0.828696 -0.002191 -0.559694
vn -0.828696 -0.002192 -0.559694
vn -0.469203 -0.001241 -0.883089
vn -0.510013 0.450424 0.732806
vn -0.442968 0.725119 0.527240
vn -0.828697 -0.002210 -0.559694
vn -0.582434 0.657373 0.478154
vn -0.828697 -0.002203 -0.559693
vn -0.329128 -0.000875 0.944285
vn -0.469203 -0.001251 -0.883089
vn -0.329128 -0.000875 0.944285
vn -0.222187 -0.000591 0.975004
vn -0.828697 -0.002194 -0.559693
vn -0.828696 -0.002210 -0.559694
vn -0.828696 -0.002198 -0.559694
vn -0.469203 -0.001251 -0.883089
vn -0.828696 -0.002203 -0.559695
vn 0.000004 0.000015 1.000000
vn -0.469203 -0.001247 -0.883090
vn 0.999999 0.001260 -0.000011
vn -0.077379 0.432811 -0.898158
vn 0.999999 0.001264 -0.000011
vn -0.125633 0.737347 -0.663729
vn -0.057791 0.780500 -0.622479
vn 0.000004 0.000015 1.000000
vn 0.000004 0.000015 1.000000
vn 0.987041 0.001236 0.160461
vn 0.987041 0.001236 0.160461
vn 0.987041 0.001236 0.160461
vn -0.017579 -0.222500 0.974774
vn -0.086874 -0.426149 0.900472
vn -0.056259 -0.433249 -0.899517
vn -0.084508 0.985416 -0.147697
vn -0.056259 -0.433262 -0.899510
vn 0.999999 0.001275 -0.000001
vn -0.094573 0.993133 0.068875
vn -0.133035 -0.341831 -0.930297
vn 0.999999 0.001267 -0.000001
vn 0.999999 0.001253 0.000000
vn 0.999999 0.001262 -0.000014
vn 0.999999 0.001264 0.000002
vn 0.999999 0.001274 0.000005
vn -0.070418 0.563002 -0.823450
vn 0.999999 0.001270 -0.000002
vn 0.999999 0.001265 -0.000006
vn 0.999999 0.001259 -0.000012
vn -0.063608 -0.000078 -0.997975
vn 0.999999 0.001265 0.000023
vn -0.077818 0.779630 -0.621387
vn 0.999999 0.001257 -0.000009
vn 0.999999 0.001265 0.000003
vn -0.119566 0.916927 -0.380722
vn -0.040264 0.949533 0.311072
vn 0.999999 0.001265 -0.000004
vn -0.083360 0.075199 -0.993678
vn -0.071889 -0.046652 0.996321
vn -0.993256 -0.001211 0.115937
vn -0.993256 -0.001211 0.115937
vn -0.993256 -0.001211 0.115937
vn -0.000002 -0.000000 -1.000000
vn -0.000002 -0.000000 -1.000000
vn -0.000002 -0.000000 -1.000000
vn 0.003196 -0.859370 -0.511345
vn 0.995314 0.005018 0.096568
vn 0.010377 -0.389961 -0.920773
vn 0.995688 0.002565 0.092733
vn 0.006332 -0.724832 -0.688897
vn 0.993891 -0.007447 0.110117
vn -0.012268 0.855940 0.516930
vn 0.992633 -0.006739 0.120971
vn 0.994102 0.007859 0.108165
vn -0.003520 0.402811 0.915276
vn 0.995717 -0.004480 0.092340
vn -0.010363 0.728533 0.684932
vn 0.944824 0.001207 0.327576
vn 0.464646 0.881567 0.083334
vn 0.577119 0.800387 0.162219
vn 0.458569 0.886004 0.068635
vn 0.625788 0.767614 0.138412
vn 0.944822 0.001197 0.327583
vn 0.008726 0.000016 -0.999962
vn 0.008726 0.000016 -0.999962
vn 0.008726 0.000016 -0.999962
vn 0.886356 0.001121 -0.463004
vn 0.886356 0.001121 -0.463004
vn 0.886356 0.001121 -0.463004
vn 0.008726 0.000016 -0.999962
vn 0.008726 0.000016 -0.999962
vn 0.008726 0.000016 -0.999962
vn 0.886357 0.001121 -0.463000
vn 0.886357 0.001121 -0.463000
vn 0.886357 0.001121 -0.463000
vn -0.999999 -0.001246 -0.000018
vn -0.124813 -0.405155 -0.905688
vn -0.366427 -0.727619 0.579916
vn -0.672888 -0.212733 0.708496
vn 0.001022 -0.809014 -0.587789
vn -0.400994 -0.397876 -0.825166
vn -0.278913 -0.356302 0.891771
vn -0.667121 0.054149 -0.742978
vn -0.366210 -0.907226 0.206959
vn -0.358944 0.432745 -0.826977
vn -0.650713 -0.000809 0.759324
vn -0.999999 -0.001264 -0.000002
vn -0.999999 -0.001264 -0.000002
vn 0.001023 -0.809009 -0.587795
vn -0.441115 -0.726245 -0.527243
vn -0.999708 -0.013659 0.019939
vn -0.999999 -0.001264 -0.000002
vn -0.132903 -0.939970 -0.314314
vn -0.397117 -0.865645 -0.304889
vn -0.307496 -0.943493 0.123561
vn -0.794727 -0.173728 -0.581574
vn -0.078192 -0.840919 -0.535482
vn -0.999756 -0.011496 0.018887
vn -0.999797 -0.009332 0.017834
vn -0.059355 0.429894 0.900926
vn -0.999810 -0.000833 0.019451
vn -0.999756 -0.011496 0.018887
vn -0.347307 -0.688420 0.636755
vn -0.136184 -0.976732 0.165677
vn -0.117158 -0.745060 0.656628
vn -0.079838 -0.329590 -0.940742
vn -0.150302 0.105763 0.982967
vn 0.999772 0.011066 -0.018254
vn -0.999753 0.000128 0.022209
vn 0.062199 0.936045 0.346339
vn -0.149589 0.689190 -0.708971
vn -0.999783 -0.000353 0.020830
vn -0.180001 0.904540 -0.386533
vn 0.080214 -0.429538 0.899479
vn -0.065218 -0.940798 0.332634
vn -0.058364 0.329615 0.942310
vn 0.064783 -0.898362 -0.434452
vn -0.999783 -0.000353 0.020830
vn 0.999728 0.000786 -0.023299
vn 0.999774 -0.000176 -0.021264
vn -0.072899 0.940805 -0.331015
vn 0.059704 0.429608 -0.901040
vn 0.074525 0.898358 0.432896
vn 0.999752 0.000305 -0.022282
vn 0.999752 0.000305 -0.022282
vn 0.999793 0.006732 -0.019220
vn 0.080460 -0.329083 0.940867
vn 0.999785 0.008899 -0.018737
vn 0.999785 0.008899 -0.018737
vn 0.007679 -0.971936 -0.235119
vn -0.063720 -0.898110 0.435130
vn -0.999852 -0.001990 0.017086
vn -0.999827 0.011388 0.014698
vn -0.057035 0.526915 0.848002
vn -0.999831 0.011252 0.014560
vn -0.058288 0.703700 0.708102
vn -0.999834 0.011116 0.014422
vn -0.079058 -0.703646 -0.706138
vn -0.999831 0.011252 0.014560
vn -0.999866 -0.000792 0.016323
vn -0.999860 -0.001391 0.016705
vn -0.999860 -0.001391 0.016705
vn -0.080478 -0.526976 -0.846061
vn 0.999712 0.015095 -0.018642
vn 0.081525 -0.526075 0.846522
vn 0.999757 0.014062 -0.016959
vn 0.999735 0.014578 -0.017801
vn 0.999735 0.014578 -0.017801
vn 0.057523 0.526200 -0.848413
vn -0.999778 -0.014791 0.014992
vn -0.082228 -0.223184 -0.971302
vn 0.062366 -0.843874 -0.532904
vn -0.065026 -0.972041 0.225629
vn -0.999743 -0.014174 0.017689
vn -0.999762 -0.014482 0.016341
vn -0.072240 0.971986 -0.223663
vn 0.076259 0.843930 0.531006
vn -0.055398 0.223140 0.973211
vn -0.999762 -0.014482 0.016341
vn -0.076191 0.843503 -0.531693
vn 0.072098 0.972111 0.223164
vn 0.056268 0.222045 -0.973412
vn 0.999836 0.002896 -0.017890
vn -0.055607 0.617515 0.784591
vn -0.999943 -0.006833 0.008234
vn -0.078564 0.701957 -0.707873
vn 0.069268 0.997597 -0.001711
vn 0.055405 -0.001776 -0.998462
vn 0.999832 -0.011399 -0.014372
vn 0.083184 -0.222074 0.971475
vn -0.061271 -0.843513 0.533602
vn 0.999827 -0.000077 -0.018580
vn 0.066037 -0.972113 -0.225023
vn -0.999943 -0.006968 0.008061
vn 0.999833 0.001409 -0.018235
vn -0.999944 -0.007103 0.007888
vn 0.999833 0.001409 -0.018235
vn -0.081099 -0.617564 -0.782328
vn -0.058729 -0.701884 0.709866
vn 0.068614 -0.997643 -0.000234
vn -0.999943 -0.006968 0.008061
vn 0.083892 0.001755 0.996473
vn 0.999778 -0.011407 -0.017695
vn -0.999917 0.012549 0.003018
vn 0.999807 -0.011403 -0.016034
vn 0.999807 -0.011403 -0.016034
vn -0.055691 0.703139 0.708868
vn -0.999923 0.012164 0.002626
vn -0.999920 0.012356 0.002822
vn -0.080711 -0.703067 -0.706529
vn -0.999920 0.012356 0.002822
vn -0.999931 -0.008818 0.007813
vn -0.010565 -0.776654 -0.629839
vn -0.999901 -0.011517 0.008124
vn 0.138319 -0.635244 -0.759825
vn 0.138319 -0.635244 -0.759825
vn -0.999917 -0.010167 0.007969
vn -0.363290 0.720242 0.590993
vn -0.999917 -0.010167 0.007969
vn -0.363290 0.720242 0.590993
vn -0.363290 0.720242 0.590993
vn 0.999944 0.006913 -0.008068
vn 0.053053 0.112410 -0.992245
vn 0.070180 0.991199 0.112250
vn 0.999913 0.007243 -0.010993
vn -0.078782 0.777895 -0.623436
vn -0.057866 -0.777925 0.625687
vn 0.068698 0.997635 -0.002148
vn 0.051959 -0.002295 -0.998647
vn 0.085603 -0.112388 0.989970
vn 0.066910 -0.991167 -0.114506
vn -0.080175 0.700872 -0.708767
vn 0.999930 0.007078 -0.009530
vn 0.999930 0.007078 -0.009530
vn 0.999918 -0.012455 -0.002912
vn 0.067990 -0.997686 -0.000265
vn 0.999907 -0.012464 -0.005523
vn -0.056148 -0.700809 0.711136
vn 0.086360 0.002258 0.996262
vn -0.003216 -0.309026 -0.951048
vn 0.002186 0.873416 -0.486970
vn 0.999914 -0.012460 -0.004218
vn -0.556770 0.376392 -0.740497
vn 0.999914 -0.012460 -0.004218
vn -0.999999 -0.001273 0.000008
vn -0.999999 -0.001251 -0.000008
vn -0.999999 -0.001255 -0.000009
vn -1.000000 -0.000000 0.000000
vn -0.770869 -0.417110 0.481436
vn -0.770868 -0.620430 0.144319
vn -0.770869 -0.586767 -0.247923
vn -0.770869 -0.328978 -0.545467
vn -0.770870 0.054468 -0.634660
vn -0.770870 0.417109 -0.481435
vn -0.770870 0.620429 -0.144318
vn -0.770869 -0.054468 0.634661
vn -0.770869 0.586766 0.247924
vn -0.770869 0.328978 0.545467
vn -0.155547 -0.491203 0.857044
vn -0.384397 -0.550017 0.741432
vn -0.155548 -0.901150 0.404640
vn -0.384397 -0.880775 0.276539
vn -0.155550 -0.966887 -0.202321
vn -0.155546 -0.663308 -0.732003
vn -0.384396 -0.875109 -0.293981
vn -0.155544 -0.106367 -0.982086
vn -0.384395 -0.535181 -0.752211
vn -0.384396 0.009169 -0.923123
vn -0.155546 0.491204 -0.857044
vn -0.155545 0.901150 -0.404640
vn -0.384398 0.550016 -0.741431
vn -0.384397 0.880775 -0.276539
vn -0.155543 0.966888 0.202321
vn -0.384397 0.535179 0.752212
vn -0.384396 -0.009169 0.923123
vn -0.155547 0.106366 0.982085
vn -0.155547 0.663307 0.732004
vn -0.384396 0.875108 0.293982
vn 0.999983 0.003383 -0.004659
vn 0.999983 0.005470 -0.001777
vn 0.999983 0.005475 0.001781
vn 0.999983 0.003390 0.004671
vn 0.999983 -0.000001 0.005789
vn 0.999983 -0.003411 0.004692
vn 0.999983 -0.005525 0.001794
vn 0.999983 -0.000003 -0.005771
vn 1.000000 -0.000015 0.000005
vn 0.999983 -0.005520 -0.001792
vn 0.999983 -0.003405 -0.004682
vn 1.000000 0.000000 0.000000
vn 1.000000 0.000000 0.000000
vn 1.000000 0.000000 0.000000
vn 1.000000 0.000000 0.000000
vn 1.000000 0.000000 0.000000
vn 1.000000 0.000000 0.000000
vn 1.000000 0.000000 0.000000
vn 1.000000 0.000000 0.000000
vn 1.000000 0.000000 0.000000
vn 1.000000 0.000000 0.000000
vn 1.000000 0.000000 0.000000
vn 1.000000 0.000000 0.000000
vn 1.000000 0.000000 0.000000
vn 1.000000 0.000000 0.000000
vn 1.000000 0.000000 0.000000
vn 1.000000 0.000000 0.000000
vn 1.000000 0.000000 0.000000
vn -0.999998 -0.001782 -0.000738
vn -0.999998 -0.001364 -0.001365
vn -0.999998 -0.000739 -0.001784
vn -0.999998 -0.000000 -0.001932
vn -0.999998 0.000740 -0.001786
vn -0.999998 0.001368 -0.001367
vn -0.999998 0.001787 -0.000740
vn -0.999998 0.001934 0.000000
vn -0.999998 0.001786 0.000740
vn -0.999998 0.001367 0.001366
vn -0.999998 0.000739 0.001784
vn -0.999998 -0.000000 0.001930
vn -0.999998 -0.000738 0.001782
vn -0.999998 -0.001363 0.001364
vn -0.999998 -0.001928 0.000000
vn -1.000000 0.000002 -0.000001
vn -0.999998 -0.001781 0.000738
vn -1.000000 -0.000000 0.000000
vn -0.770869 0.417110 0.481436
vn -0.770869 0.620430 0.144318
vn -0.770869 0.586766 -0.247923
vn -0.770869 0.328978 -0.545467
vn -0.770870 -0.054467 -0.634660
vn -0.770870 -0.417109 -0.481434
vn -0.770870 -0.620429 -0.144317
vn -0.770869 0.054468 0.634661
vn -0.770869 -0.586767 0.247923
vn -0.770869 -0.328979 0.545467
vn -0.155547 0.491203 0.857044
vn -0.384397 0.550016 0.741432
vn -0.155548 0.901149 0.404641
vn -0.384397 0.880775 0.276540
vn -0.155548 0.966887 -0.202321
vn -0.155548 0.663307 -0.732003
vn -0.384398 0.875108 -0.293981
vn -0.384396 0.535180 -0.752211
vn -0.155544 0.106367 -0.982086
vn -0.155546 -0.491203 -0.857044
vn -0.384396 -0.009168 -0.923123
vn -0.155546 -0.901150 -0.404640
vn -0.384399 -0.550016 -0.741431
vn -0.384398 -0.880775 -0.276538
vn -0.155546 -0.966888 0.202321
vn -0.155547 -0.663307 0.732004
vn -0.384397 -0.535179 0.752212
vn -0.384397 -0.875108 0.293982
vn -0.384396 0.009169 0.923123
vn -0.155547 -0.106366 0.982085
vn 0.999983 -0.003383 -0.004659
vn 0.999983 -0.005470 -0.001777
vn 0.999983 -0.005475 0.001781
vn 0.999983 -0.003390 0.004671
vn 0.999983 0.000001 0.005789
vn 0.999983 0.003411 0.004692
vn 0.999983 0.005525 0.001794
vn 1.000000 0.000015 0.000005
vn 0.999983 0.005520 -0.001792
vn 0.999983 0.003405 -0.004682
vn 0.999983 0.000003 -0.005771
vn 1.000000 0.000000 0.000000
vn 1.000000 0.000000 0.000000
vn 1.000000 0.000000 0.000000
vn 1.000000 0.000000 0.000000
vn 1.000000 0.000000 0.000000
vn 1.000000 0.000000 0.000000
vn 1.000000 0.000000 0.000000
vn 1.000000 0.000000 0.000000
vn 1.000000 0.000000 0.000000
vn 1.000000 0.000000 0.000000
vn 1.000000 0.000000 0.000000
vn 1.000000 0.000000 0.000000
vn 1.000000 0.000000 0.000000
vn 1.000000 0.000000 0.000000
vn 1.000000 0.000000 0.000000
vn 1.000000 0.000000 0.000000
vn 1.000000 0.000000 0.000000
vn -0.999998 0.001782 -0.000738
vn -0.999998 0.001364 -0.001365
vn -0.999998 0.000739 -0.001784
vn -0.999998 -0.000000 -0.001932
vn -0.999998 -0.000740 -0.001786
vn -0.999998 -0.001368 -0.001367
vn -0.999998 -0.001787 -0.000740
vn -0.999998 -0.001934 0.000000
vn -0.999998 -0.001786 0.000740
vn -0.999998 -0.001367 0.001366
vn -0.999998 -0.000739 0.001784
vn -0.999998 -0.000000 0.001930
vn -0.999998 0.000738 0.001782
vn -0.999998 0.001363 0.001364
vn -0.999998 0.001928 0.000000
vn -1.000000 -0.000002 -0.000001
vn -0.999998 0.001781 0.000738
vn 0.000170 0.991413 -0.130770
vn 0.951031 0.190239 0.243618
vn -0.321427 -0.940501 0.110192
vn -0.030181 0.017119 0.999398
vn 0.005209 -0.998826 -0.048152
vn -0.021797 0.030917 0.999284
vn -0.021797 0.030917 0.999284
vn -0.021797 0.030917 0.999284
vn 0.148331 0.985016 -0.087984
vn -0.662765 0.741421 -0.105056
vn -0.021539 -0.031039 0.999286
vn -0.996112 -0.012406 -0.087221
vn -0.941051 0.288272 -0.176983
vn -0.985368 -0.000996 -0.170435
vn -0.985368 -0.002679 -0.170418
vn -0.996112 -0.012406 -0.087221
vn -0.996112 -0.012406 -0.087221
vn -0.996207 0.006734 -0.086750
vn -0.996207 0.006734 -0.086750
vn -0.996207 0.006734 -0.086750
vn 0.904015 -0.185048 0.385376
vn 0.008855 0.994126 -0.107869
vn 0.943638 -0.090771 0.318290
vn 0.004513 0.992845 -0.119329
vn -0.324769 0.939500 0.108928
vn 0.004513 0.992845 -0.119329
vn -0.324736 0.945760 0.009231
vn -0.167395 0.982120 0.086138
vn -0.020126 -0.107148 0.994039
vn -0.025697 -0.049000 0.998468
vn 0.974389 -0.006030 0.224787
vn 0.967489 0.092562 0.235365
vn 0.967489 0.092562 0.235365
vn 0.251437 0.948370 -0.193321
vn 0.288099 -0.951956 -0.103824
vn 0.288099 -0.951956 -0.103824
vn 0.288099 -0.951956 -0.103824
vn 0.145983 0.977218 -0.154061
vn -0.340371 -0.938713 0.054459
vn 0.092377 0.986721 -0.133598
vn -0.489504 -0.861906 0.132304
vn -0.333894 -0.939707 0.073932
vn -0.029501 -0.077727 0.996538
vn 0.144557 0.971658 -0.187041
vn -0.029501 -0.077727 0.996538
vn -0.029501 -0.077727 0.996538
vn 0.026289 -0.996296 -0.081878
vn 0.026289 -0.996296 -0.081878
vn -0.025022 0.107011 0.993943
vn -0.025022 0.107011 0.993943
vn -0.025022 0.107011 0.993943
vn -0.025862 -0.058669 0.997942
vn -0.027291 -0.020667 0.999414
vn -0.026130 -0.021474 0.999428
vn 0.964929 -0.201936 0.167733
vn 0.973012 -0.099146 0.208368
vn 0.019265 -0.994247 -0.105365
vn 0.954550 -0.128521 0.268918
vn 0.019265 -0.994247 -0.105365
vn 0.026289 -0.996296 -0.081878
vn -0.032160 0.024826 0.999174
vn -0.032160 0.024826 0.999174
vn -0.032160 0.024826 0.999174
vn -0.985278 -0.009048 -0.170718
vn -0.985278 -0.009048 -0.170718
vn -0.985341 -0.007925 -0.170412
vn 0.319949 -0.849035 -0.420444
vn 0.469706 -0.707646 -0.527839
vn -0.037298 -0.966585 0.253618
vn -0.141552 -0.922013 0.360354
vn -0.073801 0.965993 0.247814
vn -0.179589 0.915794 0.359262
vn -0.882488 -0.399455 0.248294
vn -0.585539 0.668894 0.457958
vn -0.493637 0.786525 0.371081
vn 0.884509 -0.382018 -0.267779
vn 0.060339 -0.633846 0.771102
vn 0.754716 -0.008678 0.655995
vn 0.134940 0.132338 0.981977
vn 0.677372 -0.477819 -0.559336
vn 0.704338 -0.387018 -0.595084
vn -0.955680 -0.079700 0.283413
vn 0.959855 -0.048926 -0.276198
vn 0.023553 0.713671 -0.700085
vn 0.754717 -0.008992 0.655989
vn 0.754716 -0.008835 0.655992
vn 0.754716 -0.008835 0.655992
vn 0.124611 0.168713 0.977757
vn -0.000003 -0.999848 -0.017440
vn -0.000003 -0.999848 -0.017458
vn -0.000003 -0.999848 -0.017458
vn 0.446228 0.726483 -0.522592
vn 0.554616 0.552503 -0.622206
vn 0.727573 0.028728 -0.685428
vn 0.033614 0.999137 -0.024419
vn -0.621017 -0.417826 0.663143
vn -0.681947 -0.405984 0.608379
vn -0.421023 -0.858592 0.292505
vn -0.164120 0.039535 -0.985648
vn -0.694703 -0.140548 0.705432
vn -0.664887 -0.282169 0.691597
vn -0.130948 0.115531 -0.984635
vn 0.727502 0.028783 -0.685502
vn -0.100422 -0.114841 -0.988295
vn -0.664887 -0.282169 0.691597
vn -0.164843 -0.005893 -0.986302
vn -0.132953 -0.083083 -0.987634
vn 0.727538 0.028755 -0.685465
vn 0.727538 0.028755 -0.685465
vn 0.112964 -0.987077 -0.113657
vn -0.620306 0.754681 0.213722
vn -0.126736 0.989018 0.076038
vn 0.525824 -0.830798 -0.182439
vn -0.311290 -0.013140 0.950224
vn -0.826626 0.495486 0.266803
vn 0.640935 0.751528 -0.156231
vn 0.990602 -0.136776 -0.000990
vn 0.126208 -0.079186 -0.988838
vn -0.282884 -0.958005 0.046933
vn 0.246901 -0.962992 -0.108101
vn -0.022509 0.175382 -0.984243
vn -0.990602 0.136776 0.000990
vn -0.536745 -0.834028 0.127683
vn 0.161202 0.986882 -0.008773
vn 0.094462 0.142337 -0.985301
vn 0.155054 0.038417 -0.987159
vn 0.155607 -0.004450 -0.987809
vn 0.124469 0.111847 -0.985899
vn -0.098430 0.146102 -0.984361
vn 0.020987 0.174161 -0.984493
vn 0.828550 0.515876 -0.217662
vn 0.754695 -0.008745 0.656018
vn 0.754771 -0.008660 0.655932
vn 0.754744 -0.008685 0.655962
vn 0.030900 0.237161 -0.970979
vn 0.313818 -0.430731 0.846161
vn 0.024580 0.213304 -0.976677
vn 0.136518 0.961409 -0.238863
vn -0.084203 -0.995978 -0.030630
vn 0.438958 -0.751748 -0.492129
vn -0.035456 0.971261 0.235361
vn 0.031176 0.489749 -0.871306
vn 0.113995 0.988515 0.099209
vn 0.004011 -0.971331 0.237699
vn 0.348047 -0.840284 -0.415675
vn 0.703322 0.318731 -0.635413
vn 0.687106 0.419811 -0.592996
vn 0.447115 0.856052 -0.259350
vn 0.612260 0.631267 -0.476067
vn -0.687203 0.186712 0.702062
vn -0.697497 0.112989 0.707624
vn 0.155638 -0.982718 0.100214
vn 0.220532 0.920946 -0.321286
vn -0.716405 -0.118125 0.687612
vn -0.348897 0.909944 0.224214
vn -0.151557 0.987815 0.035371
vn 0.611720 -0.665671 -0.427412
vn 0.572711 -0.728105 -0.376650
vn -0.990598 -0.136693 -0.005615
vn -0.797167 -0.603743 -0.004371
vn -0.990602 -0.136774 -0.000990
vn 0.495784 0.719983 0.485617
vn -0.603737 -0.797163 -0.005772
vn 0.981165 0.002671 -0.193153
vn -0.557189 -0.011481 0.830307
vn 0.440673 0.786469 0.432751
vn 0.000000 -0.999848 -0.017455
vn 0.000000 -0.999848 -0.017452
vn 0.000001 -0.999848 -0.017452
vn 0.561286 0.661652 0.497167
vn 0.000002 -0.999848 -0.017454
vn -0.000001 -0.999848 -0.017445
vn 0.459918 -0.815607 0.351085
vn 0.021560 -0.144050 -0.989336
vn 0.603670 -0.796563 -0.032714
vn -0.023171 -0.145349 -0.989109
vn -0.001585 -0.499603 -0.866253
vn 0.096222 -0.110977 -0.989154
vn -0.020626 -0.556384 -0.830669
vn 0.124617 0.397301 0.909188
vn -0.034566 -0.773524 -0.632823
vn 0.034906 0.983030 -0.180092
vn 0.136766 0.990578 0.007172
vn 0.797116 -0.603318 -0.024777
vn 0.095216 0.676413 0.730342
vn 0.062102 0.975772 0.209793
vn 0.990597 0.136697 0.005615
vn -0.056887 -0.946601 -0.317348
vn 0.398339 -0.708021 0.583124
vn -0.136769 -0.990577 -0.007172
vn 0.010149 -0.800600 0.599113
vn 0.990597 -0.136695 -0.005613
vn -0.748957 0.011564 -0.662517
vn -0.748958 0.011563 -0.662517
vn -0.754582 0.011451 -0.656105
vn 0.595976 -0.683629 0.421265
vn 0.311295 0.013139 -0.950223
vn 0.603673 0.796560 0.032715
vn 0.990602 0.136775 0.000990
vn 0.557194 0.011481 -0.830303
vn 0.136738 0.989773 0.040650
vn 0.603734 0.797165 0.005772
vn 0.892119 0.006247 -0.451758
vn 0.797166 0.603744 0.004371
vn 0.797117 0.603316 0.024778
vn -0.762866 0.019221 -0.646271
vn -0.758273 0.016669 -0.651724
vn 0.603015 -0.651247 0.460707
vn -0.760002 0.027216 -0.649350
vn -0.950297 0.004304 -0.311314
vn 0.830400 -0.007704 0.557115
vn -0.136738 0.989773 0.040649
vn 0.950307 -0.004305 0.311284
vn -0.603671 0.796562 0.032714
vn -0.136737 -0.989773 -0.040650
vn 0.193238 -0.013567 0.981058
vn -0.830363 0.007704 -0.557170
vn -0.981165 -0.002671 0.193153
vn -0.892117 -0.006247 0.451762
vn 0.451864 -0.012336 0.892002
vn -0.451804 0.012333 -0.892032
vn -0.193206 0.013565 -0.981064
vn 0.136735 -0.989773 -0.040649
vn -0.990597 0.136700 0.005613
vn 0.586444 -0.674088 0.449097
vn 0.733618 -0.152362 0.662262
vn 0.136764 -0.990578 -0.007172
vn -0.797116 -0.603317 -0.024779
vn -0.136769 0.990577 0.007172
vn -0.797168 0.603742 0.004371
vn -0.603670 -0.796563 -0.032715
vn -0.797114 0.603320 0.024777
vn -0.603737 0.797162 0.005772
vn 0.797166 -0.603744 -0.004371
vn 0.603733 -0.797166 -0.005772
vn 0.541650 0.659044 0.521802
vn 0.000000 -1.000000 0.000000
vn 0.133943 -0.983528 -0.121373
vn 0.258922 -0.954431 -0.148397
vn 0.122246 -0.954431 -0.272246
vn 0.037021 -0.983528 -0.176922
vn -0.061123 -0.954431 -0.292106
vn -0.074042 -0.983528 -0.164894
vn -0.156824 -0.983528 -0.089881
vn -0.221147 -0.954430 -0.200392
vn -0.296699 -0.954430 -0.032134
vn -0.179705 -0.983528 0.019464
vn -0.133944 -0.983528 0.121373
vn -0.258922 -0.954430 0.148398
vn -0.037022 -0.983528 0.176923
vn -0.122247 -0.954430 0.272247
vn 0.156823 -0.983528 0.089881
vn 0.074042 -0.983528 0.164893
vn 0.296698 -0.954431 0.032134
vn 0.061123 -0.954431 0.292107
vn 0.221146 -0.954431 0.200391
vn 0.179704 -0.983528 -0.019463
vn 0.741023 -0.000001 -0.671479
vn 0.867605 0.000000 -0.497254
vn 0.409627 -0.000001 -0.912253
vn 0.204813 -0.000001 -0.978801
vn -0.204814 -0.000000 -0.978801
vn -0.409628 0.000001 -0.912253
vn -0.867604 0.000002 -0.497255
vn -0.741023 0.000002 -0.671480
vn -0.994186 -0.000000 0.107678
vn -0.994186 0.000001 -0.107677
vn -0.741022 -0.000000 0.671481
vn -0.867604 -0.000000 0.497256
vn -0.409627 -0.000000 0.912253
vn -0.204813 0.000001 0.978801
vn -0.000000 0.000002 1.000000
vn 0.000001 0.000001 1.000000
vn 0.587785 0.000001 0.809017
vn 0.587786 0.000001 0.809017
vn 0.741023 0.000000 0.671479
vn 0.994186 0.000000 0.107676
vn 0.994186 0.000000 -0.107676
vn 0.867605 0.000000 0.497254
vn 0.221147 0.954430 -0.200392
vn 0.061123 0.954431 -0.292106
vn -0.122246 0.954431 -0.272246
vn -0.258923 0.954430 -0.148398
vn -0.296699 0.954430 0.032135
vn -0.221146 0.954430 0.200393
vn -0.061123 0.954431 0.292106
vn 0.122246 0.954431 0.272246
vn 0.258922 0.954431 0.148396
vn 0.296699 0.954430 -0.032135
vn 0.179704 0.983528 0.019463
vn -0.156823 0.983528 0.089882
vn 0.156824 0.983528 -0.089881
vn -0.074041 0.983528 0.164894
vn -0.179704 0.983528 -0.019464
vn 0.000001 1.000000 0.000000
vn 0.037021 0.983528 0.176922
vn -0.133943 0.983528 -0.121374
vn 0.133943 0.983528 0.121373
vn -0.037021 0.983528 -0.176922
vn 0.074042 0.983528 -0.164894
vn 0.319956 -0.849029 -0.420449
vn 0.469706 -0.707645 -0.527840
vn -0.037299 -0.966585 0.253620
vn -0.073801 0.965993 0.247814
vn -0.141551 -0.922014 0.360353
vn -0.179588 0.915794 0.359262
vn -0.882480 -0.399475 0.248290
vn -0.585544 0.668885 0.457964
vn -0.493634 0.786528 0.371079
vn 0.884513 -0.382009 -0.267779
vn 0.060339 -0.633843 0.771105
vn 0.754717 -0.008674 0.655993
vn 0.134940 0.132337 0.981977
vn 0.704337 -0.387026 -0.595081
vn 0.677368 -0.477829 -0.559332
vn -0.955680 -0.079702 0.283412
vn 0.959855 -0.048918 -0.276198
vn 0.023554 0.713671 -0.700085
vn 0.754718 -0.008996 0.655988
vn 0.754717 -0.008835 0.655991
vn 0.754717 -0.008835 0.655991
vn 0.124611 0.168712 0.977757
vn 0.000003 -0.999848 -0.017453
vn -0.000011 -0.999848 -0.017459
vn -0.000004 -0.999848 -0.017456
vn 0.554619 0.552499 -0.622208
vn 0.446231 0.726480 -0.522594
vn 0.727570 0.028728 -0.685431
vn 0.033612 0.999137 -0.024420
vn -0.621010 -0.417846 0.663138
vn -0.681947 -0.405983 0.608380
vn -0.421019 -0.858595 0.292501
vn -0.130947 0.115528 -0.984635
vn -0.164118 0.039535 -0.985648
vn -0.694704 -0.140541 0.705433
vn -0.664885 -0.282176 0.691596
vn -0.132952 -0.083081 -0.987634
vn -0.100421 -0.114841 -0.988295
vn -0.164840 -0.005891 -0.986303
vn -0.664885 -0.282176 0.691596
vn 0.727500 0.028782 -0.685503
vn 0.727535 0.028755 -0.685467
vn 0.727535 0.028755 -0.685467
vn 0.112967 -0.987077 -0.113653
vn -0.126734 0.989018 0.076037
vn 0.525826 -0.830797 -0.182439
vn -0.826625 0.495488 0.266801
vn -0.620308 0.754680 0.213721
vn -0.311293 -0.013140 0.950223
vn -0.990601 0.136782 0.000991
vn -0.282879 -0.958007 0.046932
vn 0.161209 0.986881 -0.008775
vn 0.990601 -0.136777 -0.000990
vn 0.640943 0.751521 -0.156233
vn 0.094461 0.142334 -0.985301
vn 0.126207 -0.079185 -0.988838
vn 0.155605 -0.004451 -0.987809
vn 0.754694 -0.008748 0.656019
vn -0.536732 -0.834036 0.127679
vn 0.246904 -0.962992 -0.108101
vn 0.828545 0.515886 -0.217660
vn 0.155052 0.038415 -0.987159
vn -0.022509 0.175381 -0.984243
vn 0.124468 0.111843 -0.985900
vn 0.020986 0.174160 -0.984494
vn -0.098430 0.146100 -0.984361
vn 0.313817 -0.430730 0.846162
vn 0.754743 -0.008687 0.655963
vn 0.754770 -0.008663 0.655933
vn 0.030900 0.237157 -0.970980
vn 0.438956 -0.751749 -0.492128
vn 0.687104 0.419817 -0.592994
vn 0.136517 0.961410 -0.238861
vn 0.348048 -0.840283 -0.415676
vn 0.113996 0.988515 0.099208
vn 0.703321 0.318735 -0.635412
vn 0.031177 0.489748 -0.871306
vn 0.024580 0.213302 -0.976677
vn -0.084197 -0.995978 -0.030635
vn 0.004006 -0.971329 0.237704
vn -0.035457 0.971261 0.235362
vn 0.447114 0.856053 -0.259349
vn 0.612259 0.631268 -0.476067
vn -0.697496 0.112994 0.707624
vn -0.687202 0.186716 0.702062
vn -0.716405 -0.118120 0.687613
vn -0.151550 0.987817 0.035366
vn 0.611719 -0.665673 -0.427411
vn 0.572707 -0.728111 -0.376645
vn 0.155633 -0.982718 0.100218
vn 0.220535 0.920944 -0.321288
vn -0.348891 0.909948 0.224210
vn -0.990597 -0.136695 -0.005615
vn -0.797162 -0.603749 -0.004372
vn -0.603732 -0.797166 -0.005772
vn 0.495787 0.719981 0.485616
vn -0.990602 -0.136775 -0.000990
vn 0.000002 -0.999848 -0.017451
vn 0.981166 0.002671 -0.193149
vn -0.557195 -0.011481 0.830302
vn 0.561287 0.661652 0.497166
vn -0.000002 -0.999848 -0.017453
vn 0.000001 -0.999848 -0.017447
vn 0.440672 0.786470 0.432751
vn -0.000001 -0.999848 -0.017453
vn -0.000001 -0.999848 -0.017456
vn 0.459917 -0.815607 0.351085
vn 0.124617 0.397301 0.909188
vn 0.021560 -0.144049 -0.989336
vn -0.020626 -0.556386 -0.830668
vn -0.034566 -0.773524 -0.632823
vn 0.096221 -0.110976 -0.989154
vn -0.023171 -0.145349 -0.989109
vn -0.001585 -0.499604 -0.866252
vn 0.603671 -0.796562 -0.032714
vn 0.010149 -0.800600 0.599113
vn 0.797117 -0.603316 -0.024777
vn 0.095215 0.676410 0.730345
vn 0.990597 0.136694 0.005615
vn 0.062102 0.975771 0.209796
vn -0.056887 -0.946601 -0.317350
vn -0.136770 -0.990577 -0.007173
vn 0.034907 0.983031 -0.180089
vn -0.748958 0.011564 -0.662516
vn 0.398338 -0.708022 0.583122
vn 0.990597 -0.136694 -0.005613
vn 0.136767 0.990577 0.007172
vn 0.595975 -0.683629 0.421265
vn -0.754583 0.011451 -0.656105
vn -0.748959 0.011563 -0.662515
vn 0.990601 0.136779 0.000990
vn 0.797161 0.603750 0.004372
vn 0.311296 0.013139 -0.950222
vn -0.760002 0.027216 -0.649351
vn 0.557193 0.011482 -0.830303
vn 0.603671 0.796562 0.032715
vn 0.797117 0.603316 0.024779
vn 0.892119 0.006247 -0.451757
vn 0.136736 0.989773 0.040650
vn -0.762865 0.019221 -0.646272
vn -0.758273 0.016669 -0.651724
vn 0.603731 0.797167 0.005772
vn 0.603014 -0.651248 0.460706
vn -0.136767 0.990577 0.007172
vn -0.603669 0.796564 0.032714
vn -0.136738 -0.989773 -0.040650
vn -0.136736 0.989773 0.040650
vn -0.981166 -0.002671 0.193149
vn -0.830363 0.007703 -0.557170
vn 0.950306 -0.004305 0.311287
vn -0.950297 0.004304 -0.311314
vn 0.830400 -0.007704 0.557114
vn 0.586444 -0.674088 0.449098
vn 0.451866 -0.012336 0.892000
vn 0.541648 0.659045 0.521802
vn -0.892121 -0.006247 0.451754
vn -0.797164 0.603747 0.004372
vn -0.603734 0.797165 0.005772
vn 0.193240 -0.013567 0.981058
vn 0.733618 -0.152362 0.662262
vn 0.797164 -0.603747 -0.004371
vn -0.797117 -0.603316 -0.024779
vn -0.451804 0.012333 -0.892032
vn -0.193206 0.013565 -0.981064
vn -0.603671 -0.796562 -0.032715
vn 0.603729 -0.797169 -0.005772
vn 0.136735 -0.989773 -0.040649
vn -0.990597 0.136697 0.005613
vn -0.797115 0.603319 0.024777
vn 0.136760 -0.990578 -0.007173
vn 0.000000 -1.000000 0.000000
vn 0.133943 -0.983528 -0.121373
vn 0.258921 -0.954431 -0.148397
vn 0.122246 -0.954431 -0.272246
vn 0.037021 -0.983528 -0.176922
vn -0.061124 -0.954431 -0.292106
vn -0.074042 -0.983528 -0.164893
vn -0.156824 -0.983528 -0.089881
vn -0.221146 -0.954431 -0.200392
vn -0.296699 -0.954430 -0.032134
vn -0.179704 -0.983528 0.019463
vn -0.133944 -0.983528 0.121374
vn -0.258923 -0.954430 0.148399
vn -0.122247 -0.954430 0.272248
vn -0.037021 -0.983528 0.176923
vn 0.296697 -0.954431 0.032134
vn 0.156823 -0.983528 0.089881
vn 0.061123 -0.954431 0.292107
vn 0.074042 -0.983528 0.164893
vn 0.221146 -0.954431 0.200391
vn 0.179703 -0.983528 -0.019463
vn 0.867604 0.000000 -0.497255
vn 0.741023 0.000000 -0.671480
vn 0.409627 0.000000 -0.912253
vn 0.204813 0.000000 -0.978801
vn -0.409627 -0.000000 -0.912253
vn -0.204814 -0.000000 -0.978801
vn -0.741022 0.000001 -0.671480
vn -0.867604 0.000001 -0.497255
vn -0.994186 0.000002 -0.107677
vn -0.994186 0.000001 0.107677
vn -0.741022 -0.000000 0.671481
vn -0.867604 0.000001 0.497256
vn -0.204813 -0.000000 0.978801
vn -0.000000 0.000001 1.000000
vn -0.409626 -0.000000 0.912253
vn -0.000000 0.000001 1.000000
vn 0.587785 0.000001 0.809017
vn 0.587786 0.000000 0.809017
vn 0.741023 0.000000 0.671480
vn 0.994186 -0.000001 0.107676
vn 0.867605 -0.000001 0.497254
vn 0.994186 -0.000001 -0.107677
vn 0.221145 0.954431 -0.200391
vn 0.061124 0.954431 -0.292106
vn -0.122246 0.954430 -0.272247
vn -0.258921 0.954431 -0.148397
vn -0.296697 0.954431 0.032134
vn -0.221145 0.954431 0.200391
vn -0.061122 0.954431 0.292106
vn 0.122248 0.954430 0.272246
vn 0.296698 0.954431 -0.032135
vn 0.258921 0.954431 0.148397
vn -0.037020 0.983528 -0.176923
vn -0.156823 0.983528 0.089881
vn 0.074044 0.983528 -0.164894
vn -0.074042 0.983528 0.164893
vn -0.133943 0.983528 -0.121373
vn 0.156824 0.983528 -0.089882
vn 0.037023 0.983528 0.176922
vn -0.179703 0.983528 -0.019463
vn 0.133945 0.983528 0.121373
vn 0.179704 0.983528 0.019463
vn 0.000001 1.000000 0.000000
vn 0.319944 0.849039 -0.420439
vn 0.469700 0.707653 -0.527835
vn -0.037304 0.966583 0.253625
vn -0.073806 -0.965991 0.247820
vn -0.141553 0.922013 0.360355
vn -0.179591 -0.915793 0.359264
vn -0.882483 0.399468 0.248292
vn -0.585542 -0.668889 0.457961
vn -0.493633 -0.786529 0.371078
vn 0.884511 0.382015 -0.267779
vn 0.060339 0.633843 0.771105
vn 0.754717 0.008674 0.655993
vn 0.134940 -0.132337 0.981977
vn 0.704338 0.387021 -0.595083
vn 0.677370 0.477823 -0.559334
vn -0.955681 0.079699 0.283412
vn 0.959855 0.048917 -0.276198
vn 0.023554 -0.713673 -0.700083
vn 0.754718 0.008996 0.655988
vn 0.754718 0.008835 0.655990
vn 0.124611 -0.168712 0.977757
vn 0.754718 0.008835 0.655990
vn -0.000008 0.999848 -0.017443
vn 0.000002 0.999848 -0.017453
vn -0.000000 0.999848 -0.017454
vn 0.446229 -0.726482 -0.522593
vn 0.554615 -0.552505 -0.622206
vn 0.727570 -0.028728 -0.685431
vn 0.033613 -0.999137 -0.024421
vn -0.621010 0.417846 0.663138
vn -0.421017 0.858597 0.292499
vn -0.681946 0.405987 0.608379
vn -0.164118 -0.039535 -0.985648
vn -0.694704 0.140540 0.705433
vn -0.130947 -0.115528 -0.984635
vn -0.132952 0.083081 -0.987634
vn 0.727535 -0.028755 -0.685467
vn -0.100422 0.114842 -0.988295
vn -0.664885 0.282175 0.691596
vn -0.664885 0.282175 0.691596
vn -0.164840 0.005891 -0.986303
vn 0.727500 -0.028782 -0.685503
vn 0.727535 -0.028755 -0.685467
vn 0.112968 0.987077 -0.113654
vn -0.620305 -0.754682 0.213721
vn -0.311293 0.013140 0.950223
vn 0.525818 0.830802 -0.182438
vn -0.126736 -0.989018 0.076038
vn -0.826623 -0.495491 0.266801
vn -0.990601 -0.136781 0.000990
vn 0.754694 0.008748 0.656019
vn 0.990601 0.136777 -0.000990
vn 0.828545 -0.515885 -0.217660
vn 0.246897 0.962993 -0.108100
vn 0.640938 -0.751526 -0.156231
vn -0.536734 0.834035 0.127680
vn 0.126208 0.079185 -0.988838
vn 0.020986 -0.174161 -0.984494
vn 0.155605 0.004451 -0.987809
vn 0.124468 -0.111844 -0.985900
vn -0.098430 -0.146100 -0.984361
vn 0.155052 -0.038415 -0.987159
vn -0.022509 -0.175382 -0.984243
vn 0.161205 -0.986882 -0.008774
vn 0.754769 0.008663 0.655933
vn 0.094461 -0.142335 -0.985301
vn -0.282883 0.958005 0.046933
vn 0.754743 0.008687 0.655963
vn 0.030900 -0.237159 -0.970979
vn 0.031175 -0.489746 -0.871307
vn 0.313817 0.430731 0.846162
vn -0.035457 -0.971261 0.235362
vn 0.004006 0.971329 0.237704
vn 0.348046 0.840285 -0.415674
vn 0.438952 0.751754 -0.492125
vn 0.703322 -0.318731 -0.635413
vn 0.024580 -0.213303 -0.976677
vn 0.136514 -0.961410 -0.238860
vn -0.084199 0.995978 -0.030634
vn 0.447116 -0.856052 -0.259351
vn 0.113996 -0.988515 0.099208
vn -0.697496 -0.112992 0.707624
vn 0.612260 -0.631267 -0.476067
vn 0.687106 -0.419812 -0.592995
vn -0.716405 0.118123 0.687613
vn -0.348891 -0.909948 0.224209
vn 0.611720 0.665671 -0.427412
vn -0.151552 -0.987816 0.035367
vn 0.572709 0.728108 -0.376647
vn 0.155635 0.982718 0.100216
vn 0.220532 -0.920945 -0.321287
vn -0.687202 -0.186716 0.702061
vn -0.990601 0.136779 -0.000990
vn -0.797162 0.603750 -0.004371
vn -0.603734 0.797165 -0.005772
vn -0.990597 0.136694 -0.005615
vn 0.561287 -0.661652 0.497166
vn 0.495785 -0.719982 0.485616
vn -0.000001 0.999848 -0.017455
vn -0.000004 0.999848 -0.017451
vn -0.000002 0.999848 -0.017452
vn 0.440672 -0.786470 0.432750
vn 0.981166 -0.002671 -0.193149
vn -0.000002 0.999848 -0.017455
vn -0.000002 0.999848 -0.017453
vn -0.557195 0.011481 0.830302
vn 0.459918 0.815607 0.351085
vn -0.001585 0.499602 -0.866253
vn -0.020626 0.556384 -0.830669
vn -0.034566 0.773525 -0.632822
vn -0.023171 0.145350 -0.989109
vn 0.096222 0.110977 -0.989154
vn 0.021560 0.144050 -0.989336
vn 0.603670 0.796563 -0.032714
vn 0.124617 -0.397303 0.909187
vn 0.095216 -0.676412 0.730343
vn -0.748959 -0.011564 -0.662516
vn 0.062103 -0.975771 0.209797
vn 0.990597 -0.136695 0.005615
vn -0.748959 -0.011563 -0.662515
vn 0.136765 -0.990578 0.007171
vn -0.136772 0.990577 -0.007172
vn 0.797117 0.603317 -0.024777
vn 0.010150 0.800600 0.599114
vn 0.034908 -0.983031 -0.180086
vn -0.056886 0.946602 -0.317346
vn 0.398338 0.708021 0.583124
vn 0.990597 0.136695 -0.005613
vn 0.603015 0.651247 0.460707
vn -0.754583 -0.011451 -0.656105
vn 0.595976 0.683628 0.421266
vn 0.311295 -0.013139 -0.950223
vn 0.990602 -0.136775 0.000990
vn 0.136736 -0.989773 0.040650
vn 0.603671 -0.796562 0.032715
vn 0.797117 -0.603316 0.024779
vn 0.557193 -0.011481 -0.830303
vn 0.892119 -0.006247 -0.451757
vn -0.760002 -0.027216 -0.649351
vn 0.797163 -0.603748 0.004371
vn 0.603733 -0.797166 0.005771
vn -0.762865 -0.019221 -0.646272
vn -0.758273 -0.016669 -0.651724
vn 0.136762 0.990578 -0.007172
vn -0.797164 -0.603747 0.004371
vn -0.136769 -0.990577 0.007171
vn -0.136737 -0.989773 0.040649
vn -0.603670 -0.796563 0.032714
vn -0.830363 -0.007704 -0.557170
vn 0.586445 0.674088 0.449098
vn 0.830400 0.007704 0.557114
vn -0.603734 -0.797165 0.005771
vn 0.603732 0.797166 -0.005772
vn 0.541649 -0.659045 0.521801
vn -0.981166 0.002671 0.193149
vn -0.950297 -0.004304 -0.311314
vn -0.797117 0.603316 -0.024779
vn 0.950306 0.004305 0.311287
vn -0.892121 0.006247 0.451754
vn 0.733618 0.152361 0.662262
vn -0.990597 -0.136696 0.005613
vn -0.797116 -0.603317 0.024777
vn 0.193240 0.013567 0.981058
vn -0.451804 -0.012333 -0.892032
vn -0.603671 0.796562 -0.032715
vn 0.451866 0.012336 0.892000
vn -0.193206 -0.013565 -0.981064
vn 0.136735 0.989773 -0.040649
vn -0.136738 0.989773 -0.040650
vn 0.797164 0.603746 -0.004371
vn -0.000000 1.000000 0.000000
vn 0.133943 0.983528 -0.121373
vn 0.258922 0.954430 -0.148398
vn 0.122246 0.954431 -0.272247
vn 0.037021 0.983528 -0.176923
vn -0.074042 0.983528 -0.164894
vn -0.061124 0.954430 -0.292107
vn -0.156824 0.983528 -0.089881
vn -0.221146 0.954430 -0.200392
vn -0.179704 0.983528 0.019463
vn -0.296699 0.954430 -0.032134
vn -0.258923 0.954430 0.148399
vn -0.133944 0.983528 0.121374
vn -0.037021 0.983528 0.176923
vn -0.122247 0.954430 0.272248
vn 0.296698 0.954431 0.032134
vn 0.156824 0.983528 0.089881
vn 0.074042 0.983528 0.164894
vn 0.061123 0.954431 0.292107
vn 0.221146 0.954431 0.200392
vn 0.179704 0.983528 -0.019463
vn 0.867604 0.000000 -0.497255
vn 0.741023 0.000000 -0.671480
vn 0.409627 0.000000 -0.912253
vn 0.204813 0.000000 -0.978801
vn -0.204814 -0.000000 -0.978801
vn -0.409627 -0.000000 -0.912253
vn -0.741022 -0.000001 -0.671480
vn -0.867604 -0.000001 -0.497255
vn -0.994186 -0.000002 -0.107677
vn -0.994186 -0.000001 0.107677
vn -0.867604 -0.000001 0.497256
vn -0.741022 -0.000000 0.671481
vn -0.409626 -0.000000 0.912253
vn 0.000000 -0.000001 1.000000
vn -0.204813 -0.000000 0.978801
vn 0.000000 -0.000001 1.000000
vn 0.587785 -0.000001 0.809017
vn 0.994186 0.000001 -0.107677
vn 0.741023 0.000000 0.671480
vn 0.587786 0.000000 0.809017
vn 0.867605 0.000001 0.497254
vn 0.994186 0.000001 0.107676
vn 0.295480 -0.950513 -0.096008
vn 0.221145 -0.954431 -0.200391
vn 0.061124 -0.954431 -0.292106
vn -0.122246 -0.954431 -0.272247
vn -0.258922 -0.954430 -0.148398
vn -0.296698 -0.954431 0.032134
vn -0.221146 -0.954431 0.200392
vn -0.061123 -0.954431 0.292107
vn 0.295480 -0.950513 0.096007
vn 0.122248 -0.954430 0.272246
vn 0.258921 -0.954431 0.148397
vn -0.156823 -0.983528 0.089881
vn -0.037020 -0.983528 -0.176923
vn 0.156824 -0.983528 -0.089882
vn -0.133943 -0.983528 -0.121373
vn 0.037023 -0.983528 0.176923
vn -0.179704 -0.983528 -0.019463
vn 0.179704 -0.983528 0.019463
vn 0.133945 -0.983528 0.121373
vn 0.074044 -0.983528 -0.164894
vn -0.074042 -0.983528 0.164894
vn 0.000001 -1.000000 0.000000
vn 0.460917 -0.323638 0.826325
vn -0.709409 -0.424873 0.562336
vn -0.283209 -0.860266 0.423952
vn -0.094070 -0.972948 0.211005
vn -0.054810 -0.979799 0.192329
vn -0.770546 -0.222218 0.597393
vn -0.578009 -0.540598 0.611277
vn -0.678373 -0.156650 0.717824
vn -0.165428 -0.942556 0.290211
vn -0.567806 -0.516301 0.641116
vn -0.344424 -0.827174 0.444022
vn -0.661282 -0.172567 0.730018
vn -0.575710 -0.496193 0.649885
vn -0.372630 -0.809320 0.454036
vn -0.211714 -0.926811 0.310160
vn -0.096735 -0.965337 0.242417
vn -0.433516 -0.735493 0.520686
vn -0.608114 -0.365783 0.704556
vn -0.652766 -0.118852 0.748178
vn -0.632804 -0.114647 0.765778
vn -0.586229 -0.328704 0.740466
vn -0.478149 -0.587874 0.652516
vn -0.230762 -0.895956 0.379488
vn -0.548214 -0.124006 0.827094
vn -0.366862 -0.699621 0.613142
vn -0.548157 -0.364393 0.752822
vn -0.397915 -0.204832 0.894264
vn -0.322744 -0.591949 0.738535
vn -0.192594 -0.755019 0.626781
vn 0.420554 -0.119806 0.899323
vn 0.314055 -0.328625 0.890716
vn 0.262363 -0.632508 0.728765
vn 0.216639 -0.758472 0.614644
vn 0.100583 -0.828901 0.550278
vn 0.220634 -0.685387 0.693949
vn 0.309364 -0.373912 0.874348
vn 0.358023 -0.152437 0.921185
vn 0.333276 -0.148772 0.931018
vn 0.313351 -0.312223 0.896843
vn 0.320034 -0.174186 0.931256
vn 0.221793 -0.582736 0.781810
vn 0.289868 -0.392480 0.872890
vn 0.229399 -0.219505 0.948258
vn 0.207818 -0.494328 0.844069
vn 0.030919 -0.873944 0.485042
vn 0.089429 -0.811375 0.577644
vn 0.145274 -0.755799 0.638485
vn 0.017382 -0.919281 0.393217
vn 0.050739 -0.921166 0.385848
vn 0.073670 -0.807844 0.584774
vn 0.119209 -0.273977 0.954320
vn 0.101413 -0.574243 0.812379
vn -0.086332 -0.947951 0.306488
vn -0.166810 -0.870927 0.462234
vn -0.088044 -0.894256 0.438811
vn -0.190014 -0.347187 0.918344
vn -0.006417 -0.570295 0.821415
vn -0.188127 -0.687770 0.701128
vn -0.140005 -0.663804 0.734685
vn -0.005475 -0.847999 0.529970
vn -0.248406 -0.385857 0.888487
vn -0.075522 -0.867741 0.491245
vn 0.008729 -0.283749 0.958859
vn 0.592307 0.000847 0.805712
vn 0.481450 0.335998 0.809513
vn 0.457123 0.000000 0.889403
vn 0.350508 0.000000 0.936560
vn 0.338170 0.000000 0.941085
vn 0.318123 0.000000 0.948049
vn 0.210721 0.000000 0.977546
vn 0.116945 0.000000 0.993138
vn -0.053088 -0.000000 0.998590
vn -0.254785 -0.000000 0.966998
vn -0.299416 -0.000000 0.954123
vn -0.448222 -0.000000 0.893922
vn -0.585321 -0.000000 0.810802
vn -0.647041 -0.000000 0.762455
vn -0.662451 -0.000000 0.749105
vn -0.677953 -0.000000 0.735106
vn -0.685514 -0.000000 0.728059
vn -0.761712 0.002010 0.647913
vn -0.738705 0.409204 0.535600
vn -0.267934 0.851427 0.450870
vn 0.005003 0.973231 -0.229775
vn -0.022138 0.999443 -0.024971
vn -0.785656 0.222712 0.577186
vn -0.678373 0.156650 0.717824
vn -0.591649 0.510222 0.624199
vn -0.138737 0.968224 0.208071
vn -0.567806 0.516301 0.641116
vn -0.348771 0.788042 0.507295
vn -0.661282 0.172567 0.730018
vn -0.372630 0.809320 0.454035
vn -0.575710 0.496193 0.649885
vn -0.211714 0.926811 0.310160
vn -0.096735 0.965337 0.242417
vn -0.433516 0.735493 0.520686
vn -0.608114 0.365783 0.704556
vn -0.652766 0.118852 0.748178
vn -0.632804 0.114647 0.765778
vn -0.586229 0.328704 0.740466
vn -0.478149 0.587874 0.652516
vn -0.230762 0.895956 0.379488
vn -0.548214 0.124006 0.827094
vn -0.548157 0.364393 0.752822
vn -0.366862 0.699621 0.613142
vn -0.322744 0.591949 0.738535
vn -0.397915 0.204832 0.894264
vn -0.192594 0.755019 0.626781
vn 0.422326 0.121091 0.898319
vn 0.319325 0.328157 0.889013
vn 0.283899 0.653080 0.702060
vn 0.257780 0.808269 0.529387
vn 0.115628 0.855859 0.504119
vn 0.220634 0.685387 0.693949
vn 0.358023 0.152437 0.921185
vn 0.309364 0.373912 0.874348
vn 0.313351 0.312223 0.896843
vn 0.333276 0.148772 0.931018
vn 0.320034 0.174186 0.931256
vn 0.289868 0.392480 0.872890
vn 0.221793 0.582736 0.781810
vn 0.229399 0.219505 0.948258
vn 0.207818 0.494328 0.844069
vn 0.145274 0.755799 0.638485
vn 0.051820 0.925676 0.374752
vn 0.089429 0.811375 0.577644
vn 0.022239 0.939421 0.342043
vn 0.050739 0.921166 0.385848
vn 0.073670 0.807844 0.584774
vn 0.119209 0.273977 0.954320
vn -0.166810 0.870927 0.462234
vn -0.086332 0.947951 0.306488
vn 0.101413 0.574243 0.812379
vn -0.088044 0.894256 0.438811
vn -0.248406 0.385857 0.888487
vn -0.188127 0.687770 0.701128
vn -0.865555 0.026860 0.500093
vn -0.140005 0.663805 0.734685
vn -0.005475 0.847999 0.529970
vn -0.190014 0.347187 0.918344
vn 0.008729 0.283749 0.958859
vn -0.075522 0.867741 0.491245
vn -0.006417 0.570295 0.821415
vn -0.865474 -0.026799 0.500236
vn -0.865051 0.019233 0.501316
vn -0.863967 0.012822 0.503386
vn -0.863586 0.000004 0.504201
vn -0.864993 -0.019197 0.501416
vn -0.863928 -0.012798 0.503453
vn 0.865555 -0.026860 -0.500093
vn 0.865474 0.026799 -0.500236
vn 0.000857 -0.944374 0.328872
vn 0.000805 -0.973996 0.226563
vn -0.008923 -0.987553 0.157035
vn 0.022770 0.998515 -0.049493
vn 0.000857 0.944374 0.328872
vn -0.020285 0.983538 0.179557
vn -0.034542 0.948760 0.314105
vn -0.034542 -0.948760 0.314105
vn -0.028398 -0.977100 0.210879
vn 0.006596 0.985723 0.168249
vn 0.863967 -0.012822 -0.503386
vn 0.863928 0.012798 -0.503453
vn 0.863586 -0.000004 -0.504201
vn 0.865051 -0.019233 -0.501316
vn 0.864993 0.019197 -0.501416
vn -0.000000 1.000000 0.000000
vn -0.000000 1.000000 0.000000
vn -0.000000 1.000000 0.000000
vn -0.000000 1.000000 0.000000
vn 0.000000 -1.000000 0.000000
vn 0.000000 -1.000000 0.000000
vn 0.000000 -1.000000 0.000000
vn 0.000000 -1.000000 0.000000
vt 0.633209 0.919240
vt 0.885473 0.791365
vt 0.892586 0.775609
vt 0.894752 0.749541
vt 0.785955 0.622717
vt 0.808942 0.618147
vt 0.903914 0.647706
vt 0.824890 0.606217
vt 0.974521 0.548131
vt 0.955126 0.626023
vt 0.909603 0.628265
vt 0.839617 0.548142
vt 0.928134 0.626035
vt 0.836814 0.578195
vt 0.269287 0.948644
vt 0.102850 0.646379
vt 0.083197 0.605902
vt 0.137389 0.441053
vt 0.012711 0.471069
vt 0.012711 0.409281
vt 0.068379 0.473661
vt 0.072568 0.484954
vt 0.132823 0.429993
vt 0.131137 0.409281
vt 0.139959 0.445571
vt 0.194121 0.636541
vt 0.060952 0.470937
vt 0.139898 0.471400
vt 0.210755 0.650385
vt 0.081100 0.582711
vt 0.087050 0.627972
vt 0.252525 0.948410
vt 0.194330 0.712841
vt 0.194429 0.836136
vt 0.231963 0.656028
vt 0.167962 0.857228
vt 0.140209 0.646416
vt 0.148396 0.836099
vt 0.194047 0.662175
vt 0.140128 0.522438
vt 0.412661 0.986350
vt 0.585779 0.856022
vt 0.412632 0.856018
vt 0.585277 0.986576
vt 0.388230 0.739534
vt 0.633880 0.707372
vt 0.365443 0.643806
vt 0.388202 0.636432
vt 0.388223 0.733690
vt 0.401604 0.839800
vt 0.598540 0.841309
vt 0.634003 0.702190
vt 0.634367 0.602852
vt 0.655891 0.609713
vt 0.402177 0.739416
vt 0.598878 0.538674
vt 0.528148 0.485059
vt 0.472153 0.485059
vt 0.388269 0.948318
vt 0.768317 0.919175
vt 0.344367 0.655900
vt 0.343406 0.948459
vt 0.378743 0.948376
vt 0.650319 0.919224
vt 0.676111 0.622587
vt 0.685855 0.919212
vt 0.931312 0.920395
vt 0.931447 0.969984
vt 0.907865 0.970054
vt 0.907731 0.920465
vt 0.973274 0.920523
vt 0.947990 0.970119
vt 0.973290 0.970112
vt 0.401585 0.634833
vt 0.472138 0.538189
vt 0.578213 0.509112
vt 0.503280 0.635963
vt 0.598895 0.739398
vt 0.528141 0.509112
vt 0.401585 0.538088
vt 0.947975 0.920530
vt 0.472184 0.509024
vt 0.567598 0.635963
vt 0.598878 0.635963
vt 0.905867 0.844401
vt 0.899594 0.819070
vt 0.902758 0.793319
vt 0.913173 0.827282
vt 0.915398 0.798961
vt 0.918657 0.685373
vt 0.924810 0.688321
vt 0.977417 0.664764
vt 0.930654 0.667201
vt 0.942193 0.658681
vt 0.977973 0.659233
vt 0.949690 0.664777
vt 0.926755 0.662317
vt 0.244839 0.989989
vt 0.227832 0.989733
vt 0.142032 0.890144
vt 0.097611 0.823065
vt 0.094989 0.797869
vt 0.009871 0.668718
vt 0.091155 0.686204
vt 0.084321 0.691798
vt 0.076634 0.668578
vt 0.009489 0.676748
vt 0.085203 0.673962
vt 0.079086 0.679556
vt 0.069801 0.676607
vt 0.244974 0.970580
vt 0.245145 0.978532
vt 0.153200 0.871438
vt 0.111503 0.840823
vt 0.123563 0.836613
vt 0.106944 0.796452
vt 0.109966 0.821130
vt 0.121193 0.819724
vt 0.118530 0.795761
vt 0.191065 0.902617
vt 0.162044 0.871189
vt 0.156813 0.875684
vt 0.760771 0.936539
vt 0.760771 0.958750
vt 0.646449 0.958632
vt 0.646449 0.936420
vt 0.646727 0.983331
vt 0.890580 0.830036
vt 0.854902 0.854915
vt 0.797435 0.935647
vt 0.789123 0.929497
vt 0.185994 0.907285
vt 0.862688 0.861661
vt 0.241101 0.956805
vt 0.227230 0.969848
vt 0.235870 0.961300
vt 0.102428 0.847051
vt 0.144426 0.886787
vt 0.140680 0.882437
vt 0.204633 0.917310
vt 0.199094 0.921473
vt 0.320220 0.989850
vt 0.365560 0.989632
vt 0.785518 0.983260
vt 0.365396 0.978514
vt 0.354762 0.989748
vt 0.777044 0.958767
vt 0.701195 0.983305
vt 0.664114 0.983314
vt 0.092989 0.386001
vt 0.093061 0.388377
vt 0.042504 0.357692
vt 0.062623 0.346723
vt 0.043514 0.369655
vt 0.102437 0.370653
vt 0.102576 0.368277
vt 0.042504 0.367288
vt 0.042504 0.365617
vt 0.102523 0.364604
vt 0.043606 0.363292
vt 0.102568 0.366984
vt 0.084171 0.342319
vt 0.042504 0.346723
vt 0.084171 0.339939
vt 0.092890 0.339822
vt 0.080106 0.388526
vt 0.093057 0.342203
vt 0.079868 0.386150
vt 0.084074 0.386150
vt 0.050196 0.342751
vt 0.055135 0.342751
vt 0.062623 0.357692
vt 0.084353 0.388526
vt 0.824166 0.374561
vt 0.954894 0.372413
vt 0.954879 0.372412
vt 0.852182 0.371550
vt 0.855635 0.371170
vt 0.887892 0.368157
vt 0.894064 0.368157
vt 0.925754 0.370378
vt 0.897589 0.530074
vt 0.886857 0.529953
vt 0.853796 0.497738
vt 0.898052 0.530038
vt 0.929886 0.496610
vt 0.929878 0.496611
vt 0.898052 0.530038
vt 0.868717 0.497757
vt 0.887304 0.529972
vt 0.870553 0.497756
vt 0.887855 0.497774
vt 0.887855 0.529989
vt 0.887356 0.529970
vt 0.897589 0.530074
vt 0.897107 0.530110
vt 0.897641 0.497853
vt 0.897641 0.497853
vt 0.914430 0.497208
vt 0.897589 0.530074
vt 0.075166 0.357929
vt 0.075166 0.358556
vt 0.075166 0.356592
vt 0.076254 0.342751
vt 0.086923 0.352046
vt 0.087196 0.343083
vt 0.075981 0.351714
vt 0.086981 0.357274
vt 0.086902 0.358377
vt 0.075981 0.357615
vt 0.075221 0.352927
vt 0.064281 0.351724
vt 0.075228 0.351821
vt 0.064299 0.349896
vt 0.075306 0.342848
vt 0.064359 0.342751
vt 0.075246 0.349992
vt 0.042504 0.359084
vt 0.053451 0.359008
vt 0.053463 0.360372
vt 0.042516 0.360448
vt 0.088138 0.356079
vt 0.099006 0.357767
vt 0.099023 0.356080
vt 0.099025 0.357080
vt 0.088140 0.357079
vt 0.088121 0.357766
vt 0.054125 0.395456
vt 0.053388 0.392542
vt 0.053389 0.391935
vt 0.042504 0.392544
vt 0.095079 0.338982
vt 0.084963 0.328794
vt 0.084171 0.338052
vt 0.095871 0.329724
vt 0.086888 0.356934
vt 0.076251 0.352813
vt 0.075981 0.356004
vt 0.054125 0.385575
vt 0.087019 0.355378
vt 0.087159 0.353743
vt 0.076111 0.354448
vt 0.090875 0.378671
vt 0.090815 0.385578
vt 0.079868 0.385485
vt 0.101802 0.346580
vt 0.112739 0.347470
vt 0.112749 0.346673
vt 0.101793 0.347377
vt 0.105056 0.386332
vt 0.094172 0.386333
vt 0.094149 0.386002
vt 0.084724 0.331590
vt 0.095632 0.332520
vt 0.105033 0.386001
vt 0.095760 0.331023
vt 0.753045 0.546471
vt 0.752971 0.554249
vt 0.754971 0.546289
vt 0.754897 0.554207
vt 0.758576 0.545928
vt 0.758502 0.554108
vt 0.752184 0.554264
vt 0.752259 0.546544
vt 0.747684 0.554327
vt 0.747759 0.546933
vt 0.717127 0.553748
vt 0.717208 0.548573
vt 0.738785 0.554341
vt 0.738862 0.547594
vt 0.736053 0.478628
vt 0.719185 0.474424
vt 0.719072 0.478110
vt 0.736166 0.474942
vt 0.688649 0.575077
vt 0.705334 0.579285
vt 0.705576 0.576524
vt 0.705443 0.578011
vt 0.688407 0.577838
vt 0.688515 0.576564
vt 0.648746 0.584874
vt 0.665727 0.585392
vt 0.740182 0.529627
vt 0.723255 0.528180
vt 0.740031 0.531389
vt 0.723255 0.528180
vt 0.723104 0.529942
vt 0.740182 0.529627
vt 0.740659 0.524047
vt 0.723732 0.522599
vt 0.723957 0.519892
vt 0.724285 0.516053
vt 0.740884 0.521340
vt 0.741212 0.517500
vt 0.068327 0.356731
vt 0.075161 0.357145
vt 0.075166 0.356731
vt 0.068322 0.357145
vt 0.734313 0.569822
vt 0.717816 0.563338
vt 0.717385 0.568374
vt 0.734743 0.564785
vt 0.734249 0.570570
vt 0.717385 0.568374
vt 0.717321 0.569122
vt 0.665651 0.587899
vt 0.734313 0.569822
vt 0.648670 0.587381
vt 0.648692 0.586658
vt 0.665673 0.587177
vt 0.723104 0.532654
vt 0.739998 0.542836
vt 0.739996 0.532654
vt 0.723106 0.542836
vt 0.705334 0.585190
vt 0.688407 0.583743
vt 0.688708 0.580213
vt 0.705635 0.581660
vt 0.734019 0.547562
vt 0.717127 0.547562
vt 0.717127 0.546113
vt 0.734019 0.546113
vt 0.735660 0.491498
vt 0.718680 0.490980
vt 0.719042 0.479090
vt 0.736023 0.479608
vt 0.101384 0.352432
vt 0.108263 0.352950
vt 0.108263 0.352432
vt 0.101384 0.352950
vt 0.736023 0.479608
vt 0.719072 0.478110
vt 0.719042 0.479090
vt 0.736053 0.478628
vt 0.734054 0.572843
vt 0.717321 0.569122
vt 0.717127 0.571396
vt 0.734249 0.570570
vt 0.705638 0.575804
vt 0.689252 0.568028
vt 0.688711 0.574357
vt 0.706179 0.569475
vt 0.705576 0.576524
vt 0.688711 0.574357
vt 0.688649 0.575077
vt 0.705638 0.575804
vt 0.110336 0.378942
vt 0.103458 0.378989
vt 0.103456 0.378718
vt 0.110334 0.378671
vt 0.098428 0.380208
vt 0.091549 0.380148
vt 0.091552 0.379865
vt 0.098430 0.379924
vt 0.648670 0.526953
vt 0.685380 0.527273
vt 0.685476 0.530979
vt 0.648819 0.529860
vt 0.679657 0.564979
vt 0.679657 0.562849
vt 0.688407 0.566753
vt 0.688407 0.545934
vt 0.695168 0.545928
vt 0.114685 0.370026
vt 0.106252 0.370041
vt 0.106253 0.367288
vt 0.683360 0.537959
vt 0.673590 0.559034
vt 0.648670 0.560946
vt 0.670247 0.583603
vt 0.648845 0.539292
vt 0.648670 0.564712
vt 0.648670 0.581734
vt 0.670247 0.562849
vt 0.695168 0.545928
vt 0.715471 0.564884
vt 0.715471 0.547810
vt 0.649066 0.517525
vt 0.695205 0.566754
vt 0.649746 0.495881
vt 0.674604 0.498773
vt 0.683483 0.520245
vt 0.053389 0.389246
vt 0.055812 0.395457
vt 0.054125 0.394223
vt 0.065009 0.393839
vt 0.061115 0.395460
vt 0.065009 0.395464
vt 0.065009 0.394184
vt 0.042505 0.389253
vt 0.749254 0.563338
vt 0.054125 0.393838
vt 0.055811 0.394215
vt 0.749295 0.566442
vt 0.061098 0.394203
vt 0.736197 0.566436
vt 0.042505 0.391937
vt 0.051702 0.389247
vt 0.046399 0.389250
vt 0.736195 0.563368
vt 0.064281 0.353550
vt 0.732139 0.573626
vt 0.735572 0.577344
vt 0.731757 0.576907
vt 0.735952 0.574074
vt 0.751034 0.487853
vt 0.073611 0.356594
vt 0.737607 0.491134
vt 0.751069 0.491125
vt 0.737608 0.487842
vt 0.068160 0.357924
vt 0.073611 0.357927
vt 0.064281 0.358555
vt 0.111413 0.363298
vt 0.068175 0.356599
vt 0.075166 0.353551
vt 0.064281 0.356605
vt 0.107519 0.363292
vt 0.111413 0.364614
vt 0.107533 0.364617
vt 0.758839 0.576752
vt 0.749322 0.575638
vt 0.759020 0.575197
vt 0.753926 0.545208
vt 0.742716 0.542087
vt 0.742705 0.545191
vt 0.753937 0.542104
vt 0.756749 0.517167
vt 0.755792 0.528412
vt 0.742705 0.527298
vt 0.743663 0.516053
vt 0.717127 0.584907
vt 0.730643 0.574033
vt 0.717475 0.573626
vt 0.730295 0.585314
vt 0.752024 0.475575
vt 0.737607 0.485669
vt 0.751062 0.486820
vt 0.738569 0.474424
vt 0.761642 0.499155
vt 0.750419 0.495881
vt 0.750421 0.499153
vt 0.761640 0.495883
vt 0.742705 0.540712
vt 0.756581 0.529842
vt 0.743048 0.529431
vt 0.756238 0.541123
vt 0.066197 0.395808
vt 0.073738 0.395809
vt 0.067067 0.395808
vt 0.066197 0.391999
vt 0.677225 0.053233
vt 0.677225 0.149274
vt 0.712943 0.494247
vt 0.707385 0.494247
vt 0.707445 0.486787
vt 0.713005 0.486787
vt 0.710967 0.474424
vt 0.713348 0.480105
vt 0.759651 0.474424
vt 0.753212 0.479983
vt 0.759651 0.479983
vt 0.753212 0.474424
vt 0.713804 0.573177
vt 0.707644 0.573263
vt 0.708383 0.568114
vt 0.714542 0.568028
vt 0.758568 0.555035
vt 0.757771 0.561143
vt 0.712943 0.486638
vt 0.707385 0.482179
vt 0.707385 0.486638
vt 0.712943 0.482179
vt 0.746392 0.561447
vt 0.752571 0.561282
vt 0.753368 0.555174
vt 0.747188 0.555339
vt 0.707769 0.175719
vt 0.707768 0.266577
vt 0.013738 0.148435
vt 0.013738 0.013949
vt 0.507119 0.175719
vt 0.507118 0.313506
vt 0.781917 0.457085
vt 0.783392 0.496552
vt 0.800549 0.497951
vt 0.809556 0.462585
vt 0.799262 0.463544
vt 0.808207 0.496989
vt 0.826914 0.456158
vt 0.825365 0.495621
vt 0.948933 0.769706
vt 0.979136 0.721766
vt 0.979136 0.770023
vt 0.948933 0.721449
vt 0.648670 0.482960
vt 0.651239 0.476088
vt 0.690704 0.512766
vt 0.688407 0.505799
vt 0.703548 0.495881
vt 0.707831 0.511248
vt 0.746842 0.509297
vt 0.707355 0.481582
vt 0.704978 0.475892
vt 0.694053 0.494247
vt 0.687662 0.480138
vt 0.663475 0.493471
vt 0.668357 0.478284
vt 0.727193 0.510152
vt 0.744244 0.514889
vt 0.734132 0.496305
vt 0.775831 0.515646
vt 0.779041 0.510023
vt 0.801032 0.511205
vt 0.800654 0.542175
vt 0.807785 0.541129
vt 0.807357 0.512933
vt 0.827994 0.511702
vt 0.832757 0.514575
vt 0.948993 0.831653
vt 0.979136 0.792400
vt 0.948993 0.788295
vt 0.979136 0.831865
vt 0.978674 0.878673
vt 0.948530 0.878780
vt 0.948530 0.840323
vt 0.978674 0.840111
vt 0.107720 0.339219
vt 0.096835 0.339211
vt 0.107720 0.342509
vt 0.096836 0.342507
vt 0.096835 0.338081
vt 0.107777 0.338418
vt 0.108061 0.329131
vt 0.097118 0.328794
vt 0.112835 0.343087
vt 0.101793 0.345952
vt 0.101893 0.342751
vt 0.112735 0.346288
vt 0.054185 0.386508
vt 0.065132 0.386601
vt 0.054125 0.393415
vt 0.054335 0.378671
vt 0.065278 0.379007
vt 0.065067 0.385911
vt 0.112269 0.352245
vt 0.101384 0.349191
vt 0.112269 0.349190
vt 0.101384 0.352232
vt 0.053454 0.388633
vt 0.053452 0.378671
vt 0.042504 0.378673
vt 0.042507 0.388636
vt 0.102549 0.379774
vt 0.091549 0.379412
vt 0.102471 0.378671
vt 0.053389 0.393379
vt 0.053389 0.392745
vt 0.042504 0.392753
vt 0.042504 0.393380
vt 0.717127 0.555224
vt 0.734167 0.562589
vt 0.744163 0.555035
vt 0.717179 0.562706
vt -0.348292 -0.423136
vt 0.080998 0.341536
vt -0.348292 -0.423136
vt -0.348292 -0.423136
vt -0.348292 -0.423136
vt 0.042504 0.341671
vt 0.049902 0.341688
vt 0.046240 0.328794
vt 0.076627 0.329035
vt 0.073419 0.341582
vt 0.696114 0.516266
vt 0.695196 0.543449
vt 0.721103 0.517022
vt 0.699301 0.543568
vt 0.700219 0.516385
vt 0.720185 0.544205
vt 0.717427 0.516916
vt 0.716510 0.544100
vt 0.694366 0.516206
vt 0.693448 0.543389
vt 0.688407 0.543236
vt 0.689324 0.516053
vt 0.735425 0.231538
vt 0.728973 0.260916
vt 0.723774 0.271696
vt 0.731640 0.307051
vt 0.731640 0.307051
vt 0.237284 0.013949
vt 0.510079 0.013949
vt 0.731640 0.307051
vt 0.510079 0.148435
vt 0.725189 0.277673
vt 0.724901 0.277244
vt 0.724901 0.290593
vt 0.743399 0.229229
vt 0.743399 0.229229
vt 0.753277 0.256973
vt 0.753246 0.267435
vt 0.739614 0.306423
vt 0.739614 0.306423
vt 0.010777 0.313506
vt 0.749492 0.278679
vt 0.010778 0.175719
vt 0.749492 0.278679
vt 0.243057 0.313506
vt 0.749905 0.278539
vt 0.739614 0.306423
vt 0.747664 0.295485
vt 0.106490 0.358924
vt 0.106392 0.361403
vt 0.057882 0.362959
vt 0.042504 0.362218
vt 0.057979 0.360480
vt 0.042540 0.361311
vt 0.042504 0.371013
vt 0.042694 0.373487
vt 0.091628 0.370859
vt 0.109507 0.371931
vt 0.109438 0.371026
vt 0.091818 0.373334
vt 0.042504 0.374178
vt 0.042504 0.374691
vt 0.090917 0.373796
vt 0.106311 0.376266
vt 0.106311 0.373704
vt 0.090917 0.376359
vt 0.042504 0.377725
vt 0.042504 0.378428
vt 0.109240 0.378547
vt 0.091496 0.378414
vt 0.109240 0.376654
vt 0.091496 0.376521
vt 0.163934 0.329927
vt 0.160461 0.382966
vt 0.744579 0.383744
vt 0.604044 0.377537
vt 0.157449 0.447421
vt 0.748052 0.330705
vt 0.606934 0.333416
vt 0.160922 0.394382
vt 0.606412 0.440817
vt 0.771866 0.395007
vt 0.609302 0.396696
vt 0.768393 0.448046
vt 0.972535 0.180060
vt 0.972535 0.207578
vt 0.810052 0.226658
vt 0.972535 0.236973
vt 0.810052 0.236973
vt 0.810052 0.242396
vt 0.972535 0.242396
vt 0.810052 0.251280
vt 0.972535 0.251280
vt 0.972535 0.274348
vt 0.810052 0.274348
vt 0.972535 0.294993
vt 0.810052 0.318373
vt 0.718472 0.201663
vt 0.772424 0.032241
vt 0.772424 0.032241
vt 0.941650 0.207578
vt 0.972535 0.207578
vt 0.941650 0.213677
vt 0.972535 0.215437
vt 0.941650 0.207578
vt 0.972535 0.213677
vt 0.941650 0.214969
vt 0.810052 0.207578
vt 0.837081 0.207578
vt 0.810052 0.207578
vt 0.837081 0.200119
vt 0.837081 0.207578
vt 0.837081 0.213677
vt 0.837081 0.214969
vt 0.837081 0.200119
vt 0.810052 0.213677
vt 0.972535 0.227126
vt 0.810052 0.214969
vt 0.941650 0.214969
vt 0.837081 0.204965
vt 0.880450 0.204956
vt 0.837081 0.207578
vt 0.837081 0.200119
vt 0.837081 0.214969
vt 0.837081 0.204965
vt 0.941649 0.200119
vt 0.837081 0.213677
vt 0.941650 0.207578
vt 0.941650 0.213677
vt 0.941650 0.214969
vt 0.941649 0.204940
vt 0.928495 0.318373
vt 0.928495 0.336344
vt 0.852936 0.342543
vt 0.810052 0.294525
vt 0.972535 0.318373
vt 0.810052 0.304986
vt 0.928495 0.342543
vt 0.852702 0.336344
vt 0.972535 0.304986
vt 0.852936 0.318373
vt 0.928495 0.305869
vt 0.928495 0.336344
vt 0.928495 0.342543
vt 0.852685 0.304986
vt 0.928495 0.318373
vt 0.928495 0.336344
vt 0.852702 0.336344
vt 0.928495 0.305869
vt 0.852936 0.318373
vt 0.852702 0.336344
vt 0.852936 0.342543
vt 0.852685 0.304986
vt 0.869583 0.104249
vt 0.869583 0.104249
vt 0.843996 0.088955
vt 0.843996 0.088955
vt 0.799575 0.073855
vt 0.799575 0.073855
vt 0.786739 0.084911
vt 0.786739 0.084911
vt 0.783931 0.094367
vt 0.783931 0.094367
vt 0.785335 0.114371
vt 0.785335 0.114371
vt 0.778315 0.132556
vt 0.778315 0.132556
vt 0.768488 0.151105
vt 0.768488 0.151105
vt 0.756139 0.207782
vt 0.756139 0.207782
vt 0.719638 0.203781
vt 0.719638 0.203781
vt 0.894014 0.032793
vt 0.894014 0.032793
vt 0.869583 0.104249
vt 0.869583 0.104249
vt 0.756139 0.207782
vt 0.764760 0.192505
vt 0.764760 0.192505
vt 0.756139 0.207782
vt 0.894014 0.032793
vt 0.869583 0.104249
vt 0.894014 0.032793
vt 0.869583 0.104249
vt 0.869583 0.104249
vt 0.869583 0.104249
vt 0.799575 0.073855
vt 0.799575 0.073855
vt 0.786739 0.084911
vt 0.786739 0.084911
vt 0.783931 0.094367
vt 0.783931 0.094367
vt 0.785335 0.114371
vt 0.785335 0.114371
vt 0.778315 0.132556
vt 0.778315 0.132556
vt 0.756139 0.207782
vt 0.768488 0.151105
vt 0.768488 0.151105
vt 0.756139 0.207782
vt 0.764760 0.192505
vt 0.764760 0.192505
vt 0.719638 0.203781
vt 0.719638 0.203781
vt 0.756139 0.207782
vt 0.756139 0.207782
vt 0.894014 0.032793
vt 0.868290 0.032790
vt 0.861901 0.088045
vt 0.851254 0.091756
vt 0.854405 0.103560
vt 0.843996 0.088955
vt 0.868290 0.032790
vt 0.854405 0.103560
vt 0.851254 0.091756
vt 0.869583 0.104249
vt 0.861901 0.088045
vt 0.869583 0.104249
vt 0.894014 0.032793
vt 0.842830 0.086837
vt 0.843996 0.088955
vt 0.843996 0.088955
vt 0.854405 0.103560
vt 0.843996 0.088955
vt 0.854405 0.103560
vt 0.854405 0.103560
vt 0.854405 0.103560
vt 0.842830 0.086837
vt 0.843996 0.088955
vt 0.798409 0.071736
vt 0.799575 0.073855
vt 0.799575 0.073855
vt 0.785573 0.082792
vt 0.786739 0.084911
vt 0.786739 0.084911
vt 0.785573 0.082792
vt 0.783931 0.094367
vt 0.782765 0.092249
vt 0.782765 0.092249
vt 0.783931 0.094367
vt 0.785335 0.114371
vt 0.785335 0.114371
vt 0.778315 0.132556
vt 0.778315 0.132556
vt 0.768488 0.151105
vt 0.767322 0.148987
vt 0.768488 0.151105
vt 0.767322 0.148987
vt 0.764760 0.192505
vt 0.718472 0.201663
vt 0.756139 0.207782
vt 0.754973 0.205664
vt 0.719638 0.203781
vt 0.754973 0.205664
vt 0.756139 0.207782
vt 0.754973 0.205664
vt 0.719638 0.203781
vt 0.785335 0.114371
vt 0.756139 0.207782
vt 0.764760 0.192505
vt 0.754973 0.205664
vt 0.768488 0.151105
vt 0.786739 0.084911
vt 0.767322 0.148987
vt 0.778315 0.132556
vt 0.782765 0.092249
vt 0.783931 0.094367
vt 0.718472 0.201663
vt 0.756139 0.207782
vt 0.783931 0.094367
vt 0.785335 0.114371
vt 0.768488 0.151105
vt 0.756139 0.207782
vt 0.767322 0.148987
vt 0.778315 0.132556
vt 0.763594 0.190386
vt 0.754973 0.205664
vt 0.764760 0.192505
vt 0.782765 0.092249
vt 0.754973 0.205664
vt 0.756139 0.207782
vt 0.843996 0.088955
vt 0.763594 0.190386
vt 0.764760 0.192505
vt 0.843996 0.088955
vt 0.842830 0.086837
vt 0.718472 0.201663
vt 0.719638 0.203781
vt 0.718472 0.201663
vt 0.718472 0.201663
vt 0.719638 0.203781
vt 0.719638 0.203781
vt 0.719638 0.203781
vt 0.718472 0.201663
vt 0.941649 0.204940
vt 0.941649 0.204940
vt 0.897875 0.204950
vt 0.941649 0.200119
vt 0.968980 0.150215
vt 0.880450 0.204956
vt 0.837081 0.214969
vt 0.897875 0.204950
vt 0.810052 0.180060
vt 0.896954 0.150392
vt 0.880628 0.200119
vt 0.897787 0.200119
vt 0.897618 0.203752
vt 0.837081 0.204965
vt 0.967920 0.150382
vt 0.897132 0.150230
vt 0.880407 0.203763
vt 0.897787 0.200119
vt 0.880628 0.200119
vt 0.941649 0.200119
vt 0.916538 0.035946
vt 0.916445 0.036144
vt 0.953447 0.036134
vt 0.954000 0.035932
vt 0.916445 0.036144
vt 0.953447 0.036134
vt 0.954042 0.064551
vt 0.953489 0.064753
vt 0.954042 0.064551
vt 0.916580 0.064566
vt 0.916487 0.064763
vt 0.916487 0.064763
vt 0.967570 0.076300
vt 0.968547 0.076098
vt 0.902355 0.076112
vt 0.902192 0.076310
vt 0.902192 0.076310
vt 0.897132 0.150230
vt 0.892082 0.140340
vt 0.972865 0.140492
vt 0.967920 0.150382
vt 0.968980 0.150215
vt 0.892082 0.140340
vt 0.974074 0.140326
vt 0.896954 0.150392
vt 0.897132 0.150230
vt 0.891879 0.140502
vt 0.891879 0.140502
vt 0.967920 0.150382
vt 0.972865 0.140492
vt 0.956716 0.140494
vt 0.967570 0.076300
vt 0.954771 0.076302
vt 0.938542 0.140496
vt 0.912831 0.076308
vt 0.927510 0.076306
vt 0.907088 0.140500
vt 0.924795 0.140498
vt 0.953489 0.064753
vt 0.896954 0.150392
vt 0.941490 0.076304
vt 0.974074 0.140326
vt 0.968547 0.076098
vt 0.956169 0.076101
vt 0.957182 0.140329
vt 0.913949 0.076110
vt 0.968980 0.150215
vt 0.902355 0.076112
vt 0.916580 0.064566
vt 0.943121 0.076103
vt 0.908952 0.140337
vt 0.939707 0.140332
vt 0.928209 0.076107
vt 0.926659 0.140334
vt 0.956169 0.076101
vt 0.957182 0.140329
vt 0.956716 0.140494
vt 0.954771 0.076302
vt 0.941490 0.076304
vt 0.943121 0.076103
vt 0.954771 0.076302
vt 0.956169 0.076101
vt 0.939707 0.140332
vt 0.943121 0.076103
vt 0.938542 0.140496
vt 0.941490 0.076304
vt 0.928209 0.076107
vt 0.926659 0.140334
vt 0.924795 0.140498
vt 0.927510 0.076306
vt 0.928209 0.076107
vt 0.913949 0.076110
vt 0.927510 0.076306
vt 0.912831 0.076308
vt 0.908952 0.140337
vt 0.913949 0.076110
vt 0.907088 0.140500
vt 0.912831 0.076308
vt 0.057811 0.395464
vt 0.061012 0.394915
vt 0.057811 0.395021
vt 0.061012 0.395344
vt 0.054125 0.396029
vt 0.054143 0.395563
vt 0.060481 0.395615
vt 0.060463 0.396056
vt 0.065097 0.357798
vt 0.068298 0.357464
vt 0.065097 0.357355
vt 0.068298 0.357892
vt 0.088138 0.358380
vt 0.088121 0.357914
vt 0.094459 0.357870
vt 0.094475 0.358312
vt 0.079080 0.383476
vt 0.078427 0.382072
vt 0.075457 0.383431
vt 0.069155 0.384739
vt 0.075187 0.382379
vt 0.066197 0.378671
vt 0.088121 0.355429
vt 0.072174 0.378836
vt 0.091715 0.354972
vt 0.100374 0.349190
vt 0.091864 0.353896
vt 0.094455 0.350034
vt 0.098125 0.355555
vt 0.088610 0.353959
vt 0.113157 0.370723
vt 0.113140 0.370269
vt 0.106268 0.370753
vt 0.106252 0.370325
vt 0.107798 0.370268
vt 0.107814 0.370696
vt 0.056716 0.394863
vt 0.056716 0.394422
vt 0.057793 0.394425
vt 0.057793 0.394867
vt 0.068433 0.357892
vt 0.068433 0.357395
vt 0.075166 0.357159
vt 0.075166 0.357625
vt 0.093616 0.349432
vt 0.088159 0.349972
vt 0.093651 0.349885
vt 0.088121 0.349476
vt 0.101004 0.347556
vt 0.100352 0.346152
vt 0.097382 0.347511
vt 0.091079 0.348819
vt 0.088121 0.342751
vt 0.097111 0.346459
vt 0.066197 0.391349
vt 0.094098 0.342916
vt 0.069791 0.390892
vt 0.078450 0.385110
vt 0.069940 0.389816
vt 0.072531 0.385954
vt 0.066685 0.389879
vt 0.076201 0.391475
vt 0.073083 0.396636
vt 0.073101 0.396182
vt 0.066197 0.396551
vt 0.067759 0.396183
vt 0.067742 0.396612
vt 0.066214 0.396123
vt 0.059936 0.394867
vt 0.061012 0.394421
vt 0.059936 0.394425
vt 0.061012 0.394863
vt 0.079868 0.389232
vt 0.079868 0.388734
vt 0.086602 0.389001
vt 0.086602 0.389467
vt 0.066197 0.385892
vt 0.066215 0.385437
vt 0.071707 0.385300
vt 0.071687 0.385797
vt 0.366539 0.463923
vt 0.366539 0.450977
vt 0.601873 0.457182
vt 0.539301 0.463837
vt 0.539301 0.453333
vt 0.601873 0.464684
vt 0.592191 0.465814
vt 0.592191 0.473659
vt 0.420818 0.476097
vt 0.366539 0.476686
vt 0.420818 0.468252
vt 0.748217 0.512045
vt 0.366539 0.470945
vt 0.663060 0.525602
vt 0.663060 0.523438
vt 0.662077 0.481890
vt 0.748206 0.512762
vt 0.626413 -0.090454
vt 0.649224 -0.077284
vt 0.571699 -0.269448
vt 0.629419 -0.085236
vt 0.624848 -0.081582
vt 0.626026 -0.088006
vt 0.842756 -0.367743
vt 0.842756 -0.367743
vt 0.648270 -0.096325
vt 0.645515 -0.099257
vt 0.637818 -0.100129
vt 0.335012 -0.205067
vt 0.189595 -0.205067
vt 0.163982 -0.205067
vt 0.018565 -0.205067
vt 0.841997 -0.364675
vt 0.851629 -0.363211
vt 0.851627 -0.362535
vt 0.851613 -0.368890
vt 0.851612 -0.368214
vt 0.319281 -0.991258
vt 0.847033 -0.370160
vt 0.847033 -0.370160
vt 0.020387 -0.205069
vt 0.328342 -0.089559
vt 0.333530 -0.205069
vt 0.015199 -0.089559
vt 0.200293 -0.126267
vt 0.200293 -0.089559
vt 0.148436 -0.241778
vt 0.319231 -0.126267
vt 0.029498 -0.241778
vt 0.143248 -0.126267
vt 0.024310 -0.126267
vt 0.148436 -0.205069
vt 0.143248 -0.089559
vt 0.205481 -0.241778
vt 0.205481 -0.205069
vt 0.324419 -0.241778
vt 0.825375 -0.260316
vt 0.632257 -0.099149
vt 0.626413 -0.090454
vt 0.234626 -0.884603
vt 0.234626 -0.884603
vt 0.224795 -0.888176
vt 0.224808 -0.873597
vt 0.234639 -0.870024
vt 0.224808 -0.873597
vt 0.234639 -0.870024
vt 0.224795 -0.888176
vt 0.847096 -0.365779
vt 0.847096 -0.365779
vt 0.856007 -0.363058
vt 0.976812 -0.260630
vt 0.855992 -0.368737
vt 0.859668 -0.367031
vt 0.594672 -0.331733
vt 0.859684 -0.361352
vt 0.842231 -0.365761
vt 0.725195 -0.759981
vt 0.649224 -0.090454
vt 0.647369 -0.091769
vt 0.649610 -0.092164
vt 0.651900 -0.091999
vt 0.633723 -0.101337
vt 0.626026 -0.092164
vt 0.422321 -0.246342
vt 0.851612 -0.368214
vt 0.894072 -0.691973
vt 0.861508 -0.692551
vt 0.861508 -0.692551
vt 0.894072 -0.691973
vt 0.624848 -0.081582
vt 0.628267 -0.088401
vt 0.568014 -0.434525
vt 0.546183 -0.483394
vt 0.718294 -0.002796
vt 0.718294 -0.002796
vt 0.841277 -0.365062
vt 0.842231 -0.365761
vt 0.737331 -0.286653
vt 0.633314 -0.071494
vt 0.634501 -0.080972
vt 0.632257 -0.068590
vt 0.836550 -0.260285
vt 0.352586 -0.989606
vt 0.883580 -0.771671
vt 0.882031 -0.780089
vt 0.886513 -0.782629
vt 0.982684 -0.771671
vt 0.984234 -0.780089
vt 0.979751 -0.782629
vt 0.343670 -0.247632
vt 0.699706 -0.534459
vt 0.699706 -0.743779
vt 0.601707 -0.080306
vt 0.608358 -0.059836
vt 0.625771 -0.047185
vt 0.608358 -0.100775
vt 0.625771 -0.113426
vt 0.664707 -0.100775
vt 0.647294 -0.047185
vt 0.647294 -0.113426
vt 0.664707 -0.059836
vt 0.671358 -0.080306
vt 0.549290 -0.257850
vt 0.649224 -0.090454
vt 0.651900 -0.091999
vt 0.649610 -0.092164
vt 0.885383 -0.777897
vt 0.980881 -0.777897
vt 0.637818 -0.067609
vt 0.637818 -0.078111
vt 0.376910 -0.011125
vt 0.376910 -0.011125
vt 0.366259 -0.019988
vt 0.449833 -0.731739
vt 0.353450 -0.253559
vt 0.436648 -0.697877
vt 0.436648 -0.697877
vt 0.454605 -0.703412
vt 0.454605 -0.703412
vt 0.484312 -0.353342
vt 0.159134 -0.025684
vt 0.330164 -0.025684
vt 0.851627 -0.362535
vt 0.851629 -0.363211
vt 0.851629 -0.363211
vt 0.851627 -0.362535
vt 0.851613 -0.368890
vt 0.847096 -0.365779
vt 0.847096 -0.365779
vt 0.623736 -0.091999
vt 0.535687 -0.263416
vt 0.842230 -0.364476
vt 0.842383 -0.365695
vt 0.842382 -0.364082
vt 0.440154 -0.483773
vt 0.452045 -0.483773
vt 0.455551 -0.697877
vt 0.440154 -0.483773
vt 0.452045 -0.483773
vt 0.440253 -0.703412
vt 0.442915 -0.483203
vt 0.451943 -0.483203
vt 0.451943 -0.483203
vt 0.442915 -0.483203
vt 0.449623 -0.252351
vt 0.641913 -0.101337
vt 0.633723 -0.078833
vt 0.365288 -0.238214
vt 0.345890 -0.246163
vt 0.355219 -0.249178
vt 0.655135 -0.287633
vt 0.594213 -0.135116
vt 0.770085 -0.652127
vt 0.013717 -0.025684
vt 0.184746 -0.025684
vt 0.148258 -0.972497
vt 0.594595 -0.320458
vt 0.319870 -0.991921
vt 0.330983 -0.991905
vt 0.310254 -0.992503
vt 0.804647 -0.519154
vt 0.103711 -0.746311
vt 0.419914 -0.350626
vt 0.324829 -0.987106
vt 0.092074 -0.281549
vt 0.767973 -0.290059
vt 0.737331 -0.286653
vt 0.621805 -0.086693
vt 0.623736 -0.091999
vt 0.627448 -0.096072
vt 0.687293 -0.623345
vt 0.653831 -0.081046
vt 0.765810 -0.623346
vt 0.991977 -0.492549
vt 0.947570 -0.993935
vt 0.737330 -0.991492
vt 0.676454 -0.016910
vt 0.804647 -0.740789
vt 0.804647 -0.537451
vt 0.475194 -0.458424
vt 0.335012 -0.205067
vt 0.013717 -0.089539
vt 0.163982 -0.205067
vt 0.422221 -0.481939
vt 0.427311 -0.457211
vt 0.110384 -0.747123
vt 0.847033 -0.370160
vt 0.110375 -0.739657
vt 0.189595 -0.205106
vt 0.847034 -0.370994
vt 0.847097 -0.366613
vt 0.189595 -0.205067
vt 0.847034 -0.370994
vt 0.330164 -0.089539
vt 0.335012 -0.205106
vt 0.847033 -0.370160
vt 0.330164 -0.089578
vt 0.847097 -0.366613
vt 0.018565 -0.205067
vt 0.018565 -0.205106
vt 0.163982 -0.205106
vt 0.834570 -0.206244
vt 0.234639 -0.870024
vt 0.234639 -0.870024
vt 0.224795 -0.888176
vt 0.906401 -0.528303
vt 0.906401 -0.749938
vt 0.691751 -0.988932
vt 0.167157 -0.288612
vt 0.842819 -0.363362
vt 0.637057 -0.012706
vt 0.842819 -0.363362
vt 0.842231 -0.365761
vt 0.842230 -0.364476
vt 0.379290 -0.983172
vt 0.427128 -0.251654
vt 0.367284 -0.983159
vt 0.629419 -0.094934
vt 0.583977 -0.094508
vt 0.628267 -0.088401
vt 0.629419 -0.094934
vt 0.624848 -0.086156
vt 0.633314 -0.096245
vt 0.637818 -0.100129
vt 0.643379 -0.099149
vt 0.114731 -0.528065
vt 0.319870 -0.991921
vt 0.583977 -0.033217
vt 0.581887 -0.032188
vt 0.697417 -0.053219
vt 0.687436 -0.054979
vt 0.592754 -0.038284
vt 0.649224 -0.090454
vt 0.626413 -0.077284
vt 0.633314 -0.071494
vt 0.629419 -0.085236
vt 0.842756 -0.368438
vt 0.842756 -0.367743
vt 0.842819 -0.363362
vt 0.842756 -0.368438
vt 0.842756 -0.367743
vt 0.842819 -0.363362
vt 0.536481 -0.335833
vt 0.669939 -0.103050
vt 0.676454 -0.110814
vt 0.512887 -0.349406
vt 0.619560 -0.111933
vt 0.616094 -0.121457
vt 0.691752 -0.289211
vt 0.842819 -0.363362
vt 0.748332 -0.982136
vt 0.698600 -0.983556
vt 0.842819 -0.363362
vt 0.842756 -0.367743
vt 0.842819 -0.363362
vt 0.842819 -0.363362
vt 0.842753 -0.363575
vt 0.842756 -0.367743
vt 0.842754 -0.365659
vt 0.842231 -0.365761
vt 0.422321 -0.246342
vt 0.748333 -0.296009
vt 0.306356 -0.991286
vt 0.770739 -0.762789
vt 0.475335 -0.249916
vt 0.451791 -0.348627
vt 0.949865 -0.543660
vt 0.413444 -0.377067
vt 0.970177 -0.511283
vt 0.768076 -0.513691
vt 0.125405 -0.531311
vt 0.781735 -0.293876
vt 0.788787 -0.294781
vt 0.834570 -0.206244
vt 0.761612 -0.288613
vt 0.110384 -0.747123
vt 0.224808 -0.873597
vt 0.224808 -0.873597
vt 0.224795 -0.888176
vt 0.224808 -0.873597
vt 0.224808 -0.873597
vt 0.234639 -0.870024
vt 0.234626 -0.884603
vt 0.234626 -0.884603
vt 0.234639 -0.870024
vt 0.857891 -0.361132
vt 0.859684 -0.361352
vt 0.859668 -0.367031
vt 0.859684 -0.361352
vt 0.451710 -0.239610
vt 0.637818 -0.097039
vt 0.629353 -0.093958
vt 0.634501 -0.099198
vt 0.626413 -0.090454
vt 0.989682 -0.942825
vt 0.594213 -0.135116
vt 0.335012 -0.141197
vt 0.013717 -0.025669
vt 0.013717 -0.047002
vt 0.163982 -0.141197
vt 0.841437 -0.364899
vt 0.811184 -0.402049
vt 0.828474 -0.513692
vt 0.811184 -0.876097
vt 0.558037 -0.258005
vt 0.828473 -0.764454
vt 0.558037 -0.258005
vt 0.556581 -0.258257
vt 0.557231 -0.268240
vt 0.947571 -0.770940
vt 0.879335 -0.528303
vt 0.325655 -0.977313
vt 0.100373 -0.286584
vt 0.961335 -0.767734
vt 0.530750 -0.983199
vt 0.920988 -0.317703
vt 0.904929 -0.767734
vt 0.918693 -0.770940
vt 0.949866 -0.317703
vt 0.544675 -0.265658
vt 0.272108 -0.520026
vt 0.272108 -0.739659
vt 0.553419 -0.348796
vt 0.832432 -0.540609
vt 0.832432 -0.515996
vt 0.832432 -0.737631
vt 0.562169 -0.278038
vt 0.546357 -0.482230
vt 0.557231 -0.268240
vt 0.551380 -0.266982
vt 0.879334 -0.749938
vt 0.821463 -0.206290
vt 0.822930 -0.235696
vt 0.810213 -0.235758
vt 0.879316 -0.757502
vt 0.821463 -0.206290
vt 0.808107 -0.206361
vt 0.898121 -0.235833
vt 0.808107 -0.206361
vt 0.453967 -0.721144
vt 0.937366 -0.033907
vt 0.576382 -0.279608
vt 0.388396 -0.110210
vt 0.780184 -0.206540
vt 0.514350 -0.121614
vt 0.437488 -0.715118
vt 0.757740 -0.033907
vt 0.879385 -0.033571
vt 0.780184 -0.206540
vt 0.937366 -0.033907
vt 0.513933 -0.227788
vt 0.524832 -0.124578
vt 0.337133 -0.252177
vt 0.323158 -0.280501
vt 0.377488 -0.009643
vt 0.926884 -0.235989
vt 0.387976 -0.006754
vt 0.963829 -0.034024
vt 0.976812 -0.034040
vt 0.963829 -0.034024
vt 0.731277 -0.034024
vt 0.879385 -0.033571
vt 0.976812 -0.034040
vt 0.731277 -0.034024
vt 0.794384 -0.206447
vt 0.929672 -0.206626
vt 0.914922 -0.206540
vt 0.923643 -0.033821
vt 0.929672 -0.206626
vt 0.900722 -0.206447
vt 0.552894 -0.316975
vt 0.912056 -0.235913
vt 0.884893 -0.235758
vt 0.783050 -0.235913
vt 0.783050 -0.235913
vt 0.900722 -0.206447
vt 0.914922 -0.206540
vt 0.750126 -0.206697
vt 0.744384 -0.033978
vt 0.744384 -0.033978
vt 0.923643 -0.033821
vt 0.750126 -0.206697
vt 0.794384 -0.206447
vt 0.976812 -0.206759
vt 0.718294 -0.034040
vt 0.718294 -0.206759
vt 0.734346 -0.206743
vt 0.976812 -0.206759
vt 0.734346 -0.206743
vt 0.718294 -0.206759
vt 0.950722 -0.033978
vt 0.960760 -0.206743
vt 0.960760 -0.206743
vt 0.944980 -0.206697
vt 0.944980 -0.206697
vt 0.950722 -0.033978
vt 0.942715 -0.236051
vt 0.718294 -0.034040
vt 0.959474 -0.236091
vt 0.765434 -0.206626
vt 0.886999 -0.206361
vt 0.765434 -0.206626
vt 0.872176 -0.235696
vt 0.752391 -0.236051
vt 0.886999 -0.206361
vt 0.718294 -0.236105
vt 0.994150 -0.236091
vt 0.992865 -0.206743
vt 0.718294 -0.236105
vt 0.735632 -0.236091
vt 0.976812 -0.236105
vt 0.994150 -0.236091
vt 0.718294 -0.260630
vt 0.992865 -0.206743
vt 0.630121 -0.080912
vt 0.626026 -0.088006
vt 0.628267 -0.091769
vt 0.859785 -0.235656
vt 0.873643 -0.206290
vt 0.566023 -0.983185
vt 0.873643 -0.206290
vt 0.545348 -0.957348
vt 0.552112 -0.977403
vt 0.694580 -0.525224
vt 0.561434 -0.969452
vt 0.835321 -0.235656
vt 0.847553 -0.235642
vt 0.860536 -0.206244
vt 0.314842 -0.969383
vt 0.860536 -0.206244
vt 0.847553 -0.206228
vt 0.302872 -0.977331
vt 0.574683 -0.977367
vt 0.835321 -0.235656
vt 0.757740 -0.033907
vt 0.771463 -0.033821
vt 0.847553 -0.206228
vt 0.577915 -0.987122
vt 0.589674 -0.989621
vt 0.587040 -0.983161
vt 0.614557 -0.433437
vt 0.417595 -0.361742
vt 0.496535 -0.508668
vt 0.370709 -0.938995
vt 0.419163 -0.352196
vt 0.521759 -0.482446
vt 0.500766 -0.458119
vt 0.014943 -0.614208
vt 0.014943 -0.645377
vt 0.237628 -0.748126
vt 0.237629 -0.528493
vt 0.045103 -0.645378
vt 0.237629 -0.511558
vt 0.237628 -0.731191
vt 0.683479 -0.287368
vt 0.103268 -0.296140
vt 0.841222 -0.364975
vt 0.723539 -0.288933
vt 0.103268 -0.963447
vt 0.841221 -0.365404
vt 0.841437 -0.364899
vt 0.383516 -0.957366
vt 0.909443 -0.033728
vt 0.894693 -0.033642
vt 0.318508 -0.331437
vt 0.894693 -0.033642
vt 0.541935 -0.257365
vt 0.409480 -0.939037
vt 0.335472 -0.299513
vt 0.909443 -0.033728
vt 0.237689 -0.531315
vt 0.549290 -0.257850
vt 0.237689 -0.508735
vt 0.384490 -0.352152
vt 0.876580 -0.942825
vt 0.879599 -0.937464
vt 0.876580 -0.942825
vt 0.947571 -0.794270
vt 0.918693 -0.794270
vt 0.979751 -0.782629
vt 0.962539 -0.792103
vt 0.903725 -0.792103
vt 0.886513 -0.782629
vt 0.237689 -0.750948
vt 0.904473 -0.775387
vt 0.237689 -0.728369
vt 0.961791 -0.775387
vt 0.588878 -0.056242
vt 0.785663 -0.033728
vt 0.599449 -0.433401
vt 0.771463 -0.033821
vt 0.691843 -0.093717
vt 0.692227 -0.112376
vt 0.692227 -0.112376
vt 0.699794 -0.091586
vt 0.699794 -0.052978
vt 0.581887 -0.032188
vt 0.678006 -0.031723
vt 0.658845 -0.004178
vt 0.658845 -0.004178
vt 0.678006 -0.015240
vt 0.678006 -0.015240
vt 0.618030 -0.031781
vt 0.615268 -0.004178
vt 0.691843 -0.074397
vt 0.692227 -0.032188
vt 0.699794 -0.069461
vt 0.678006 -0.031723
vt 0.582270 -0.093717
vt 0.589905 -0.991902
vt 0.588878 -0.111873
vt 0.699794 -0.069461
vt 0.574320 -0.091586
vt 0.615268 -0.004178
vt 0.699794 -0.091586
vt 0.574320 -0.091586
vt 0.589674 -0.989621
vt 0.572366 -0.989611
vt 0.842819 -0.364057
vt 0.842819 -0.363362
vt 0.582270 -0.074397
vt 0.581887 -0.048671
vt 0.842819 -0.364057
vt 0.842819 -0.364057
vt 0.574320 -0.069461
vt 0.842819 -0.363362
vt 0.842819 -0.363362
vt 0.842756 -0.367743
vt 0.692227 -0.048671
vt 0.842819 -0.364057
vt 0.581887 -0.048671
vt 0.842756 -0.367743
vt 0.574320 -0.069461
vt 0.685235 -0.056242
vt 0.842819 -0.363362
vt 0.637057 -0.016819
vt 0.596108 -0.031723
vt 0.646217 -0.085236
vt 0.615268 -0.020661
vt 0.637057 -0.000336
vt 0.637057 -0.016819
vt 0.637057 -0.000336
vt 0.601297 -0.041441
vt 0.596108 -0.015240
vt 0.596108 -0.015240
vt 0.615268 -0.020661
vt 0.596108 -0.031723
vt 0.692227 -0.048671
vt 0.649610 -0.088006
vt 0.649610 -0.092164
vt 0.658845 -0.020661
vt 0.637057 -0.028426
vt 0.656084 -0.031781
vt 0.658845 -0.020661
vt 0.581887 -0.112376
vt 0.574320 -0.052978
vt 0.574320 -0.075102
vt 0.678006 -0.129324
vt 0.148259 -0.287092
vt 0.574320 -0.052978
vt 0.574320 -0.075102
vt 0.581887 -0.112376
vt 0.678006 -0.129324
vt 0.685235 -0.111873
vt 0.601297 -0.126673
vt 0.950992 -0.013566
vt 0.976812 -0.013622
vt 0.909948 -0.013338
vt 0.744114 -0.013566
vt 0.718294 -0.013622
vt 0.976812 -0.013622
vt 0.836550 -0.260285
vt 0.847553 -0.260274
vt 0.847553 -0.235642
vt 0.335093 -0.983134
vt 0.344259 -0.350506
vt 0.692227 -0.032188
vt 0.343436 -0.324155
vt 0.332277 -0.335028
vt 0.986664 -0.937465
vt 0.699794 -0.052978
vt 0.989682 -0.942825
vt 0.718294 -0.013622
vt 0.878875 -0.492549
vt 0.985965 -0.927410
vt 0.882593 -0.477134
vt 0.619520 -0.136290
vt 0.604098 -0.127386
vt 0.658845 -0.140386
vt 0.368691 -0.261990
vt 0.361627 -0.259449
vt 0.658845 -0.140386
vt 0.614260 -0.146690
vt 0.637057 -0.144228
vt 0.352613 -0.957313
vt 0.398071 -0.969477
vt 0.441109 -0.957395
vt 0.810213 -0.235758
vt 0.637057 -0.144228
vt 0.656084 -0.136333
vt 0.615268 -0.140386
vt 0.337819 -0.969393
vt 0.637057 -0.139688
vt 0.596108 -0.129324
vt 0.618030 -0.136333
vt 0.596108 -0.129324
vt 0.615268 -0.140386
vt 0.813829 -0.260363
vt 0.047892 -0.281528
vt 0.785663 -0.033728
vt 0.363380 -0.969433
vt 0.356012 -0.983148
vt 0.347429 -0.977328
vt 0.290039 -0.969409
vt 0.585046 -0.969409
vt 0.576788 -0.316548
vt 0.768222 -0.235989
vt 0.773976 -0.260541
vt 0.571375 -0.957296
vt 0.583083 -0.938890
vt 0.125324 -0.978130
vt 0.882738 -0.906424
vt 0.563621 -0.304017
vt 0.451943 -0.489931
vt 0.148194 -0.976335
vt 0.523936 -0.030283
vt 0.523855 -0.089872
vt 0.519716 -0.025146
vt 0.351192 -0.285278
vt 0.440154 -0.490315
vt 0.383523 -0.140497
vt 0.379325 -0.145770
vt 0.363139 -0.298957
vt 0.422172 -0.482031
vt 0.432481 -0.469358
vt 0.438476 -0.476529
vt 0.379406 -0.206925
vt 0.455551 -0.698541
vt 0.548257 -0.696091
vt 0.436648 -0.698541
vt 0.454605 -0.704095
vt 0.440890 -0.721144
vt 0.854576 -0.684220
vt 0.431761 -0.624346
vt 0.454711 -0.715118
vt 0.854576 -0.684220
vt 0.440253 -0.704095
vt 0.553334 -0.989479
vt 0.543872 -0.983199
vt 0.586015 -0.991886
vt 0.534835 -0.300941
vt 0.800412 -0.033642
vt 0.815721 -0.033571
vt 0.800412 -0.033642
vt 0.545170 -0.291033
vt 0.464189 -0.477162
vt 0.470290 -0.470424
vt 0.047634 -0.288681
vt 0.841277 -0.365062
vt 0.841997 -0.364675
vt 0.479542 -0.482804
vt 0.863605 -0.033525
vt 0.753984 -0.975767
vt 0.841437 -0.365449
vt 0.753985 -0.302378
vt 0.617190 -0.009342
vt 0.863605 -0.033525
vt 0.193711 -0.614210
vt 0.203646 -0.614210
vt 0.193711 -0.645379
vt 0.203646 -0.645379
vt 0.656923 -0.009342
vt 0.674393 -0.019428
vt 0.694260 -0.053837
vt 0.114730 -0.731616
vt 0.831287 -0.013153
vt 0.656084 -0.136333
vt 0.512423 -0.349541
vt 0.715713 -0.989347
vt 0.740266 -0.989337
vt 0.651694 -0.128322
vt 0.502138 -0.380198
vt 0.856007 -0.363058
vt 0.733542 -0.987739
vt 0.481152 -0.363829
vt 0.815721 -0.033571
vt 0.268958 -0.520026
vt 0.855992 -0.368737
vt 0.685235 -0.056242
vt 0.847553 -0.033509
vt 0.854167 -0.362857
vt 0.857891 -0.361132
vt 0.674119 -0.066710
vt 0.854167 -0.362857
vt 0.856007 -0.363058
vt 0.363742 -0.987181
vt 0.672816 -0.126673
vt 0.664566 -0.120891
vt 0.831501 -0.033525
vt 0.847553 -0.033509
vt 0.831501 -0.033525
vt 0.430837 -0.977400
vt 0.512519 -0.983194
vt 0.922633 -0.568261
vt 0.518116 -0.875229
vt 0.872084 -0.568197
vt 0.581887 -0.095892
vt 0.047633 -0.970905
vt 0.867726 -0.571540
vt 0.581887 -0.095892
vt 0.046837 -0.963447
vt 0.525360 -0.938996
vt 0.467528 -0.624641
vt 0.442915 -0.489931
vt 0.442915 -0.483071
vt 0.451943 -0.483071
vt 0.440154 -0.483645
vt 0.452045 -0.490315
vt 0.872084 -0.568197
vt 0.452045 -0.483645
vt 0.922633 -0.568261
vt 0.867726 -0.571540
vt 0.725224 -0.757470
vt 0.725224 -0.535835
vt 0.725224 -0.742403
vt 0.730073 -0.760756
vt 0.114731 -0.511983
vt 0.672816 -0.041441
vt 0.830495 -0.623346
vt 0.664566 -0.055325
vt 0.829679 -0.623346
vt 0.827711 -0.513692
vt 0.655134 -0.990510
vt 0.827711 -0.764454
vt 0.829679 -0.654799
vt 0.830495 -0.654799
vt 0.937750 -0.013501
vt 0.192613 -0.754043
vt 0.950992 -0.013566
vt 0.799239 -0.002477
vt 0.201890 -0.505546
vt 0.315227 -0.989622
vt 0.785158 -0.013338
vt 0.879767 -0.013195
vt 0.880325 -0.002420
vt 0.831287 -0.013153
vt 0.757356 -0.013501
vt 0.770997 -0.013422
vt 0.799932 -0.013260
vt 0.784438 -0.002547
vt 0.785158 -0.013338
vt 0.951368 -0.002747
vt 0.863819 -0.013153
vt 0.879767 -0.013195
vt 0.924769 -0.002620
vt 0.909948 -0.013338
vt 0.756819 -0.002690
vt 0.687360 -0.092966
vt 0.192614 -0.505546
vt 0.178664 -0.864678
vt 0.178664 -0.394911
vt 0.744114 -0.013566
vt 0.863819 -0.013153
vt 0.924109 -0.013422
vt 0.692227 -0.095892
vt 0.830973 -0.002383
vt 0.201890 -0.754044
vt 0.880325 -0.002420
vt 0.699794 -0.075102
vt 0.699794 -0.075102
vt 0.882812 -0.773480
vt 0.815339 -0.013195
vt 0.294666 -0.989621
vt 0.882031 -0.780089
vt 0.885383 -0.777897
vt 0.983452 -0.773480
vt 0.985747 -0.323205
vt 0.980881 -0.777897
vt 0.984234 -0.780089
vt 0.163982 -0.162479
vt 0.885107 -0.323204
vt 0.018565 -0.162479
vt 0.018565 -0.141197
vt 0.330164 -0.025669
vt 0.759760 -0.876096
vt 0.759761 -0.402048
vt 0.794535 -0.975767
vt 0.103704 -0.739657
vt 0.103711 -0.733003
vt 0.794536 -0.302378
vt 0.907178 -0.319248
vt 0.920988 -0.328595
vt 0.652303 -0.764452
vt 0.630262 -0.764452
vt 0.949866 -0.328595
vt 0.630262 -0.513690
vt 0.963676 -0.319248
vt 0.920987 -0.483709
vt 0.906815 -0.326805
vt 0.964038 -0.326805
vt 0.114730 -0.731616
vt 0.622486 -0.652126
vt 0.692795 -0.532148
vt 0.586753 -0.092966
vt 0.580444 -0.295103
vt 0.573104 -0.287400
vt 0.596108 -0.112841
vt 0.570009 -0.295147
vt 0.578500 -0.305289
vt 0.692795 -0.746090
vt 0.586753 -0.092966
vt 0.615268 -0.123903
vt 0.596108 -0.112841
vt 0.898536 -0.950763
vt 0.020387 -0.205069
vt 0.335624 -0.533686
vt 0.898380 -0.961559
vt 0.967727 -0.950763
vt 0.918692 -0.993935
vt 0.879599 -0.937464
vt 0.986664 -0.937465
vt 0.303776 -0.623384
vt 0.967882 -0.961559
vt 0.020387 -0.205087
vt 0.029498 -0.241795
vt 0.328342 -0.089559
vt 0.328342 -0.089541
vt 0.200293 -0.089541
vt 0.324419 -0.241795
vt 0.333530 -0.205087
vt 0.333530 -0.205069
vt 0.143248 -0.089541
vt 0.015199 -0.089541
vt 0.015199 -0.089559
vt 0.648188 -0.096072
vt 0.841997 -0.364675
vt 0.841997 -0.364342
vt 0.841222 -0.364975
vt 0.692227 -0.095892
vt 0.651900 -0.091999
vt 0.648270 -0.096325
vt 0.651900 -0.075739
vt 0.637818 -0.102059
vt 0.637818 -0.100129
vt 0.623736 -0.075739
vt 0.627366 -0.071413
vt 0.633314 -0.071494
vt 0.621805 -0.081046
vt 0.626026 -0.088006
vt 0.623736 -0.075739
vt 0.556524 -0.938933
vt 0.535994 -0.875185
vt 0.637818 -0.100129
vt 0.643379 -0.099149
vt 0.661189 -0.876096
vt 0.641913 -0.101337
vt 0.661189 -0.402047
vt 0.341693 -0.938932
vt 0.113066 -0.979657
vt 0.902932 -0.749938
vt 0.902932 -0.528303
vt 0.841277 -0.365062
vt 0.327670 -0.957271
vt 0.841437 -0.365449
vt 0.770628 -0.761808
vt 0.615268 -0.123903
vt 0.658845 -0.123903
vt 0.637057 -0.127745
vt 0.586753 -0.034881
vt 0.678006 -0.112841
vt 0.687436 -0.054979
vt 0.579854 -0.053837
vt 0.579854 -0.053837
vt 0.658845 -0.123903
vt 0.617190 -0.009342
vt 0.637057 -0.012706
vt 0.637057 -0.005839
vt 0.637057 -0.122008
vt 0.656923 -0.118506
vt 0.669939 -0.103050
vt 0.694260 -0.053837
vt 0.687360 -0.034881
vt 0.674393 -0.108419
vt 0.619560 -0.111933
vt 0.592754 -0.038284
vt 0.678006 -0.112841
vt 0.687360 -0.092966
vt 0.637057 -0.127745
vt 0.617190 -0.118506
vt 0.592754 -0.038284
vt 0.586753 -0.034881
vt 0.617190 -0.118506
vt 0.841997 -0.364675
vt 0.160864 -0.287715
vt 0.142906 -0.977089
vt 0.132315 -0.281976
vt 0.167156 -0.970977
vt 0.047756 -0.283312
vt 0.066737 -0.287587
vt 0.160863 -0.971874
vt 0.072433 -0.282009
vt 0.066902 -0.279970
vt 0.846740 -0.365822
vt 0.846740 -0.365822
vt 0.846740 -0.365822
vt 0.846740 -0.365822
vt 0.366972 -0.017816
vt 0.367702 -0.056204
vt 0.378053 -0.082707
vt 0.449398 -0.737052
vt 0.924769 -0.002620
vt 0.964161 -0.002784
vt 0.938287 -0.002690
vt 0.963968 -0.013608
vt 0.658020 -0.006267
vt 0.976812 -0.002796
vt 0.924109 -0.013422
vt 0.697417 -0.053219
vt 0.524361 -0.260112
vt 0.532999 -0.254666
vt 0.507775 -0.250028
vt 0.534923 -0.172364
vt 0.524270 -0.199562
vt 0.535649 -0.132967
vt 0.443506 -0.730585
vt 0.743738 -0.002747
vt 0.757356 -0.013501
vt 0.864133 -0.002383
vt 0.731138 -0.013608
vt 0.937750 -0.013501
vt 0.951368 -0.002747
vt 0.731138 -0.013608
vt 0.756819 -0.002690
vt 0.910668 -0.002547
vt 0.690137 -0.094508
vt 0.847553 -0.013139
vt 0.814781 -0.002420
vt 0.864133 -0.002383
vt 0.770337 -0.002620
vt 0.784438 -0.002547
vt 0.743738 -0.002747
vt 0.879316 -0.520739
vt 0.730945 -0.002784
vt 0.895174 -0.013260
vt 0.963968 -0.013608
vt 0.063808 -0.977195
vt 0.799583 -0.876097
vt 0.895174 -0.013260
vt 0.382269 -0.244619
vt 0.365288 -0.238214
vt 0.730945 -0.002784
vt 0.964161 -0.002784
vt 0.592754 -0.038284
vt 0.576696 -0.053219
vt 0.066736 -0.972000
vt 0.658020 -0.121457
vt 0.690137 -0.033217
vt 0.799932 -0.013260
vt 0.494503 -0.301114
vt 0.616094 -0.006267
vt 0.770997 -0.013422
vt 0.451512 -0.232800
vt 0.814781 -0.002420
vt 0.815339 -0.013195
vt 0.938287 -0.002690
vt 0.378309 -0.256712
vt 0.616094 -0.121457
vt 0.895867 -0.002477
vt 0.976812 -0.002796
vt 0.583977 -0.094508
vt 0.047891 -0.978058
vt 0.799584 -0.402049
vt 0.847553 -0.002371
vt 0.655058 -0.623345
vt 0.847553 -0.013139
vt 0.047755 -0.976275
vt 0.451512 -0.232800
vt 0.448268 -0.232503
vt 0.637057 -0.125153
vt 0.368679 -0.252481
vt 0.847553 -0.002371
vt 0.418311 -0.241164
vt 0.879316 -0.742374
vt 0.799239 -0.002477
vt 0.618211 -0.623344
vt 0.616094 -0.006267
vt 0.879316 -0.535867
vt 0.576696 -0.053219
vt 0.448268 -0.232503
vt 0.830973 -0.002383
vt 0.895867 -0.002477
vt 0.583977 -0.033217
vt 0.770337 -0.002620
vt 0.690137 -0.094508
vt 0.910668 -0.002547
vt 0.652303 -0.513690
vt 0.474520 -0.295273
vt 0.637057 -0.002571
vt 0.846677 -0.370203
vt 0.484785 -0.353499
vt 0.684504 -0.992434
vt 0.846677 -0.370203
vt 0.473161 -0.351776
vt 0.715713 -0.989347
vt 0.704189 -0.992669
vt 0.487595 -0.658891
vt 0.509292 -0.696385
vt 0.530935 -0.737745
vt 0.334655 -0.991289
vt 0.342959 -0.987170
vt 0.872176 -0.235696
vt 0.869731 -0.260316
vt 0.906577 -0.260483
vt 0.347330 -0.989616
vt 0.884893 -0.235758
vt 0.912056 -0.235913
vt 0.881277 -0.260363
vt 0.869731 -0.260316
vt 0.893445 -0.260421
vt 0.858556 -0.260285
vt 0.845638 -0.366767
vt 0.674300 -0.652126
vt 0.060525 -0.394910
vt 0.845638 -0.366766
vt 0.268958 -0.739659
vt 0.046838 -0.296140
vt 0.893445 -0.260421
vt 0.614260 -0.146690
vt 0.498078 -0.249675
vt 0.515450 -0.287867
vt 0.898121 -0.235833
vt 0.509364 -0.260114
vt 0.881277 -0.260363
vt 0.646284 -0.073780
vt 0.619520 -0.136290
vt 0.649224 -0.090454
vt 0.604098 -0.127386
vt 0.947570 -0.966161
vt 0.947571 -0.941344
vt 0.813829 -0.260363
vt 0.825375 -0.260316
vt 0.859785 -0.235656
vt 0.399343 -0.252107
vt 0.379076 -0.284948
vt 0.858556 -0.260285
vt 0.966097 -0.926172
vt 0.847553 -0.260274
vt 0.378985 -0.266183
vt 0.557636 -0.989606
vt 0.573554 -0.991255
vt 0.900166 -0.926172
vt 0.586678 -0.072745
vt 0.579854 -0.074010
vt 0.586678 -0.072745
vt 0.268985 -0.524730
vt 0.268985 -0.515321
vt 0.576696 -0.074505
vt 0.268985 -0.744363
vt 0.268985 -0.734954
vt 0.586678 -0.054979
vt 0.918692 -0.941344
vt 0.937628 -0.260589
vt 0.921130 -0.260541
vt 0.654553 -0.015791
vt 0.637057 -0.012706
vt 0.586678 -0.054979
vt 0.918692 -0.966161
vt 0.822930 -0.235696
vt 0.942715 -0.236051
vt 0.637057 -0.005839
vt 0.637057 -0.002571
vt 0.637057 -0.012706
vt 0.654553 -0.015791
vt 0.597659 -0.110814
vt 0.604174 -0.024675
vt 0.676454 -0.016910
vt 0.314379 -0.353478
vt 0.326930 -0.364155
vt 0.921130 -0.260541
vt 0.788529 -0.260483
vt 0.619560 -0.015791
vt 0.335012 -0.162479
vt 0.082038 -0.980167
vt 0.592754 -0.089440
vt 0.314820 -0.378893
vt 0.189595 -0.162479
vt 0.604174 -0.103050
vt 0.599720 -0.108419
vt 0.592754 -0.089440
vt 0.906577 -0.260483
vt 0.681360 -0.038284
vt 0.619560 -0.015791
vt 0.118753 -0.977929
vt 0.599720 -0.019428
vt 0.189595 -0.141197
vt 0.681360 -0.038284
vt 0.604174 -0.024675
vt 0.092073 -0.978038
vt 0.559383 -0.987189
vt 0.604174 -0.103050
vt 0.669939 -0.024675
vt 0.597659 -0.016910
vt 0.796985 -0.235833
vt 0.926884 -0.235989
vt 0.100372 -0.973004
vt 0.669939 -0.024675
vt 0.976812 -0.260630
vt 0.801661 -0.260421
vt 0.956376 -0.260620
vt 0.674393 -0.019428
vt 0.738730 -0.260620
vt 0.846740 -0.365822
vt 0.976812 -0.236105
vt 0.735632 -0.236091
vt 0.718294 -0.260630
vt 0.847096 -0.365779
vt 0.847033 -0.370160
vt 0.956376 -0.260620
vt 0.687436 -0.072745
vt 0.694260 -0.074010
vt 0.302247 -0.957266
vt 0.658020 -0.006267
vt 0.959474 -0.236091
vt 0.669939 -0.024675
vt 0.697417 -0.074505
vt 0.669939 -0.024675
vt 0.687436 -0.072745
vt 0.654553 -0.015791
vt 0.681360 -0.089440
vt 0.937628 -0.260589
vt 0.681360 -0.089440
vt 0.288075 -0.938890
vt 0.846740 -0.365822
vt 0.656923 -0.009342
vt 0.654553 -0.015791
vt 0.699704 -0.532920
vt 0.699704 -0.754555
vt 0.699704 -0.745318
vt 0.846740 -0.365822
vt 0.692780 -0.528301
vt 0.692780 -0.749936
vt 0.708832 -0.749936
vt 0.847096 -0.365779
vt 0.847033 -0.370160
vt 0.687436 -0.072745
vt 0.599720 -0.019428
vt 0.637057 -0.115018
vt 0.687360 -0.034881
vt 0.801661 -0.260421
vt 0.597659 -0.016910
vt 0.669939 -0.103050
vt 0.604174 -0.024675
vt 0.687436 -0.072745
vt 0.674393 -0.108419
vt 0.592754 -0.089440
vt 0.597659 -0.110814
vt 0.592754 -0.089440
vt 0.788529 -0.260483
vt 0.687436 -0.054979
vt 0.604174 -0.024675
vt 0.654553 -0.111933
vt 0.681360 -0.038284
vt 0.681360 -0.089440
vt 0.690137 -0.033217
vt 0.694260 -0.074010
vt 0.658020 -0.121457
vt 0.604174 -0.103050
vt 0.604174 -0.103050
vt 0.637057 -0.115018
vt 0.846740 -0.365822
vt 0.637057 -0.115018
vt 0.654553 -0.111933
vt 0.796985 -0.235833
vt 0.681360 -0.089440
vt 0.654553 -0.111933
vt 0.697417 -0.074505
vt 0.676454 -0.110814
vt 0.411781 -0.658275
vt 0.637057 -0.115018
vt 0.654553 -0.111933
vt 0.637057 -0.125153
vt 0.681360 -0.038284
vt 0.656923 -0.118506
vt 0.619560 -0.111933
vt 0.619560 -0.111933
vt 0.619560 -0.015791
vt 0.637057 -0.122008
vt 0.687436 -0.054979
vt 0.599720 -0.108419
vt 0.619560 -0.015791
vt 0.669939 -0.103050
vt 0.730073 -0.739117
vt 0.586678 -0.054979
vt 0.768222 -0.235989
vt 0.741999 -0.738547
vt 0.738730 -0.260620
vt 0.741999 -0.516912
vt 0.741999 -0.539692
vt 0.730073 -0.517482
vt 0.579854 -0.074010
vt 0.773976 -0.260541
vt 0.654845 -0.983292
vt 0.730073 -0.539121
vt 0.586678 -0.072745
vt 0.752391 -0.236051
vt 0.586678 -0.054979
vt 0.757478 -0.260589
vt 0.576696 -0.074505
vt 0.586678 -0.072745
vt 0.757478 -0.260589
vt 0.572129 -0.349294
vt 0.569373 -0.362394
vt 0.150877 -0.520024
vt 0.669798 -0.294553
vt 0.181171 -0.510959
vt 0.569663 -0.336013
vt 0.181171 -0.748723
vt 0.181171 -0.529090
vt 0.181148 -0.520025
vt 0.583262 -0.351455
vt 0.181148 -0.739658
vt 0.181171 -0.730592
vt 0.150877 -0.739658
vt 0.521657 -0.482166
vt 0.167992 -0.963448
vt 0.846677 -0.370203
vt 0.186563 -0.394911
vt 0.847033 -0.370160
vt 0.500658 -0.413404
vt 0.186562 -0.864678
vt 0.174726 -0.963448
vt 0.637057 -0.130903
vt 0.025697 -0.754042
vt 0.500570 -0.458349
vt 0.637057 -0.139688
vt 0.475152 -0.457780
vt 0.174727 -0.296141
vt 0.167993 -0.296141
vt 0.651694 -0.128322
vt 0.036549 -0.864677
vt 0.847096 -0.365779
vt 0.594911 -0.095539
vt 0.582270 -0.093717
vt 0.599994 -0.109506
vt 0.847097 -0.366613
vt 0.847096 -0.365779
vt 0.847096 -0.365779
vt 0.846741 -0.366818
vt 0.847097 -0.366613
vt 0.847096 -0.365779
vt 0.847096 -0.365779
vt 0.846741 -0.366817
vt 0.742046 -0.536845
vt 0.742062 -0.528302
vt 0.730122 -0.528302
vt 0.742046 -0.519759
vt 0.742046 -0.741394
vt 0.742062 -0.749937
vt 0.847033 -0.370160
vt 0.846677 -0.370203
vt 0.730121 -0.749937
vt 0.742046 -0.758479
vt 0.594911 -0.080676
vt 0.588878 -0.056242
vt 0.637057 -0.130903
vt 0.730110 -0.520187
vt 0.618030 -0.136333
vt 0.114719 -0.739657
vt 0.391794 -0.912353
vt 0.601297 -0.126673
vt 0.125349 -0.739657
vt 0.708828 -0.522580
vt 0.609548 -0.120891
vt 0.622420 -0.128322
vt 0.699706 -0.522144
vt 0.622420 -0.128322
vt 0.416342 -0.875307
vt 0.708833 -0.528302
vt 0.920987 -0.543659
vt 0.708828 -0.522580
vt 0.847096 -0.365779
vt 0.599994 -0.066710
vt 0.892444 -0.534295
vt 0.121239 -0.280557
vt 0.672816 -0.041441
vt 0.440253 -0.703412
vt 0.609548 -0.120891
vt 0.622420 -0.047893
vt 0.892458 -0.528303
vt 0.892402 -0.757928
vt 0.892402 -0.536293
vt 0.892402 -0.520314
vt 0.892402 -0.741949
vt 0.599994 -0.109506
vt 0.892444 -0.522311
vt 0.916555 -0.683773
vt 0.916555 -0.683773
vt 0.900205 -0.746053
vt 0.900205 -0.532189
vt 0.651694 -0.047893
vt 0.113067 -0.279931
vt 0.391876 -0.417263
vt 0.618030 -0.031781
vt 0.900675 -0.511283
vt 0.900205 -0.524418
vt 0.664566 -0.055325
vt 0.427782 -0.456365
vt 0.892444 -0.755930
vt 0.900205 -0.753823
vt 0.454711 -0.714225
vt 0.588878 -0.111873
vt 0.672816 -0.126673
vt 0.892444 -0.743946
vt 0.453967 -0.720226
vt 0.440891 -0.720226
vt 0.892458 -0.749938
vt 0.400414 -0.457620
vt 0.674119 -0.109506
vt 0.609548 -0.055325
vt 0.939885 -0.675579
vt 0.437488 -0.714225
vt 0.455551 -0.697877
vt 0.852125 -0.675911
vt 0.852125 -0.675911
vt 0.664566 -0.120891
vt 0.939885 -0.675579
vt 0.679203 -0.080676
vt 0.674119 -0.066710
vt 0.920987 -0.519830
vt 0.237608 -0.739659
vt 0.885033 -0.456148
vt 0.142907 -0.282500
vt 0.679203 -0.095539
vt 0.516306 -0.245411
vt 0.679203 -0.080676
vt 0.474182 -0.244706
vt 0.691843 -0.093717
vt 0.503203 -0.237382
vt 0.531800 -0.242130
vt 0.582270 -0.074397
vt 0.884325 -0.329813
vt 0.691843 -0.074397
vt 0.679203 -0.095539
vt 0.237608 -0.520025
vt 0.637057 -0.028426
vt 0.637057 -0.045312
vt 0.903410 -0.452806
vt 0.651694 -0.047893
vt 0.526131 -0.367794
vt 0.685235 -0.111873
vt 0.570084 -0.361734
vt 0.622420 -0.047893
vt 0.674119 -0.109506
vt 0.594911 -0.095539
vt 0.594911 -0.080676
vt 0.637057 -0.045312
vt 0.656084 -0.031781
vt 0.224985 -0.520025
vt 0.224985 -0.739658
vt 0.452713 -0.275771
vt 0.259617 -0.512108
vt 0.565089 -0.658327
vt 0.430654 -0.318591
vt 0.647369 -0.091769
vt 0.259617 -0.527943
vt 0.581843 -0.623698
vt 0.287274 -0.737113
vt 0.426530 -0.276953
vt 0.259579 -0.514087
vt 0.266533 -0.523876
vt 0.259579 -0.525963
vt 0.259567 -0.520025
vt 0.552996 -0.376444
vt 0.601297 -0.041441
vt 0.553738 -0.348315
vt 0.599994 -0.066710
vt 0.304663 -0.736863
vt 0.609548 -0.055325
vt 0.401825 -0.297108
vt 0.266533 -0.516175
vt 0.286835 -0.623698
vt 0.644052 -0.097514
vt 0.266533 -0.743509
vt 0.259579 -0.745597
vt 0.259579 -0.733721
vt 0.259616 -0.731741
vt 0.634501 -0.099198
vt 0.259616 -0.747576
vt 0.637818 -0.099783
vt 0.633314 -0.096245
vt 0.646284 -0.093958
vt 0.259567 -0.739659
vt 0.615691 -0.623100
vt 0.266533 -0.735809
vt 0.697341 -0.876096
vt 0.900940 -0.909579
vt 0.653952 -0.975766
vt 0.981007 -0.918551
vt 0.425331 -0.737666
vt 0.694764 -0.513691
vt 0.568332 -0.377215
vt 0.036549 -0.394910
vt 0.642423 -0.402047
vt 0.653953 -0.302377
vt 0.583220 -0.412807
vt 0.733543 -0.290406
vt 0.642423 -0.876095
vt 0.981007 -0.918551
vt 0.740267 -0.288807
vt 0.669951 -0.975766
vt 0.025697 -0.505544
vt 0.700771 -0.975766
vt 0.319607 -0.561589
vt 0.712514 -0.402048
vt 0.885256 -0.918551
vt 0.045103 -0.614209
vt 0.567787 -0.434132
vt 0.885256 -0.918551
vt 0.598783 -0.623384
vt 0.470993 -0.737927
vt 0.880298 -0.927410
vt 0.320683 -0.623100
vt 0.552822 -0.377347
vt 0.723539 -0.288933
vt 0.053858 -0.505544
vt 0.979526 -0.911824
vt 0.965323 -0.909580
vt 0.886737 -0.911823
vt 0.669952 -0.302377
vt 0.832432 -0.762244
vt 0.886737 -0.911823
vt 0.979526 -0.911824
vt 0.449312 -0.658708
vt 0.983525 -0.906424
vt 0.804647 -0.759085
vt 0.623736 -0.091999
vt 0.447843 -0.737821
vt 0.358182 -0.912288
vt 0.644052 -0.082656
vt 0.630121 -0.099257
vt 0.648270 -0.071413
vt 0.627366 -0.096325
vt 0.645515 -0.099257
vt 0.648188 -0.084098
vt 0.651900 -0.075739
vt 0.648270 -0.096325
vt 0.643379 -0.068590
vt 0.643379 -0.099149
vt 0.648270 -0.071413
vt 0.645515 -0.080912
vt 0.627448 -0.096072
vt 0.623736 -0.091999
vt 0.988259 -0.477135
vt 0.621805 -0.086693
vt 0.648270 -0.096325
vt 0.390657 -0.695561
vt 0.370130 -0.736914
vt 0.985820 -0.456149
vt 0.986528 -0.329814
vt 0.651900 -0.091999
vt 0.648188 -0.096072
vt 0.626413 -0.090454
vt 0.627366 -0.096325
vt 0.632257 -0.099149
vt 0.632257 -0.068590
vt 0.512575 -0.335098
vt 0.492800 -0.335457
vt 0.345777 -0.875169
vt 0.350178 -0.783965
vt 0.627366 -0.096325
vt 0.334812 -0.434576
vt 0.513452 -0.319165
vt 0.630121 -0.099257
vt 0.632257 -0.099149
vt 0.536407 -0.335494
vt 0.337757 -0.736593
vt 0.329519 -0.378972
vt 0.319550 -0.433437
vt 0.627366 -0.071413
vt 0.633723 -0.078833
vt 0.632257 -0.068590
vt 0.637818 -0.067609
vt 0.630121 -0.080912
vt 0.649224 -0.090454
vt 0.653831 -0.086693
vt 0.653831 -0.081046
vt 0.637818 -0.100129
vt 0.653831 -0.086693
vt 0.632257 -0.099149
vt 0.629353 -0.093958
vt 0.632257 -0.099149
vt 0.637818 -0.100129
vt 0.637818 -0.102059
vt 0.621805 -0.086693
vt 0.653831 -0.081046
vt 0.653831 -0.086693
vt 0.649224 -0.090454
vt 0.653831 -0.081046
vt 0.653831 -0.086693
vt 0.464039 -0.508426
vt 0.330164 -0.046951
vt 0.363171 -0.831467
vt 0.712513 -0.876096
vt 0.013717 -0.047002
vt 0.377259 -0.875257
vt 0.713323 -0.763991
vt 0.159134 -0.047002
vt 0.627366 -0.071413
vt 0.159134 -0.068295
vt 0.184746 -0.047002
vt 0.184746 -0.068295
vt 0.330164 -0.068295
vt 0.694886 -0.764377
vt 0.710653 -0.652126
vt 0.383650 -0.784210
vt 0.330164 -0.047002
vt 0.649610 -0.088006
vt 0.184746 -0.089578
vt 0.630121 -0.080912
vt 0.398103 -0.831557
vt 0.451383 -0.476823
vt 0.641913 -0.078833
vt 0.637818 -0.067609
vt 0.436400 -0.508147
vt 0.450292 -0.508264
vt 0.330164 -0.068295
vt 0.643379 -0.068590
vt 0.330164 -0.047002
vt 0.623736 -0.075739
vt 0.330164 -0.089578
vt 0.013717 -0.089578
vt 0.013717 -0.068295
vt 0.362681 -0.363869
vt 0.713706 -0.302378
vt 0.700772 -0.302377
vt 0.114720 -0.520024
vt 0.301995 -0.912182
vt 0.648188 -0.084098
vt 0.477096 -0.912358
vt 0.104274 -0.753523
vt 0.716453 -0.285637
vt 0.125363 -0.731192
vt 0.449072 -0.535631
vt 0.693401 -0.285505
vt 0.443987 -0.912369
vt 0.150952 -0.751421
vt 0.087359 -0.864677
vt 0.013717 -0.089578
vt 0.150953 -0.508261
vt 0.125363 -0.528490
vt 0.480228 -0.939038
vt 0.114763 -0.750379
vt 0.013717 -0.068295
vt 0.013717 -0.046951
vt 0.653831 -0.081046
vt 0.150952 -0.727894
vt 0.683479 -0.287368
vt 0.807327 -0.402049
vt 0.787934 -0.302378
vt 0.786231 -0.296020
vt 0.765390 -0.290415
vt 0.807327 -0.876097
vt 0.786230 -0.982125
vt 0.780061 -0.981974
vt 0.315939 -0.938890
vt 0.765389 -0.987730
vt 0.125363 -0.511559
vt 0.649610 -0.088006
vt 0.125349 -0.520024
vt 0.814849 -0.513692
vt 0.787933 -0.975767
vt 0.949865 -0.511622
vt 0.949865 -0.483709
vt 0.674593 -0.989028
vt 0.669797 -0.983590
vt 0.345631 -0.379459
vt 0.683478 -0.990775
vt 0.654981 -0.988711
vt 0.697341 -0.402048
vt 0.159134 -0.089578
vt 0.114763 -0.509302
vt 0.103442 -0.505545
vt 0.967442 -0.452806
vt 0.114763 -0.728936
vt 0.330404 -0.912216
vt 0.078259 -0.963447
vt 0.078260 -0.296140
vt 0.087359 -0.394910
vt 0.698601 -0.294588
vt 0.501792 -0.912335
vt 0.369566 -0.400413
vt 0.449724 -0.592932
vt 0.125363 -0.748123
vt 0.814848 -0.764454
vt 0.388472 -0.380131
vt 0.780062 -0.296171
vt 0.565072 -0.534491
vt 0.317406 -0.875103
vt 0.102741 -0.394910
vt 0.102741 -0.864677
vt 0.225007 -0.511049
vt 0.206031 -0.730512
vt 0.655135 -0.287633
vt 0.206103 -0.532220
vt 0.626026 -0.092164
vt 0.150245 -0.505545
vt 0.853692 -0.516225
vt 0.152868 -0.752403
vt 0.853692 -0.540381
vt 0.815903 -0.623346
vt 0.206102 -0.727463
vt 0.557120 -0.282771
vt 0.367744 -0.272665
vt 0.353891 -0.274046
vt 0.867896 -0.519758
vt 0.225007 -0.748635
vt 0.345539 -0.270699
vt 0.867896 -0.536848
vt 0.654982 -0.289432
vt 0.626026 -0.088006
vt 0.542425 -0.281975
vt 0.825643 -0.654799
vt 0.823943 -0.764454
vt 0.148334 -0.645379
vt 0.867829 -0.539696
vt 0.537982 -0.271142
vt 0.225007 -0.529002
vt 0.825643 -0.623346
vt 0.529532 -0.278061
vt 0.823943 -0.513692
vt 0.225007 -0.730682
vt 0.654846 -0.294851
vt 0.867829 -0.516910
vt 0.173810 -0.614210
vt 0.357297 -0.266428
vt 0.667547 -0.289182
vt 0.206031 -0.748805
vt 0.148334 -0.614210
vt 0.206008 -0.739658
vt 0.173810 -0.645379
vt 0.206103 -0.507830
vt 0.206032 -0.510879
vt 0.206102 -0.751853
vt 0.206032 -0.529171
vt 0.206008 -0.520025
vt 0.815903 -0.654799
vt 0.649224 -0.077284
vt 0.621805 -0.081046
vt 0.650788 -0.081582
vt 0.646217 -0.085236
vt 0.581926 -0.562182
vt 0.614614 -0.561588
vt 0.597989 -0.481855
vt 0.626413 -0.090454
vt 0.598321 -0.533696
vt 0.624848 -0.086156
vt 0.867401 -0.766291
vt 0.853264 -0.766976
vt 0.628267 -0.091769
vt 0.832511 -0.759167
vt 0.376266 -0.321171
vt 0.842230 -0.364476
vt 0.867829 -0.738545
vt 0.382846 -0.336823
vt 0.845575 -0.369975
vt 0.545656 -0.562750
vt 0.642322 -0.096245
vt 0.853692 -0.737860
vt 0.546824 -0.624268
vt 0.844769 -0.365163
vt 0.844706 -0.369544
vt 0.644052 -0.097514
vt 0.841997 -0.364342
vt 0.642322 -0.096245
vt 0.842230 -0.364476
vt 0.408998 -0.334314
vt 0.565049 -0.592244
vt 0.867896 -0.741393
vt 0.637818 -0.097039
vt 0.361371 -0.337005
vt 0.842230 -0.364047
vt 0.524406 -0.592695
vt 0.646284 -0.093958
vt 0.641135 -0.080972
vt 0.641135 -0.099198
vt 0.646284 -0.073780
vt 0.845575 -0.369975
vt 0.844706 -0.369544
vt 0.844769 -0.365163
vt 0.060525 -0.864677
vt 0.565244 -0.831357
vt 0.844769 -0.365163
vt 0.582282 -0.737113
vt 0.844769 -0.365163
vt 0.844770 -0.366297
vt 0.642322 -0.071494
vt 0.376608 -0.591672
vt 0.844770 -0.366297
vt 0.068987 -0.754042
vt 0.843712 -0.365198
vt 0.649224 -0.077284
vt 0.355659 -0.507256
vt 0.551958 -0.875142
vt 0.637818 -0.070699
vt 0.402784 -0.508206
vt 0.641135 -0.080972
vt 0.568024 -0.912197
vt 0.642322 -0.071494
vt 0.844769 -0.365163
vt 0.844769 -0.365163
vt 0.379239 -0.482009
vt 0.843712 -0.365197
vt 0.844769 -0.365163
vt 0.489847 -0.969502
vt 0.844769 -0.365163
vt 0.177576 -0.751828
vt 0.142590 -0.394911
vt 0.162843 -0.864678
vt 0.078859 -0.614209
vt 0.154506 -0.296141
vt 0.463381 -0.535728
vt 0.174032 -0.505546
vt 0.416675 -0.592485
vt 0.434650 -0.535559
vt 0.354726 -0.623233
vt 0.419455 -0.535415
vt 0.304138 -0.987178
vt 0.303407 -0.983149
vt 0.845575 -0.369975
vt 0.647369 -0.088401
vt 0.510568 -0.957391
vt 0.098208 -0.645378
vt 0.098208 -0.614209
vt 0.395649 -0.623748
vt 0.629353 -0.073780
vt 0.633314 -0.071494
vt 0.354444 -0.694963
vt 0.085375 -0.505545
vt 0.292032 -0.983161
vt 0.626413 -0.077284
vt 0.372130 -0.695218
vt 0.085531 -0.753945
vt 0.078859 -0.645378
vt 0.533990 -0.969493
vt 0.337815 -0.657305
vt 0.504641 -0.624569
vt 0.478534 -0.535760
vt 0.845575 -0.369975
vt 0.483137 -0.593016
vt 0.844706 -0.369544
vt 0.650788 -0.081582
vt 0.142590 -0.864678
vt 0.634501 -0.080972
vt 0.844706 -0.369544
vt 0.314645 -0.983139
vt 0.637818 -0.070699
vt 0.516121 -0.969503
vt 0.154505 -0.963448
vt 0.631584 -0.082656
vt 0.162844 -0.394911
vt 0.825215 -0.873999
vt 0.979716 -0.562032
vt 0.948678 -0.560734
vt 0.947161 -0.744151
vt 0.978226 -0.744013
vt 0.263707 -0.904173
vt 0.263707 -0.904173
vt 0.263707 -0.904173
vt 0.263707 -0.904173
vt 0.201520 -0.276717
vt 0.950755 -0.706714
vt 0.950871 -0.598279
vt 0.975317 -0.599302
vt 0.975222 -0.706605
vt 0.259327 -0.914743
vt 0.259327 -0.914743
vt 0.259327 -0.914743
vt 0.259327 -0.914743
vt 0.190238 -0.276390
vt 0.190203 -0.277589
vt 0.201485 -0.277917
vt 0.261855 -0.866129
vt 0.261855 -0.866129
vt 0.222717 -0.901768
vt 0.222717 -0.901768
vt 0.225965 -0.904161
vt 0.225965 -0.904161
vt 0.796577 -0.872256
vt 0.256753 -0.872745
vt 0.256753 -0.872745
vt 0.257811 -0.859617
vt 0.258092 -0.872716
vt 0.256723 -0.859640
vt 0.256723 -0.859640
vt 0.257811 -0.859617
vt 0.258092 -0.872716
vt 0.224461 -0.904193
vt 0.224595 -0.916499
vt 0.225642 -0.916476
vt 0.225642 -0.916476
vt 0.224595 -0.916499
vt 0.224461 -0.904193
vt 0.797288 -0.307302
vt 0.525148 -0.045870
vt 0.381406 -0.160311
vt 0.525148 -0.045870
vt 0.381406 -0.160311
vt 0.219563 -0.915391
vt 0.220642 -0.901813
vt 0.220610 -0.915368
vt 0.220610 -0.915368
vt 0.219563 -0.915391
vt 0.261795 -0.852680
vt 0.220642 -0.901813
vt 0.260708 -0.852703
vt 0.261795 -0.852680
vt 0.264012 -0.866082
vt 0.264012 -0.866082
vt 0.260708 -0.852703
vt 0.228022 -0.299890
vt 0.228013 -0.299459
vt 0.253701 -0.299890
vt 0.218225 -0.900933
vt 0.218225 -0.900933
vt 0.856991 -0.972156
vt 0.797301 -0.304888
vt 0.217330 -0.908628
vt 0.218002 -0.908613
vt 0.217413 -0.900951
vt 0.217413 -0.900951
vt 0.217330 -0.908628
vt 0.218002 -0.908613
vt 0.893854 -0.636145
vt 0.904389 -0.639442
vt 0.904872 -0.650721
vt 0.904389 -0.639442
vt 0.904389 -0.639442
vt 0.893854 -0.636145
vt 0.904872 -0.650721
vt 0.893854 -0.636145
vt 0.904872 -0.650721
vt 0.904389 -0.639442
vt 0.904389 -0.639442
vt 0.893854 -0.636145
vt 0.904872 -0.650721
vt 0.893854 -0.636145
vt 0.904872 -0.650721
vt 0.904389 -0.639442
vt 0.904872 -0.650721
vt 0.893854 -0.636145
vt 0.893854 -0.636145
vt 0.904389 -0.639442
vt 0.904389 -0.639442
vt 0.904872 -0.650721
vt 0.893854 -0.636145
vt 0.904872 -0.650721
vt 0.904389 -0.639442
vt 0.893854 -0.636145
vt 0.904389 -0.639442
vt 0.904872 -0.650721
vt 0.893854 -0.636145
vt 0.904389 -0.639442
vt 0.904872 -0.650721
vt 0.893854 -0.636145
vt 0.904389 -0.639442
vt 0.904872 -0.650721
vt 0.904872 -0.650721
vt 0.893854 -0.636145
vt 0.893854 -0.636145
vt 0.904389 -0.639442
vt 0.904389 -0.639442
vt 0.904872 -0.650721
vt 0.893854 -0.636145
vt 0.893854 -0.636145
vt 0.904872 -0.650721
vt 0.904389 -0.639442
vt 0.904389 -0.639442
vt 0.904872 -0.650721
vt 0.904872 -0.650721
vt 0.893854 -0.636145
vt 0.254391 -0.905761
vt 0.254391 -0.905761
vt 0.254391 -0.905761
vt 0.254391 -0.905761
vt 0.913378 -0.642127
vt 0.913444 -0.661725
vt 0.913444 -0.661725
vt 0.913378 -0.642127
vt 0.797287 -0.971180
vt 0.943998 -0.601244
vt 0.944016 -0.707541
vt 0.885782 -0.973294
vt 0.856997 -0.973294
vt 0.885776 -0.972156
vt 0.174730 -0.960166
vt 0.540271 -0.043481
vt 0.540294 -0.038256
vt 0.366259 -0.152697
vt 0.381363 -0.150866
vt 0.525190 -0.036425
vt 0.174731 -0.299758
vt 0.366282 -0.157921
vt 0.540294 -0.038256
vt 0.540271 -0.043481
vt 0.381363 -0.150866
vt 0.366259 -0.152697
vt 0.525190 -0.036425
vt 0.366282 -0.157921
vt 0.862968 -0.657063
vt 0.862474 -0.642425
vt 0.885777 -0.306328
vt 0.885773 -0.304756
vt 0.856988 -0.304755
vt 0.978269 -0.597198
vt 0.174735 -0.297714
vt 0.980714 -0.599670
vt 0.947872 -0.579991
vt 0.255106 -0.903996
vt 0.255106 -0.903996
vt 0.254978 -0.905820
vt 0.255351 -0.914659
vt 0.255351 -0.914659
vt 0.255351 -0.914659
vt 0.255351 -0.914659
vt 0.254978 -0.905820
vt 0.803627 -0.876670
vt 0.796551 -0.876704
vt 0.796587 -0.405701
vt 0.796587 -0.405701
vt 0.228012 -0.960465
vt 0.947726 -0.595920
vt 0.904872 -0.650721
vt 0.904872 -0.650721
vt 0.904872 -0.650721
vt 0.904872 -0.650721
vt 0.904872 -0.650721
vt 0.904872 -0.650721
vt 0.904872 -0.650721
vt 0.904872 -0.650721
vt 0.543391 -0.185159
vt 0.547636 -0.190486
vt 0.870848 -0.642376
vt 0.871342 -0.657014
vt 0.180404 -0.393699
vt 0.870848 -0.642376
vt 0.862968 -0.657063
vt 0.862474 -0.642425
vt 0.978140 -0.724739
vt 0.871342 -0.657014
vt 0.180397 -0.396085
vt 0.871342 -0.657014
vt 0.174741 -0.958902
vt 0.856988 -0.304755
vt 0.979716 -0.562032
vt 0.950871 -0.598279
vt 0.950871 -0.598279
vt 0.979716 -0.562032
vt 0.951510 -0.583011
vt 0.950871 -0.598279
vt 0.947076 -0.724877
vt 0.975290 -0.721886
vt 0.951510 -0.583011
vt 0.950823 -0.721995
vt 0.947872 -0.579991
vt 0.797274 -0.972454
vt 0.797287 -0.971180
vt 0.980624 -0.601837
vt 0.980714 -0.599670
vt 0.249640 -0.698786
vt 0.575290 -0.216758
vt 0.577979 -0.216023
vt 0.190238 -0.276390
vt 0.233503 -0.697661
vt 0.856006 -0.971533
vt 0.856991 -0.972156
vt 0.797287 -0.971180
vt 0.856991 -0.972156
vt 0.796558 -0.872865
vt 0.796549 -0.875334
vt 0.980714 -0.599670
vt 0.980742 -0.599000
vt 0.978269 -0.597198
vt 0.885776 -0.972156
vt 0.260500 -0.370009
vt 0.235246 -0.580561
vt 0.544890 -0.190304
vt 0.545514 -0.183202
vt 0.550064 -0.185785
vt 0.550097 -0.185925
vt 0.268008 -0.576923
vt 0.885777 -0.306328
vt 0.825216 -0.401897
vt 0.825221 -0.404569
vt 0.853474 -0.636381
vt 0.853474 -0.636381
vt 0.853968 -0.651019
vt 0.853474 -0.636381
vt 0.853968 -0.651019
vt 0.853968 -0.651019
vt 0.853968 -0.651019
vt 0.853968 -0.651019
vt 0.853968 -0.651019
vt 0.853474 -0.636381
vt 0.853474 -0.636381
vt 0.853474 -0.636381
vt 0.853474 -0.636381
vt 0.853968 -0.651019
vt 0.853474 -0.636381
vt 0.893854 -0.636145
vt 0.853968 -0.651019
vt 0.253698 -0.960997
vt 0.253704 -0.959870
vt 0.796577 -0.872256
vt 0.825215 -0.873999
vt 0.803642 -0.878335
vt 0.944002 -0.704267
vt 0.944013 -0.706768
vt 0.943998 -0.703494
vt 0.944007 -0.705517
vt 0.944016 -0.707541
vt 0.217413 -0.900951
vt 0.218002 -0.908613
vt 0.218002 -0.908613
vt 0.220642 -0.901813
vt 0.797296 -0.306950
vt 0.980624 -0.601837
vt 0.977980 -0.604096
vt 0.797301 -0.304888
vt 0.797301 -0.304888
vt 0.224461 -0.904193
vt 0.797295 -0.974517
vt 0.797279 -0.974517
vt 0.797295 -0.974517
vt 0.797300 -0.972454
vt 0.797300 -0.972454
vt 0.225642 -0.916476
vt 0.225642 -0.916476
vt 0.174734 -0.962209
vt 0.174742 -0.301021
vt 0.174730 -0.960166
vt 0.975956 -0.584034
vt 0.978910 -0.581289
vt 0.951510 -0.583011
vt 0.975956 -0.584034
vt 0.174731 -0.299758
vt 0.978910 -0.581289
vt 0.978910 -0.581289
vt 0.796552 -0.401863
vt 0.247603 -0.561882
vt 0.796552 -0.404603
vt 0.796552 -0.401863
vt 0.803625 -0.403233
vt 0.855990 -0.974517
vt 0.796552 -0.404603
vt 0.797279 -0.974517
vt 0.551458 -0.172384
vt 0.253701 -0.299890
vt 0.253701 -0.298497
vt 0.260409 -0.562089
vt 0.975317 -0.599302
vt 0.803634 -0.405640
vt 0.803653 -0.406234
vt 0.975317 -0.599302
vt 0.796568 -0.406311
vt 0.975317 -0.599302
vt 0.950871 -0.598279
vt 0.975956 -0.584034
vt 0.948678 -0.560734
vt 0.947872 -0.579991
vt 0.975317 -0.599302
vt 0.948678 -0.560734
vt 0.260269 -0.580418
vt 0.235097 -0.582979
vt 0.235097 -0.582979
vt 0.902854 -0.642189
vt 0.913444 -0.661725
vt 0.903348 -0.656826
vt 0.180412 -0.866896
vt 0.803634 -0.400826
vt 0.191789 -0.866307
vt 0.180412 -0.860948
vt 0.803633 -0.872927
vt 0.803642 -0.872333
vt 0.796558 -0.872865
vt 0.228013 -0.299459
vt 0.856995 -0.306162
vt 0.856006 -0.971533
vt 0.227121 -0.299758
vt 0.856997 -0.973294
vt 0.856012 -0.304888
vt 0.796577 -0.872256
vt 0.796577 -0.872256
vt 0.855991 -0.303966
vt 0.855999 -0.303614
vt 0.797280 -0.303966
vt 0.258092 -0.872716
vt 0.256723 -0.859640
vt 0.256723 -0.859640
vt 0.260708 -0.852703
vt 0.260708 -0.852703
vt 0.264012 -0.866082
vt 0.240393 -0.345172
vt 0.251662 -0.579006
vt 0.228012 -0.960465
vt 0.797288 -0.307302
vt 0.272160 -0.354393
vt 0.269077 -0.364356
vt 0.190264 -0.275419
vt 0.190270 -0.275048
vt 0.251676 -0.579006
vt 0.190164 -0.278560
vt 0.249375 -0.698950
vt 0.227140 -0.300672
vt 0.261626 -0.701551
vt 0.947524 -0.708954
vt 0.220642 -0.901813
vt 0.977980 -0.604096
vt 0.947500 -0.703368
vt 0.947671 -0.597237
vt 0.944083 -0.599222
vt 0.944002 -0.704267
vt 0.227133 -0.301021
vt 0.219563 -0.915391
vt 0.943998 -0.601244
vt 0.944167 -0.597201
vt 0.947437 -0.602818
vt 0.228022 -0.299890
vt 0.947437 -0.602818
vt 0.947519 -0.707635
vt 0.947492 -0.601500
vt 0.944013 -0.706768
vt 0.978094 -0.708818
vt 0.219563 -0.915391
vt 0.219563 -0.915391
vt 0.220610 -0.915368
vt 0.225965 -0.904161
vt 0.225642 -0.916476
vt 0.219563 -0.915391
vt 0.217413 -0.900951
vt 0.217330 -0.908628
vt 0.225965 -0.904161
vt 0.217330 -0.908628
vt 0.217330 -0.908628
vt 0.218002 -0.908613
vt 0.180421 -0.399059
vt 0.217330 -0.908628
vt 0.218225 -0.900933
vt 0.180412 -0.399059
vt 0.218002 -0.908613
vt 0.218225 -0.900933
vt 0.224461 -0.904193
vt 0.224595 -0.916499
vt 0.224595 -0.916499
vt 0.225642 -0.916476
vt 0.224595 -0.916499
vt 0.222717 -0.901768
vt 0.220610 -0.915368
vt 0.224595 -0.916499
vt 0.190224 -0.276389
vt 0.190255 -0.275419
vt 0.190190 -0.277589
vt 0.222717 -0.901768
vt 0.978088 -0.707499
vt 0.947509 -0.705502
vt 0.259319 -0.699232
vt 0.262376 -0.577867
vt 0.978078 -0.705366
vt 0.980630 -0.706439
vt 0.980624 -0.601837
vt 0.265696 -0.699068
vt 0.978035 -0.602778
vt 0.978124 -0.600647
vt 0.947582 -0.599369
vt 0.947494 -0.702050
vt 0.978063 -0.701913
vt 0.978069 -0.703232
vt 0.980620 -0.704270
vt 0.980714 -0.599670
vt 0.856007 -0.306951
vt 0.227126 -0.297714
vt 0.855999 -0.307303
vt 0.978214 -0.598515
vt 0.797296 -0.306950
vt 0.947726 -0.595920
vt 0.978269 -0.597198
vt 0.227133 -0.297365
vt 0.190173 -0.278560
vt 0.190158 -0.278931
vt 0.228015 -0.298496
vt 0.190203 -0.277589
vt 0.241079 -0.580004
vt 0.233497 -0.697620
vt 0.239571 -0.698232
vt 0.862968 -0.657063
vt 0.871342 -0.657014
vt 0.862968 -0.657063
vt 0.543391 -0.185159
vt 0.862968 -0.657063
vt 0.543085 -0.187900
vt 0.544890 -0.190304
vt 0.543391 -0.185159
vt 0.550097 -0.185925
vt 0.544890 -0.190304
vt 0.853968 -0.651019
vt 0.862474 -0.642425
vt 0.853968 -0.651019
vt 0.861847 -0.636332
vt 0.862474 -0.642425
vt 0.862342 -0.650970
vt 0.862342 -0.650970
vt 0.862342 -0.650970
vt 0.853968 -0.651019
vt 0.862968 -0.657063
vt 0.862342 -0.650970
vt 0.853474 -0.636381
vt 0.853968 -0.651019
vt 0.853968 -0.651019
vt 0.862342 -0.650970
vt 0.862342 -0.650970
vt 0.862342 -0.650970
vt 0.861847 -0.636332
vt 0.861847 -0.636332
vt 0.862342 -0.650970
vt 0.862342 -0.650970
vt 0.853968 -0.651019
vt 0.862342 -0.650970
vt 0.861847 -0.636332
vt 0.862342 -0.650970
vt 0.861847 -0.636332
vt 0.853968 -0.651019
vt 0.853474 -0.636381
vt 0.862342 -0.650970
vt 0.862342 -0.650970
vt 0.853968 -0.651019
vt 0.861847 -0.636332
vt 0.862342 -0.650970
vt 0.861847 -0.636332
vt 0.853968 -0.651019
vt 0.853474 -0.636381
vt 0.862342 -0.650970
vt 0.853474 -0.636381
vt 0.862342 -0.650970
vt 0.862342 -0.650970
vt 0.853968 -0.651019
vt 0.853968 -0.651019
vt 0.861847 -0.636332
vt 0.861847 -0.636332
vt 0.862342 -0.650970
vt 0.862342 -0.650970
vt 0.862342 -0.650970
vt 0.861847 -0.636332
vt 0.853474 -0.636381
vt 0.862342 -0.650970
vt 0.862342 -0.650970
vt 0.862342 -0.650970
vt 0.861847 -0.636332
vt 0.853968 -0.651019
vt 0.853968 -0.651019
vt 0.853968 -0.651019
vt 0.853968 -0.651019
vt 0.861847 -0.636332
vt 0.862342 -0.650970
vt 0.862342 -0.650970
vt 0.862342 -0.650970
vt 0.862342 -0.650970
vt 0.861847 -0.636332
vt 0.862342 -0.650970
vt 0.862342 -0.650970
vt 0.861847 -0.636332
vt 0.862342 -0.650970
vt 0.861847 -0.636332
vt 0.853474 -0.636381
vt 0.853474 -0.636381
vt 0.853968 -0.651019
vt 0.861847 -0.636332
vt 0.796586 -0.877803
vt 0.796577 -0.878412
vt 0.796577 -0.878412
vt 0.249732 -0.370296
vt 0.796586 -0.877803
vt 0.237313 -0.355257
vt 0.240885 -0.365062
vt 0.253704 -0.961592
vt 0.253698 -0.960997
vt 0.856011 -0.973595
vt 0.853474 -0.636381
vt 0.241065 -0.580042
vt 0.862342 -0.650970
vt 0.862342 -0.650970
vt 0.239554 -0.698257
vt 0.861847 -0.636332
vt 0.235232 -0.580663
vt 0.855998 -0.974870
vt 0.825227 -0.875929
vt 0.853474 -0.636381
vt 0.861847 -0.636332
vt 0.228018 -0.961592
vt 0.268584 -0.344463
vt 0.191778 -0.862861
vt 0.259742 -0.339384
vt 0.263751 -0.579569
vt 0.903348 -0.656826
vt 0.255425 -0.701653
vt 0.248974 -0.339666
vt 0.913444 -0.661725
vt 0.258118 -0.580493
vt 0.903348 -0.656826
vt 0.903348 -0.656826
vt 0.913444 -0.661725
vt 0.913378 -0.642127
vt 0.902854 -0.642189
vt 0.913378 -0.642127
vt 0.227132 -0.962559
vt 0.913444 -0.661725
vt 0.816412 -0.874263
vt 0.825224 -0.874263
vt 0.199660 -0.395023
vt 0.227125 -0.962210
vt 0.174090 -0.861476
vt 0.228018 -0.961592
vt 0.199657 -0.395496
vt 0.174085 -0.862565
vt 0.180404 -0.861537
vt 0.247604 -0.581789
vt 0.255655 -0.581042
vt 0.587090 -0.208173
vt 0.538381 -0.200661
vt 0.540469 -0.184244
vt 0.234743 -0.561533
vt 0.239698 -0.582623
vt 0.247593 -0.581901
vt 0.247582 -0.561824
vt 0.191789 -0.861537
vt 0.199657 -0.863333
vt 0.199663 -0.862599
vt 0.247593 -0.581901
vt 0.545999 -0.215402
vt 0.560410 -0.222822
vt 0.581559 -0.177008
vt 0.576106 -0.220064
vt 0.589172 -0.191722
vt 0.234738 -0.561594
vt 0.239698 -0.582623
vt 0.239647 -0.561687
vt 0.260420 -0.562015
vt 0.567151 -0.169613
vt 0.904389 -0.639442
vt 0.904389 -0.639442
vt 0.255655 -0.581042
vt 0.255524 -0.562027
vt 0.904872 -0.650721
vt 0.540294 -0.038256
vt 0.525190 -0.036425
vt 0.525190 -0.036425
vt 0.257811 -0.859617
vt 0.258092 -0.872716
vt 0.257811 -0.859617
vt 0.257811 -0.859617
vt 0.256723 -0.859640
vt 0.257811 -0.859617
vt 0.256753 -0.872745
vt 0.256723 -0.859640
vt 0.540294 -0.038256
vt 0.256753 -0.872745
vt 0.540271 -0.043481
vt 0.540271 -0.043481
vt 0.381406 -0.160311
vt 0.366282 -0.157921
vt 0.366282 -0.157921
vt 0.260708 -0.852703
vt 0.264012 -0.866082
vt 0.260708 -0.852703
vt 0.261795 -0.852680
vt 0.261855 -0.866129
vt 0.261795 -0.852680
vt 0.904389 -0.639442
vt 0.904389 -0.639442
vt 0.261855 -0.866129
vt 0.904389 -0.639442
vt 0.904389 -0.639442
vt 0.904872 -0.650721
vt 0.904389 -0.639442
vt 0.904872 -0.650721
vt 0.904389 -0.639442
vt 0.904872 -0.650721
vt 0.904389 -0.639442
vt 0.904389 -0.639442
vt 0.904872 -0.650721
vt 0.227120 -0.960166
vt 0.227132 -0.958903
vt 0.904389 -0.639442
vt 0.228018 -0.959870
vt 0.904389 -0.639442
vt 0.904389 -0.639442
vt 0.904872 -0.650721
vt 0.904389 -0.639442
vt 0.893854 -0.636145
vt 0.904389 -0.639442
vt 0.904389 -0.639442
vt 0.904389 -0.639442
vt 0.904872 -0.650721
vt 0.904389 -0.639442
vt 0.540294 -0.038256
vt 0.904872 -0.650721
vt 0.796587 -0.400764
vt 0.796593 -0.401863
vt 0.796593 -0.401863
vt 0.816407 -0.401303
vt 0.796587 -0.400764
vt 0.540271 -0.043481
vt 0.540271 -0.043481
vt 0.381406 -0.160311
vt 0.366282 -0.157921
vt 0.366282 -0.157921
vt 0.174085 -0.865280
vt 0.180398 -0.865246
vt 0.796593 -0.876704
vt 0.796578 -0.400154
vt 0.796593 -0.404603
vt 0.796593 -0.404603
vt 0.816385 -0.401303
vt 0.816412 -0.876405
vt 0.796551 -0.876704
vt 0.796593 -0.876704
vt 0.796578 -0.400154
vt 0.796595 -0.875334
vt 0.796593 -0.873964
vt 0.796593 -0.873964
vt 0.796596 -0.403233
vt 0.796568 -0.406311
vt 0.796568 -0.400154
vt 0.796595 -0.875334
vt 0.797275 -0.304888
vt 0.796586 -0.872865
vt 0.796586 -0.872865
vt 0.797280 -0.306950
vt 0.816399 -0.872927
vt 0.796568 -0.400154
vt 0.797280 -0.303966
vt 0.796596 -0.403233
vt 0.174083 -0.863922
vt 0.540294 -0.038256
vt 0.525190 -0.036425
vt 0.525190 -0.036425
vt 0.525148 -0.045870
vt 0.525190 -0.036425
vt 0.525190 -0.036425
vt 0.239710 -0.582485
vt 0.247604 -0.581789
vt 0.235114 -0.582883
vt 0.239710 -0.582485
vt 0.239663 -0.561708
vt 0.255641 -0.581084
vt 0.255641 -0.581084
vt 0.260241 -0.580489
vt 0.260269 -0.580418
vt 0.260241 -0.580489
vt 0.235114 -0.582883
vt 0.255505 -0.561999
vt 0.255106 -0.903996
vt 0.255106 -0.903996
vt 0.254978 -0.905820
vt 0.255106 -0.903996
vt 0.254978 -0.905820
vt 0.255106 -0.903996
vt 0.259327 -0.914743
vt 0.255351 -0.914659
vt 0.255351 -0.914659
vt 0.254391 -0.905761
vt 0.255351 -0.914659
vt 0.255351 -0.914659
vt 0.259327 -0.914743
vt 0.255351 -0.914659
vt 0.255351 -0.914659
vt 0.254391 -0.905761
vt 0.255351 -0.914659
vt 0.255351 -0.914659
vt 0.885771 -0.305190
vt 0.816412 -0.404304
vt 0.199663 -0.865246
vt 0.202475 -0.396085
vt 0.885776 -0.973894
vt 0.825227 -0.403827
vt 0.199657 -0.864512
vt 0.828367 -0.403233
vt 0.199668 -0.397408
vt 0.825227 -0.402638
vt 0.202475 -0.863922
vt 0.885776 -0.973894
vt 0.885782 -0.973294
vt 0.885782 -0.973294
vt 0.856991 -0.973894
vt 0.578762 -0.210695
vt 0.885770 -0.972757
vt 0.816399 -0.877741
vt 0.825220 -0.876670
vt 0.825215 -0.876670
vt 0.828366 -0.875334
vt 0.577979 -0.216023
vt 0.573658 -0.209767
vt 0.572874 -0.215090
vt 0.573658 -0.209767
vt 0.560366 -0.219305
vt 0.577979 -0.216023
vt 0.199660 -0.397146
vt 0.191797 -0.398470
vt 0.191783 -0.397997
vt 0.560366 -0.219305
vt 0.191777 -0.396085
vt 0.572234 -0.212334
vt 0.556733 -0.212607
vt 0.572234 -0.212334
vt 0.575290 -0.216758
vt 0.561714 -0.214106
vt 0.572874 -0.215090
vt 0.559529 -0.212386
vt 0.561714 -0.214106
vt 0.556733 -0.212607
vt 0.562097 -0.217115
vt 0.555384 -0.217803
vt 0.559529 -0.212386
vt 0.557621 -0.219728
vt 0.555384 -0.217803
vt 0.557621 -0.219728
vt 0.555053 -0.214997
vt 0.562097 -0.217115
vt 0.555053 -0.214997
vt 0.579454 -0.213649
vt 0.576399 -0.209233
vt 0.576399 -0.209233
vt 0.575290 -0.216758
vt 0.579454 -0.213649
vt 0.578762 -0.210695
vt 0.581050 -0.199534
vt 0.560608 -0.194348
vt 0.581260 -0.194161
vt 0.561549 -0.199654
vt 0.560608 -0.194348
vt 0.566623 -0.198752
vt 0.566623 -0.198752
vt 0.565681 -0.193445
vt 0.586421 -0.194487
vt 0.586210 -0.199861
vt 0.581260 -0.194161
vt 0.586210 -0.199861
vt 0.547086 -0.201311
vt 0.547086 -0.201311
vt 0.544397 -0.208346
vt 0.542351 -0.203377
vt 0.549133 -0.206279
vt 0.544397 -0.208346
vt 0.547160 -0.208227
vt 0.547160 -0.208227
vt 0.549133 -0.206279
vt 0.549060 -0.203245
vt 0.544264 -0.201191
vt 0.549060 -0.203245
vt 0.542364 -0.206169
vt 0.542351 -0.203377
vt 0.544264 -0.201191
vt 0.542364 -0.206169
vt 0.581050 -0.199534
vt 0.584342 -0.194257
vt 0.587841 -0.198284
vt 0.584342 -0.194257
vt 0.574093 -0.179054
vt 0.574093 -0.179054
vt 0.561549 -0.199654
vt 0.560058 -0.197311
vt 0.564310 -0.200421
vt 0.564310 -0.200421
vt 0.583914 -0.193336
vt 0.586421 -0.194487
vt 0.587413 -0.197360
vt 0.587413 -0.197360
vt 0.574457 -0.184406
vt 0.583914 -0.193336
vt 0.579608 -0.184127
vt 0.587841 -0.198284
vt 0.579608 -0.184127
vt 0.565681 -0.193445
vt 0.567232 -0.196032
vt 0.579244 -0.178775
vt 0.562980 -0.192925
vt 0.562980 -0.192925
vt 0.557712 -0.174534
vt 0.560058 -0.197311
vt 0.567232 -0.196032
vt 0.557712 -0.174534
vt 0.563721 -0.178905
vt 0.558649 -0.179812
vt 0.563721 -0.178905
vt 0.562784 -0.173627
vt 0.550064 -0.185785
vt 0.550064 -0.185785
vt 0.543085 -0.187900
vt 0.550097 -0.185925
vt 0.547636 -0.190486
vt 0.547636 -0.190486
vt 0.543085 -0.187900
vt 0.545514 -0.183202
vt 0.545514 -0.183202
vt 0.543391 -0.185159
vt 0.577140 -0.185510
vt 0.577140 -0.185510
vt 0.573241 -0.181925
vt 0.576627 -0.177950
vt 0.574457 -0.184406
vt 0.579244 -0.178775
vt 0.557164 -0.177507
vt 0.561413 -0.180595
vt 0.576627 -0.177950
vt 0.580526 -0.181532
vt 0.558649 -0.179812
vt 0.573241 -0.181925
vt 0.580526 -0.181532
vt 0.561413 -0.180595
vt 0.564337 -0.176223
vt 0.560089 -0.173138
vt 0.562784 -0.173627
vt 0.560089 -0.173138
vt 0.885783 -0.305727
vt 0.885780 -0.304756
vt 0.564337 -0.176223
vt 0.856998 -0.305190
vt 0.557164 -0.177507
vt 0.885780 -0.304756
vt 0.885773 -0.304756
vt 0.885783 -0.305727
vt 0.431762 0.678141
vt 0.426127 0.685898
vt 0.422643 0.681104
vt 0.422643 0.675178
vt 0.426127 0.670384
vt 0.431762 0.668553
vt 0.437398 0.670384
vt 0.440881 0.675178
vt 0.431762 0.687729
vt 0.440881 0.681104
vt 0.437398 0.685898
vt 0.422174 0.691338
vt 0.422643 0.690692
vt 0.416248 0.683182
vt 0.417008 0.682935
vt 0.416248 0.673100
vt 0.422174 0.664944
vt 0.417008 0.673347
vt 0.431762 0.661829
vt 0.422643 0.665590
vt 0.431762 0.662627
vt 0.441350 0.664944
vt 0.447276 0.673100
vt 0.440881 0.665590
vt 0.446517 0.673347
vt 0.447276 0.683182
vt 0.440881 0.690692
vt 0.431762 0.693655
vt 0.431762 0.694453
vt 0.441350 0.691338
vt 0.446517 0.682935
vt 0.422174 0.691338
vt 0.416248 0.683182
vt 0.416248 0.673100
vt 0.422174 0.664944
vt 0.431762 0.661829
vt 0.441350 0.664944
vt 0.447276 0.673100
vt 0.431762 0.694453
vt 0.431762 0.678141
vt 0.447276 0.683182
vt 0.441350 0.691338
vt 0.299442 0.664832
vt 0.288525 0.681170
vt 0.272187 0.692086
vt 0.252915 0.695920
vt 0.233643 0.692086
vt 0.217305 0.681170
vt 0.206389 0.664832
vt 0.202555 0.645560
vt 0.206389 0.626288
vt 0.217305 0.609950
vt 0.233643 0.599034
vt 0.252915 0.595200
vt 0.272187 0.599034
vt 0.303275 0.645560
vt 0.288525 0.609950
vt 0.299442 0.626288
vt 0.252915 0.645560
vt 0.299442 0.664832
vt 0.288525 0.681170
vt 0.272187 0.692086
vt 0.252915 0.695920
vt 0.233643 0.692086
vt 0.217305 0.681170
vt 0.206389 0.664832
vt 0.202555 0.645560
vt 0.206389 0.626288
vt 0.217305 0.609950
vt 0.233643 0.599034
vt 0.252915 0.595200
vt 0.272187 0.599034
vt 0.288525 0.609950
vt 0.303275 0.645560
vt 0.252915 0.645560
vt 0.299442 0.626288
vt 0.431762 0.678141
vt 0.426127 0.685898
vt 0.422643 0.681104
vt 0.422643 0.675178
vt 0.426127 0.670384
vt 0.431762 0.668553
vt 0.437398 0.670384
vt 0.440881 0.675178
vt 0.431762 0.687729
vt 0.440881 0.681104
vt 0.437398 0.685898
vt 0.422174 0.691338
vt 0.422643 0.690692
vt 0.416248 0.683182
vt 0.417008 0.682935
vt 0.416248 0.673100
vt 0.422174 0.664944
vt 0.417008 0.673347
vt 0.422643 0.665590
vt 0.431762 0.661829
vt 0.441350 0.664944
vt 0.431762 0.662627
vt 0.447276 0.673100
vt 0.440881 0.665590
vt 0.446517 0.673347
vt 0.447276 0.683182
vt 0.441350 0.691338
vt 0.440881 0.690692
vt 0.446517 0.682935
vt 0.431762 0.693655
vt 0.431762 0.694453
vt 0.422174 0.691338
vt 0.416248 0.683182
vt 0.416248 0.673100
vt 0.422174 0.664944
vt 0.431762 0.661829
vt 0.441350 0.664944
vt 0.447276 0.673100
vt 0.431762 0.678141
vt 0.447276 0.683182
vt 0.441350 0.691338
vt 0.431762 0.694453
vt 0.299442 0.664832
vt 0.288525 0.681170
vt 0.272187 0.692086
vt 0.252915 0.695920
vt 0.233643 0.692086
vt 0.217305 0.681170
vt 0.206389 0.664832
vt 0.202555 0.645560
vt 0.206389 0.626288
vt 0.217305 0.609950
vt 0.233643 0.599034
vt 0.252915 0.595200
vt 0.272187 0.599034
vt 0.252915 0.645560
vt 0.288525 0.609950
vt 0.299442 0.626288
vt 0.303275 0.645560
vt 0.299442 0.664832
vt 0.288525 0.681170
vt 0.272187 0.692086
vt 0.252915 0.695920
vt 0.233643 0.692086
vt 0.217305 0.681170
vt 0.206389 0.664832
vt 0.202555 0.645560
vt 0.206389 0.626288
vt 0.217305 0.609950
vt 0.233643 0.599034
vt 0.252915 0.595200
vt 0.272187 0.599034
vt 0.288525 0.609950
vt 0.303275 0.645560
vt 0.252915 0.645560
vt 0.299442 0.626288
vt 0.853817 -0.361721
vt 0.858493 -0.349228
vt 0.852842 -0.346478
vt 0.856804 -0.359075
vt 0.852446 -0.358891
vt 0.852589 -0.358675
vt 0.852446 -0.358891
vt 0.854150 -0.358579
vt 0.854132 -0.351908
vt 0.852588 -0.358801
vt 0.852588 -0.358801
vt 0.852842 -0.346478
vt 0.853557 -0.344206
vt 0.852589 -0.358675
vt 0.853069 -0.344464
vt 0.853658 -0.359252
vt 0.854150 -0.358579
vt 0.850462 -0.360883
vt 0.850461 -0.361248
vt 0.850570 -0.347895
vt 0.858493 -0.349228
vt 0.852539 -0.350950
vt 0.855034 -0.361294
vt 0.853391 -0.351817
vt 0.850570 -0.347895
vt 0.850461 -0.361248
vt 0.850031 -0.347092
vt 0.850462 -0.360883
vt 0.850461 -0.361248
vt 0.850462 -0.360883
vt 0.855031 -0.361707
vt 0.855033 -0.361397
vt 0.858870 -0.349520
vt 0.858977 -0.350012
vt 0.857160 -0.350664
vt 0.857731 -0.350778
vt 0.858339 -0.359640
vt 0.854797 -0.352140
vt 0.852511 -0.344861
vt 0.853817 -0.361721
vt 0.852586 -0.345496
vt 0.854150 -0.358579
vt 0.854444 -0.361712
vt 0.854444 -0.361712
vt 0.853817 -0.361721
vt 0.854444 -0.361402
vt 0.857640 -0.359715
vt 0.855604 -0.350436
vt 0.856312 -0.359693
vt 0.857640 -0.359715
vt 0.858131 -0.359099
vt 0.853118 -0.361377
vt 0.852589 -0.358675
vt 0.853118 -0.361274
vt 0.857731 -0.350778
vt 0.858737 -0.359083
vt 0.853715 -0.348160
vt 0.857921 -0.350116
vt 0.854689 -0.349609
vt 0.856312 -0.359693
vt 0.854445 -0.361299
vt 0.858131 -0.359099
vt 0.858737 -0.359083
vt 0.853069 -0.347656
vt 0.852511 -0.344861
vt 0.852446 -0.358891
vt 0.557965 0.045084
vt 0.403667 0.135782
vt 0.577845 0.051836
vt 0.419074 0.146403
vt 0.576653 0.051836
vt 0.419200 0.146397
vt 0.619011 0.089548
vt 0.420224 0.147045
vt 0.578201 0.053623
vt 0.408374 0.138982
vt 0.274678 0.469332
vt 0.565032 0.615281
vt 0.489258 0.551568
vt 0.559412 0.045084
vt 0.403872 0.135771
vt 0.421705 0.148198
vt 0.615095 0.079670
vt 0.548683 0.551625
vt 0.525824 0.615361
vt 0.505435 0.615336
vt 0.546317 0.615337
vt 0.490533 0.465666
vt 0.572630 0.090005
vt 0.603674 0.081775
vt 0.615449 0.092022
vt 0.559412 0.045084
vt 0.403872 0.135771
vt 0.552797 0.043971
vt 0.552797 0.043971
vt 0.578201 0.053623
vt 0.576683 0.053623
vt 0.414720 0.143566
vt 0.406326 0.423544
vt 0.419074 0.146403
vt 0.420224 0.147045
vt 0.413841 0.429083
vt 0.570856 0.028692
vt 0.412949 0.429083
vt 0.577845 0.051836
vt 0.413397 0.439786
vt 0.406080 0.417597
vt 0.550473 0.043971
vt 0.573184 0.028692
vt 0.550473 0.043971
vt 0.420530 0.147296
vt 0.617195 0.084609
vt 0.616102 0.082411
vt 0.615250 0.105678
vt 0.618721 0.088570
vt 0.615581 0.080648
vt 0.589904 0.070277
vt 0.412948 0.377399
vt 0.617845 0.086807
vt 0.411956 0.141530
vt 0.414026 0.403241
vt 0.589904 0.129686
vt 0.417891 0.145632
vt 0.415245 0.143605
vt 0.413841 0.377399
vt 0.413397 0.366695
vt 0.406326 0.382938
vt 0.406577 0.388884
vt 0.406577 0.417597
vt 0.406680 0.403241
vt 0.409838 0.139905
vt 0.257028 0.482994
vt 0.253312 0.481442
vt 0.255419 0.482275
vt 0.562935 0.465667
vt 0.252439 0.481031
vt 0.567398 0.551569
vt 0.563419 0.048209
vt 0.570025 0.052009
vt 0.561695 0.048209
vt 0.569958 0.047993
vt 0.544620 0.465723
vt 0.413063 0.142077
vt 0.570978 0.047993
vt 0.407480 0.138547
vt 0.403667 0.135782
vt 0.557965 0.045084
vt 0.561640 0.044988
vt 0.406150 0.137353
vt 0.576653 0.051836
vt 0.419200 0.146397
vt 0.412728 0.142095
vt 0.408034 0.138518
vt 0.419939 0.147060
vt 0.415312 0.143535
vt 0.571783 0.052009
vt 0.405961 0.137363
vt 0.562777 0.044988
vt 0.730021 0.439786
vt 0.589429 0.120986
vt 0.746511 0.129686
vt 0.712576 0.154247
vt 0.746036 0.120985
vt 0.585940 0.080940
vt 0.614365 0.105678
vt 0.638395 0.102003
vt 0.614365 0.105678
vt 0.585940 0.080940
vt 0.583319 0.113909
vt 0.769535 0.152232
vt 0.601056 0.114744
vt 0.571546 0.103662
vt 0.637028 0.102003
vt 0.412764 0.403241
vt 0.412948 0.377399
vt 0.405977 0.403241
vt 0.257028 0.482994
vt 0.406080 0.388884
vt 0.279988 0.470830
vt 0.507802 0.551625
vt 0.255419 0.482275
vt 0.526650 0.465748
vt 0.590577 0.099981
vt 0.729575 0.377398
vt 0.508730 0.465723
vt 0.528190 0.551650
vt 0.730020 0.366694
vt 0.278180 0.470237
vt 0.253376 0.481401
vt 0.589231 0.099981
vt 0.275816 0.469570
vt 0.413397 0.366695
vt 0.711209 0.154247
vt 0.712576 0.154247
vt 0.637028 0.102003
vt 0.769535 0.152232
vt 0.573515 0.090005
vt 0.730466 0.377398
vt 0.746511 0.070276
vt 0.572630 0.090005
vt 0.414026 0.403241
vt 0.746993 0.078977
vt 0.586825 0.080940
vt 0.590379 0.078977
vt 0.413841 0.377399
vt 0.550473 0.043971
vt 0.638395 0.102003
vt 0.711209 0.154247
vt 0.552797 0.043971
vt 0.584204 0.113909
vt 0.603674 0.081775
vt 0.730651 0.403240
vt 0.604559 0.081775
vt 0.413841 0.429083
vt 0.412764 0.403241
vt 0.615449 0.092022
vt 0.583319 0.113909
vt 0.601056 0.114744
vt 0.601941 0.114744
vt 0.616334 0.092022
vt 0.572431 0.103662
vt 0.571546 0.103662
vt 0.729390 0.403240
vt 0.413397 0.439786
vt 0.570856 0.028692
vt 0.660076 0.085763
vt 0.745838 0.099981
vt 0.412949 0.429083
vt 0.747191 0.099981
vt 0.746993 0.120985
vt 0.729575 0.429082
vt 0.730466 0.429082
vt 0.590379 0.120986
vt 0.746036 0.078977
vt 0.589429 0.078977
vt 0.573184 0.028692
vt 0.138613 0.429854
vt 0.169692 0.472630
vt 0.200770 0.515406
vt 0.239186 0.462532
vt 0.188899 0.446193
vt 0.239185 0.397176
vt 0.188899 0.413515
vt 0.169692 0.387078
vt 0.200770 0.344302
vt 0.138613 0.324106
vt 0.138613 0.376980
vt 0.107534 0.387078
vt 0.076456 0.344302
vt 0.088327 0.413515
vt 0.038040 0.397176
vt 0.107534 0.472630
vt 0.088327 0.446193
vt 0.138613 0.535602
vt 0.038040 0.462532
vt 0.076456 0.515406
vt 0.138613 0.482728
vt 0.704328 0.543734
vt 0.628576 0.543735
vt 0.628576 0.567228
vt 0.704328 0.567228
vt 0.628576 0.590722
vt 0.704328 0.590722
vt 0.704328 0.614215
vt 0.628577 0.614216
vt 0.704328 0.637709
vt 0.628577 0.637710
vt 0.704328 0.661203
vt 0.628577 0.661204
vt 0.628577 0.684697
vt 0.704328 0.684697
vt 0.704328 0.708191
vt 0.628577 0.708191
vt 0.628576 0.473253
vt 0.704328 0.473253
vt 0.628576 0.496747
vt 0.628576 0.520241
vt 0.704328 0.520240
vt 0.704328 0.496747
vt 0.200770 0.515406
vt 0.239186 0.462532
vt 0.239185 0.397176
vt 0.200770 0.344302
vt 0.138613 0.324106
vt 0.076456 0.344302
vt 0.038040 0.397176
vt 0.038040 0.462532
vt 0.076456 0.515406
vt 0.138613 0.535602
vt 0.138613 0.482728
vt 0.107534 0.387078
vt 0.169692 0.472630
vt 0.088327 0.413515
vt 0.138613 0.376980
vt 0.138613 0.429854
vt 0.088327 0.446193
vt 0.169692 0.387078
vt 0.107534 0.472630
vt 0.188899 0.413515
vt 0.188899 0.446193
vt 0.557965 0.045084
vt 0.403667 0.135782
vt 0.577845 0.051836
vt 0.576653 0.051836
vt 0.419074 0.146403
vt 0.419200 0.146397
vt 0.619011 0.089548
vt 0.420224 0.147045
vt 0.578201 0.053623
vt 0.408374 0.138982
vt 0.274678 0.469332
vt 0.565032 0.615281
vt 0.489258 0.551568
vt 0.403872 0.135771
vt 0.559412 0.045084
vt 0.421705 0.148198
vt 0.615095 0.079670
vt 0.548683 0.551625
vt 0.525824 0.615361
vt 0.546317 0.615337
vt 0.505435 0.615336
vt 0.490533 0.465666
vt 0.572630 0.090005
vt 0.603674 0.081775
vt 0.615449 0.092022
vt 0.403872 0.135771
vt 0.559412 0.045084
vt 0.552797 0.043971
vt 0.552797 0.043971
vt 0.578201 0.053623
vt 0.576683 0.053623
vt 0.414720 0.143566
vt 0.413841 0.429083
vt 0.406326 0.423544
vt 0.419074 0.146403
vt 0.420224 0.147045
vt 0.406080 0.417597
vt 0.412949 0.429083
vt 0.413397 0.439786
vt 0.577845 0.051836
vt 0.570856 0.028692
vt 0.573184 0.028692
vt 0.550473 0.043971
vt 0.550473 0.043971
vt 0.617195 0.084609
vt 0.616102 0.082411
vt 0.618721 0.088570
vt 0.420530 0.147296
vt 0.615250 0.105678
vt 0.589904 0.129686
vt 0.617845 0.086807
vt 0.415245 0.143605
vt 0.589904 0.070277
vt 0.615581 0.080648
vt 0.413841 0.377399
vt 0.412948 0.377399
vt 0.406326 0.382938
vt 0.257028 0.482994
vt 0.417891 0.145632
vt 0.411956 0.141530
vt 0.409838 0.139905
vt 0.413397 0.366695
vt 0.414026 0.403241
vt 0.406577 0.388884
vt 0.406680 0.403241
vt 0.406577 0.417597
vt 0.252439 0.481031
vt 0.255419 0.482275
vt 0.253312 0.481442
vt 0.562935 0.465667
vt 0.561695 0.048209
vt 0.557965 0.045084
vt 0.563419 0.048209
vt 0.407480 0.138547
vt 0.413063 0.142077
vt 0.403667 0.135782
vt 0.544620 0.465723
vt 0.567398 0.551569
vt 0.570025 0.052009
vt 0.570978 0.047993
vt 0.569958 0.047993
vt 0.561640 0.044988
vt 0.406150 0.137353
vt 0.419200 0.146397
vt 0.576653 0.051836
vt 0.419939 0.147060
vt 0.571783 0.052009
vt 0.405961 0.137363
vt 0.562777 0.044988
vt 0.412728 0.142095
vt 0.408034 0.138518
vt 0.415312 0.143535
vt 0.730021 0.439786
vt 0.589429 0.120986
vt 0.746036 0.120985
vt 0.712576 0.154247
vt 0.746511 0.129686
vt 0.571546 0.103662
vt 0.585940 0.080940
vt 0.614365 0.105678
vt 0.769535 0.152232
vt 0.601056 0.114744
vt 0.583319 0.113909
vt 0.638395 0.102003
vt 0.585940 0.080940
vt 0.614365 0.105678
vt 0.637028 0.102003
vt 0.507802 0.551625
vt 0.412764 0.403241
vt 0.279988 0.470830
vt 0.255419 0.482275
vt 0.406080 0.388884
vt 0.405977 0.403241
vt 0.257028 0.482994
vt 0.412948 0.377399
vt 0.275816 0.469570
vt 0.729575 0.377398
vt 0.508730 0.465723
vt 0.730020 0.366694
vt 0.528190 0.551650
vt 0.278180 0.470237
vt 0.589231 0.099981
vt 0.526650 0.465748
vt 0.711209 0.154247
vt 0.253376 0.481401
vt 0.413397 0.366695
vt 0.590577 0.099981
vt 0.769535 0.152232
vt 0.637028 0.102003
vt 0.712576 0.154247
vt 0.746511 0.070276
vt 0.590379 0.078977
vt 0.573515 0.090005
vt 0.552797 0.043971
vt 0.572630 0.090005
vt 0.730466 0.377398
vt 0.413841 0.377399
vt 0.586825 0.080940
vt 0.414026 0.403241
vt 0.550473 0.043971
vt 0.638395 0.102003
vt 0.746993 0.078977
vt 0.711209 0.154247
vt 0.747191 0.099981
vt 0.413841 0.429083
vt 0.412764 0.403241
vt 0.730651 0.403240
vt 0.601056 0.114744
vt 0.583319 0.113909
vt 0.604559 0.081775
vt 0.584204 0.113909
vt 0.603674 0.081775
vt 0.570856 0.028692
vt 0.616334 0.092022
vt 0.573184 0.028692
vt 0.601941 0.114744
vt 0.746993 0.120985
vt 0.590379 0.120986
vt 0.615449 0.092022
vt 0.660076 0.085763
vt 0.746036 0.078977
vt 0.412949 0.429083
vt 0.572431 0.103662
vt 0.571546 0.103662
vt 0.729575 0.429082
vt 0.589429 0.078977
vt 0.729390 0.403240
vt 0.413397 0.439786
vt 0.730466 0.429082
vt 0.745838 0.099981
vt 0.138613 0.429854
vt 0.169692 0.472630
vt 0.200770 0.515406
vt 0.239186 0.462532
vt 0.188899 0.446193
vt 0.239185 0.397176
vt 0.188899 0.413515
vt 0.169692 0.387078
vt 0.200770 0.344302
vt 0.138613 0.324106
vt 0.138613 0.376980
vt 0.107534 0.387078
vt 0.076456 0.344302
vt 0.038040 0.397176
vt 0.088327 0.413515
vt 0.138613 0.535602
vt 0.107534 0.472630
vt 0.038040 0.462532
vt 0.088327 0.446193
vt 0.076456 0.515406
vt 0.138613 0.482728
vt 0.628576 0.543735
vt 0.704328 0.543734
vt 0.628576 0.567228
vt 0.704328 0.567228
vt 0.704328 0.590722
vt 0.628576 0.590722
vt 0.628577 0.614216
vt 0.704328 0.614215
vt 0.628577 0.637710
vt 0.704328 0.637709
vt 0.704328 0.661203
vt 0.628577 0.661204
vt 0.704328 0.684697
vt 0.704328 0.708191
vt 0.628577 0.684697
vt 0.628577 0.708191
vt 0.628576 0.473253
vt 0.704328 0.473253
vt 0.628576 0.496747
vt 0.628576 0.520241
vt 0.704328 0.496747
vt 0.704328 0.520240
vt 0.200770 0.515406
vt 0.239186 0.462532
vt 0.239185 0.397176
vt 0.200770 0.344302
vt 0.138613 0.324106
vt 0.076456 0.344302
vt 0.038040 0.397176
vt 0.038040 0.462532
vt 0.138613 0.535602
vt 0.076456 0.515406
vt 0.188899 0.413515
vt 0.107534 0.387078
vt 0.188899 0.446193
vt 0.088327 0.413515
vt 0.169692 0.387078
vt 0.169692 0.472630
vt 0.088327 0.446193
vt 0.138613 0.376980
vt 0.107534 0.472630
vt 0.138613 0.482728
vt 0.138613 0.429854
vt 0.557965 0.045084
vt 0.403667 0.135782
vt 0.577845 0.051836
vt 0.576653 0.051836
vt 0.419074 0.146403
vt 0.419200 0.146397
vt 0.619011 0.089548
vt 0.420224 0.147045
vt 0.578201 0.053623
vt 0.408374 0.138982
vt 0.274678 0.469332
vt 0.565032 0.615281
vt 0.489258 0.551568
vt 0.403872 0.135771
vt 0.559412 0.045084
vt 0.421705 0.148198
vt 0.615095 0.079670
vt 0.548683 0.551625
vt 0.525824 0.615361
vt 0.505435 0.615336
vt 0.490533 0.465666
vt 0.546317 0.615337
vt 0.572630 0.090005
vt 0.603674 0.081775
vt 0.615449 0.092022
vt 0.559412 0.045084
vt 0.403872 0.135771
vt 0.552797 0.043971
vt 0.552797 0.043971
vt 0.578201 0.053623
vt 0.414720 0.143566
vt 0.576683 0.053623
vt 0.406326 0.423544
vt 0.419074 0.146403
vt 0.413841 0.429083
vt 0.406080 0.417597
vt 0.550473 0.043971
vt 0.412949 0.429083
vt 0.577845 0.051836
vt 0.420224 0.147045
vt 0.413397 0.439786
vt 0.570856 0.028692
vt 0.573184 0.028692
vt 0.550473 0.043971
vt 0.420530 0.147296
vt 0.615250 0.105678
vt 0.616102 0.082411
vt 0.617195 0.084609
vt 0.618721 0.088570
vt 0.589904 0.129686
vt 0.257028 0.482994
vt 0.589904 0.070277
vt 0.409838 0.139905
vt 0.411956 0.141530
vt 0.615581 0.080648
vt 0.417891 0.145632
vt 0.412948 0.377399
vt 0.406680 0.403241
vt 0.406326 0.382938
vt 0.406577 0.388884
vt 0.406577 0.417597
vt 0.413397 0.366695
vt 0.414026 0.403241
vt 0.415245 0.143605
vt 0.253312 0.481442
vt 0.413841 0.377399
vt 0.617845 0.086807
vt 0.255419 0.482275
vt 0.562935 0.465667
vt 0.544620 0.465723
vt 0.252439 0.481031
vt 0.569958 0.047993
vt 0.570978 0.047993
vt 0.407480 0.138547
vt 0.561695 0.048209
vt 0.403667 0.135782
vt 0.567398 0.551569
vt 0.563419 0.048209
vt 0.570025 0.052009
vt 0.561640 0.044988
vt 0.413063 0.142077
vt 0.419200 0.146397
vt 0.406150 0.137353
vt 0.557965 0.045084
vt 0.419939 0.147060
vt 0.415312 0.143535
vt 0.405961 0.137363
vt 0.571783 0.052009
vt 0.562777 0.044988
vt 0.412728 0.142095
vt 0.408034 0.138518
vt 0.576653 0.051836
vt 0.746511 0.129686
vt 0.589429 0.120986
vt 0.746036 0.120985
vt 0.730021 0.439786
vt 0.769535 0.152232
vt 0.712576 0.154247
vt 0.583319 0.113909
vt 0.571546 0.103662
vt 0.585940 0.080940
vt 0.638395 0.102003
vt 0.585940 0.080940
vt 0.614365 0.105678
vt 0.601056 0.114744
vt 0.614365 0.105678
vt 0.637028 0.102003
vt 0.257028 0.482994
vt 0.279988 0.470830
vt 0.255419 0.482275
vt 0.405977 0.403241
vt 0.406080 0.388884
vt 0.412764 0.403241
vt 0.412948 0.377399
vt 0.507802 0.551625
vt 0.508730 0.465723
vt 0.711209 0.154247
vt 0.528190 0.551650
vt 0.730020 0.366694
vt 0.712576 0.154247
vt 0.590577 0.099981
vt 0.589231 0.099981
vt 0.729575 0.377398
vt 0.275816 0.469570
vt 0.526650 0.465748
vt 0.278180 0.470237
vt 0.253376 0.481401
vt 0.413397 0.366695
vt 0.711209 0.154247
vt 0.637028 0.102003
vt 0.769535 0.152232
vt 0.573515 0.090005
vt 0.746511 0.070276
vt 0.414026 0.403241
vt 0.730466 0.377398
vt 0.413841 0.377399
vt 0.572630 0.090005
vt 0.586825 0.080940
vt 0.552797 0.043971
vt 0.590379 0.078977
vt 0.746993 0.078977
vt 0.550473 0.043971
vt 0.638395 0.102003
vt 0.745838 0.099981
vt 0.746993 0.120985
vt 0.747191 0.099981
vt 0.730651 0.403240
vt 0.413841 0.429083
vt 0.583319 0.113909
vt 0.570856 0.028692
vt 0.603674 0.081775
vt 0.590379 0.120986
vt 0.589429 0.078977
vt 0.573184 0.028692
vt 0.601056 0.114744
vt 0.584204 0.113909
vt 0.412949 0.429083
vt 0.604559 0.081775
vt 0.601941 0.114744
vt 0.660076 0.085763
vt 0.413397 0.439786
vt 0.730466 0.429082
vt 0.615449 0.092022
vt 0.572431 0.103662
vt 0.729575 0.429082
vt 0.616334 0.092022
vt 0.571546 0.103662
vt 0.729390 0.403240
vt 0.412764 0.403241
vt 0.746036 0.078977
vt 0.138613 0.429854
vt 0.169692 0.472630
vt 0.200770 0.515406
vt 0.239186 0.462532
vt 0.188899 0.446193
vt 0.188899 0.413515
vt 0.239185 0.397176
vt 0.169692 0.387078
vt 0.200770 0.344302
vt 0.138613 0.376980
vt 0.138613 0.324106
vt 0.076456 0.344302
vt 0.107534 0.387078
vt 0.088327 0.413515
vt 0.038040 0.397176
vt 0.138613 0.535602
vt 0.107534 0.472630
vt 0.088327 0.446193
vt 0.038040 0.462532
vt 0.076456 0.515406
vt 0.138613 0.482728
vt 0.628576 0.543735
vt 0.704328 0.543734
vt 0.628576 0.567228
vt 0.704328 0.567228
vt 0.628576 0.590722
vt 0.704328 0.590722
vt 0.628577 0.614216
vt 0.704328 0.614215
vt 0.628577 0.637710
vt 0.704328 0.637709
vt 0.628577 0.661204
vt 0.704328 0.661203
vt 0.628577 0.684697
vt 0.704328 0.708191
vt 0.704328 0.684697
vt 0.628577 0.708191
vt 0.628576 0.473253
vt 0.704328 0.520240
vt 0.628576 0.496747
vt 0.704328 0.473253
vt 0.704328 0.496747
vt 0.628576 0.520241
vt 0.138613 0.535602
vt 0.200770 0.515406
vt 0.239186 0.462532
vt 0.239185 0.397176
vt 0.200770 0.344302
vt 0.138613 0.324106
vt 0.076456 0.344302
vt 0.038040 0.397176
vt 0.138613 0.531624
vt 0.038040 0.462532
vt 0.076456 0.515406
vt 0.107534 0.387078
vt 0.188899 0.413515
vt 0.169692 0.472630
vt 0.169692 0.387078
vt 0.088327 0.446193
vt 0.138613 0.376980
vt 0.138613 0.482728
vt 0.107534 0.472630
vt 0.188899 0.446193
vt 0.088327 0.413515
vt 0.138613 0.429854
vt 0.229938 -1.000000
vt 0.099086 -0.029640
vt 0.052345 -0.105494
vt 0.000000 -0.228584
vt 0.007110 -0.296774
vt 0.336187 -0.029025
vt 0.154845 -0.038147
vt 0.334335 -0.057237
vt 0.030424 -0.203696
vt 0.190526 -0.087219
vt 0.073785 -0.119953
vt 0.345373 -0.104517
vt 0.216881 -0.131119
vt 0.104884 -0.143107
vt 0.058603 -0.218704
vt 0.036796 -0.305504
vt 0.136675 -0.177563
vt 0.252782 -0.170595
vt 0.364992 -0.150312
vt 0.376838 -0.196373
vt 0.279660 -0.190652
vt 0.183161 -0.210439
vt 0.093519 -0.242138
vt 0.368473 -0.244696
vt 0.147039 -0.266592
vt 0.256405 -0.234651
vt 0.355409 -0.297732
vt 0.230542 -0.287004
vt 0.172321 -0.322316
vt 0.387899 -0.957338
vt 0.290940 -0.941555
vt 0.179022 -0.951583
vt 0.103692 -0.949740
vt 0.071766 -0.866506
vt 0.140648 -0.898191
vt 0.232286 -0.909564
vt 0.401202 -0.914833
vt 0.396561 -0.870649
vt 0.301456 -0.882729
vt 0.385702 -0.822114
vt 0.200771 -0.863766
vt 0.280008 -0.837117
vt 0.380349 -0.766554
vt 0.269502 -0.781571
vt 0.017323 -0.861053
vt 0.121375 -0.836530
vt 0.185232 -0.806557
vt 0.048828 -0.704061
vt 0.099316 -0.683955
vt 0.166040 -0.663852
vt 0.372486 -0.637005
vt 0.255071 -0.647089
vt 0.076180 -0.319938
vt 0.109791 -0.329032
vt 0.115642 -0.379751
vt 0.356892 -0.424431
vt 0.236771 -0.497510
vt 0.182565 -0.370172
vt 0.229200 -0.421229
vt 0.145108 -0.500359
vt 0.298854 -0.361984
vt 0.138018 -0.415270
vt 0.361770 -0.495672
vt 0.503555 -0.999684
vt 0.768257 -0.999397
vt 0.503555 -0.961154
vt 0.503555 -0.915581
vt 0.503555 -0.868277
vt 0.503555 -0.817500
vt 0.503555 -0.761513
vt 0.503555 -0.633606
vt 0.503555 -0.495206
vt 0.503555 -0.425921
vt 0.503555 -0.359150
vt 0.503555 -0.301734
vt 0.503555 -0.247176
vt 0.503555 -0.195926
vt 0.503555 -0.146460
vt 0.503555 -0.098176
vt 0.503555 -0.050620
vt 0.503555 -0.000000
vt 0.912534 -0.032909
vt 0.971705 -0.104843
vt 0.972671 -0.232168
vt 1.000000 -0.296774
vt 0.670923 -0.029025
vt 0.672775 -0.057237
vt 0.852265 -0.038147
vt 0.976686 -0.203696
vt 0.816584 -0.087219
vt 0.933325 -0.119953
vt 0.661737 -0.104517
vt 0.902226 -0.143107
vt 0.790229 -0.131119
vt 0.948507 -0.218704
vt 0.970314 -0.305504
vt 0.870435 -0.177563
vt 0.754328 -0.170595
vt 0.642118 -0.150312
vt 0.630272 -0.196373
vt 0.727450 -0.190652
vt 0.823949 -0.210439
vt 0.913590 -0.242138
vt 0.638637 -0.244696
vt 0.750705 -0.234651
vt 0.860071 -0.266592
vt 0.776568 -0.287004
vt 0.651701 -0.297732
vt 0.834789 -0.322316
vt 0.619211 -0.957338
vt 0.716169 -0.941555
vt 0.828088 -0.951583
vt 0.891753 -0.949021
vt 0.935344 -0.866506
vt 0.866462 -0.898191
vt 0.605908 -0.914833
vt 0.774824 -0.909564
vt 0.705654 -0.882729
vt 0.610549 -0.870649
vt 0.621408 -0.822114
vt 0.727102 -0.837117
vt 0.806339 -0.863766
vt 0.626761 -0.766554
vt 0.737608 -0.781571
vt 0.821878 -0.806557
vt 0.977433 -0.859958
vt 0.885735 -0.836530
vt 0.958282 -0.704061
vt 0.907794 -0.683955
vt 0.841070 -0.663852
vt 0.634624 -0.637005
vt 0.897319 -0.329032
vt 0.930929 -0.319938
vt 0.752039 -0.647089
vt 0.891468 -0.379751
vt 0.708256 -0.361984
vt 0.824545 -0.370172
vt -0.280844 -0.639246
vt 0.777910 -0.421229
vt 0.862002 -0.500359
vt 0.650218 -0.424431
vt 0.645340 -0.495672
vt 0.869092 -0.415270
vt 0.770339 -0.497510
vt -0.153105 -0.639246
vt -0.265439 -0.640339
vt -0.289480 -0.500333
vt -0.216973 -0.641778
vt -0.168509 -0.640339
vt -0.145270 -0.500333
vt -0.280844 -0.639246
vt -0.153105 -0.639246
vt 0.079366 -0.503851
vt 0.032126 -0.507960
vt 0.007782 -0.512713
vt 0.974717 -0.501946
vt 0.927744 -0.503851
vt 0.976350 -0.402710
vt 0.944011 -0.392001
vt 0.063099 -0.392001
vt 0.030760 -0.402710
vt 0.974984 -0.507960
vt -0.289480 -0.500333
vt -0.145270 -0.500333
vt -0.216973 -0.641778
vt -0.265439 -0.640339
vt -0.168509 -0.640339
vt 0.000000 -1.000000
vt 1.000000 -0.000000
vt 1.000000 -1.000000
vt 0.000000 -0.000000
vt 0.000000 -1.000000
vt 1.000000 -0.000000
vt 1.000000 -1.000000
vt 0.000000 -0.000000
g studio.a10.mesh_0
f 196/196/196 197/197/197 195/195/195
f 29/29/29 39/39/39 26/26/26
f 35/35/35 39/39/39 29/29/29
f 33/33/33 39/39/39 35/35/35
f 34/34/34 33/33/33 35/35/35
f 36/36/36 38/38/38 34/34/34
f 32/32/32 36/36/36 34/34/34
f 32/32/32 34/34/34 35/35/35
f 15/15/15 32/32/32 35/35/35
f 61/61/61 15/15/15 35/35/35
f 62/62/62 15/15/15 61/61/61
f 63/63/63 62/62/62 61/61/61
f 59/59/59 63/63/63 61/61/61
f 47/47/47 59/59/59 61/61/61
f 45/45/45 59/59/59 47/47/47
f 49/49/49 45/45/45 47/47/47
f 48/48/48 49/49/49 47/47/47
f 1054/1054/1054 1053/1053/1053 1052/1052/1052
f 1054/1054/1054 1051/1051/1051 1049/1049/1049
f 1014/1014/1014 1016/1016/1016 1019/1019/1019
f 1018/1018/1018 1016/1016/1016 1012/1012/1012
f 1016/1016/1016 1018/1018/1018 1017/1017/1017
f 1019/1019/1019 1016/1016/1016 1017/1017/1017
f 1015/1015/1015 1019/1019/1019 1017/1017/1017
f 1011/1011/1011 1008/1008/1008 1009/1009/1009
f 1007/1007/1007 1006/1006/1006 1011/1011/1011
f 1011/1011/1011 1013/1013/1013 1007/1007/1007
f 1013/1013/1013 1011/1011/1011 1009/1009/1009
f 1010/1010/1010 1013/1013/1013 1009/1009/1009
f 982/982/982 984/984/984 986/986/986
f 987/987/987 984/984/984 980/980/980
f 984/984/984 987/987/987 985/985/985
f 986/986/986 984/984/984 985/985/985
f 983/983/983 986/986/986 985/985/985
f 978/978/978 976/976/976 977/977/977
f 975/975/975 974/974/974 978/978/978
f 978/978/978 981/981/981 975/975/975
f 981/981/981 978/978/978 977/977/977
f 979/979/979 981/981/981 977/977/977
f 955/955/955 956/956/956 954/954/954
f 955/955/955 957/957/957 956/956/956
f 943/943/943 944/944/944 942/942/942
f 943/943/943 945/945/945 944/944/944
f 939/939/939 940/940/940 938/938/938
f 939/939/939 941/941/941 940/940/940
f 924/924/924 926/926/926 931/931/931
f 921/921/921 926/926/926 924/924/924
f 922/922/922 921/921/921 923/923/923
f 924/924/924 923/923/923 921/921/921
f 897/897/897 898/898/898 926/926/926
f 886/886/886 922/922/922 928/928/928
f 923/923/923 928/928/928 922/922/922
f 929/929/929 928/928/928 923/923/923
f 932/932/932 928/928/928 929/929/929
f 931/931/931 932/932/932 929/929/929
f 933/933/933 932/932/932 931/931/931
f 931/931/931 926/926/926 933/933/933
f 933/933/933 926/926/926 930/930/930
f 930/930/930 926/926/926 898/898/898
f 898/898/898 927/927/927 930/930/930
f 930/930/930 927/927/927 925/925/925
f 927/927/927 928/928/928 925/925/925
f 925/925/925 928/928/928 932/932/932
f 913/913/913 919/919/919 910/910/910
f 912/912/912 918/918/918 920/920/920
f 911/911/911 918/918/918 912/912/912
f 912/912/912 910/910/910 911/911/911
f 909/909/909 911/911/911 910/910/910
f 910/910/910 919/919/919 909/909/909
f 908/908/908 909/909/909 919/919/919
f 884/884/884 891/891/891 885/885/885
f 918/918/918 885/885/885 891/891/891
f 891/891/891 895/895/895 918/918/918
f 914/914/914 918/918/918 895/895/895
f 895/895/895 906/906/906 914/914/914
f 916/916/916 914/914/914 906/906/906
f 906/906/906 919/919/919 916/916/916
f 916/916/916 919/919/919 917/917/917
f 917/917/917 919/919/919 913/913/913
f 913/913/913 920/920/920 917/917/917
f 915/915/915 917/917/917 920/920/920
f 920/920/920 918/918/918 915/915/915
f 915/915/915 918/918/918 914/914/914
f 904/904/904 907/907/907 905/905/905
f 902/902/902 905/905/905 907/907/907
f 907/907/907 896/896/896 902/902/902
f 894/894/894 902/902/902 896/896/896
f 896/896/896 890/890/890 894/894/894
f 889/889/889 894/894/894 890/890/890
f 890/890/890 881/881/881 889/889/889
f 880/880/880 889/889/889 881/881/881
f 9/9/9 10/10/10 12/12/12
f 10/10/10 13/13/13 12/12/12
f 12/12/12 13/13/13 14/14/14
f 14/14/14 13/13/13 11/11/11
f 8/8/8 14/14/14 11/11/11
f 7/7/7 8/8/8 11/11/11
f 6/6/6 8/8/8 7/7/7
f 5/5/5 6/6/6 7/7/7
f 4/4/4 5/5/5 7/7/7
f 3/3/3 5/5/5 4/4/4
f 2/2/2 5/5/5 3/3/3
f 65/65/65 5/5/5 2/2/2
f 60/60/60 65/65/65 2/2/2
f 66/66/66 65/65/65 60/60/60
f 64/64/64 65/65/65 66/66/66
f 1/1/1 65/65/65 64/64/64
f 54/54/54 65/65/65 1/1/1
f 46/46/46 54/54/54 1/1/1
f 52/52/52 54/54/54 46/46/46
f 53/53/53 54/54/54 52/52/52
f 850/850/850 851/851/851 847/847/847
f 1047/1047/1047 1050/1050/1050 1046/1046/1046
f 1048/1048/1048 1046/1046/1046 1050/1050/1050
f 1046/1046/1046 1048/1048/1048 1045/1045/1045
f 1044/1044/1044 1045/1045/1045 1048/1048/1048
f 1038/1038/1038 1039/1039/1039 1041/1041/1041
f 1042/1042/1042 1041/1041/1041 1039/1039/1039
f 1041/1041/1041 1042/1042/1042 1043/1043/1043
f 1040/1040/1040 1043/1043/1043 1042/1042/1042
f 1037/1037/1037 1034/1034/1034 1035/1035/1035
f 1036/1036/1036 1037/1037/1037 1035/1035/1035
f 1033/1033/1033 1030/1030/1030 1031/1031/1031
f 1032/1032/1032 1033/1033/1033 1031/1031/1031
f 1029/1029/1029 1026/1026/1026 1028/1028/1028
f 1027/1027/1027 1029/1029/1029 1028/1028/1028
f 1021/1021/1021 1020/1020/1020 1024/1024/1024
f 1023/1023/1023 1021/1021/1021 1024/1024/1024
f 1023/1023/1023 1024/1024/1024 1025/1025/1025
f 1024/1024/1024 1022/1022/1022 1025/1025/1025
f 973/973/973 970/970/970 971/971/971
f 972/972/972 973/973/973 971/971/971
f 969/969/969 966/966/966 968/968/968
f 967/967/967 969/969/969 968/968/968
f 965/965/965 962/962/962 963/963/963
f 964/964/964 965/965/965 963/963/963
f 961/961/961 958/958/958 960/960/960
f 959/959/959 961/961/961 960/960/960
f 952/952/952 953/953/953 951/951/951
f 950/950/950 952/952/952 951/951/951
f 947/947/947 948/948/948 949/949/949
f 946/946/946 947/947/947 949/949/949
f 935/935/935 936/936/936 937/937/937
f 934/934/934 935/935/935 937/937/937
f 875/875/875 864/864/864 874/874/874
f 875/875/875 874/874/874 869/869/869
f 740/740/740 741/741/741 739/739/739
f 738/738/738 739/739/739 741/741/741
f 736/736/736 737/737/737 735/735/735
f 734/734/734 735/735/735 737/737/737
f 742/742/742 745/745/745 744/744/744
f 743/743/743 744/744/744 745/745/745
f 744/744/744 743/743/743 732/732/732
f 733/733/733 732/732/732 743/743/743
f 732/732/732 733/733/733 730/730/730
f 731/731/731 730/730/730 733/733/733
f 730/730/730 731/731/731 729/729/729
f 728/728/728 729/729/729 731/731/731
f 729/729/729 728/728/728 726/726/726
f 727/727/727 726/726/726 728/728/728
f 726/726/726 727/727/727 725/725/725
f 724/724/724 725/725/725 727/727/727
f 725/725/725 724/724/724 723/723/723
f 722/722/722 723/723/723 724/724/724
f 723/723/723 722/722/722 721/721/721
f 720/720/720 721/721/721 722/722/722
f 715/715/715 717/717/717 716/716/716
f 714/714/714 716/716/716 717/717/717
f 708/708/708 710/710/710 707/707/707
f 706/706/706 707/707/707 710/710/710
f 702/702/702 697/697/697 703/703/703
f 702/702/702 703/703/703 698/698/698
f 689/689/689 687/687/687 686/686/686
f 689/689/689 686/686/686 691/691/691
f 689/689/689 691/691/691 688/688/688
f 749/749/749 748/748/748 746/746/746
f 748/748/748 749/749/749 747/747/747
f 785/785/785 792/792/792 787/787/787
f 791/791/791 787/787/787 792/792/792
f 791/791/791 792/792/792 719/719/719
f 718/718/718 719/719/719 792/792/792
f 866/866/866 683/683/683 861/861/861
f 866/866/866 861/861/861 867/867/867
f 866/866/866 867/867/867 865/865/865
f 866/866/866 865/865/865 684/684/684
f 695/695/695 692/692/692 690/690/690
f 695/695/695 693/693/693 692/692/692
f 695/695/695 694/694/694 693/693/693
f 700/700/700 704/704/704 713/713/713
f 700/700/700 713/713/713 696/696/696
f 677/677/677 676/676/676 674/674/674
f 680/680/680 677/677/677 674/674/674
f 678/678/678 677/677/677 680/680/680
f 682/682/682 678/678/678 680/680/680
f 681/681/681 678/678/678 682/682/682
f 651/651/651 681/681/681 682/682/682
f 652/652/652 681/681/681 651/651/651
f 653/653/653 652/652/652 651/651/651
f 655/655/655 652/652/652 653/653/653
f 654/654/654 655/655/655 653/653/653
f 657/657/657 655/655/655 654/654/654
f 656/656/656 657/657/657 654/654/654
f 658/658/658 657/657/657 656/656/656
f 659/659/659 658/658/658 656/656/656
f 660/660/660 658/658/658 659/659/659
f 699/699/699 660/660/660 659/659/659
f 704/704/704 660/660/660 699/699/699
f 709/709/709 704/704/704 699/699/699
f 713/713/713 704/704/704 709/709/709
f 709/709/709 712/712/712 713/713/713
f 711/711/711 713/713/713 712/712/712
f 701/701/701 709/709/709 699/699/699
f 705/705/705 709/709/709 701/701/701
f 661/661/661 705/705/705 701/701/701
f 666/666/666 863/863/863 665/665/665
f 666/666/666 649/649/649 863/863/863
f 863/863/863 649/649/649 868/868/868
f 871/871/871 863/863/863 868/868/868
f 870/870/870 871/871/871 868/868/868
f 675/675/675 870/870/870 868/868/868
f 672/672/672 675/675/675 868/868/868
f 673/673/673 675/675/675 672/672/672
f 873/873/873 685/685/685 876/876/876
f 862/862/862 860/860/860 879/879/879
f 862/862/862 879/879/879 872/872/872
f 872/872/872 879/879/879 877/877/877
f 876/876/876 872/872/872 877/877/877
f 876/876/876 877/877/877 878/878/878
f 873/873/873 876/876/876 878/878/878
f 873/873/873 878/878/878 679/679/679
f 681/681/681 671/671/671 678/678/678
f 681/681/681 668/668/668 671/671/671
f 668/668/668 667/667/667 671/671/671
f 668/668/668 670/670/670 667/667/667
f 670/670/670 669/669/669 667/667/667
f 670/670/670 650/650/650 669/669/669
f 616/616/616 618/618/618 615/615/615
f 617/617/617 615/615/615 618/618/618
f 615/615/615 617/617/617 614/614/614
f 613/613/613 614/614/614 617/617/617
f 604/604/604 602/602/602 606/606/606
f 604/604/604 606/606/606 603/603/603
f 585/585/585 586/586/586 584/584/584
f 583/583/583 584/584/584 586/586/586
f 584/584/584 583/583/583 576/576/576
f 575/575/575 576/576/576 583/583/583
f 576/576/576 575/575/575 578/578/578
f 579/579/579 578/578/578 575/575/575
f 578/578/578 579/579/579 582/582/582
f 581/581/581 582/582/582 579/579/579
f 582/582/582 581/581/581 580/580/580
f 577/577/577 580/580/580 581/581/581
f 563/563/563 562/562/562 564/564/564
f 561/561/561 563/563/563 564/564/564
f 458/458/458 459/459/459 504/504/504
f 503/503/503 504/504/504 459/459/459
f 504/504/504 503/503/503 506/506/506
f 505/505/505 506/506/506 503/503/503
f 506/506/506 505/505/505 508/508/508
f 507/507/507 508/508/508 505/505/505
f 508/508/508 507/507/507 497/497/497
f 496/496/496 497/497/497 507/507/507
f 456/456/456 457/457/457 455/455/455
f 454/454/454 455/455/455 457/457/457
f 445/445/445 447/447/447 446/446/446
f 444/444/444 446/446/446 447/447/447
f 441/441/441 443/443/443 442/442/442
f 440/440/440 442/442/442 443/443/443
f 437/437/437 439/439/439 438/438/438
f 436/436/436 438/438/438 439/439/439
f 433/433/433 435/435/435 434/434/434
f 432/432/432 434/434/434 435/435/435
f 430/430/430 431/431/431 429/429/429
f 428/428/428 429/429/429 431/431/431
f 425/425/425 427/427/427 426/426/426
f 424/424/424 426/426/426 427/427/427
f 419/419/419 420/420/420 418/418/418
f 414/414/414 419/419/419 418/418/418
f 409/409/409 408/408/408 410/410/410
f 406/406/406 409/409/409 410/410/410
f 400/400/400 391/391/391 394/394/394
f 396/396/396 400/400/400 394/394/394
f 376/376/376 379/379/379 377/377/377
f 375/375/375 377/377/377 379/379/379
f 312/312/312 314/314/314 313/313/313
f 311/311/311 313/313/313 314/314/314
f 304/304/304 307/307/307 305/305/305
f 303/303/303 305/305/305 307/307/307
f 300/300/300 302/302/302 301/301/301
f 299/299/299 301/301/301 302/302/302
f 296/296/296 298/298/298 297/297/297
f 295/295/295 297/297/297 298/298/298
f 286/286/286 288/288/288 287/287/287
f 285/285/285 287/287/287 288/288/288
f 292/292/292 294/294/294 291/291/291
f 293/293/293 291/291/291 294/294/294
f 291/291/291 293/293/293 290/290/290
f 289/289/289 290/290/290 293/293/293
f 290/290/290 289/289/289 284/284/284
f 283/283/283 284/284/284 289/289/289
f 281/281/281 282/282/282 309/309/309
f 310/310/310 309/309/309 282/282/282
f 309/309/309 310/310/310 308/308/308
f 306/306/306 308/308/308 310/310/310
f 275/275/275 277/277/277 280/280/280
f 278/278/278 280/280/280 277/277/277
f 280/280/280 278/278/278 279/279/279
f 276/276/276 279/279/279 278/278/278
f 272/272/272 274/274/274 273/273/273
f 271/271/271 273/273/273 274/274/274
f 252/252/252 255/255/255 251/251/251
f 250/250/250 251/251/251 255/255/255
f 247/247/247 249/249/249 248/248/248
f 246/246/246 248/248/248 249/249/249
f 236/236/236 238/238/238 240/240/240
f 242/242/242 240/240/240 238/238/238
f 240/240/240 242/242/242 241/241/241
f 237/237/237 241/241/241 242/242/242
f 232/232/232 234/234/234 254/254/254
f 253/253/253 254/254/254 234/234/234
f 254/254/254 253/253/253 256/256/256
f 256/256/256 253/253/253 235/235/235
f 233/233/233 235/235/235 253/253/253
f 205/205/205 207/207/207 206/206/206
f 204/204/204 206/206/206 207/207/207
f 72/72/72 81/81/81 73/73/73
f 71/71/71 73/73/73 81/81/81
f 69/69/69 70/70/70 68/68/68
f 67/67/67 68/68/68 70/70/70
f 1005/1005/1005 1002/1002/1002 1004/1004/1004
f 1003/1003/1003 1005/1005/1005 1004/1004/1004
f 1001/1001/1001 998/998/998 999/999/999
f 1000/1000/1000 1001/1001/1001 999/999/999
f 997/997/997 994/994/994 995/995/995
f 996/996/996 997/997/997 995/995/995
f 776/776/776 793/793/793 783/783/783
f 775/775/775 783/783/783 793/793/793
f 782/782/782 783/783/783 775/775/775
f 783/783/783 782/782/782 784/784/784
f 778/778/778 784/784/784 782/782/782
f 803/803/803 802/802/802 806/806/806
f 802/802/802 803/803/803 799/799/799
f 798/798/798 799/799/799 803/803/803
f 799/799/799 798/798/798 796/796/796
f 795/795/795 796/796/796 798/798/798
f 796/796/796 795/795/795 794/794/794
f 793/793/793 794/794/794 795/795/795
f 808/808/808 811/811/811 806/806/806
f 810/810/810 811/811/811 808/808/808
f 811/811/811 810/810/810 848/848/848
f 849/849/849 848/848/848 810/810/810
f 848/848/848 849/849/849 842/842/842
f 838/838/838 842/842/842 849/849/849
f 842/842/842 838/838/838 815/815/815
f 645/645/645 644/644/644 641/641/641
f 644/644/644 645/645/645 647/647/647
f 648/648/648 647/647/647 645/645/645
f 647/647/647 648/648/648 646/646/646
f 640/640/640 642/642/642 639/639/639
f 642/642/642 640/640/640 643/643/643
f 638/638/638 643/643/643 640/640/640
f 643/643/643 638/638/638 637/637/637
f 634/634/634 635/635/635 633/633/633
f 635/635/635 634/634/634 636/636/636
f 632/632/632 636/636/636 634/634/634
f 636/636/636 632/632/632 631/631/631
f 627/627/627 626/626/626 625/625/625
f 626/626/626 627/627/627 630/630/630
f 629/629/629 630/630/630 627/627/627
f 630/630/630 629/629/629 628/628/628
f 621/621/621 620/620/620 619/619/619
f 620/620/620 621/621/621 624/624/624
f 623/623/623 624/624/624 621/621/621
f 624/624/624 623/623/623 622/622/622
f 610/610/610 611/611/611 608/608/608
f 610/610/610 612/612/612 611/611/611
f 600/600/600 601/601/601 599/599/599
f 777/777/777 779/779/779 780/780/780
f 781/781/781 780/780/780 779/779/779
f 780/780/780 781/781/781 774/774/774
f 774/774/774 781/781/781 773/773/773
f 772/772/772 773/773/773 781/781/781
f 770/770/770 771/771/771 769/769/769
f 768/768/768 769/769/769 771/771/771
f 530/530/530 531/531/531 529/529/529
f 528/528/528 530/530/530 529/529/529
f 525/525/525 526/526/526 527/527/527
f 524/524/524 525/525/525 527/527/527
f 498/498/498 499/499/499 501/501/501
f 500/500/500 501/501/501 499/499/499
f 501/501/501 500/500/500 509/509/509
f 511/511/511 509/509/509 500/500/500
f 509/509/509 511/511/511 510/510/510
f 502/502/502 510/510/510 511/511/511
f 484/484/484 488/488/488 485/485/485
f 486/486/486 485/485/485 488/488/488
f 485/485/485 486/486/486 513/513/513
f 514/514/514 513/513/513 486/486/486
f 514/514/514 515/515/515 513/513/513
f 512/512/512 513/513/513 515/515/515
f 591/591/591 596/596/596 590/590/590
f 594/594/594 596/596/596 591/591/591
f 594/594/594 598/598/598 596/596/596
f 598/598/598 597/597/597 596/596/596
f 588/588/588 589/589/589 587/587/587
f 471/471/471 473/473/473 472/472/472
f 470/470/470 472/472/472 473/473/473
f 474/474/474 477/477/477 475/475/475
f 476/476/476 475/475/475 477/477/477
f 475/475/475 476/476/476 469/469/469
f 468/468/468 469/469/469 476/476/476
f 466/466/466 467/467/467 465/465/465
f 464/464/464 465/465/465 467/467/467
f 461/461/461 463/463/463 462/462/462
f 460/460/460 462/462/462 463/463/463
f 353/353/353 354/354/354 352/352/352
f 351/351/351 352/352/352 354/354/354
f 349/349/349 350/350/350 348/348/348
f 347/347/347 348/348/348 350/350/350
f 344/344/344 346/346/346 345/345/345
f 343/343/343 345/345/345 346/346/346
f 340/340/340 342/342/342 341/341/341
f 339/339/339 341/341/341 342/342/342
f 336/336/336 338/338/338 337/337/337
f 335/335/335 337/337/337 338/338/338
f 332/332/332 334/334/334 333/333/333
f 331/331/331 333/333/333 334/334/334
f 328/328/328 330/330/330 329/329/329
f 327/327/327 329/329/329 330/330/330
f 325/325/325 326/326/326 324/324/324
f 323/323/323 324/324/324 326/326/326
f 321/321/321 322/322/322 320/320/320
f 319/319/319 320/320/320 322/322/322
f 315/315/315 316/316/316 318/318/318
f 317/317/317 318/318/318 316/316/316
f 399/399/399 397/397/397 390/390/390
f 398/398/398 397/397/397 399/399/399
f 383/383/383 397/397/397 398/398/398
f 230/230/230 397/397/397 383/383/383
f 397/397/397 230/230/230 231/231/231
f 229/229/229 231/231/231 230/230/230
f 222/222/222 224/224/224 226/226/226
f 225/225/225 226/226/226 224/224/224
f 226/226/226 225/225/225 227/227/227
f 223/223/223 227/227/227 225/225/225
f 220/220/220 221/221/221 219/219/219
f 218/218/218 219/219/219 221/221/221
f 191/191/191 189/189/189 177/177/177
f 191/191/191 177/177/177 178/178/178
f 184/184/184 174/174/174 177/177/177
f 184/184/184 177/177/177 189/189/189
f 189/189/189 190/190/190 184/184/184
f 190/190/190 189/189/189 194/194/194
f 191/191/191 194/194/194 189/189/189
f 194/194/194 191/191/191 193/193/193
f 192/192/192 193/193/193 191/191/191
f 191/191/191 178/178/178 192/192/192
f 178/178/178 179/179/179 192/192/192
f 183/183/183 184/184/184 190/190/190
f 199/199/199 200/200/200 198/198/198
f 199/199/199 198/198/198 180/180/180
f 181/181/181 199/199/199 180/180/180
f 176/176/176 199/199/199 181/181/181
f 176/176/176 187/187/187 199/199/199
f 187/187/187 176/176/176 175/175/175
f 187/187/187 175/175/175 186/186/186
f 186/186/186 185/185/185 187/187/187
f 188/188/188 187/187/187 185/185/185
f 187/187/187 188/188/188 199/199/199
f 182/182/182 199/199/199 188/188/188
f 165/165/165 167/167/167 164/164/164
f 162/162/162 164/164/164 167/167/167
f 160/160/160 159/159/159 161/161/161
f 158/158/158 160/160/160 161/161/161
f 150/150/150 151/151/151 169/169/169
f 173/173/173 169/169/169 151/151/151
f 169/169/169 173/173/173 168/168/168
f 166/166/166 168/168/168 173/173/173
f 120/120/120 132/132/132 121/121/121
f 122/122/122 121/121/121 132/132/132
f 134/134/134 136/136/136 140/140/140
f 141/141/141 140/140/140 136/136/136
f 136/136/136 135/135/135 141/141/141
f 141/141/141 135/135/135 132/132/132
f 132/132/132 135/135/135 122/122/122
f 138/138/138 122/122/122 135/135/135
f 111/111/111 112/112/112 136/136/136
f 135/135/135 136/136/136 112/112/112
f 106/106/106 107/107/107 103/103/103
f 107/107/107 106/106/106 110/110/110
f 108/108/108 110/110/110 106/106/106
f 110/110/110 108/108/108 109/109/109
f 104/104/104 109/109/109 108/108/108
f 109/109/109 104/104/104 105/105/105
f 116/116/116 105/105/105 104/104/104
f 105/105/105 116/116/116 102/102/102
f 117/117/117 102/102/102 116/116/116
f 102/102/102 117/117/117 101/101/101
f 114/114/114 101/101/101 117/117/117
f 101/101/101 114/114/114 137/137/137
f 139/139/139 137/137/137 114/114/114
f 138/138/138 137/137/137 139/139/139
f 137/137/137 138/138/138 100/100/100
f 135/135/135 100/100/100 138/138/138
f 100/100/100 135/135/135 99/99/99
f 112/112/112 99/99/99 135/135/135
f 113/113/113 139/139/139 115/115/115
f 114/114/114 115/115/115 139/139/139
f 115/115/115 114/114/114 118/118/118
f 117/117/117 118/118/118 114/114/114
f 118/118/118 117/117/117 119/119/119
f 116/116/116 119/119/119 117/117/117
f 99/99/99 112/112/112 98/98/98
f 145/145/145 98/98/98 112/112/112
f 98/98/98 145/145/145 142/142/142
f 142/142/142 145/145/145 146/146/146
f 146/146/146 145/145/145 143/143/143
f 663/663/663 662/662/662 826/826/826
f 663/663/663 826/826/826 829/829/829
f 663/663/663 829/829/829 831/831/831
f 829/829/829 823/823/823 831/831/831
f 832/832/832 831/831/831 823/823/823
f 831/831/831 832/832/832 828/828/828
f 823/823/823 829/829/829 830/830/830
f 830/830/830 829/829/829 827/827/827
f 827/827/827 829/829/829 825/825/825
f 826/826/826 825/825/825 829/829/829
f 825/825/825 826/826/826 824/824/824
f 824/824/824 826/826/826 822/822/822
f 19/19/19 20/20/20 27/27/27
f 20/20/20 24/24/24 27/27/27
f 27/27/27 24/24/24 21/21/21
f 21/21/21 24/24/24 23/23/23
f 18/18/18 21/21/21 23/23/23
f 22/22/22 21/21/21 18/18/18
f 25/25/25 22/22/22 18/18/18
f 28/28/28 22/22/22 25/25/25
f 30/30/30 22/22/22 28/28/28
f 30/30/30 28/28/28 40/40/40
f 17/17/17 30/30/30 40/40/40
f 31/31/31 17/17/17 40/40/40
f 31/31/31 40/40/40 37/37/37
f 16/16/16 31/31/31 37/37/37
f 574/574/574 573/573/573 566/566/566
f 574/574/574 572/572/572 573/573/573
f 574/574/574 571/571/571 572/572/572
f 570/570/570 572/572/572 571/571/571
f 560/560/560 558/558/558 557/557/557
f 560/560/560 559/559/559 558/558/558
f 555/555/555 556/556/556 554/554/554
f 762/762/762 765/765/765 766/766/766
f 767/767/767 766/766/766 765/765/765
f 766/766/766 767/767/767 763/763/763
f 764/764/764 763/763/763 767/767/767
f 763/763/763 764/764/764 760/760/760
f 761/761/761 760/760/760 764/764/764
f 760/760/760 761/761/761 759/759/759
f 758/758/758 759/759/759 761/761/761
f 759/759/759 758/758/758 756/756/756
f 757/757/757 756/756/756 758/758/758
f 756/756/756 757/757/757 754/754/754
f 755/755/755 754/754/754 757/757/757
f 754/754/754 755/755/755 753/753/753
f 752/752/752 753/753/753 755/755/755
f 753/753/753 752/752/752 786/786/786
f 789/789/789 786/786/786 752/752/752
f 789/789/789 788/788/788 786/786/786
f 790/790/790 786/786/786 788/788/788
f 790/790/790 788/788/788 751/751/751
f 750/750/750 751/751/751 788/788/788
f 553/553/553 551/551/551 550/550/550
f 553/553/553 552/552/552 551/551/551
f 549/549/549 548/548/548 546/546/546
f 549/549/549 547/547/547 548/548/548
f 541/541/541 542/542/542 540/540/540
f 261/261/261 262/262/262 259/259/259
f 260/260/260 259/259/259 262/262/262
f 259/259/259 260/260/260 257/257/257
f 258/258/258 257/257/257 260/260/260
f 257/257/257 258/258/258 264/264/264
f 263/263/263 264/264/264 258/258/258
f 264/264/264 263/263/263 266/266/266
f 265/265/265 266/266/266 263/263/263
f 266/266/266 265/265/265 270/270/270
f 269/269/269 270/270/270 265/265/265
f 270/270/270 269/269/269 268/268/268
f 267/267/267 268/268/268 269/269/269
f 901/901/901 903/903/903 900/900/900
f 899/899/899 900/900/900 903/903/903
f 903/903/903 893/893/893 899/899/899
f 892/892/892 899/899/899 893/893/893
f 893/893/893 888/888/888 892/892/892
f 887/887/887 892/892/892 888/888/888
f 888/888/888 883/883/883 887/887/887
f 882/882/882 887/887/887 883/883/883
f 833/833/833 664/664/664 845/845/845
f 845/845/845 846/846/846 833/833/833
f 846/846/846 845/845/845 843/843/843
f 841/841/841 843/843/843 845/845/845
f 843/843/843 841/841/841 837/837/837
f 839/839/839 837/837/837 841/841/841
f 837/837/837 839/839/839 840/840/840
f 844/844/844 840/840/840 839/839/839
f 840/840/840 844/844/844 836/836/836
f 836/836/836 844/844/844 835/835/835
f 839/839/839 664/664/664 844/844/844
f 845/845/845 664/664/664 839/839/839
f 841/841/841 845/845/845 839/839/839
f 989/989/989 988/988/988 993/993/993
f 992/992/992 989/989/989 993/993/993
f 992/992/992 993/993/993 991/991/991
f 993/993/993 990/990/990 991/991/991
f 452/452/452 593/593/593 453/453/453
f 595/595/595 453/453/453 593/593/593
f 593/593/593 592/592/592 595/595/595
f 592/592/592 481/481/481 595/595/595
f 480/480/480 595/595/595 481/481/481
f 450/450/450 451/451/451 449/449/449
f 448/448/448 451/451/451 450/450/450
f 422/422/422 423/423/423 421/421/421
f 402/402/402 423/423/423 405/405/405
f 404/404/404 402/402/402 405/405/405
f 404/404/404 405/405/405 403/403/403
f 412/412/412 413/413/413 411/411/411
f 202/202/202 413/413/413 201/201/201
f 365/365/365 366/366/366 364/364/364
f 43/43/43 44/44/44 41/41/41
f 42/42/42 44/44/44 43/43/43
f 57/57/57 79/79/79 58/58/58
f 82/82/82 58/58/58 79/79/79
f 79/79/79 83/83/83 82/82/82
f 82/82/82 83/83/83 75/75/75
f 75/75/75 83/83/83 77/77/77
f 80/80/80 75/75/75 77/77/77
f 74/74/74 80/80/80 77/77/77
f 74/74/74 77/77/77 78/78/78
f 55/55/55 74/74/74 78/78/78
f 55/55/55 78/78/78 51/51/51
f 55/55/55 51/51/51 50/50/50
f 76/76/76 83/83/83 79/79/79
f 83/83/83 78/78/78 77/77/77
f 84/84/84 78/78/78 83/83/83
f 76/76/76 84/84/84 83/83/83
f 56/56/56 84/84/84 76/76/76
f 362/362/362 363/363/363 361/361/361
f 153/153/153 172/172/172 171/171/171
f 171/171/171 172/172/172 170/170/170
f 170/170/170 172/172/172 163/163/163
f 152/152/152 163/163/163 172/172/172
f 244/244/244 245/245/245 243/243/243
f 157/157/157 155/155/155 154/154/154
f 157/157/157 156/156/156 155/155/155
f 387/387/387 395/395/395 388/388/388
f 395/395/395 389/389/389 388/388/388
f 389/389/389 395/395/395 392/392/392
f 395/395/395 393/393/393 392/392/392
f 393/393/393 385/385/385 392/392/392
f 385/385/385 393/393/393 384/384/384
f 228/228/228 385/385/385 384/384/384
f 392/392/392 386/386/386 389/389/389
f 381/381/381 382/382/382 380/380/380
f 378/378/378 380/380/380 382/382/382
f 382/382/382 356/356/356 378/378/378
f 355/355/355 378/378/378 356/356/356
f 543/543/543 545/545/545 239/239/239
f 543/543/543 544/544/544 545/545/545
f 217/217/217 216/216/216 215/215/215
f 216/216/216 217/217/217 214/214/214
f 213/213/213 214/214/214 217/217/217
f 214/214/214 213/213/213 212/212/212
f 211/211/211 212/212/212 213/213/213
f 369/369/369 371/371/371 368/368/368
f 367/367/367 368/368/368 371/371/371
f 371/371/371 358/358/358 367/367/367
f 357/357/357 367/367/367 358/358/358
f 209/209/209 210/210/210 208/208/208
f 372/372/372 374/374/374 373/373/373
f 370/370/370 373/373/373 374/374/374
f 374/374/374 360/360/360 370/370/370
f 359/359/359 370/370/370 360/360/360
f 407/407/407 416/416/416 203/203/203
f 415/415/415 416/416/416 407/407/407
f 417/417/417 416/416/416 415/415/415
f 416/416/416 417/417/417 401/401/401
f 128/128/128 144/144/144 133/133/133
f 144/144/144 128/128/128 85/85/85
f 86/86/86 85/85/85 128/128/128
f 85/85/85 86/86/86 88/88/88
f 87/87/87 88/88/88 86/86/86
f 88/88/88 87/87/87 89/89/89
f 90/90/90 89/89/89 87/87/87
f 89/89/89 90/90/90 91/91/91
f 97/97/97 91/91/91 90/90/90
f 91/91/91 97/97/97 93/93/93
f 94/94/94 93/93/93 97/97/97
f 93/93/93 94/94/94 96/96/96
f 95/95/95 96/96/96 94/94/94
f 96/96/96 95/95/95 92/92/92
f 129/129/129 133/133/133 131/131/131
f 130/130/130 131/131/131 133/133/133
f 133/133/133 144/144/144 130/130/130
f 130/130/130 144/144/144 147/147/147
f 148/148/148 147/147/147 144/144/144
f 149/149/149 147/147/147 148/148/148
f 127/127/127 147/147/147 149/149/149
f 147/147/147 127/127/127 124/124/124
f 124/124/124 127/127/127 125/125/125
f 125/125/125 126/126/126 124/124/124
f 123/123/123 124/124/124 126/126/126
f 854/854/854 857/857/857 817/817/817
f 857/857/857 854/854/854 858/858/858
f 859/859/859 858/858/858 854/854/854
f 858/858/858 859/859/859 834/834/834
f 853/853/853 852/852/852 816/816/816
f 852/852/852 853/853/853 855/855/855
f 856/856/856 855/855/855 853/853/853
f 855/855/855 856/856/856 819/819/819
f 821/821/821 820/820/820 814/814/814
f 820/820/820 821/821/821 818/818/818
f 813/813/813 809/809/809 807/807/807
f 809/809/809 813/813/813 812/812/812
f 812/812/812 813/813/813 814/814/814
f 801/801/801 800/800/800 797/797/797
f 800/800/800 801/801/801 805/805/805
f 804/804/804 805/805/805 801/801/801
f 805/805/805 804/804/804 807/807/807
f 478/478/478 482/482/482 479/479/479
f 483/483/483 479/479/479 482/482/482
f 482/482/482 607/607/607 483/483/483
f 609/609/609 483/483/483 607/607/607
f 605/605/605 609/609/609 607/607/607
f 539/539/539 538/538/538 536/536/536
f 539/539/539 537/537/537 538/538/538
f 535/535/535 533/533/533 532/532/532
f 535/535/535 534/534/534 533/533/533
f 568/568/568 567/567/567 565/565/565
f 565/565/565 568/568/568 567/567/567
f 568/568/568 565/565/565 569/569/569
f 565/565/565 569/569/569 568/568/568
f 520/520/520 522/522/522 523/523/523
f 521/521/521 523/523/523 522/522/522
f 521/521/521 522/522/522 492/492/492
f 494/494/494 521/521/521 492/492/492
f 495/495/495 494/494/494 492/492/492
f 495/495/495 493/493/493 494/494/494
f 516/516/516 517/517/517 519/519/519
f 518/518/518 519/519/519 517/517/517
f 518/518/518 517/517/517 491/491/491
f 489/489/489 491/491/491 517/517/517
f 491/491/491 489/489/489 490/490/490
f 487/487/487 490/490/490 489/489/489
g studio.a10.mesh_1
f 1150/1150/1150 1151/1151/1151 1153/1153/1153
f 1152/1152/1152 1156/1156/1156 1151/1151/1151
f 1158/1158/1158 1159/1159/1159 1156/1156/1156
f 1157/1157/1157 1154/1154/1154 1153/1153/1153
f 1155/1155/1155 1157/1157/1157 1159/1159/1159
f 2721/2721/2721 2718/2718/2718 2737/2737/2737
f 1690/1690/1690 2737/2737/2737 2718/2718/2718
f 1325/1325/1325 1499/1499/1499 2652/2652/2652
f 1531/1531/1531 2652/2652/2652 1499/1499/1499
f 1531/1531/1531 2590/2590/2590 2652/2652/2652
f 2737/2737/2737 2590/2590/2590 1531/1531/1531
f 2721/2721/2721 2737/2737/2737 1531/1531/1531
f 2721/2721/2721 1531/1531/1531 2733/2733/2733
f 2721/2721/2721 2733/2733/2733 2718/2718/2718
f 2436/2436/2436 2718/2718/2718 2733/2733/2733
f 2101/2101/2101 2718/2718/2718 2436/2436/2436
f 2101/2101/2101 1690/1690/1690 2718/2718/2718
f 2670/2670/2670 1690/1690/1690 2101/2101/2101
f 1502/1502/1502 2733/2733/2733 1531/1531/1531
f 1502/1502/1502 1531/1531/1531 1499/1499/1499
f 2420/2420/2420 1220/1220/1220 1323/1323/1323
f 2420/2420/2420 2733/2733/2733 1220/1220/1220
f 2436/2436/2436 2733/2733/2733 2420/2420/2420
f 1635/1635/1635 1636/1636/1636 1633/1633/1633
f 1526/1526/1526 1636/1636/1636 1635/1635/1635
f 1686/1686/1686 1526/1526/1526 1635/1635/1635
f 2674/2674/2674 1526/1526/1526 1686/1686/1686
f 2671/2671/2671 2674/2674/2674 1686/1686/1686
f 2671/2671/2671 2692/2692/2692 2674/2674/2674
f 2671/2671/2671 2670/2670/2670 2692/2692/2692
f 2671/2671/2671 1686/1686/1686 2670/2670/2670
f 2670/2670/2670 1686/1686/1686 1690/1690/1690
f 1686/1686/1686 1635/1635/1635 1690/1690/1690
f 1690/1690/1690 1635/1635/1635 2737/2737/2737
f 1635/1635/1635 1633/1633/1633 2737/2737/2737
f 2737/2737/2737 1633/1633/1633 2590/2590/2590
f 1633/1633/1633 2633/2633/2633 2590/2590/2590
f 2590/2590/2590 2633/2633/2633 2648/2648/2648
f 2590/2590/2590 2648/2648/2648 2652/2652/2652
f 2652/2652/2652 2648/2648/2648 2359/2359/2359
f 2652/2652/2652 2359/2359/2359 1325/1325/1325
f 2364/2364/2364 1325/1325/1325 2359/2359/2359
f 2359/2359/2359 2374/2374/2374 2364/2364/2364
f 2364/2364/2364 2374/2374/2374 1241/1241/1241
f 2359/2359/2359 2648/2648/2648 2374/2374/2374
f 1172/1172/1172 2674/2674/2674 2692/2692/2692
f 1522/1522/1522 2134/2134/2134 1636/1636/1636
f 1526/1526/1526 1522/1522/1522 1636/1636/1636
f 1411/1411/1411 1522/1522/1522 1526/1526/1526
f 2674/2674/2674 1411/1411/1411 1526/1526/1526
f 1410/1410/1410 1411/1411/1411 2674/2674/2674
f 1172/1172/1172 1410/1410/1410 2674/2674/2674
f 1147/1147/1147 1410/1410/1410 1172/1172/1172
f 2534/2534/2534 2633/2633/2633 2135/2135/2135
f 1633/1633/1633 2135/2135/2135 2633/2633/2633
f 2780/2780/2780 2235/2235/2235 1701/1701/1701
f 2780/2780/2780 2791/2791/2791 2235/2235/2235
f 2783/2783/2783 2791/2791/2791 2780/2780/2780
f 2762/2762/2762 2791/2791/2791 2783/2783/2783
f 1691/1691/1691 2762/2762/2762 2783/2783/2783
f 2374/2374/2374 2762/2762/2762 1691/1691/1691
f 2374/2374/2374 2768/2768/2768 2762/2762/2762
f 2648/2648/2648 2768/2768/2768 2374/2374/2374
f 2648/2648/2648 2759/2759/2759 2768/2768/2768
f 2633/2633/2633 2759/2759/2759 2648/2648/2648
f 2633/2633/2633 2528/2528/2528 2759/2759/2759
f 2528/2528/2528 2633/2633/2633 2534/2534/2534
f 2528/2528/2528 2534/2534/2534 2535/2535/2535
f 2142/2142/2142 2535/2535/2535 2534/2534/2534
f 2534/2534/2534 2135/2135/2135 2142/2142/2142
f 2134/2134/2134 2142/2142/2142 2135/2135/2135
f 2134/2134/2134 2135/2135/2135 1633/1633/1633
f 2134/2134/2134 1633/1633/1633 1636/1636/1636
f 2791/2791/2791 2513/2513/2513 2235/2235/2235
f 2791/2791/2791 2798/2798/2798 2513/2513/2513
f 2754/2754/2754 2798/2798/2798 2791/2791/2791
f 2754/2754/2754 2782/2782/2782 2798/2798/2798
f 2759/2759/2759 2782/2782/2782 2754/2754/2754
f 2768/2768/2768 2759/2759/2759 2754/2754/2754
f 2768/2768/2768 2754/2754/2754 2762/2762/2762
f 2762/2762/2762 2754/2754/2754 2791/2791/2791
f 2802/2802/2802 2533/2533/2533 2794/2794/2794
f 2802/2802/2802 2479/2479/2479 2533/2533/2533
f 2470/2470/2470 2479/2479/2479 2802/2802/2802
f 1873/1873/1873 2470/2470/2470 2802/2802/2802
f 2535/2535/2535 2470/2470/2470 1873/1873/1873
f 2528/2528/2528 2535/2535/2535 1873/1873/1873
f 2528/2528/2528 1873/1873/1873 2759/2759/2759
f 1873/1873/1873 2802/2802/2802 2759/2759/2759
f 2759/2759/2759 2802/2802/2802 2782/2782/2782
f 2782/2782/2782 2802/2802/2802 2794/2794/2794
f 2782/2782/2782 2794/2794/2794 2798/2798/2798
f 2798/2798/2798 2794/2794/2794 2514/2514/2514
f 2798/2798/2798 2514/2514/2514 2513/2513/2513
f 2513/2513/2513 2514/2514/2514 2572/2572/2572
f 2513/2513/2513 2572/2572/2572 2235/2235/2235
f 2577/2577/2577 2235/2235/2235 2572/2572/2572
f 2577/2577/2577 2456/2456/2456 2235/2235/2235
f 2334/2334/2334 2456/2456/2456 2577/2577/2577
f 2334/2334/2334 2602/2602/2602 2456/2456/2456
f 2602/2602/2602 2494/2494/2494 2456/2456/2456
f 2814/2814/2814 2801/2801/2801 2788/2788/2788
f 2814/2814/2814 1372/1372/1372 2801/2801/2801
f 2814/2814/2814 2771/2771/2771 1372/1372/1372
f 2814/2814/2814 2788/2788/2788 2771/2771/2771
f 2771/2771/2771 2788/2788/2788 2608/2608/2608
f 2771/2771/2771 2608/2608/2608 1654/1654/1654
f 1654/1654/1654 2608/2608/2608 2602/2602/2602
f 1654/1654/1654 2602/2602/2602 1525/1525/1525
f 1525/1525/1525 2602/2602/2602 2334/2334/2334
f 1525/1525/1525 2334/2334/2334 2326/2326/2326
f 2326/2326/2326 2334/2334/2334 2577/2577/2577
f 2326/2326/2326 2577/2577/2577 2562/2562/2562
f 2562/2562/2562 2577/2577/2577 2572/2572/2572
f 2562/2562/2562 2572/2572/2572 2559/2559/2559
f 2514/2514/2514 2559/2559/2559 2572/2572/2572
f 2514/2514/2514 2526/2526/2526 2559/2559/2559
f 2794/2794/2794 2526/2526/2526 2514/2514/2514
f 2794/2794/2794 2533/2533/2533 2526/2526/2526
f 1140/1140/1140 1753/1753/1753 1272/1272/1272
f 1753/1753/1753 1759/1759/1759 1272/1272/1272
f 1753/1753/1753 1760/1760/1760 1759/1759/1759
f 1760/1760/1760 2771/2771/2771 1759/1759/1759
f 1759/1759/1759 2771/2771/2771 1654/1654/1654
f 1759/1759/1759 1654/1654/1654 1653/1653/1653
f 1653/1653/1653 1654/1654/1654 1525/1525/1525
f 1653/1653/1653 1525/1525/1525 1519/1519/1519
f 1519/1519/1519 1525/1525/1525 2326/2326/2326
f 1519/1519/1519 2326/2326/2326 1501/1501/1501
f 1501/1501/1501 2326/2326/2326 2562/2562/2562
f 1501/1501/1501 2562/2562/2562 2495/2495/2495
f 2495/2495/2495 2562/2562/2562 2559/2559/2559
f 2495/2495/2495 2559/2559/2559 2525/2525/2525
f 2525/2525/2525 2559/2559/2559 2526/2526/2526
f 2525/2525/2525 2526/2526/2526 2533/2533/2533
f 2642/2642/2642 2525/2525/2525 2533/2533/2533
f 2642/2642/2642 2533/2533/2533 2655/2655/2655
f 1272/1272/1272 1759/1759/1759 1653/1653/1653
f 1519/1519/1519 1274/1274/1274 1653/1653/1653
f 1519/1519/1519 1668/1668/1668 1274/1274/1274
f 1668/1668/1668 1519/1519/1519 1501/1501/1501
f 1668/1668/1668 1501/1501/1501 1652/1652/1652
f 1652/1652/1652 1501/1501/1501 2495/2495/2495
f 1652/1652/1652 2495/2495/2495 1915/1915/1915
f 1915/1915/1915 2495/2495/2495 2525/2525/2525
f 1915/1915/1915 2525/2525/2525 2642/2642/2642
f 1920/1920/1920 1915/1915/1915 2642/2642/2642
f 1920/1920/1920 2642/2642/2642 2622/2622/2622
f 1486/1486/1486 1920/1920/1920 2622/2622/2622
f 1486/1486/1486 2622/2622/2622 2178/2178/2178
f 1489/1489/1489 1486/1486/1486 2178/2178/2178
f 2812/2812/2812 1486/1486/1486 1489/1489/1489
f 2785/2785/2785 2812/2812/2812 1489/1489/1489
f 2622/2622/2622 2642/2642/2642 2655/2655/2655
f 2622/2622/2622 2655/2655/2655 2594/2594/2594
f 2178/2178/2178 2622/2622/2622 2594/2594/2594
f 2178/2178/2178 2594/2594/2594 2189/2189/2189
f 1671/1671/1671 2178/2178/2178 2189/2189/2189
f 1489/1489/1489 2178/2178/2178 1671/1671/1671
f 2796/2796/2796 1489/1489/1489 1671/1671/1671
f 2785/2785/2785 1489/1489/1489 2796/2796/2796
f 2785/2785/2785 2796/2796/2796 2784/2784/2784
f 2785/2785/2785 2784/2784/2784 2812/2812/2812
f 1799/1799/1799 2812/2812/2812 2784/2784/2784
f 1799/1799/1799 2784/2784/2784 1830/1830/1830
f 1799/1799/1799 1830/1830/1830 1320/1320/1320
f 1284/1284/1284 1799/1799/1799 1320/1320/1320
f 1830/1830/1830 2784/2784/2784 2796/2796/2796
f 2655/2655/2655 2533/2533/2533 2479/2479/2479
f 2655/2655/2655 2479/2479/2479 2434/2434/2434
f 2594/2594/2594 2655/2655/2655 2434/2434/2434
f 2594/2594/2594 2434/2434/2434 2424/2424/2424
f 2189/2189/2189 2594/2594/2594 2424/2424/2424
f 1879/1879/1879 2434/2434/2434 2479/2479/2479
f 1879/1879/1879 2438/2438/2438 2434/2434/2434
f 2424/2424/2424 2434/2434/2434 2438/2438/2438
f 1669/1669/1669 1668/1668/1668 1670/1670/1670
f 1670/1670/1670 1668/1668/1668 1652/1652/1652
f 1670/1670/1670 1652/1652/1652 1659/1659/1659
f 1659/1659/1659 1652/1652/1652 1915/1915/1915
f 1659/1659/1659 1915/1915/1915 1920/1920/1920
f 1369/1369/1369 1659/1659/1659 1920/1920/1920
f 1369/1369/1369 1920/1920/1920 1486/1486/1486
f 2812/2812/2812 1369/1369/1369 1486/1486/1486
f 1221/1221/1221 1369/1369/1369 2812/2812/2812
f 1221/1221/1221 1632/1632/1632 1369/1369/1369
f 1632/1632/1632 1659/1659/1659 1369/1369/1369
f 1632/1632/1632 1670/1670/1670 1659/1659/1659
f 2067/2067/2067 1670/1670/1670 1632/1632/1632
f 2067/2067/2067 1669/1669/1669 1670/1670/1670
f 2071/2071/2071 1669/1669/1669 2067/2067/2067
f 2066/2066/2066 2071/2071/2071 2067/2067/2067
f 1273/1273/1273 1202/1202/1202 1121/1121/1121
f 1273/1273/1273 2425/2425/2425 2417/2417/2417
f 1202/1202/1202 1273/1273/1273 2417/2417/2417
f 1322/1322/1322 2417/2417/2417 2054/2054/2054
f 1648/1648/1648 2692/2692/2692 1647/1647/1647
f 1647/1647/1647 2692/2692/2692 2670/2670/2670
f 1647/1647/1647 2670/2670/2670 2105/2105/2105
f 2105/2105/2105 2670/2670/2670 2101/2101/2101
f 2105/2105/2105 2101/2101/2101 2100/2100/2100
f 2100/2100/2100 2101/2101/2101 2436/2436/2436
f 2100/2100/2100 2436/2436/2436 2425/2425/2425
f 2425/2425/2425 2436/2436/2436 2420/2420/2420
f 2425/2425/2425 2420/2420/2420 2417/2417/2417
f 2417/2417/2417 2420/2420/2420 1323/1323/1323
f 2417/2417/2417 1323/1323/1323 2054/2054/2054
f 2060/2060/2060 2054/2054/2054 1323/1323/1323
f 2060/2060/2060 2524/2524/2524 2054/2054/2054
f 2016/2016/2016 2054/2054/2054 2524/2524/2524
f 2016/2016/2016 2524/2524/2524 2529/2529/2529
f 2087/2087/2087 2016/2016/2016 2529/2529/2529
f 2087/2087/2087 2529/2529/2529 1708/1708/1708
f 2686/2686/2686 2087/2087/2087 1708/1708/1708
f 2086/2086/2086 2054/2054/2054 2016/2016/2016
f 2086/2086/2086 2016/2016/2016 2087/2087/2087
f 2089/2089/2089 2086/2086/2086 2087/2087/2087
f 2089/2089/2089 2087/2087/2087 2686/2686/2686
f 1976/1976/1976 2089/2089/2089 2686/2686/2686
f 1976/1976/1976 2686/2686/2686 2683/2683/2683
f 1188/1188/1188 1976/1976/1976 2683/2683/2683
f 2678/2678/2678 2683/2683/2683 2686/2686/2686
f 2057/2057/2057 2524/2524/2524 2060/2060/2060
f 2057/2057/2057 1303/1303/1303 2524/2524/2524
f 2523/2523/2523 2524/2524/2524 1303/1303/1303
f 2523/2523/2523 2529/2529/2529 2524/2524/2524
f 2523/2523/2523 2532/2532/2532 2529/2529/2529
f 1708/1708/1708 2529/2529/2529 2532/2532/2532
f 1708/1708/1708 2532/2532/2532 1428/1428/1428
f 1712/1712/1712 1708/1708/1708 1428/1428/1428
f 1712/1712/1712 1428/1428/1428 1680/1680/1680
f 2669/2669/2669 1712/1712/1712 1680/1680/1680
f 2669/2669/2669 1680/1680/1680 1865/1865/1865
f 1384/1384/1384 2669/2669/2669 1865/1865/1865
f 1384/1384/1384 1865/1865/1865 1863/1863/1863
f 1863/1863/1863 1865/1865/1865 1866/1866/1866
f 1865/1865/1865 1673/1673/1673 1866/1866/1866
f 1865/1865/1865 1680/1680/1680 1673/1673/1673
f 1680/1680/1680 2273/2273/2273 1673/1673/1673
f 1680/1680/1680 1428/1428/1428 2273/2273/2273
f 1428/1428/1428 1380/1380/1380 2273/2273/2273
f 1428/1428/1428 2532/2532/2532 1380/1380/1380
f 2523/2523/2523 1303/1303/1303 2532/2532/2532
f 2686/2686/2686 1708/1708/1708 1712/1712/1712
f 2678/2678/2678 2686/2686/2686 1712/1712/1712
f 2678/2678/2678 1712/1712/1712 2669/2669/2669
f 2678/2678/2678 2669/2669/2669 2683/2683/2683
f 1377/1377/1377 2683/2683/2683 2669/2669/2669
f 1377/1377/1377 2669/2669/2669 1384/1384/1384
f 1387/1387/1387 1377/1377/1377 1384/1384/1384
f 1387/1387/1387 1384/1384/1384 1386/1386/1386
f 1386/1386/1386 1384/1384/1384 1863/1863/1863
f 1386/1386/1386 1863/1863/1863 1399/1399/1399
f 1399/1399/1399 1863/1863/1863 1862/1862/1862
f 1863/1863/1863 1866/1866/1866 1862/1862/1862
f 1862/1862/1862 1866/1866/1866 1214/1214/1214
f 1866/1866/1866 1111/1111/1111 1214/1214/1214
f 1866/1866/1866 1673/1673/1673 1111/1111/1111
f 1673/1673/1673 2277/2277/2277 1111/1111/1111
f 1673/1673/1673 2273/2273/2273 2277/2277/2277
f 2268/2268/2268 2277/2277/2277 2273/2273/2273
f 1057/1057/1057 1386/1386/1386 1399/1399/1399
f 2277/2277/2277 2462/2462/2462 1547/1547/1547
f 1111/1111/1111 2277/2277/2277 1547/1547/1547
f 2268/2268/2268 2273/2273/2273 1380/1380/1380
f 2268/2268/2268 1380/1380/1380 2269/2269/2269
f 2268/2268/2268 2269/2269/2269 2277/2277/2277
f 2458/2458/2458 2277/2277/2277 2269/2269/2269
f 2277/2277/2277 2458/2458/2458 2462/2462/2462
f 2458/2458/2458 2474/2474/2474 2462/2462/2462
f 2474/2474/2474 2654/2654/2654 2462/2462/2462
f 2474/2474/2474 1385/1385/1385 2654/2654/2654
f 2723/2723/2723 2654/2654/2654 1385/1385/1385
f 2723/2723/2723 1385/1385/1385 2739/2739/2739
f 2723/2723/2723 2739/2739/2739 2726/2726/2726
f 2739/2739/2739 2065/2065/2065 2726/2726/2726
f 2726/2726/2726 2065/2065/2065 1696/1696/1696
f 2065/2065/2065 1909/1909/1909 1696/1696/1696
f 2760/2760/2760 1696/1696/1696 1909/1909/1909
f 1908/1908/1908 2760/2760/2760 1909/1909/1909
f 1908/1908/1908 2764/2764/2764 2760/2760/2760
f 1676/1676/1676 2764/2764/2764 1908/1908/1908
f 2458/2458/2458 2480/2480/2480 2474/2474/2474
f 2458/2458/2458 2269/2269/2269 2480/2480/2480
f 1503/1503/1503 2739/2739/2739 1385/1385/1385
f 2654/2654/2654 2734/2734/2734 2708/2708/2708
f 2654/2654/2654 2723/2723/2723 2734/2734/2734
f 2723/2723/2723 2726/2726/2726 2734/2734/2734
f 2710/2710/2710 2708/2708/2708 2712/2712/2712
f 2462/2462/2462 2654/2654/2654 2708/2708/2708
f 2462/2462/2462 2708/2708/2708 2710/2710/2710
f 2710/2710/2710 1547/1547/1547 2462/2462/2462
f 2710/2710/2710 1498/1498/1498 1547/1547/1547
f 1498/1498/1498 2710/2710/2710 2709/2709/2709
f 2710/2710/2710 2712/2712/2712 2709/2709/2709
f 2712/2712/2712 2476/2476/2476 2709/2709/2709
f 2712/2712/2712 2708/2708/2708 2476/2476/2476
f 2708/2708/2708 2423/2423/2423 2476/2476/2476
f 2708/2708/2708 2734/2734/2734 2423/2423/2423
f 2734/2734/2734 2419/2419/2419 2423/2423/2423
f 2734/2734/2734 2726/2726/2726 2419/2419/2419
f 2726/2726/2726 1696/1696/1696 2419/2419/2419
f 2748/2748/2748 2419/2419/2419 1696/1696/1696
f 2760/2760/2760 2748/2748/2748 1696/1696/1696
f 2764/2764/2764 2748/2748/2748 2760/2760/2760
f 2764/2764/2764 2750/2750/2750 2748/2748/2748
f 1677/1677/1677 2750/2750/2750 2764/2764/2764
f 2750/2750/2750 2423/2423/2423 2419/2419/2419
f 2748/2748/2748 2750/2750/2750 2419/2419/2419
f 2709/2709/2709 2476/2476/2476 2450/2450/2450
f 1676/1676/1676 1677/1677/1677 2764/2764/2764
f 1672/1672/1672 1677/1677/1677 1676/1676/1676
f 1490/1490/1490 1672/1672/1672 1676/1676/1676
f 1497/1497/1497 1672/1672/1672 1490/1490/1490
f 1495/1495/1495 1497/1497/1497 1490/1490/1490
f 1496/1496/1496 1497/1497/1497 1495/1495/1495
f 1482/1482/1482 1676/1676/1676 1908/1908/1908
f 1490/1490/1490 1676/1676/1676 1482/1482/1482
f 1477/1477/1477 1490/1490/1490 1482/1482/1482
f 1477/1477/1477 1482/1482/1482 1480/1480/1480
f 1480/1480/1480 1482/1482/1482 1479/1479/1479
f 1480/1480/1480 1479/1479/1479 2801/2801/2801
f 2801/2801/2801 1479/1479/1479 1769/1769/1769
f 2801/2801/2801 1769/1769/1769 2788/2788/2788
f 2788/2788/2788 1769/1769/1769 2647/2647/2647
f 2788/2788/2788 2647/2647/2647 2608/2608/2608
f 2596/2596/2596 2608/2608/2608 2647/2647/2647
f 2596/2596/2596 2602/2602/2602 2608/2608/2608
f 2477/2477/2477 2602/2602/2602 2596/2596/2596
f 2602/2602/2602 2477/2477/2477 2494/2494/2494
f 2490/2490/2490 2494/2494/2494 2477/2477/2477
f 2490/2490/2490 2456/2456/2456 2494/2494/2494
f 1701/1701/1701 2456/2456/2456 2490/2490/2490
f 1701/1701/1701 2235/2235/2235 2456/2456/2456
f 1691/1691/1691 2783/2783/2783 2581/2581/2581
f 2781/2781/2781 2581/2581/2581 2783/2783/2783
f 2783/2783/2783 2780/2780/2780 2781/2781/2781
f 2781/2781/2781 2780/2780/2780 1701/1701/1701
f 2781/2781/2781 1701/1701/1701 2649/2649/2649
f 2649/2649/2649 1701/1701/1701 2490/2490/2490
f 2649/2649/2649 2490/2490/2490 1770/1770/1770
f 1770/1770/1770 2490/2490/2490 2477/2477/2477
f 1770/1770/1770 2477/2477/2477 2063/2063/2063
f 2063/2063/2063 2477/2477/2477 2647/2647/2647
f 2477/2477/2477 2596/2596/2596 2647/2647/2647
f 2781/2781/2781 2600/2600/2600 2581/2581/2581
f 2600/2600/2600 2781/2781/2781 2649/2649/2649
f 2600/2600/2600 2649/2649/2649 2778/2778/2778
f 2778/2778/2778 2649/2649/2649 1770/1770/1770
f 2778/2778/2778 1770/1770/1770 2806/2806/2806
f 2806/2806/2806 1770/1770/1770 2063/2063/2063
f 1482/1482/1482 1908/1908/1908 1479/1479/1479
f 1479/1479/1479 1908/1908/1908 1909/1909/1909
f 1479/1479/1479 1909/1909/1909 1769/1769/1769
f 1769/1769/1769 1909/1909/1909 1762/1762/1762
f 1769/1769/1769 1762/1762/1762 2647/2647/2647
f 1762/1762/1762 2064/2064/2064 2647/2647/2647
f 2063/2063/2063 2647/2647/2647 2064/2064/2064
f 2803/2803/2803 2063/2063/2063 2064/2064/2064
f 2806/2806/2806 2063/2063/2063 2803/2803/2803
f 2804/2804/2804 2806/2806/2806 2803/2803/2803
f 2804/2804/2804 2778/2778/2778 2806/2806/2806
f 2778/2778/2778 2804/2804/2804 2557/2557/2557
f 2778/2778/2778 2557/2557/2557 2600/2600/2600
f 2582/2582/2582 2600/2600/2600 2557/2557/2557
f 2582/2582/2582 2581/2581/2581 2600/2600/2600
f 2582/2582/2582 2578/2578/2578 2581/2581/2581
f 1693/1693/1693 2581/2581/2581 2578/2578/2578
f 1693/1693/1693 1691/1691/1691 2581/2581/2581
f 1693/1693/1693 1692/1692/1692 1691/1691/1691
f 1242/1242/1242 1691/1691/1691 1692/1692/1692
f 1718/1718/1718 2557/2557/2557 2804/2804/2804
f 1718/1718/1718 2804/2804/2804 1500/1500/1500
f 1500/1500/1500 2804/2804/2804 2803/2803/2803
f 2582/2582/2582 2557/2557/2557 2578/2578/2578
f 1713/1713/1713 2578/2578/2578 2557/2557/2557
f 1713/1713/1713 2557/2557/2557 1718/1718/1718
f 1713/1713/1713 1718/1718/1718 1714/1714/1714
f 1237/1237/1237 1714/1714/1714 1718/1718/1718
f 1237/1237/1237 1718/1718/1718 1504/1504/1504
f 1504/1504/1504 1718/1718/1718 1500/1500/1500
f 1504/1504/1504 1500/1500/1500 1503/1503/1503
f 1503/1503/1503 1500/1500/1500 2739/2739/2739
f 1500/1500/1500 2803/2803/2803 2739/2739/2739
f 2739/2739/2739 2803/2803/2803 2065/2065/2065
f 2803/2803/2803 2064/2064/2064 2065/2065/2065
f 2065/2065/2065 2064/2064/2064 1909/1909/1909
f 1762/1762/1762 1909/1909/1909 2064/2064/2064
f 1318/1318/1318 2023/2023/2023 2100/2100/2100
f 2023/2023/2023 2105/2105/2105 2100/2100/2100
f 2023/2023/2023 1647/1647/1647 2105/2105/2105
f 2037/2037/2037 1647/1647/1647 2023/2023/2023
f 2037/2037/2037 2023/2023/2023 2006/2006/2006
f 2007/2007/2007 2037/2037/2037 2006/2006/2006
f 2046/2046/2046 2007/2007/2007 2006/2006/2006
f 2046/2046/2046 2006/2006/2006 2039/2039/2039
f 2006/2006/2006 2023/2023/2023 2039/2039/2039
f 3687/3687/3687 3695/3695/3695 3697/3697/3697
f 3687/3687/3687 3697/3697/3697 3696/3696/3696
f 3687/3687/3687 3696/3696/3696 3694/3694/3694
f 3687/3687/3687 3694/3694/3694 3693/3693/3693
f 3687/3687/3687 3693/3693/3693 3692/3692/3692
f 3687/3687/3687 3692/3692/3692 3691/3691/3691
f 3687/3687/3687 3691/3691/3691 3690/3690/3690
f 3688/3688/3688 3701/3701/3701 3699/3699/3699
f 3688/3688/3688 3689/3689/3689 3701/3701/3701
f 3689/3689/3689 3704/3704/3704 3701/3701/3701
f 3689/3689/3689 3690/3690/3690 3704/3704/3704
f 3690/3690/3690 3706/3706/3706 3704/3704/3704
f 3690/3690/3690 3691/3691/3691 3706/3706/3706
f 3691/3691/3691 3707/3707/3707 3706/3706/3706
f 3691/3691/3691 3692/3692/3692 3707/3707/3707
f 3692/3692/3692 3710/3710/3710 3707/3707/3707
f 3692/3692/3692 3693/3693/3693 3710/3710/3710
f 3693/3693/3693 3711/3711/3711 3710/3710/3710
f 3693/3693/3693 3694/3694/3694 3711/3711/3711
f 3694/3694/3694 3717/3717/3717 3711/3711/3711
f 3694/3694/3694 3696/3696/3696 3717/3717/3717
f 3696/3696/3696 3713/3713/3713 3717/3717/3717
f 3696/3696/3696 3697/3697/3697 3713/3713/3713
f 3697/3697/3697 3714/3714/3714 3713/3713/3713
f 3697/3697/3697 3695/3695/3695 3714/3714/3714
f 3687/3687/3687 3690/3690/3690 3689/3689/3689
f 3687/3687/3687 3689/3689/3689 3688/3688/3688
f 3687/3687/3687 3688/3688/3688 3695/3695/3695
f 3695/3695/3695 3688/3688/3688 3699/3699/3699
f 3695/3695/3695 3699/3699/3699 3714/3714/3714
f 3714/3714/3714 3699/3699/3699 3698/3698/3698
f 3714/3714/3714 3698/3698/3698 3715/3715/3715
f 3713/3713/3713 3714/3714/3714 3715/3715/3715
f 3713/3713/3713 3715/3715/3715 3716/3716/3716
f 3717/3717/3717 3713/3713/3713 3716/3716/3716
f 3717/3717/3717 3716/3716/3716 3712/3712/3712
f 3711/3711/3711 3717/3717/3717 3712/3712/3712
f 3711/3711/3711 3712/3712/3712 3709/3709/3709
f 3710/3710/3710 3711/3711/3711 3709/3709/3709
f 3710/3710/3710 3709/3709/3709 3708/3708/3708
f 3707/3707/3707 3710/3710/3710 3708/3708/3708
f 3707/3707/3707 3708/3708/3708 3705/3705/3705
f 3706/3706/3706 3707/3707/3707 3705/3705/3705
f 3706/3706/3706 3705/3705/3705 3703/3703/3703
f 3704/3704/3704 3706/3706/3706 3703/3703/3703
f 3704/3704/3704 3703/3703/3703 3702/3702/3702
f 3701/3701/3701 3704/3704/3704 3702/3702/3702
f 3701/3701/3701 3702/3702/3702 3700/3700/3700
f 3699/3699/3699 3701/3701/3701 3700/3700/3700
f 3699/3699/3699 3700/3700/3700 3698/3698/3698
f 3262/3262/3262 3270/3270/3270 3265/3265/3265
f 3251/3251/3251 3265/3265/3265 3270/3270/3270
f 3431/3431/3431 3435/3435/3435 3429/3429/3429
f 3157/3157/3157 3429/3429/3429 3435/3435/3435
f 3158/3158/3158 3428/3428/3428 3432/3432/3432
f 3430/3430/3430 3432/3432/3432 3428/3428/3428
f 3432/3432/3432 3430/3430/3430 3427/3427/3427
f 3156/3156/3156 3427/3427/3427 3430/3430/3430
f 3418/3418/3418 3421/3421/3421 3419/3419/3419
f 3155/3155/3155 3419/3419/3419 3421/3421/3421
f 3415/3415/3415 3417/3417/3417 3416/3416/3416
f 3154/3154/3154 3416/3416/3416 3417/3417/3417
f 3412/3412/3412 3414/3414/3414 3413/3413/3413
f 3153/3153/3153 3413/3413/3413 3414/3414/3414
f 3210/3210/3210 3215/3215/3215 3211/3211/3211
f 3094/3094/3094 3211/3211/3211 3215/3215/3215
f 3193/3193/3193 3198/3198/3198 3194/3194/3194
f 3093/3093/3093 3194/3194/3194 3198/3198/3198
f 3213/3213/3213 3219/3219/3219 3214/3214/3214
f 3192/3192/3192 3214/3214/3214 3219/3219/3219
f 3214/3214/3214 3192/3192/3192 3195/3195/3195
f 3191/3191/3191 3195/3195/3195 3192/3192/3192
f 3209/3209/3209 3212/3212/3212 3208/3208/3208
f 3087/3087/3087 3208/3208/3208 3212/3212/3212
f 3180/3180/3180 3190/3190/3190 3173/3173/3173
f 3081/3081/3081 3173/3173/3173 3190/3190/3190
f 3200/3200/3200 3203/3203/3203 3201/3201/3201
f 3080/3080/3080 3201/3201/3201 3203/3203/3203
f 3204/3204/3204 3207/3207/3207 3206/3206/3206
f 3079/3079/3079 3206/3206/3206 3207/3207/3207
f 3197/3197/3197 3199/3199/3199 3196/3196/3196
f 3078/3078/3078 3196/3196/3196 3199/3199/3199
f 3551/3551/3551 3040/3040/3040 3547/3547/3547
f 3546/3546/3546 3551/3551/3551 3547/3547/3547
f 3510/3510/3510 3512/3512/3512 3513/3513/3513
f 3506/3506/3506 3510/3510/3510 3513/3513/3513
f 3387/3387/3387 3510/3510/3510 3506/3506/3506
f 3515/3515/3515 3387/3387/3387 3506/3506/3506
f 3131/3131/3131 3387/3387/3387 3515/3515/3515
f 3508/3508/3508 3515/3515/3515 3506/3506/3506
f 3382/3382/3382 3506/3506/3506 3513/3513/3513
f 3393/3393/3393 3510/3510/3510 3387/3387/3387
f 2884/2884/2884 2887/2887/2887 2885/2885/2885
f 2881/2881/2881 2885/2885/2885 2887/2887/2887
f 2888/2888/2888 2889/2889/2889 2886/2886/2886
f 2880/2880/2880 2886/2886/2886 2889/2889/2889
f 3243/3243/3243 3246/3246/3246 3237/3237/3237
f 3237/3237/3237 3246/3246/3246 3145/3145/3145
f 3145/3145/3145 2972/2972/2972 3237/3237/3237
f 2972/2972/2972 3145/3145/3145 2958/2958/2958
f 3102/3102/3102 3179/3179/3179 3096/3096/3096
f 3179/3179/3179 3102/3102/3102 3145/3145/3145
f 3145/3145/3145 3142/3142/3142 3179/3179/3179
f 3142/3142/3142 3145/3145/3145 3246/3246/3246
f 3246/3246/3246 3115/3115/3115 3142/3142/3142
f 3114/3114/3114 3142/3142/3142 3115/3115/3115
f 3184/3184/3184 3179/3179/3179 3142/3142/3142
f 3179/3179/3179 3184/3184/3184 3170/3170/3170
f 3903/3903/3903 3904/3904/3904 3902/3902/3902
f 3852/3852/3852 3853/3853/3853 3904/3904/3904
f 3853/3853/3853 3852/3852/3852 3851/3851/3851
f 3848/3848/3848 3851/3851/3851 3852/3852/3852
f 3851/3851/3851 3848/3848/3848 3865/3865/3865
f 3866/3866/3866 3865/3865/3865 3848/3848/3848
f 3865/3865/3865 3866/3866/3866 3863/3863/3863
f 2963/2963/2963 2965/2965/2965 2962/2962/2962
f 2864/2864/2864 2962/2962/2962 2965/2965/2965
f 2960/2960/2960 2964/2964/2964 2961/2961/2961
f 2863/2863/2863 2961/2961/2961 2964/2964/2964
f 2955/2955/2955 2959/2959/2959 2956/2956/2956
f 2862/2862/2862 2956/2956/2956 2959/2959/2959
f 2954/2954/2954 2957/2957/2957 2953/2953/2953
f 2861/2861/2861 2953/2953/2953 2957/2957/2957
f 3236/3236/3236 3143/3143/3143 3147/3147/3147
f 3147/3147/3147 3240/3240/3240 3236/3236/3236
f 3236/3236/3236 3240/3240/3240 3238/3238/3238
f 2860/2860/2860 3238/3238/3238 3240/3240/3240
f 3240/3240/3240 3147/3147/3147 3085/3085/3085
f 3150/3150/3150 3152/3152/3152 3151/3151/3151
f 2883/2883/2883 3151/3151/3151 3152/3152/3152
f 3151/3151/3151 2883/2883/2883 3147/3147/3147
f 3147/3147/3147 3682/3682/3682 3151/3151/3151
f 3682/3682/3682 3147/3147/3147 3143/3143/3143
f 3143/3143/3143 3679/3679/3679 3682/3682/3682
f 3679/3679/3679 3143/3143/3143 2968/2968/2968
f 3010/3010/3010 3151/3151/3151 3682/3682/3682
f 3680/3680/3680 3682/3682/3682 3679/3679/3679
f 3682/3682/3682 3680/3680/3680 2970/2970/2970
f 2969/2969/2969 2970/2970/2970 3680/3680/3680
f 3900/3900/3900 3901/3901/3901 3899/3899/3899
f 3034/3034/3034 3144/3144/3144 3146/3146/3146
f 3342/3342/3342 3146/3146/3146 3144/3144/3144
f 3146/3146/3146 3342/3342/3342 3549/3549/3549
f 3350/3350/3350 3549/3549/3549 3342/3342/3342
f 3549/3549/3549 3548/3548/3548 3146/3146/3146
f 3548/3548/3548 3549/3549/3549 3539/3539/3539
f 3092/3092/3092 3144/3144/3144 2946/2946/2946
f 3144/3144/3144 3092/3092/3092 3342/3342/3342
f 3090/3090/3090 3342/3342/3342 3092/3092/3092
f 3342/3342/3342 3090/3090/3090 3350/3350/3350
f 3112/3112/3112 3350/3350/3350 3090/3090/3090
f 3350/3350/3350 3112/3112/3112 3110/3110/3110
f 3338/3338/3338 3339/3339/3339 3336/3336/3336
f 3164/3164/3164 3338/3338/3338 3336/3336/3336
f 3361/3361/3361 3338/3338/3338 3164/3164/3164
f 3355/3355/3355 3361/3361/3361 3164/3164/3164
f 3357/3357/3357 3361/3361/3361 3355/3355/3355
f 3041/3041/3041 3164/3164/3164 3336/3336/3336
f 3159/3159/3159 3338/3338/3338 3361/3361/3361
f 3163/3163/3163 3355/3355/3355 3164/3164/3164
f 3385/3385/3385 3384/3384/3384 3394/3394/3394
f 3397/3397/3397 3385/3385/3385 3394/3394/3394
f 3403/3403/3403 3385/3385/3385 3397/3397/3397
f 3398/3398/3398 3403/3403/3403 3397/3397/3397
f 3396/3396/3396 3403/3403/3403 3398/3398/3398
f 3383/3383/3383 3398/3398/3398 3397/3397/3397
f 3395/3395/3395 3397/3397/3397 3394/3394/3394
f 3113/3113/3113 3385/3385/3385 3403/3403/3403
f 2852/2852/2852 2853/2853/2853 2850/2850/2850
f 2847/2847/2847 2850/2850/2850 2853/2853/2853
f 2848/2848/2848 2851/2851/2851 2849/2849/2849
f 2846/2846/2846 2849/2849/2849 2851/2851/2851
f 2855/2855/2855 2856/2856/2856 2854/2854/2854
f 2844/2844/2844 2854/2854/2854 2856/2856/2856
f 2858/2858/2858 2859/2859/2859 2857/2857/2857
f 2843/2843/2843 2857/2857/2857 2859/2859/2859
f 2869/2869/2869 2871/2871/2871 2867/2867/2867
f 2842/2842/2842 2867/2867/2867 2871/2871/2871
f 2865/2865/2865 2868/2868/2868 2866/2866/2866
f 2841/2841/2841 2866/2866/2866 2868/2868/2868
f 2873/2873/2873 2876/2876/2876 2874/2874/2874
f 2840/2840/2840 2874/2874/2874 2876/2876/2876
f 2870/2870/2870 2875/2875/2875 2872/2872/2872
f 2839/2839/2839 2872/2872/2872 2875/2875/2875
f 3217/3217/3217 3216/3216/3216 3218/3218/3218
f 3245/3245/3245 3217/3217/3217 3218/3218/3218
f 3165/3165/3165 3217/3217/3217 3245/3245/3245
f 3247/3247/3247 3165/3165/3165 3245/3245/3245
f 3029/3029/3029 3165/3165/3165 3247/3247/3247
f 3244/3244/3244 3247/3247/3247 3245/3245/3245
f 3168/3168/3168 3245/3245/3245 3218/3218/3218
f 3166/3166/3166 3217/3217/3217 3165/3165/3165
f 3498/3498/3498 3379/3379/3379 3356/3356/3356
f 3356/3356/3356 3541/3541/3541 3498/3498/3498
f 3473/3473/3473 3498/3498/3498 3541/3541/3541
f 3472/3472/3472 3498/3498/3498 3473/3473/3473
f 3391/3391/3391 3541/3541/3541 3356/3356/3356
f 3135/3135/3135 3473/3473/3473 3137/3137/3137
f 3541/3541/3541 3137/3137/3137 3473/3473/3473
f 3541/3541/3541 3537/3537/3537 3137/3137/3137
f 3537/3537/3537 3541/3541/3541 3545/3545/3545
f 3541/3541/3541 3391/3391/3391 3545/3545/3545
f 3391/3391/3391 3392/3392/3392 3545/3545/3545
f 3392/3392/3392 3391/3391/3391 3390/3390/3390
f 3356/3356/3356 3390/3390/3390 3391/3391/3391
f 3390/3390/3390 3356/3356/3356 3380/3380/3380
f 3379/3379/3379 3380/3380/3380 3356/3356/3356
f 3380/3380/3380 3379/3379/3379 3376/3376/3376
f 3380/3380/3380 3138/3138/3138 3390/3390/3390
f 3177/3177/3177 3176/3176/3176 3182/3182/3182
f 3241/3241/3241 3182/3182/3182 3176/3176/3176
f 2988/2988/2988 3182/3182/3182 3241/3241/3241
f 3242/3242/3242 3037/3037/3037 2971/2971/2971
f 2971/2971/2971 2988/2988/2988 3242/3242/3242
f 3241/3241/3241 3242/3242/3242 2988/2988/2988
f 3242/3242/3242 3241/3241/3241 3239/3239/3239
f 3176/3176/3176 3239/3239/3239 3241/3241/3241
f 3239/3239/3239 3235/3235/3235 3242/3242/3242
f 3038/3038/3038 3039/3039/3039 3037/3037/3037
f 3185/3185/3185 3084/3084/3084 3187/3187/3187
f 3187/3187/3187 3181/3181/3181 3185/3185/3185
f 3181/3181/3181 3187/3187/3187 3177/3177/3177
f 3230/3230/3230 3177/3177/3177 3187/3187/3187
f 3176/3176/3176 3177/3177/3177 3230/3230/3230
f 3230/3230/3230 3229/3229/3229 3176/3176/3176
f 3239/3239/3239 3176/3176/3176 3229/3229/3229
f 3229/3229/3229 3025/3025/3025 3239/3239/3239
f 3025/3025/3025 3229/3229/3229 3024/3024/3024
f 3024/3024/3024 3083/3083/3083 3025/3025/3025
f 3024/3024/3024 3084/3084/3084 3083/3083/3083
f 3174/3174/3174 3083/3083/3083 3084/3084/3084
f 3084/3084/3084 3185/3185/3185 3174/3174/3174
f 3183/3183/3183 3174/3174/3174 3185/3185/3185
f 3185/3185/3185 3181/3181/3181 3183/3183/3183
f 2947/2947/2947 3183/3183/3183 3181/3181/3181
f 3083/3083/3083 2973/2973/2973 3025/3025/3025
f 3228/3228/3228 3226/3226/3226 3229/3229/3229
f 3229/3229/3229 3230/3230/3230 3228/3228/3228
f 3187/3187/3187 3228/3228/3228 3230/3230/3230
f 3228/3228/3228 3187/3187/3187 3084/3084/3084
f 3084/3084/3084 3024/3024/3024 3228/3228/3228
f 3030/3030/3030 3349/3349/3349 3347/3347/3347
f 3344/3344/3344 3347/3347/3347 3349/3349/3349
f 3347/3347/3347 3344/3344/3344 3169/3169/3169
f 3160/3160/3160 3169/3169/3169 3344/3344/3344
f 3169/3169/3169 3160/3160/3160 3222/3222/3222
f 3223/3223/3223 3222/3222/3222 3160/3160/3160
f 3222/3222/3222 3223/3223/3223 3227/3227/3227
f 3047/3047/3047 3227/3227/3227 3223/3223/3223
f 3227/3227/3227 3047/3047/3047 3171/3171/3171
f 3358/3358/3358 3171/3171/3171 3047/3047/3047
f 3171/3171/3171 3358/3358/3358 3360/3360/3360
f 3363/3363/3363 3360/3360/3360 3358/3358/3358
f 3360/3360/3360 3363/3363/3363 3026/3026/3026
f 3167/3167/3167 3026/3026/3026 3363/3363/3363
f 3026/3026/3026 3167/3167/3167 3250/3250/3250
f 3248/3248/3248 3250/3250/3250 3167/3167/3167
f 3250/3250/3250 3248/3248/3248 3249/3249/3249
f 3042/3042/3042 3249/3249/3249 3248/3248/3248
f 2837/2837/2837 2838/2838/2838 2836/2836/2836
f 2827/2827/2827 2836/2836/2836 2838/2838/2838
f 2939/2939/2939 2982/2982/2982 2978/2978/2978
f 2982/2982/2982 2975/2975/2975 2978/2978/2978
f 2975/2975/2975 2832/2832/2832 2978/2978/2978
f 2825/2825/2825 2832/2832/2832 2975/2975/2975
f 2941/2941/2941 2977/2977/2977 2981/2981/2981
f 2977/2977/2977 2976/2976/2976 2981/2981/2981
f 2976/2976/2976 2835/2835/2835 2981/2981/2981
f 2824/2824/2824 2835/2835/2835 2976/2976/2976
f 3465/3465/3465 3536/3536/3536 3544/3544/3544
f 3540/3540/3540 3544/3544/3544 3536/3536/3536
f 3544/3544/3544 3049/3049/3049 3465/3465/3465
f 3049/3049/3049 3544/3544/3544 3542/3542/3542
f 3544/3544/3544 3540/3540/3540 3542/3542/3542
f 3540/3540/3540 3050/3050/3050 3542/3542/3542
f 3050/3050/3050 3540/3540/3540 3536/3536/3536
f 3050/3050/3050 3536/3536/3536 3119/3119/3119
f 3475/3475/3475 3466/3466/3466 3465/3465/3465
f 3466/3466/3466 3463/3463/3463 3465/3465/3465
f 3463/3463/3463 3497/3497/3497 3465/3465/3465
f 3536/3536/3536 3465/3465/3465 3497/3497/3497
f 3497/3497/3497 3476/3476/3476 3536/3536/3536
f 3476/3476/3476 2985/2985/2985 3536/3536/3536
f 2985/2985/2985 3119/3119/3119 3536/3536/3536
f 2985/2985/2985 3121/3121/3121 3119/3119/3119
f 3118/3118/3118 3119/3119/3119 3121/3121/3121
f 3121/3121/3121 3111/3111/3111 3118/3118/3118
f 3109/3109/3109 3118/3118/3118 3111/3111/3111
f 3111/3111/3111 3108/3108/3108 3109/3109/3109
f 3136/3136/3136 3109/3109/3109 3108/3108/3108
f 3108/3108/3108 3495/3495/3495 3136/3136/3136
f 3136/3136/3136 3495/3495/3495 3478/3478/3478
f 3495/3495/3495 3475/3475/3475 3478/3478/3478
f 3465/3465/3465 3478/3478/3478 3475/3475/3475
f 3478/3478/3478 3465/3465/3465 3049/3049/3049
f 3897/3897/3897 3898/3898/3898 3895/3895/3895
f 3898/3898/3898 3886/3886/3886 3885/3885/3885
f 3888/3888/3888 3889/3889/3889 3887/3887/3887
f 2821/2821/2821 2822/2822/2822 3017/3017/3017
f 3005/3005/3005 3017/3017/3017 2822/2822/2822
f 3005/3005/3005 3018/3018/3018 3017/3017/3017
f 3020/3020/3020 3017/3017/3017 3018/3018/3018
f 3018/3018/3018 2831/2831/2831 3020/3020/3020
f 2828/2828/2828 3020/3020/3020 2831/2831/2831
f 3883/3883/3883 3884/3884/3884 3881/3881/3881
f 2967/2967/2967 3003/3003/3003 2999/2999/2999
f 3000/3000/3000 2999/2999/2999 3003/3003/3003
f 2999/2999/2999 3000/3000/3000 3132/3132/3132
f 3359/3359/3359 3132/3132/3132 3000/3000/3000
f 3132/3132/3132 3359/3359/3359 3369/3369/3369
f 3362/3362/3362 3369/3369/3369 3359/3359/3359
f 2966/2966/2966 3004/3004/3004 3006/3006/3006
f 3002/3002/3002 3006/3006/3006 3004/3004/3004
f 3006/3006/3006 3002/3002/3002 3134/3134/3134
f 3368/3368/3368 3134/3134/3134 3002/3002/3002
f 3134/3134/3134 3368/3368/3368 3371/3371/3371
f 3367/3367/3367 3371/3371/3371 3368/3368/3368
f 2677/2677/2677 2705/2705/2705 2662/2662/2662
f 2551/2551/2551 2662/2662/2662 2705/2705/2705
f 2092/2092/2092 2094/2094/2094 2085/2085/2085
f 1353/1353/1353 2085/2085/2085 2094/2094/2094
f 1334/1334/1334 1336/1336/1336 1335/1335/1335
f 1262/1262/1262 1335/1335/1335 1336/1336/1336
f 1340/1340/1340 1342/1342/1342 1341/1341/1341
f 1261/1261/1261 1341/1341/1341 1342/1342/1342
f 1337/1337/1337 1339/1339/1339 1338/1338/1338
f 1260/1260/1260 1338/1338/1338 1339/1339/1339
f 1257/1257/1257 1258/1258/1258 1256/1256/1256
f 1240/1240/1240 1256/1256/1256 1258/1258/1258
f 1246/1246/1246 1252/1252/1252 1249/1249/1249
f 1238/1238/1238 1249/1249/1249 1252/1252/1252
f 2062/2062/2062 1233/1233/1233 2061/2061/2061
f 2058/2058/2058 2062/2062/2062 2061/2061/2061
f 1846/1846/1846 1858/1858/1858 1845/1845/1845
f 1245/1245/1245 1845/1845/1845 1858/1858/1858
f 1245/1245/1245 1243/1243/1243 1845/1845/1845
f 1219/1219/1219 1845/1845/1845 1243/1243/1243
f 1239/1239/1239 2605/2605/2605 2611/2611/2611
f 2610/2610/2610 2611/2611/2611 2605/2605/2605
f 1356/1356/1356 2611/2611/2611 2610/2610/2610
f 2611/2611/2611 1356/1356/1356 1355/1355/1355
f 3874/3874/3874 3875/3875/3875 3873/3873/3873
f 1644/1644/1644 1650/1650/1650 1645/1645/1645
f 1209/1209/1209 1645/1645/1645 1650/1650/1650
f 1316/1316/1316 1317/1317/1317 1314/1314/1314
f 1191/1191/1191 1314/1314/1314 1317/1317/1317
f 2558/2558/2558 1841/1841/1841 2573/2573/2573
f 2573/2573/2573 2583/2583/2583 2558/2558/2558
f 1251/1251/1251 2558/2558/2558 2583/2583/2583
f 2583/2583/2583 1254/1254/1254 1251/1251/1251
f 1198/1198/1198 1199/1199/1199 1197/1197/1197
f 1176/1176/1176 1197/1197/1197 1199/1199/1199
f 2371/2371/2371 1967/1967/1967 2372/2372/2372
f 2372/2372/2372 2343/2343/2343 2371/2371/2371
f 1175/1175/1175 2371/2371/2371 2343/2343/2343
f 1193/1193/1193 1194/1194/1194 1192/1192/1192
f 1174/1174/1174 1192/1192/1192 1194/1194/1194
f 1365/1365/1365 1160/1160/1160 1366/1366/1366
f 1365/1365/1365 1366/1366/1366 1362/1362/1362
f 2234/2234/2234 1992/1992/1992 2248/2248/2248
f 2248/2248/2248 2218/2218/2218 2234/2234/2234
f 2013/2013/2013 2234/2234/2234 2218/2218/2218
f 2218/2218/2218 2228/2228/2228 2013/2013/2013
f 2238/2238/2238 2013/2013/2013 2228/2228/2228
f 2228/2228/2228 2242/2242/2242 2238/2238/2238
f 2024/2024/2024 2238/2238/2238 2242/2242/2242
f 2242/2242/2242 2157/2157/2157 2024/2024/2024
f 2131/2131/2131 2024/2024/2024 2157/2157/2157
f 2157/2157/2157 2146/2146/2146 2131/2131/2131
f 1276/1276/1276 2131/2131/2131 2146/2146/2146
f 2146/2146/2146 2111/2111/2111 1276/1276/1276
f 2114/2114/2114 1276/1276/1276 2111/2111/2111
f 2111/2111/2111 2117/2117/2117 2114/2114/2114
f 2011/2011/2011 2114/2114/2114 2117/2117/2117
f 2117/2117/2117 1289/1289/1289 2011/2011/2011
f 1285/1285/1285 2011/2011/2011 1289/1289/1289
f 1289/1289/1289 2217/2217/2217 1285/1285/1285
f 2207/2207/2207 1285/1285/1285 2217/2217/2217
f 2217/2217/2217 2243/2243/2243 2207/2207/2207
f 2017/2017/2017 2207/2207/2207 2243/2243/2243
f 2243/2243/2243 1268/1268/1268 2017/2017/2017
f 2055/2055/2055 2017/2017/2017 1268/1268/1268
f 1268/1268/1268 2192/2192/2192 2055/2055/2055
f 2179/2179/2179 2055/2055/2055 2192/2192/2192
f 2192/2192/2192 2181/2181/2181 2179/2179/2179
f 1234/1234/1234 2179/2179/2179 2181/2181/2181
f 2181/2181/2181 2219/2219/2219 1234/1234/1234
f 2221/2221/2221 1234/1234/1234 2219/2219/2219
f 2219/2219/2219 2245/2245/2245 2221/2221/2221
f 1975/1975/1975 2221/2221/2221 2245/2245/2245
f 2245/2245/2245 2184/2184/2184 1975/1975/1975
f 2182/2182/2182 1975/1975/1975 2184/2184/2184
f 2184/2184/2184 2188/2188/2188 2182/2182/2182
f 1992/1992/1992 2182/2182/2182 2188/2188/2188
f 2188/2188/2188 2248/2248/2248 1992/1992/1992
f 1087/1087/1087 1090/1090/1090 1088/1088/1088
f 1081/1081/1081 1088/1088/1088 1090/1090/1090
f 1091/1091/1091 1093/1093/1093 1092/1092/1092
f 1080/1080/1080 1092/1092/1092 1093/1093/1093
f 1082/1082/1082 1085/1085/1085 1083/1083/1083
f 1079/1079/1079 1083/1083/1083 1085/1085/1085
f 1084/1084/1084 1089/1089/1089 1086/1086/1086
f 1078/1078/1078 1086/1086/1086 1089/1089/1089
f 1106/1106/1106 1253/1253/1253 1255/1255/1255
f 1250/1250/1250 1255/1255/1255 1253/1253/1253
f 1255/1255/1255 1250/1250/1250 1186/1186/1186
f 1077/1077/1077 1186/1186/1186 1250/1250/1250
f 1105/1105/1105 1244/1244/1244 1248/1248/1248
f 1247/1247/1247 1248/1248/1248 1244/1244/1244
f 1248/1248/1248 1247/1247/1247 1185/1185/1185
f 1076/1076/1076 1185/1185/1185 1247/1247/1247
f 1217/1217/1217 1075/1075/1075 1216/1216/1216
f 1215/1215/1215 1217/1217/1217 1216/1216/1216
f 1310/1310/1310 1315/1315/1315 2746/2746/2746
f 2745/2745/2745 2746/2746/2746 1315/1315/1315
f 2744/2744/2744 2746/2746/2746 2745/2745/2745
f 2746/2746/2746 2744/2744/2744 1960/1960/1960
f 2283/2283/2283 1960/1960/1960 2744/2744/2744
f 1960/1960/1960 2283/2283/2283 2298/2298/2298
f 2285/2285/2285 2298/2298/2298 2283/2283/2283
f 1298/1298/1298 1299/1299/1299 1297/1297/1297
f 1576/1576/1576 1297/1297/1297 1299/1299/1299
f 1297/1297/1297 1576/1576/1576 1585/1585/1585
f 1577/1577/1577 1585/1585/1585 1576/1576/1576
f 1307/1307/1307 1311/1311/1311 2727/2727/2727
f 2728/2728/2728 2727/2727/2727 1311/1311/1311
f 2722/2722/2722 2727/2727/2727 2728/2728/2728
f 2727/2727/2727 2722/2722/2722 1963/1963/1963
f 2317/2317/2317 1963/1963/1963 2722/2722/2722
f 1963/1963/1963 2317/2317/2317 2338/2338/2338
f 2316/2316/2316 2338/2338/2338 2317/2317/2317
f 1295/1295/1295 1296/1296/1296 1294/1294/1294
f 1581/1581/1581 1294/1294/1294 1296/1296/1296
f 1294/1294/1294 1581/1581/1581 1589/1589/1589
f 1584/1584/1584 1589/1589/1589 1581/1581/1581
f 1781/1781/1781 2310/2310/2310 2312/2312/2312
f 2311/2311/2311 2312/2312/2312 2310/2310/2310
f 2311/2311/2311 2313/2313/2313 2312/2312/2312
f 2323/2323/2323 2312/2312/2312 2313/2313/2313
f 2312/2312/2312 2323/2323/2323 2335/2335/2335
f 2337/2337/2337 2335/2335/2335 2323/2323/2323
f 2335/2335/2335 2337/2337/2337 2197/2197/2197
f 2335/2335/2335 2197/2197/2197 2193/2193/2193
f 2193/2193/2193 2197/2197/2197 1860/1860/1860
f 1781/1781/1781 2335/2335/2335 2193/2193/2193
f 2312/2312/2312 2335/2335/2335 1781/1781/1781
f 2690/2690/2690 1999/1999/1999 2349/2349/2349
f 2672/2672/2672 1999/1999/1999 2690/2690/2690
f 2664/2664/2664 2672/2672/2672 2690/2690/2690
f 2664/2664/2664 1382/1382/1382 2672/2672/2672
f 1218/1218/1218 2672/2672/2672 1382/1382/1382
f 1382/1382/1382 2254/2254/2254 1218/1218/1218
f 2313/2313/2313 1218/1218/1218 2254/2254/2254
f 2254/2254/2254 2256/2256/2256 2313/2313/2313
f 2323/2323/2323 2313/2313/2313 2256/2256/2256
f 2256/2256/2256 2332/2332/2332 2323/2323/2323
f 2329/2329/2329 2323/2323/2323 2332/2332/2332
f 1481/1481/1481 2329/2329/2329 2332/2332/2332
f 2340/2340/2340 2346/2346/2346 2044/2044/2044
f 1368/1368/1368 2044/2044/2044 2346/2346/2346
f 1368/1368/1368 2346/2346/2346 1999/1999/1999
f 2352/2352/2352 1999/1999/1999 2346/2346/2346
f 2352/2352/2352 2349/2349/2349 1999/1999/1999
f 2352/2352/2352 2362/2362/2362 2349/2349/2349
f 2352/2352/2352 2346/2346/2346 2362/2362/2362
f 2260/2260/2260 1781/1781/1781 1148/1148/1148
f 1781/1781/1781 2260/2260/2260 2310/2310/2310
f 2255/2255/2255 2310/2310/2310 2260/2260/2260
f 2310/2310/2310 2255/2255/2255 1236/1236/1236
f 1381/1381/1381 1236/1236/1236 2255/2255/2255
f 1236/1236/1236 1381/1381/1381 2675/2675/2675
f 2666/2666/2666 2675/2675/2675 1381/1381/1381
f 2666/2666/2666 2682/2682/2682 2675/2675/2675
f 2675/2675/2675 2682/2682/2682 2044/2044/2044
f 2682/2682/2682 2348/2348/2348 2044/2044/2044
f 2340/2340/2340 2044/2044/2044 2348/2348/2348
f 2340/2340/2340 2348/2348/2348 2356/2356/2356
f 2340/2340/2340 2356/2356/2356 2346/2346/2346
f 1918/1918/1918 2346/2346/2346 2356/2356/2356
f 1918/1918/1918 2362/2362/2362 2346/2346/2346
f 1918/1918/1918 1263/1263/1263 2362/2362/2362
f 1918/1918/1918 2356/2356/2356 1263/1263/1263
f 3857/3857/3857 3858/3858/3858 3856/3856/3856
f 1179/1179/1179 1212/1212/1212 2585/2585/2585
f 2567/2567/2567 2585/2585/2585 1212/1212/1212
f 2585/2585/2585 2567/2567/2567 2569/2569/2569
f 2568/2568/2568 2569/2569/2569 2567/2567/2567
f 2569/2569/2569 2568/2568/2568 2587/2587/2587
f 2575/2575/2575 2587/2587/2587 2568/2568/2568
f 1178/1178/1178 1211/1211/1211 2564/2564/2564
f 2561/2561/2561 2564/2564/2564 1211/1211/1211
f 2564/2564/2564 2561/2561/2561 2566/2566/2566
f 2589/2589/2589 2566/2566/2566 2561/2561/2561
f 2566/2566/2566 2589/2589/2589 2637/2637/2637
f 2588/2588/2588 2637/2637/2637 2589/2589/2589
f 2743/2743/2743 2765/2765/2765 2741/2741/2741
f 2765/2765/2765 2813/2813/2813 2741/2741/2741
f 2810/2810/2810 2741/2741/2741 2813/2813/2813
f 2813/2813/2813 2793/2793/2793 2810/2810/2810
f 2793/2793/2793 2792/2792/2792 2810/2810/2810
f 2816/2816/2816 2810/2810/2810 2792/2792/2792
f 2792/2792/2792 2797/2797/2797 2816/2816/2816
f 1128/1128/1128 2816/2816/2816 2797/2797/2797
f 2797/2797/2797 1127/1127/1127 1128/1128/1128
f 2626/2626/2626 2624/2624/2624 2270/2270/2270
f 2624/2624/2624 2272/2272/2272 2270/2270/2270
f 2276/2276/2276 2270/2270/2270 2272/2272/2272
f 2699/2699/2699 2272/2272/2272 2698/2698/2698
f 2698/2698/2698 2272/2272/2272 2606/2606/2606
f 2624/2624/2624 2606/2606/2606 2272/2272/2272
f 2638/2638/2638 2606/2606/2606 2624/2624/2624
f 1784/1784/1784 2638/2638/2638 2624/2624/2624
f 1784/1784/1784 2624/2624/2624 2593/2593/2593
f 2626/2626/2626 2593/2593/2593 2624/2624/2624
f 2626/2626/2626 2607/2607/2607 2593/2593/2593
f 2626/2626/2626 2270/2270/2270 2607/2607/2607
f 2607/2607/2607 2270/2270/2270 2275/2275/2275
f 2276/2276/2276 2275/2275/2275 2270/2270/2270
f 2276/2276/2276 2702/2702/2702 2275/2275/2275
f 2276/2276/2276 2272/2272/2272 2702/2702/2702
f 2699/2699/2699 2702/2702/2702 2272/2272/2272
f 2699/2699/2699 2658/2658/2658 2702/2702/2702
f 2699/2699/2699 2698/2698/2698 2658/2658/2658
f 1530/1530/1530 2658/2658/2658 2698/2698/2698
f 1510/1510/1510 2658/2658/2658 1530/1530/1530
f 1283/1283/1283 2593/2593/2593 2607/2607/2607
f 2701/2701/2701 2275/2275/2275 2702/2702/2702
f 2701/2701/2701 2702/2702/2702 2684/2684/2684
f 2701/2701/2701 2684/2684/2684 2661/2661/2661
f 2701/2701/2701 2661/2661/2661 2275/2275/2275
f 2661/2661/2661 1328/1328/1328 2275/2275/2275
f 2607/2607/2607 2275/2275/2275 1328/1328/1328
f 1528/1528/1528 2661/2661/2661 2684/2684/2684
f 1508/1508/1508 1528/1528/1528 2684/2684/2684
f 1508/1508/1508 2684/2684/2684 2401/2401/2401
f 2415/2415/2415 2401/2401/2401 2684/2684/2684
f 1528/1528/1528 1508/1508/1508 2422/2422/2422
f 1530/1530/1530 2418/2418/2418 1510/1510/1510
f 2426/2426/2426 1510/1510/1510 2418/2418/2418
f 2426/2426/2426 2418/2418/2418 2437/2437/2437
f 2426/2426/2426 2437/2437/2437 2429/2429/2429
f 1744/1744/1744 2429/2429/2429 2437/2437/2437
f 1744/1744/1744 2427/2427/2427 2429/2429/2429
f 1744/1744/1744 1378/1378/1378 2427/2427/2427
f 2112/2112/2112 2427/2427/2427 1378/1378/1378
f 2112/2112/2112 2422/2422/2422 2427/2427/2427
f 2428/2428/2428 2427/2427/2427 2422/2422/2422
f 2428/2428/2428 2422/2422/2422 1508/1508/1508
f 2428/2428/2428 1508/1508/1508 2429/2429/2429
f 2429/2429/2429 1508/1508/1508 2401/2401/2401
f 2429/2429/2429 2401/2401/2401 1510/1510/1510
f 1510/1510/1510 2401/2401/2401 2658/2658/2658
f 2415/2415/2415 2658/2658/2658 2401/2401/2401
f 2415/2415/2415 2702/2702/2702 2658/2658/2658
f 2415/2415/2415 2684/2684/2684 2702/2702/2702
f 2428/2428/2428 2429/2429/2429 2427/2427/2427
f 2426/2426/2426 2429/2429/2429 1510/1510/1510
f 2113/2113/2113 2437/2437/2437 2418/2418/2418
f 2113/2113/2113 1378/1378/1378 2437/2437/2437
f 1744/1744/1744 2437/2437/2437 1378/1378/1378
f 2416/2416/2416 2688/2688/2688 2387/2387/2387
f 1511/1511/1511 2387/2387/2387 2688/2688/2688
f 2387/2387/2387 1511/1511/1511 2449/2449/2449
f 2082/2082/2082 2440/2440/2440 2449/2449/2449
f 2387/2387/2387 2449/2449/2449 1507/1507/1507
f 2441/2441/2441 1507/1507/1507 2449/2449/2449
f 2441/2441/2441 2449/2449/2449 2440/2440/2440
f 2441/2441/2441 2440/2440/2440 2445/2445/2445
f 2115/2115/2115 2445/2445/2445 2440/2440/2440
f 2115/2115/2115 2440/2440/2440 1379/1379/1379
f 2082/2082/2082 1379/1379/1379 2440/2440/2440
f 2082/2082/2082 2451/2451/2451 1379/1379/1379
f 2082/2082/2082 2449/2449/2449 2451/2451/2451
f 2442/2442/2442 2451/2451/2451 2449/2449/2449
f 2442/2442/2442 2449/2449/2449 1511/1511/1511
f 2442/2442/2442 1511/1511/1511 2443/2443/2443
f 1543/1543/1543 2443/2443/2443 1511/1511/1511
f 1511/1511/1511 2688/2688/2688 1543/1543/1543
f 1543/1543/1543 2688/2688/2688 2668/2668/2668
f 2116/2116/2116 1379/1379/1379 2451/2451/2451
f 2116/2116/2116 2451/2451/2451 2443/2443/2443
f 2442/2442/2442 2443/2443/2443 2451/2451/2451
f 2700/2700/2700 2603/2603/2603 2274/2274/2274
f 2650/2650/2650 2274/2274/2274 2603/2603/2603
f 2650/2650/2650 2280/2280/2280 2274/2274/2274
f 2328/2328/2328 2280/2280/2280 2650/2650/2650
f 2328/2328/2328 2599/2599/2599 2280/2280/2280
f 2328/2328/2328 2325/2325/2325 2599/2599/2599
f 1732/1732/1732 2599/2599/2599 2325/2325/2325
f 1732/1732/1732 2641/2641/2641 2599/2599/2599
f 2641/2641/2641 2613/2613/2613 2599/2599/2599
f 2599/2599/2599 2613/2613/2613 2279/2279/2279
f 2668/2668/2668 2279/2279/2279 2613/2613/2613
f 2659/2659/2659 2279/2279/2279 2668/2668/2668
f 2659/2659/2659 2668/2668/2668 2688/2688/2688
f 2659/2659/2659 2688/2688/2688 2696/2696/2696
f 2416/2416/2416 2696/2696/2696 2688/2688/2688
f 2416/2416/2416 2673/2673/2673 2696/2696/2696
f 2416/2416/2416 2387/2387/2387 2673/2673/2673
f 1507/1507/1507 2673/2673/2673 2387/2387/2387
f 2659/2659/2659 2696/2696/2696 2279/2279/2279
f 2278/2278/2278 2279/2279/2279 2696/2696/2696
f 2441/2441/2441 2445/2445/2445 1507/1507/1507
f 1541/1541/1541 1507/1507/1507 2445/2445/2445
f 1507/1507/1507 1541/1541/1541 2673/2673/2673
f 1541/1541/1541 2700/2700/2700 2673/2673/2673
f 2694/2694/2694 2673/2673/2673 2700/2700/2700
f 2694/2694/2694 2696/2696/2696 2673/2673/2673
f 2694/2694/2694 2274/2274/2274 2696/2696/2696
f 2278/2278/2278 2696/2696/2696 2274/2274/2274
f 2278/2278/2278 2274/2274/2274 2280/2280/2280
f 2278/2278/2278 2280/2280/2280 2279/2279/2279
f 2599/2599/2599 2279/2279/2279 2280/2280/2280
f 2694/2694/2694 2700/2700/2700 2274/2274/2274
f 2609/2609/2609 2650/2650/2650 2603/2603/2603
f 1333/1333/1333 2650/2650/2650 2609/2609/2609
f 1333/1333/1333 2325/2325/2325 2650/2650/2650
f 2328/2328/2328 2650/2650/2650 2325/2325/2325
f 1779/1779/1779 1778/1778/1778 1776/1776/1776
f 1779/1779/1779 2380/2380/2380 1778/1778/1778
f 2377/2377/2377 1778/1778/1778 2380/2380/2380
f 2377/2377/2377 2380/2380/2380 2353/2353/2353
f 1703/1703/1703 2353/2353/2353 2380/2380/2380
f 2353/2353/2353 1703/1703/1703 1126/1126/1126
f 1125/1125/1125 1126/1126/1126 1703/1703/1703
f 1683/1683/1683 1685/1685/1685 1684/1684/1684
f 1685/1685/1685 1414/1414/1414 1684/1684/1684
f 1400/1400/1400 1684/1684/1684 1414/1414/1414
f 1414/1414/1414 1412/1412/1412 1400/1400/1400
f 1966/1966/1966 1400/1400/1400 1412/1412/1412
f 1412/1412/1412 1964/1964/1964 1966/1966/1966
f 1965/1965/1965 1966/1966/1966 1964/1964/1964
f 3854/3854/3854 3855/3855/3855 3850/3850/3850
f 2713/2713/2713 2716/2716/2716 2711/2711/2711
f 1059/1059/1059 2716/2716/2716 2713/2713/2713
f 2716/2716/2716 1059/1059/1059 1058/1058/1058
f 3876/3876/3876 3882/3882/3882 3872/3872/3872
f 3882/3882/3882 3876/3876/3876 3878/3878/3878
f 3847/3847/3847 3878/3878/3878 3876/3876/3876
f 2502/2502/2502 2501/2501/2501 1229/1229/1229
f 2498/2498/2498 2501/2501/2501 2502/2502/2502
f 2501/2501/2501 2498/2498/2498 2579/2579/2579
f 2584/2584/2584 2579/2579/2579 2498/2498/2498
f 2580/2580/2580 2579/2579/2579 2584/2584/2584
f 2579/2579/2579 2580/2580/2580 1204/1204/1204
f 1138/1138/1138 1204/1204/1204 2580/2580/2580
f 1279/1279/1279 1055/1055/1055 1278/1278/1278
f 1278/1278/1278 1277/1277/1277 1279/1279/1279
f 2096/2096/2096 2484/2484/2484 1535/1535/1535
f 1538/1538/1538 1535/1535/1535 2484/2484/2484
f 1544/1544/1544 1535/1535/1535 1538/1538/1538
f 1538/1538/1538 1537/1537/1537 1544/1544/1544
f 1537/1537/1537 1538/1538/1538 2483/2483/2483
f 2484/2484/2484 2483/2483/2483 1538/1538/1538
f 2483/2483/2483 2484/2484/2484 2465/2465/2465
f 2103/2103/2103 2465/2465/2465 2484/2484/2484
f 2465/2465/2465 2103/2103/2103 1878/1878/1878
f 1875/1875/1875 1878/1878/1878 2103/2103/2103
f 1880/1880/1880 1878/1878/1878 1875/1875/1875
f 1875/1875/1875 2095/2095/2095 1880/1880/1880
f 1232/1232/1232 1880/1880/1880 2095/2095/2095
f 2103/2103/2103 2095/2095/2095 1875/1875/1875
f 2095/2095/2095 2103/2103/2103 2096/2096/2096
f 2484/2484/2484 2096/2096/2096 2103/2103/2103
f 1878/1878/1878 1880/1880/1880 1352/1352/1352
f 1144/1144/1144 1371/1371/1371 1165/1165/1165
f 1544/1544/1544 1165/1165/1165 1371/1371/1371
f 1371/1371/1371 1367/1367/1367 1544/1544/1544
f 1535/1535/1535 1544/1544/1544 1367/1367/1367
f 2510/2510/2510 2515/2515/2515 2640/2640/2640
f 2515/2515/2515 2516/2516/2516 2640/2640/2640
f 1857/1857/1857 2640/2640/2640 2516/2516/2516
f 2516/2516/2516 1834/1834/1834 1857/1857/1857
f 1854/1854/1854 1857/1857/1857 1834/1834/1834
f 1376/1376/1376 1852/1852/1852 1854/1854/1854
f 1857/1857/1857 1854/1854/1854 1852/1852/1852
f 1852/1852/1852 2630/2630/2630 1857/1857/1857
f 2640/2640/2640 1857/1857/1857 2630/2630/2630
f 2629/2629/2629 2640/2640/2640 2630/2630/2630
f 2640/2640/2640 2629/2629/2629 2510/2510/2510
f 2629/2629/2629 1326/1326/1326 2510/2510/2510
f 1231/1231/1231 2510/2510/2510 1326/1326/1326
f 2629/2629/2629 1324/1324/1324 1326/1326/1326
f 3845/3845/3845 3846/3846/3846 3844/3844/3844
f 1141/1141/1141 1164/1164/1164 1374/1374/1374
f 1542/1542/1542 1374/1374/1374 1164/1164/1164
f 1374/1374/1374 1542/1542/1542 1375/1375/1375
f 1536/1536/1536 1375/1375/1375 1542/1542/1542
f 2118/2118/2118 1536/1536/1536 2453/2453/2453
f 1539/1539/1539 2453/2453/2453 1536/1536/1536
f 1542/1542/1542 1539/1539/1539 1536/1536/1536
f 1539/1539/1539 1542/1542/1542 1540/1540/1540
f 1540/1540/1540 2485/2485/2485 1539/1539/1539
f 2453/2453/2453 1539/1539/1539 2485/2485/2485
f 2485/2485/2485 2472/2472/2472 2453/2453/2453
f 2108/2108/2108 2453/2453/2453 2472/2472/2472
f 2472/2472/2472 1877/1877/1877 2108/2108/2108
f 1871/1871/1871 2108/2108/2108 1877/1877/1877
f 1874/1874/1874 1871/1871/1871 1877/1877/1877
f 1871/1871/1871 1874/1874/1874 1876/1876/1876
f 1876/1876/1876 2124/2124/2124 1871/1871/1871
f 2108/2108/2108 1871/1871/1871 2124/2124/2124
f 2124/2124/2124 2118/2118/2118 2108/2108/2108
f 2453/2453/2453 2108/2108/2108 2118/2118/2118
f 1877/1877/1877 1534/1534/1534 1874/1874/1874
f 3849/3849/3849 3891/3891/3891 3868/3868/3868
f 3892/3892/3892 3891/3891/3891 3842/3842/3842
f 3892/3892/3892 3890/3890/3890 3891/3891/3891
f 3890/3890/3890 3868/3868/3868 3891/3891/3891
f 3890/3890/3890 3867/3867/3867 3868/3868/3868
f 3726/3726/3726 3725/3725/3725 3718/3718/3718
f 3726/3726/3726 3728/3728/3728 3725/3725/3725
f 3726/3726/3726 3727/3727/3727 3728/3728/3728
f 3726/3726/3726 3724/3724/3724 3727/3727/3727
f 3726/3726/3726 3723/3723/3723 3724/3724/3724
f 3726/3726/3726 3722/3722/3722 3723/3723/3723
f 3726/3726/3726 3721/3721/3721 3722/3722/3722
f 3726/3726/3726 3720/3720/3720 3721/3721/3721
f 3726/3726/3726 3719/3719/3719 3720/3720/3720
f 3726/3726/3726 3718/3718/3718 3719/3719/3719
f 2676/2676/2676 2689/2689/2689 2693/2693/2693
f 2693/2693/2693 2660/2660/2660 2676/2676/2676
f 2660/2660/2660 2693/2693/2693 1512/1512/1512
f 2627/2627/2627 2029/2029/2029 1327/1327/1327
f 2029/2029/2029 2627/2627/2627 2615/2615/2615
f 2615/2615/2615 1847/1847/1847 2029/2029/2029
f 2616/2616/2616 2029/2029/2029 1847/1847/1847
f 1847/1847/1847 2617/2617/2617 2616/2616/2616
f 2653/2653/2653 2616/2616/2616 2617/2617/2617
f 2617/2617/2617 2618/2618/2618 2653/2653/2653
f 2463/2463/2463 2653/2653/2653 2618/2618/2618
f 2618/2618/2618 2466/2466/2466 2463/2463/2463
f 2481/2481/2481 2463/2463/2463 2466/2466/2466
f 1512/1512/1512 2463/2463/2463 2481/2481/2481
f 2463/2463/2463 1512/1512/1512 1306/1306/1306
f 1306/1306/1306 1512/1512/1512 2693/2693/2693
f 2693/2693/2693 2271/2271/2271 1306/1306/1306
f 2271/2271/2271 2693/2693/2693 2689/2689/2689
f 2689/2689/2689 2461/2461/2461 2271/2271/2271
f 2486/2486/2486 2271/2271/2271 2461/2461/2461
f 2461/2461/2461 2460/2460/2460 2486/2486/2486
f 2687/2687/2687 2615/2615/2615 2627/2627/2627
f 1843/1843/1843 1327/1327/1327 2029/2029/2029
f 2029/2029/2029 2616/2616/2616 1843/1843/1843
f 1722/1722/1722 1843/1843/1843 2616/2616/2616
f 2616/2616/2616 2653/2653/2653 1722/1722/1722
f 1319/1319/1319 1722/1722/1722 2653/2653/2653
f 2653/2653/2653 2463/2463/2463 1319/1319/1319
f 1319/1319/1319 2463/2463/2463 2646/2646/2646
f 1306/1306/1306 2646/2646/2646 2463/2463/2463
f 2646/2646/2646 1306/1306/1306 2271/2271/2271
f 2271/2271/2271 2486/2486/2486 2646/2646/2646
f 2592/2592/2592 2646/2646/2646 2486/2486/2486
f 2486/2486/2486 1914/1914/1914 2592/2592/2592
f 2636/2636/2636 2592/2592/2592 1914/1914/1914
f 1914/1914/1914 2053/2053/2053 2636/2636/2636
f 2457/2457/2457 2636/2636/2636 2053/2053/2053
f 2636/2636/2636 2457/2457/2457 2471/2471/2471
f 1327/1327/1327 2471/2471/2471 2457/2457/2457
f 2471/2471/2471 1327/1327/1327 1843/1843/1843
f 1843/1843/1843 1722/1722/1722 2471/2471/2471
f 2591/2591/2591 2471/2471/2471 1722/1722/1722
f 1722/1722/1722 1319/1319/1319 2591/2591/2591
f 2646/2646/2646 2591/2591/2591 1319/1319/1319
f 2591/2591/2591 2646/2646/2646 2592/2592/2592
f 2592/2592/2592 2636/2636/2636 2591/2591/2591
f 2471/2471/2471 2591/2591/2591 2636/2636/2636
f 1914/1914/1914 2486/2486/2486 2460/2460/2460
f 2460/2460/2460 1853/1853/1853 1914/1914/1914
f 2053/2053/2053 1914/1914/1914 1853/1853/1853
f 1853/1853/1853 2042/2042/2042 2053/2053/2053
f 2031/2031/2031 2053/2053/2053 2042/2042/2042
f 2053/2053/2053 2031/2031/2031 2457/2457/2457
f 1228/1228/1228 2457/2457/2457 2031/2031/2031
f 2457/2457/2457 1228/1228/1228 1327/1327/1327
f 1230/1230/1230 1327/1327/1327 1228/1228/1228
f 1327/1327/1327 1230/1230/1230 2627/2627/2627
f 2667/2667/2667 2627/2627/2627 1230/1230/1230
f 2627/2627/2627 2667/2667/2667 2687/2687/2687
f 2685/2685/2685 2687/2687/2687 2667/2667/2667
f 2687/2687/2687 2685/2685/2685 1360/1360/1360
f 1360/1360/1360 1359/1359/1359 2687/2687/2687
f 1265/1265/1265 1741/1741/1741 1309/1309/1309
f 1308/1308/1308 1309/1309/1309 1741/1741/1741
f 1309/1309/1309 1308/1308/1308 2469/2469/2469
f 1720/1720/1720 2469/2469/2469 1308/1308/1308
f 2469/2469/2469 1720/1720/1720 2560/2560/2560
f 1842/1842/1842 2560/2560/2560 1720/1720/1720
f 2560/2560/2560 2452/2452/2452 2469/2469/2469
f 2621/2621/2621 1308/1308/1308 1741/1741/1741
f 1308/1308/1308 2621/2621/2621 1720/1720/1720
f 2628/2628/2628 1720/1720/1720 2621/2621/2621
f 1720/1720/1720 2628/2628/2628 1842/1842/1842
f 2004/2004/2004 1842/1842/1842 2628/2628/2628
f 1842/1842/1842 2004/2004/2004 1321/1321/1321
f 2560/2560/2560 1842/1842/1842 1321/1321/1321
f 1321/1321/1321 2563/2563/2563 2560/2560/2560
f 2563/2563/2563 2570/2570/2570 2560/2560/2560
f 2452/2452/2452 2560/2560/2560 2570/2570/2570
f 2570/2570/2570 1850/1850/1850 2452/2452/2452
f 1912/1912/1912 2452/2452/2452 1850/1850/1850
f 2452/2452/2452 1912/1912/1912 2469/2469/2469
f 2467/2467/2467 2469/2469/2469 1912/1912/1912
f 2469/2469/2469 2467/2467/2467 1309/1309/1309
f 2632/2632/2632 1309/1309/1309 2467/2467/2467
f 1309/1309/1309 2632/2632/2632 1265/1265/1265
f 2631/2631/2631 1265/1265/1265 2632/2632/2632
f 2651/2651/2651 1321/1321/1321 2004/2004/2004
f 2004/2004/2004 2619/2619/2619 2651/2651/2651
f 2619/2619/2619 2004/2004/2004 1844/1844/1844
f 2628/2628/2628 1844/1844/1844 2004/2004/2004
f 1844/1844/1844 2628/2628/2628 2620/2620/2620
f 2621/2621/2621 2620/2620/2620 2628/2628/2628
f 2620/2620/2620 2621/2621/2621 2623/2623/2623
f 1741/1741/1741 2623/2623/2623 2621/2621/2621
f 2623/2623/2623 1741/1741/1741 1737/1737/1737
f 1736/1736/1736 1737/1737/1737 1741/1741/1741
f 1741/1741/1741 1265/1265/1265 1736/1736/1736
f 2634/2634/2634 1736/1736/1736 1265/1265/1265
f 1265/1265/1265 2631/2631/2631 2634/2634/2634
f 2631/2631/2631 2635/2635/2635 2634/2634/2634
f 2635/2635/2635 2631/2631/2631 2632/2632/2632
f 2632/2632/2632 2259/2259/2259 2635/2635/2635
f 2259/2259/2259 2632/2632/2632 2454/2454/2454
f 2467/2467/2467 2454/2454/2454 2632/2632/2632
f 2680/2680/2680 2651/2651/2651 2619/2619/2619
f 1790/1790/1790 2634/2634/2634 2635/2635/2635
f 2454/2454/2454 2467/2467/2467 2464/2464/2464
f 1912/1912/1912 2464/2464/2464 2467/2467/2467
f 2464/2464/2464 1912/1912/1912 1851/1851/1851
f 1850/1850/1850 1851/1851/1851 1912/1912/1912
f 1851/1851/1851 1850/1850/1850 1859/1859/1859
f 2079/2079/2079 1859/1859/1859 1850/1850/1850
f 1850/1850/1850 2570/2570/2570 2079/2079/2079
f 2571/2571/2571 2079/2079/2079 2570/2570/2570
f 2570/2570/2570 2563/2563/2563 2571/2571/2571
f 1210/1210/1210 2571/2571/2571 2563/2563/2563
f 2563/2563/2563 1321/1321/1321 1210/1210/1210
f 1321/1321/1321 2651/2651/2651 1210/1210/1210
f 2703/2703/2703 1210/1210/1210 2651/2651/2651
f 2651/2651/2651 2680/2680/2680 2703/2703/2703
f 2679/2679/2679 2703/2703/2703 2680/2680/2680
f 2680/2680/2680 1363/1363/1363 2679/2679/2679
f 1363/1363/1363 2680/2680/2680 1361/1361/1361
f 3681/3681/3681 3683/3683/3683 3676/3676/3676
f 3674/3674/3674 3683/3683/3683 3681/3681/3681
f 3673/3673/3673 3672/3672/3672 3664/3664/3664
f 3661/3661/3661 3672/3672/3672 3673/3673/3673
f 3659/3659/3659 3660/3660/3660 3657/3657/3657
f 2657/2657/2657 2809/2809/2809 1516/1516/1516
f 1516/1516/1516 2643/2643/2643 2657/2657/2657
f 2604/2604/2604 2657/2657/2657 2643/2643/2643
f 2747/2747/2747 2604/2604/2604 2643/2643/2643
f 2604/2604/2604 2747/2747/2747 2799/2799/2799
f 2756/2756/2756 2799/2799/2799 2747/2747/2747
f 2290/2290/2290 2756/2756/2756 2747/2747/2747
f 2747/2747/2747 2297/2297/2297 2290/2290/2290
f 2297/2297/2297 2747/2747/2747 1768/1768/1768
f 2643/2643/2643 1768/1768/1768 2747/2747/2747
f 2799/2799/2799 2597/2597/2597 2604/2604/2604
f 2657/2657/2657 2604/2604/2604 2597/2597/2597
f 2597/2597/2597 2665/2665/2665 2657/2657/2657
f 2809/2809/2809 2657/2657/2657 2665/2665/2665
f 2665/2665/2665 2773/2773/2773 2809/2809/2809
f 2800/2800/2800 2789/2789/2789 2799/2799/2799
f 2799/2799/2799 2756/2756/2756 2800/2800/2800
f 1509/1509/1509 2800/2800/2800 2756/2756/2756
f 2756/2756/2756 2290/2290/2290 1509/1509/1509
f 1506/1506/1506 1509/1509/1509 2290/2290/2290
f 2773/2773/2773 1795/1795/1795 2775/2775/2775
f 2775/2775/2775 2809/2809/2809 2773/2773/2773
f 2809/2809/2809 2775/2775/2775 2815/2815/2815
f 2815/2815/2815 1516/1516/1516 2809/2809/2809
f 1516/1516/1516 2815/2815/2815 2162/2162/2162
f 2643/2643/2643 1516/1516/1516 2162/2162/2162
f 2162/2162/2162 2012/2012/2012 2643/2643/2643
f 1768/1768/1768 2643/2643/2643 2012/2012/2012
f 2012/2012/2012 1765/1765/1765 1768/1768/1768
f 1765/1765/1765 2012/2012/2012 2033/2033/2033
f 2003/2003/2003 2033/2033/2033 2012/2012/2012
f 2033/2033/2033 2003/2003/2003 2028/2028/2028
f 2003/2003/2003 2155/2155/2155 2028/2028/2028
f 2140/2140/2140 2028/2028/2028 2155/2155/2155
f 2155/2155/2155 2150/2150/2150 2140/2140/2140
f 1916/1916/1916 2140/2140/2140 2150/2150/2150
f 2150/2150/2150 1952/1952/1952 1916/1916/1916
f 1678/1678/1678 1916/1916/1916 1952/1952/1952
f 1213/1213/1213 2162/2162/2162 2815/2815/2815
f 1817/1817/1817 2775/2775/2775 1795/1795/1795
f 2775/2775/2775 1817/1817/1817 2815/2815/2815
f 2282/2282/2282 2815/2815/2815 1817/1817/1817
f 2815/2815/2815 2282/2282/2282 1213/1213/1213
f 1957/1957/1957 1213/1213/1213 2282/2282/2282
f 1213/1213/1213 1957/1957/1957 1952/1952/1952
f 1952/1952/1952 2150/2150/2150 1213/1213/1213
f 2162/2162/2162 1213/1213/1213 2150/2150/2150
f 2150/2150/2150 2155/2155/2155 2162/2162/2162
f 2155/2155/2155 2003/2003/2003 2162/2162/2162
f 2012/2012/2012 2162/2162/2162 2003/2003/2003
f 1952/1952/1952 1682/1682/1682 1678/1678/1678
f 1682/1682/1682 1952/1952/1952 1954/1954/1954
f 1957/1957/1957 1954/1954/1954 1952/1952/1952
f 1954/1954/1954 1957/1957/1957 2288/2288/2288
f 2282/2282/2282 2288/2288/2288 1957/1957/1957
f 2288/2288/2288 2282/2282/2282 2287/2287/2287
f 1817/1817/1817 2287/2287/2287 2282/2282/2282
f 2287/2287/2287 1817/1817/1817 1824/1824/1824
f 1795/1795/1795 1824/1824/1824 1817/1817/1817
f 1824/1824/1824 1795/1795/1795 1728/1728/1728
f 1727/1727/1727 1728/1728/1728 1795/1795/1795
f 1795/1795/1795 2773/2773/2773 1727/1727/1727
f 2697/2697/2697 1727/1727/1727 2773/2773/2773
f 2773/2773/2773 2665/2665/2665 2697/2697/2697
f 2681/2681/2681 2697/2697/2697 2665/2665/2665
f 2665/2665/2665 2597/2597/2597 2681/2681/2681
f 2789/2789/2789 2681/2681/2681 2597/2597/2597
f 2597/2597/2597 2799/2799/2799 2789/2789/2789
f 3656/3656/3656 3658/3658/3658 3653/3653/3653
f 3651/3651/3651 3658/3658/3658 3656/3656/3656
f 3648/3648/3648 3650/3650/3650 3643/3643/3643
f 3647/3647/3647 3650/3650/3650 3648/3648/3648
f 3645/3645/3645 3644/3644/3644 3642/3642/3642
f 3628/3628/3628 3644/3644/3644 3645/3645/3645
f 3633/3633/3633 3640/3640/3640 3624/3624/3624
f 3635/3635/3635 3640/3640/3640 3633/3633/3633
f 3636/3636/3636 3634/3634/3634 3631/3631/3631
f 3622/3622/3622 3634/3634/3634 3636/3636/3636
f 3614/3614/3614 3618/3618/3618 3609/3609/3609
f 3613/3613/3613 3618/3618/3618 3614/3614/3614
f 3606/3606/3606 3607/3607/3607 3605/3605/3605
f 3603/3603/3603 3607/3607/3607 3606/3606/3606
f 3594/3594/3594 3598/3598/3598 3592/3592/3592
f 3596/3596/3596 3598/3598/3598 3594/3594/3594
f 3601/3601/3601 3600/3600/3600 3599/3599/3599
f 3591/3591/3591 3600/3600/3600 3601/3601/3601
f 3584/3584/3584 3583/3583/3583 3579/3579/3579
f 3578/3578/3578 3583/3583/3583 3584/3584/3584
f 3588/3588/3588 3587/3587/3587 3585/3585/3585
f 3567/3567/3567 3587/3587/3587 3588/3588/3588
f 3571/3571/3571 3577/3577/3577 3560/3560/3560
f 3568/3568/3568 3577/3577/3577 3571/3571/3571
f 3557/3557/3557 3561/3561/3561 3550/3550/3550
f 3558/3558/3558 3561/3561/3561 3557/3557/3557
f 3533/3533/3533 3534/3534/3534 3532/3532/3532
f 1364/1364/1364 2034/2034/2034 2019/2019/2019
f 2019/2019/2019 2034/2034/2034 2035/2035/2035
f 2019/2019/2019 2035/2035/2035 2396/2396/2396
f 1529/1529/1529 2019/2019/2019 2396/2396/2396
f 1529/1529/1529 2396/2396/2396 1524/1524/1524
f 1978/1978/1978 2086/2086/2086 2089/2089/2089
f 1978/1978/1978 2089/2089/2089 1976/1976/1976
f 1977/1977/1977 1978/1978/1978 1976/1976/1976
f 1977/1977/1977 2391/2391/2391 1978/1978/1978
f 2396/2396/2396 2391/2391/2391 1977/1977/1977
f 2395/2395/2395 2391/2391/2391 2396/2396/2396
f 2395/2395/2395 2396/2396/2396 2035/2035/2035
f 1347/1347/1347 2395/2395/2395 2035/2035/2035
f 2393/2393/2393 2395/2395/2395 1347/1347/1347
f 2391/2391/2391 2395/2395/2395 2393/2393/2393
f 2391/2391/2391 2393/2393/2393 1978/1978/1978
f 2106/2106/2106 1706/1706/1706 1705/1705/1705
f 1707/1707/1707 2106/2106/2106 1705/1705/1705
f 1706/1706/1706 1480/1480/1480 2801/2801/2801
f 2156/2156/2156 1480/1480/1480 1706/1706/1706
f 2106/2106/2106 2156/2156/2156 1706/1706/1706
f 2107/2107/2107 2156/2156/2156 2106/2106/2106
f 3879/3879/3879 3841/3841/3841 3880/3880/3880
f 3879/3879/3879 3880/3880/3880 3877/3877/3877
f 3843/3843/3843 3877/3877/3877 3880/3880/3880
f 3859/3859/3859 3861/3861/3861 3896/3896/3896
f 3894/3894/3894 3896/3896/3896 3861/3861/3861
f 3896/3896/3896 3894/3894/3894 3893/3893/3893
f 3530/3530/3530 3531/3531/3531 3529/3529/3529
f 3860/3860/3860 3864/3864/3864 3862/3862/3862
f 3839/3839/3839 3862/3862/3862 3864/3864/3864
f 3122/3122/3122 3127/3127/3127 3123/3123/3123
f 3016/3016/3016 3123/3123/3123 3127/3127/3127
f 3045/3045/3045 3046/3046/3046 3044/3044/3044
f 2997/2997/2997 3044/3044/3044 3046/3046/3046
f 3340/3340/3340 3354/3354/3354 3341/3341/3341
f 2987/2987/2987 3341/3341/3341 3354/3354/3354
f 3328/3328/3328 3330/3330/3330 3323/3323/3323
f 3323/3323/3323 3066/3066/3066 3328/3328/3328
f 3454/3454/3454 3328/3328/3328 3066/3066/3066
f 3066/3066/3066 3453/3453/3453 3454/3454/3454
f 3451/3451/3451 3454/3454/3454 3453/3453/3453
f 3527/3527/3527 3528/3528/3528 3526/3526/3526
f 3253/3253/3253 3255/3255/3255 3252/3252/3252
f 3008/3008/3008 3252/3252/3252 3255/3255/3255
f 3252/3252/3252 3008/3008/3008 3365/3365/3365
f 3364/3364/3364 3365/3365/3365 3008/3008/3008
f 3365/3365/3365 3364/3364/3364 3366/3366/3366
f 3133/3133/3133 3366/3366/3366 3364/3364/3364
f 2944/2944/2944 2945/2945/2945 2943/2943/2943
f 2942/2942/2942 2943/2943/2943 2945/2945/2945
f 3496/3496/3496 3490/3490/3490 3493/3493/3493
f 3162/3162/3162 3496/3496/3496 3493/3493/3493
f 3086/3086/3086 3496/3496/3496 3162/3162/3162
f 3082/3082/3082 3086/3086/3086 3162/3162/3162
f 3125/3125/3125 3128/3128/3128 3126/3126/3126
f 3021/3021/3021 3126/3126/3126 3128/3128/3128
f 3021/3021/3021 3019/3019/3019 3126/3126/3126
f 3015/3015/3015 3126/3126/3126 3019/3019/3019
f 3019/3019/3019 3013/3013/3013 3015/3015/3015
f 3012/3012/3012 3015/3015/3015 3013/3013/3013
f 3524/3524/3524 3525/3525/3525 3523/3523/3523
f 3447/3447/3447 3449/3449/3449 3446/3446/3446
f 3446/3446/3446 3009/3009/3009 3447/3447/3447
f 3009/3009/3009 3446/3446/3446 2952/2952/2952
f 3068/3068/3068 3161/3161/3161 3069/3069/3069
f 3449/3449/3449 3069/3069/3069 3161/3161/3161
f 3161/3161/3161 3446/3446/3446 3449/3449/3449
f 3446/3446/3446 3161/3161/3161 3375/3375/3375
f 3375/3375/3375 3097/3097/3097 3446/3446/3446
f 3097/3097/3097 3375/3375/3375 3095/3095/3095
f 3377/3377/3377 3375/3375/3375 3161/3161/3161
f 3375/3375/3375 3377/3377/3377 3370/3370/3370
f 3503/3503/3503 3504/3504/3504 3502/3502/3502
f 2555/2555/2555 2574/2574/2574 2556/2556/2556
f 1163/1163/1163 2556/2556/2556 2574/2574/2574
f 2556/2556/2556 1163/1163/1163 1162/1162/1162
f 3500/3500/3500 3501/3501/3501 3499/3499/3499
f 2491/2491/2491 1145/1145/1145 1146/1146/1146
f 2489/2489/2489 2491/2491/2491 1146/1146/1146
f 2455/2455/2455 2491/2491/2491 2489/2489/2489
f 1642/1642/1642 2491/2491/2491 2455/2455/2455
f 1637/1637/1637 1642/1642/1642 2455/2455/2455
f 1639/1639/1639 1642/1642/1642 1637/1637/1637
f 3470/3470/3470 3471/3471/3471 3469/3469/3469
f 1200/1200/1200 1201/1201/1201 1773/1773/1773
f 1772/1772/1772 1773/1773/1773 1201/1201/1201
f 1772/1772/1772 1771/1771/1771 1773/1773/1773
f 1681/1681/1681 1773/1773/1773 1771/1771/1771
f 1681/1681/1681 1771/1771/1771 1698/1698/1698
f 1704/1704/1704 1698/1698/1698 1771/1771/1771
f 1704/1704/1704 1699/1699/1699 1698/1698/1698
f 1397/1397/1397 1698/1698/1698 1699/1699/1699
f 3467/3467/3467 3468/3468/3468 3460/3460/3460
f 1182/1182/1182 1184/1184/1184 1183/1183/1183
f 1122/1122/1122 1183/1183/1183 1184/1184/1184
f 2509/2509/2509 2511/2511/2511 2508/2508/2508
f 1120/1120/1120 2508/2508/2508 2511/2511/2511
f 1110/1110/1110 1112/1112/1112 1109/1109/1109
f 1107/1107/1107 1109/1109/1109 1112/1112/1112
f 1100/1100/1100 1103/1103/1103 1099/1099/1099
f 1098/1098/1098 1099/1099/1099 1103/1103/1103
f 1102/1102/1102 1104/1104/1104 1101/1101/1101
f 1097/1097/1097 1101/1101/1101 1104/1104/1104
f 1739/1739/1739 2286/2286/2286 2406/2406/2406
f 2406/2406/2406 2286/2286/2286 2281/2281/2281
f 2406/2406/2406 2281/2281/2281 2430/2430/2430
f 2430/2430/2430 2281/2281/2281 1130/1130/1130
f 2430/2430/2430 1130/1130/1130 1129/1129/1129
f 2291/2291/2291 2281/2281/2281 2286/2286/2286
f 2291/2291/2291 2286/2286/2286 2293/2293/2293
f 1742/1742/1742 2293/2293/2293 2286/2286/2286
f 1739/1739/1739 1742/1742/1742 2286/2286/2286
f 1735/1735/1735 1742/1742/1742 1739/1739/1739
f 1735/1735/1735 1739/1739/1739 2406/2406/2406
f 1300/1300/1300 1735/1735/1735 2406/2406/2406
f 1300/1300/1300 2406/2406/2406 2432/2432/2432
f 2432/2432/2432 2406/2406/2406 2430/2430/2430
f 2432/2432/2432 2430/2430/2430 2408/2408/2408
f 1177/1177/1177 1742/1742/1742 1735/1735/1735
f 3425/3425/3425 3426/3426/3426 3424/3424/3424
f 2505/2505/2505 1065/1065/1065 1203/1203/1203
f 1203/1203/1203 2500/2500/2500 2505/2505/2505
f 2503/2503/2503 2505/2505/2505 2500/2500/2500
f 3422/3422/3422 3423/3423/3423 3420/3420/3420
f 2200/2200/2200 2201/2201/2201 2196/2196/2196
f 2056/2056/2056 2196/2196/2196 2201/2201/2201
f 2196/2196/2196 2056/2056/2056 2772/2772/2772
f 2805/2805/2805 2772/2772/2772 2056/2056/2056
f 2807/2807/2807 2772/2772/2772 2805/2805/2805
f 2772/2772/2772 2807/2807/2807 1267/1267/1267
f 1062/1062/1062 1267/1267/1267 2807/2807/2807
f 2173/2173/2173 2174/2174/2174 2169/2169/2169
f 2059/2059/2059 2169/2169/2169 2174/2174/2174
f 2169/2169/2169 2059/2059/2059 2770/2770/2770
f 2786/2786/2786 2770/2770/2770 2059/2059/2059
f 2811/2811/2811 2770/2770/2770 2786/2786/2786
f 2770/2770/2770 2811/2811/2811 1269/1269/1269
f 1061/1061/1061 1269/1269/1269 2811/2811/2811
f 2767/2767/2767 1962/1962/1962 2078/2078/2078
f 2755/2755/2755 2767/2767/2767 2078/2078/2078
f 2305/2305/2305 2078/2078/2078 1962/1962/1962
f 1962/1962/1962 2304/2304/2304 2305/2305/2305
f 2302/2302/2302 2305/2305/2305 2304/2304/2304
f 2302/2302/2302 2303/2303/2303 2305/2305/2305
f 2190/2190/2190 2305/2305/2305 2303/2303/2303
f 2305/2305/2305 2190/2190/2190 2078/2078/2078
f 2749/2749/2749 2078/2078/2078 2190/2190/2190
f 2755/2755/2755 2078/2078/2078 2749/2749/2749
f 2755/2755/2755 2749/2749/2749 2757/2757/2757
f 2755/2755/2755 2757/2757/2757 2767/2767/2767
f 1312/1312/1312 2767/2767/2767 2757/2757/2757
f 1587/1587/1587 1312/1312/1312 2757/2757/2757
f 1587/1587/1587 2757/2757/2757 1592/1592/1592
f 1592/1592/1592 2757/2757/2757 2749/2749/2749
f 2766/2766/2766 1961/1961/1961 2081/2081/2081
f 2752/2752/2752 2766/2766/2766 2081/2081/2081
f 2309/2309/2309 2081/2081/2081 1961/1961/1961
f 1961/1961/1961 2308/2308/2308 2309/2309/2309
f 2306/2306/2306 2309/2309/2309 2308/2308/2308
f 2306/2306/2306 2307/2307/2307 2309/2309/2309
f 2227/2227/2227 2309/2309/2309 2307/2307/2307
f 2309/2309/2309 2227/2227/2227 2081/2081/2081
f 2751/2751/2751 2081/2081/2081 2227/2227/2227
f 2752/2752/2752 2081/2081/2081 2751/2751/2751
f 2752/2752/2752 2751/2751/2751 2769/2769/2769
f 2752/2752/2752 2769/2769/2769 2766/2766/2766
f 1313/1313/1313 2766/2766/2766 2769/2769/2769
f 1580/1580/1580 1313/1313/1313 2769/2769/2769
f 1580/1580/1580 2769/2769/2769 1583/1583/1583
f 1583/1583/1583 2769/2769/2769 2751/2751/2751
f 1096/1096/1096 1275/1275/1275 1349/1349/1349
f 1350/1350/1350 1349/1349/1349 1275/1275/1275
f 1349/1349/1349 1350/1350/1350 1348/1348/1348
f 3410/3410/3410 3411/3411/3411 3409/3409/3409
f 2315/2315/2315 2318/2318/2318 2319/2319/2319
f 2315/2315/2315 2314/2314/2314 2318/2318/2318
f 1782/1782/1782 2318/2318/2318 2314/2314/2314
f 2195/2195/2195 1867/1867/1867 2198/2198/2198
f 2199/2199/2199 2195/2195/2195 2198/2198/2198
f 1782/1782/1782 2195/2195/2195 2199/2199/2199
f 2318/2318/2318 1782/1782/1782 2199/2199/2199
f 2318/2318/2318 2199/2199/2199 1780/1780/1780
f 1780/1780/1780 2319/2319/2319 2318/2318/2318
f 1780/1780/1780 1783/1783/1783 2319/2319/2319
f 1783/1783/1783 1922/1922/1922 2319/2319/2319
f 2319/2319/2319 1922/1922/1922 2492/2492/2492
f 2487/2487/2487 2492/2492/2492 1922/1922/1922
f 2717/2717/2717 2492/2492/2492 2487/2487/2487
f 2715/2715/2715 2717/2717/2717 2487/2487/2487
f 2715/2715/2715 2714/2714/2714 2717/2717/2717
f 1392/1392/1392 2717/2717/2717 2714/2714/2714
f 2714/2714/2714 2347/2347/2347 1392/1392/1392
f 2365/2365/2365 1392/1392/1392 2347/2347/2347
f 2365/2365/2365 2347/2347/2347 2366/2366/2366
f 2365/2365/2365 2366/2366/2366 2373/2373/2373
f 2199/2199/2199 2198/2198/2198 2194/2194/2194
f 1780/1780/1780 2199/2199/2199 2194/2194/2194
f 1780/1780/1780 2194/2194/2194 1114/1114/1114
f 2365/2365/2365 2373/2373/2373 1392/1392/1392
f 1388/1388/1388 1392/1392/1392 2373/2373/2373
f 1388/1388/1388 2373/2373/2373 2040/2040/2040
f 2370/2370/2370 2040/2040/2040 2373/2373/2373
f 2370/2370/2370 2350/2350/2350 2040/2040/2040
f 2370/2370/2370 2355/2355/2355 2350/2350/2350
f 2370/2370/2370 2373/2373/2373 2355/2355/2355
f 1917/1917/1917 2373/2373/2373 2366/2366/2366
f 1917/1917/1917 2355/2355/2355 2373/2373/2373
f 1917/1917/1917 1264/1264/1264 2355/2355/2355
f 1917/1917/1917 2366/2366/2366 1264/1264/1264
f 2720/2720/2720 2040/2040/2040 2350/2350/2350
f 2735/2735/2735 2040/2040/2040 2720/2720/2720
f 2725/2725/2725 2735/2735/2735 2720/2720/2720
f 2725/2725/2725 1383/1383/1383 2735/2735/2735
f 1235/1235/1235 2735/2735/2735 1383/1383/1383
f 1383/1383/1383 2252/2252/2252 1235/1235/1235
f 2314/2314/2314 1235/1235/1235 2252/2252/2252
f 2252/2252/2252 2249/2249/2249 2314/2314/2314
f 1782/1782/1782 2314/2314/2314 2249/2249/2249
f 2249/2249/2249 1149/1149/1149 1782/1782/1782
f 1344/1344/1344 1345/1345/1345 1343/1343/1343
f 1073/1073/1073 1343/1343/1343 1345/1345/1345
f 1343/1343/1343 1073/1073/1073 1071/1071/1071
f 3259/3259/3259 3260/3260/3260 3258/3258/3258
f 1072/1072/1072 1074/1074/1074 1748/1748/1748
f 1745/1745/1745 1748/1748/1748 1074/1074/1074
f 1748/1748/1748 1745/1745/1745 1740/1740/1740
f 3686/3686/3686 3685/3685/3685 3684/3684/3684
f 3535/3535/3535 3685/3685/3685 3686/3686/3686
f 3048/3048/3048 3535/3535/3535 3686/3686/3686
f 1063/1063/1063 1064/1064/1064 1911/1911/1911
f 1913/1913/1913 1911/1911/1911 1064/1064/1064
f 1911/1911/1911 1913/1913/1913 1910/1910/1910
f 3654/3654/3654 3655/3655/3655 3043/3043/3043
f 3655/3655/3655 3654/3654/3654 3652/3652/3652
f 3032/3032/3032 3033/3033/3033 3031/3031/3031
f 1956/1956/1956 2083/2083/2083 1715/1715/1715
f 1715/1715/1715 1955/1955/1955 1956/1956/1956
f 1958/1958/1958 1956/1956/1956 1955/1955/1955
f 1955/1955/1955 1959/1959/1959 1958/1958/1958
f 1959/1959/1959 1955/1955/1955 1666/1666/1666
f 2691/2691/2691 2779/2779/2779 1725/1725/1725
f 2779/2779/2779 2691/2691/2691 2663/2663/2663
f 2695/2695/2695 2663/2663/2663 2691/2691/2691
f 2663/2663/2663 2695/2695/2695 2639/2639/2639
f 2790/2790/2790 2639/2639/2639 2695/2695/2695
f 2639/2639/2639 2790/2790/2790 2795/2795/2795
f 2776/2776/2776 2795/2795/2795 2790/2790/2790
f 2473/2473/2473 2795/2795/2795 2776/2776/2776
f 2795/2795/2795 2473/2473/2473 2482/2482/2482
f 2482/2482/2482 2473/2473/2473 2468/2468/2468
f 2468/2468/2468 2459/2459/2459 2482/2482/2482
f 2080/2080/2080 2482/2482/2482 2459/2459/2459
f 2459/2459/2459 2083/2083/2083 2080/2080/2080
f 2644/2644/2644 2080/2080/2080 2083/2083/2083
f 2083/2083/2083 1956/1956/1956 2644/2644/2644
f 1370/1370/1370 2644/2644/2644 1956/1956/1956
f 1956/1956/1956 1958/1958/1958 1370/1370/1370
f 1222/1222/1222 1370/1370/1370 1958/1958/1958
f 1505/1505/1505 2468/2468/2468 2473/2473/2473
f 1616/1616/1616 2777/2777/2777 1370/1370/1370
f 1370/1370/1370 1222/1222/1222 1616/1616/1616
f 1953/1953/1953 1616/1616/1616 1222/1222/1222
f 2656/2656/2656 1513/1513/1513 2774/2774/2774
f 1513/1513/1513 2656/2656/2656 2644/2644/2644
f 2645/2645/2645 2644/2644/2644 2656/2656/2656
f 2080/2080/2080 2644/2644/2644 2645/2645/2645
f 2644/2644/2644 1370/1370/1370 1513/1513/1513
f 1513/1513/1513 1370/1370/1370 2777/2777/2777
f 2777/2777/2777 2774/2774/2774 1513/1513/1513
f 2774/2774/2774 2777/2777/2777 2817/2817/2817
f 2817/2817/2817 2779/2779/2779 2774/2774/2774
f 2663/2663/2663 2774/2774/2774 2779/2779/2779
f 2774/2774/2774 2663/2663/2663 2656/2656/2656
f 2639/2639/2639 2656/2656/2656 2663/2663/2663
f 2656/2656/2656 2639/2639/2639 2645/2645/2645
f 2795/2795/2795 2645/2645/2645 2639/2639/2639
f 2645/2645/2645 2795/2795/2795 2080/2080/2080
f 2482/2482/2482 2080/2080/2080 2795/2795/2795
f 1958/1958/1958 1959/1959/1959 1222/1222/1222
f 2358/2358/2358 1222/1222/1222 1959/1959/1959
f 1222/1222/1222 2358/2358/2358 1953/1953/1953
f 1953/1953/1953 2358/2358/2358 2389/2389/2389
f 2389/2389/2389 1951/1951/1951 1953/1953/1953
f 1616/1616/1616 1953/1953/1953 1951/1951/1951
f 1951/1951/1951 2295/2295/2295 1616/1616/1616
f 2777/2777/2777 1616/1616/1616 2295/2295/2295
f 2295/2295/2295 1818/1818/1818 2777/2777/2777
f 2817/2817/2817 2777/2777/2777 1818/1818/1818
f 1818/1818/1818 1816/1816/1816 2817/2817/2817
f 2779/2779/2779 2817/2817/2817 1816/1816/1816
f 1816/1816/1816 1725/1725/1725 2779/2779/2779
f 1725/1725/1725 1816/1816/1816 1726/1726/1726
f 1798/1798/1798 1726/1726/1726 1816/1816/1816
f 1816/1816/1816 1818/1818/1818 1798/1798/1798
f 2284/2284/2284 1798/1798/1798 1818/1818/1818
f 1818/1818/1818 2295/2295/2295 2284/2284/2284
f 2294/2294/2294 2284/2284/2284 2295/2295/2295
f 2295/2295/2295 1951/1951/1951 2294/2294/2294
f 1266/1266/1266 2294/2294/2294 1951/1951/1951
f 2341/2341/2341 2389/2389/2389 2358/2358/2358
f 2950/2950/2950 2951/2951/2951 2882/2882/2882
f 2951/2951/2951 2950/2950/2950 2949/2949/2949
f 2878/2878/2878 2879/2879/2879 2877/2877/2877
f 1469/1469/1469 1471/1471/1471 2170/2170/2170
f 1441/1441/1441 2170/2170/2170 1471/1471/1471
f 2170/2170/2170 1441/1441/1441 1456/1456/1456
f 1456/1456/1456 2166/2166/2166 2170/2170/2170
f 2166/2166/2166 1456/1456/1456 2119/2119/2119
f 2164/2164/2164 2170/2170/2170 2166/2166/2166
f 2126/2126/2126 2119/2119/2119 1456/1456/1456
f 1456/1456/1456 1450/1450/1450 2126/2126/2126
f 1450/1450/1450 1456/1456/1456 1441/1441/1441
f 1450/1450/1450 1441/1441/1441 1415/1415/1415
f 1416/1416/1416 1415/1415/1415 1441/1441/1441
f 1416/1416/1416 1628/1628/1628 1415/1415/1415
f 2002/2002/2002 1415/1415/1415 1628/1628/1628
f 1415/1415/1415 2002/2002/2002 1453/1453/1453
f 1796/1796/1796 1453/1453/1453 2002/2002/2002
f 1453/1453/1453 1796/1796/1796 1398/1398/1398
f 1794/1794/1794 1398/1398/1398 1796/1796/1796
f 1398/1398/1398 1794/1794/1794 1438/1438/1438
f 1974/1974/1974 1438/1438/1438 1794/1794/1794
f 1438/1438/1438 1974/1974/1974 1527/1527/1527
f 1625/1625/1625 1527/1527/1527 1974/1974/1974
f 1527/1527/1527 1625/1625/1625 1523/1523/1523
f 2001/2001/2001 1523/1523/1523 1625/1625/1625
f 1523/1523/1523 2001/2001/2001 1419/1419/1419
f 1453/1453/1453 1398/1398/1398 1451/1451/1451
f 1423/1423/1423 1451/1451/1451 1398/1398/1398
f 1398/1398/1398 1438/1438/1438 1423/1423/1423
f 1424/1424/1424 1423/1423/1423 1438/1438/1438
f 1438/1438/1438 1527/1527/1527 1424/1424/1424
f 1427/1427/1427 1424/1424/1424 1527/1527/1527
f 1527/1527/1527 1523/1523/1523 1427/1427/1427
f 1458/1458/1458 1427/1427/1427 1523/1523/1523
f 1523/1523/1523 1419/1419/1419 1458/1458/1458
f 1476/1476/1476 1458/1458/1458 1419/1419/1419
f 1419/1419/1419 1724/1724/1724 1476/1476/1476
f 1485/1485/1485 1476/1476/1476 1724/1724/1724
f 1724/1724/1724 1747/1747/1747 1485/1485/1485
f 1488/1488/1488 1485/1485/1485 1747/1747/1747
f 1488/1488/1488 1484/1484/1484 1485/1485/1485
f 2099/2099/2099 1485/1485/1485 1484/1484/1484
f 1485/1485/1485 2099/2099/2099 1476/1476/1476
f 1460/1460/1460 1476/1476/1476 2099/2099/2099
f 1476/1476/1476 1460/1460/1460 1458/1458/1458
f 2072/2072/2072 1458/1458/1458 1460/1460/1460
f 1458/1458/1458 2072/2072/2072 1427/1427/1427
f 1395/1395/1395 1427/1427/1427 2072/2072/2072
f 1427/1427/1427 1395/1395/1395 1424/1424/1424
f 2073/2073/2073 1424/1424/1424 1395/1395/1395
f 1424/1424/1424 2073/2073/2073 1423/1423/1423
f 1413/1413/1413 1423/1423/1423 2073/2073/2073
f 1423/1423/1423 1413/1413/1413 1451/1451/1451
f 2126/2126/2126 1451/1451/1451 1413/1413/1413
f 1451/1451/1451 2126/2126/2126 1450/1450/1450
f 1451/1451/1451 1450/1450/1450 1453/1453/1453
f 1415/1415/1415 1453/1453/1453 1450/1450/1450
f 1331/1331/1331 1491/1491/1491 1488/1488/1488
f 1484/1484/1484 1488/1488/1488 1491/1491/1491
f 1491/1491/1491 1139/1139/1139 1484/1484/1484
f 2104/2104/2104 1484/1484/1484 1139/1139/1139
f 1484/1484/1484 2104/2104/2104 2099/2099/2099
f 2102/2102/2102 2099/2099/2099 2104/2104/2104
f 2099/2099/2099 2102/2102/2102 1460/1460/1460
f 2075/2075/2075 1460/1460/1460 2102/2102/2102
f 1460/1460/1460 2075/2075/2075 2072/2072/2072
f 2074/2074/2074 2072/2072/2072 2075/2075/2075
f 2072/2072/2072 2074/2074/2074 1395/1395/1395
f 2076/2076/2076 1395/1395/1395 2074/2074/2074
f 1395/1395/1395 2076/2076/2076 2073/2073/2073
f 2070/2070/2070 2073/2073/2073 2076/2076/2076
f 2073/2073/2073 2070/2070/2070 1413/1413/1413
f 2120/2120/2120 1413/1413/1413 2070/2070/2070
f 1413/1413/1413 2120/2120/2120 2126/2126/2126
f 2119/2119/2119 2126/2126/2126 2120/2120/2120
f 1443/1443/1443 1444/1444/1444 1442/1442/1442
f 1421/1421/1421 1442/1442/1442 1444/1444/1444
f 1444/1444/1444 1435/1435/1435 1421/1421/1421
f 1436/1436/1436 1421/1421/1421 1435/1435/1435
f 1435/1435/1435 1457/1457/1457 1436/1436/1436
f 1404/1404/1404 1436/1436/1436 1457/1457/1457
f 1457/1457/1457 1406/1406/1406 1404/1404/1404
f 1548/1548/1548 1404/1404/1404 1406/1406/1406
f 1406/1406/1406 1440/1440/1440 1548/1548/1548
f 1546/1546/1546 1548/1548/1548 1440/1440/1440
f 1440/1440/1440 1394/1394/1394 1546/1546/1546
f 1709/1709/1709 1546/1546/1546 1394/1394/1394
f 1394/1394/1394 1389/1389/1389 1709/1709/1709
f 1743/1743/1743 1709/1709/1709 1389/1389/1389
f 1389/1389/1389 1331/1331/1331 1743/1743/1743
f 1756/1756/1756 1743/1743/1743 1331/1331/1331
f 1331/1331/1331 1488/1488/1488 1756/1756/1756
f 1747/1747/1747 1756/1756/1756 1488/1488/1488
f 1801/1801/1801 1419/1419/1419 2001/2001/2001
f 1419/1419/1419 1801/1801/1801 1724/1724/1724
f 1820/1820/1820 1724/1724/1724 1801/1801/1801
f 1724/1724/1724 1820/1820/1820 1747/1747/1747
f 1993/1993/1993 1747/1747/1747 1820/1820/1820
f 1747/1747/1747 1993/1993/1993 1756/1756/1756
f 1733/1733/1733 1756/1756/1756 1993/1993/1993
f 1756/1756/1756 1733/1733/1733 1743/1743/1743
f 2021/2021/2021 1743/1743/1743 1733/1733/1733
f 1743/1743/1743 2021/2021/2021 1709/1709/1709
f 1806/1806/1806 1709/1709/1709 2021/2021/2021
f 1709/1709/1709 1806/1806/1806 1546/1546/1546
f 1800/1800/1800 1546/1546/1546 1806/1806/1806
f 1546/1546/1546 1800/1800/1800 1548/1548/1548
f 2018/2018/2018 1548/1548/1548 1800/1800/1800
f 1548/1548/1548 2018/2018/2018 1404/1404/1404
f 1804/1804/1804 1404/1404/1404 2018/2018/2018
f 1404/1404/1404 1804/1804/1804 1436/1436/1436
f 2000/2000/2000 1986/1986/1986 1983/1983/1983
f 1819/1819/1819 1983/1983/1983 1986/1986/1986
f 1983/1983/1983 1819/1819/1819 1814/1814/1814
f 1804/1804/1804 1814/1814/1814 1819/1819/1819
f 1814/1814/1814 1804/1804/1804 2050/2050/2050
f 2018/2018/2018 2050/2050/2050 1804/1804/1804
f 2050/2050/2050 2018/2018/2018 1997/1997/1997
f 1800/1800/1800 1997/1997/1997 2018/2018/2018
f 1997/1997/1997 1800/1800/1800 1797/1797/1797
f 1806/1806/1806 1797/1797/1797 1800/1800/1800
f 1797/1797/1797 1806/1806/1806 2020/2020/2020
f 2021/2021/2021 2020/2020/2020 1806/1806/1806
f 2020/2020/2020 2021/2021/2021 2047/2047/2047
f 1733/1733/1733 2047/2047/2047 2021/2021/2021
f 2047/2047/2047 1733/1733/1733 2038/2038/2038
f 1993/1993/1993 2038/2038/2038 1733/1733/1733
f 2038/2038/2038 1993/1993/1993 1995/1995/1995
f 1820/1820/1820 1995/1995/1995 1993/1993/1993
f 1819/1819/1819 1436/1436/1436 1804/1804/1804
f 1436/1436/1436 1819/1819/1819 1421/1421/1421
f 1986/1986/1986 1421/1421/1421 1819/1819/1819
f 1421/1421/1421 1986/1986/1986 1442/1442/1442
f 1640/1640/1640 1442/1442/1442 1986/1986/1986
f 1986/1986/1986 2000/2000/2000 1640/1640/1640
f 1131/1131/1131 1640/1640/1640 2000/2000/2000
f 1995/1995/1995 1820/1820/1820 1825/1825/1825
f 1801/1801/1801 1825/1825/1825 1820/1820/1820
f 1825/1825/1825 1801/1801/1801 2025/2025/2025
f 2001/2001/2001 2025/2025/2025 1801/1801/1801
f 2025/2025/2025 2001/2001/2001 1991/1991/1991
f 1625/1625/1625 1991/1991/1991 2001/2001/2001
f 1991/1991/1991 1625/1625/1625 1968/1968/1968
f 1974/1974/1974 1968/1968/1968 1625/1625/1625
f 1968/1968/1968 1974/1974/1974 1970/1970/1970
f 1794/1794/1794 1970/1970/1970 1974/1974/1974
f 1970/1970/1970 1794/1794/1794 1809/1809/1809
f 1796/1796/1796 1809/1809/1809 1794/1794/1794
f 1809/1809/1809 1796/1796/1796 2009/2009/2009
f 2002/2002/2002 2009/2009/2009 1796/1796/1796
f 2009/2009/2009 2002/2002/2002 2026/2026/2026
f 1628/1628/1628 2026/2026/2026 2002/2002/2002
f 2538/2538/2538 2539/2539/2539 2537/2537/2537
f 2537/2537/2537 2576/2576/2576 2538/2538/2538
f 2565/2565/2565 2538/2538/2538 2576/2576/2576
f 2586/2586/2586 2565/2565/2565 2576/2576/2576
f 2576/2576/2576 1906/1906/1906 2586/2586/2586
f 1905/1905/1905 2586/2586/2586 1906/1906/1906
f 3075/3075/3075 3074/3074/3074 3073/3073/3073
f 3077/3077/3077 3074/3074/3074 3075/3075/3075
f 3076/3076/3076 3077/3077/3077 3075/3075/3075
f 3836/3836/3836 3822/3822/3822 3837/3837/3837
f 3838/3838/3838 3836/3836/3836 3837/3837/3837
f 3835/3835/3835 3838/3838/3838 3837/3837/3837
f 3834/3834/3834 3835/3835/3835 3837/3837/3837
f 3833/3833/3833 3834/3834/3834 3837/3837/3837
f 3832/3832/3832 3833/3833/3833 3837/3837/3837
f 3831/3831/3831 3832/3832/3832 3837/3837/3837
f 3830/3830/3830 3831/3831/3831 3837/3837/3837
f 3829/3829/3829 3830/3830/3830 3837/3837/3837
f 3828/3828/3828 3829/3829/3829 3837/3837/3837
f 3827/3827/3827 3828/3828/3828 3837/3837/3837
f 3826/3826/3826 3827/3827/3827 3837/3837/3837
f 3825/3825/3825 3826/3826/3826 3837/3837/3837
f 3824/3824/3824 3825/3825/3825 3837/3837/3837
f 3823/3823/3823 3824/3824/3824 3837/3837/3837
f 3822/3822/3822 3823/3823/3823 3837/3837/3837
f 3805/3805/3805 3821/3821/3821 3818/3818/3818
f 3806/3806/3806 3805/3805/3805 3818/3818/3818
f 3807/3807/3807 3806/3806/3806 3818/3818/3818
f 3808/3808/3808 3807/3807/3807 3818/3818/3818
f 3809/3809/3809 3808/3808/3808 3818/3818/3818
f 3810/3810/3810 3809/3809/3809 3818/3818/3818
f 3811/3811/3811 3810/3810/3810 3818/3818/3818
f 3812/3812/3812 3811/3811/3811 3818/3818/3818
f 3813/3813/3813 3812/3812/3812 3818/3818/3818
f 3814/3814/3814 3813/3813/3813 3818/3818/3818
f 3815/3815/3815 3814/3814/3814 3818/3818/3818
f 3816/3816/3816 3815/3815/3815 3818/3818/3818
f 3817/3817/3817 3816/3816/3816 3818/3818/3818
f 3819/3819/3819 3817/3817/3817 3818/3818/3818
f 3820/3820/3820 3819/3819/3819 3818/3818/3818
f 3821/3821/3821 3820/3820/3820 3818/3818/3818
f 3794/3794/3794 3804/3804/3804 3801/3801/3801
f 3795/3795/3795 3794/3794/3794 3801/3801/3801
f 3796/3796/3796 3795/3795/3795 3801/3801/3801
f 3797/3797/3797 3796/3796/3796 3801/3801/3801
f 3798/3798/3798 3797/3797/3797 3801/3801/3801
f 3799/3799/3799 3798/3798/3798 3801/3801/3801
f 3800/3800/3800 3799/3799/3799 3801/3801/3801
f 3802/3802/3802 3800/3800/3800 3801/3801/3801
f 3803/3803/3803 3802/3802/3802 3801/3801/3801
f 3804/3804/3804 3803/3803/3803 3801/3801/3801
f 3474/3474/3474 3333/3333/3333 3479/3479/3479
f 3552/3552/3552 3479/3479/3479 3333/3333/3333
f 3479/3479/3479 3552/3552/3552 3351/3351/3351
f 3553/3553/3553 3351/3351/3351 3552/3552/3552
f 3351/3351/3351 3553/3553/3553 3555/3555/3555
f 3553/3553/3553 3554/3554/3554 3555/3555/3555
f 3552/3552/3552 3554/3554/3554 3553/3553/3553
f 3554/3554/3554 3552/3552/3552 3072/3072/3072
f 3334/3334/3334 3072/3072/3072 3552/3552/3552
f 3334/3334/3334 2984/2984/2984 3072/3072/3072
f 2983/2983/2983 3072/3072/3072 2984/2984/2984
f 3333/3333/3333 3334/3334/3334 3552/3552/3552
f 3489/3489/3489 3474/3474/3474 3479/3479/3479
f 3373/3373/3373 3351/3351/3351 3555/3555/3555
f 3351/3351/3351 3373/3373/3373 3479/3479/3479
f 3372/3372/3372 3479/3479/3479 3373/3373/3373
f 3479/3479/3479 3372/3372/3372 3489/3489/3489
f 3485/3485/3485 3489/3489/3489 3372/3372/3372
f 3372/3372/3372 3494/3494/3494 3485/3485/3485
f 3491/3491/3491 3485/3485/3485 3494/3494/3494
f 3148/3148/3148 3491/3491/3491 3494/3494/3494
f 3494/3494/3494 3372/3372/3372 3373/3373/3373
f 3373/3373/3373 3071/3071/3071 3494/3494/3494
f 3071/3071/3071 3373/3373/3373 3555/3555/3555
f 3494/3494/3494 3071/3071/3071 3070/3070/3070
f 3779/3779/3779 3782/3782/3782 3781/3781/3781
f 3779/3779/3779 3781/3781/3781 3780/3780/3780
f 3778/3778/3778 3779/3779/3779 3780/3780/3780
f 3778/3778/3778 3780/3780/3780 3777/3777/3777
f 3776/3776/3776 3778/3778/3778 3777/3777/3777
f 3776/3776/3776 3777/3777/3777 3775/3775/3775
f 3774/3774/3774 3776/3776/3776 3775/3775/3775
f 3775/3775/3775 3777/3777/3777 3764/3764/3764
f 3777/3777/3777 3765/3765/3765 3764/3764/3764
f 3777/3777/3777 3780/3780/3780 3765/3765/3765
f 3780/3780/3780 3766/3766/3766 3765/3765/3765
f 3780/3780/3780 3781/3781/3781 3766/3766/3766
f 3781/3781/3781 3767/3767/3767 3766/3766/3766
f 3781/3781/3781 3784/3784/3784 3767/3767/3767
f 3784/3784/3784 3768/3768/3768 3767/3767/3767
f 3784/3784/3784 3786/3786/3786 3768/3768/3768
f 3786/3786/3786 3769/3769/3769 3768/3768/3768
f 3786/3786/3786 3787/3787/3787 3769/3769/3769
f 3787/3787/3787 3770/3770/3770 3769/3769/3769
f 3787/3787/3787 3791/3791/3791 3770/3770/3770
f 3791/3791/3791 3772/3772/3772 3770/3770/3770
f 3791/3791/3791 3790/3790/3790 3772/3772/3772
f 3790/3790/3790 3773/3773/3773 3772/3772/3772
f 3790/3790/3790 3792/3792/3792 3773/3773/3773
f 3792/3792/3792 3771/3771/3771 3773/3773/3773
f 3765/3765/3765 3766/3766/3766 3763/3763/3763
f 3764/3764/3764 3765/3765/3765 3763/3763/3763
f 3771/3771/3771 3764/3764/3764 3763/3763/3763
f 3775/3775/3775 3764/3764/3764 3771/3771/3771
f 3792/3792/3792 3775/3775/3775 3771/3771/3771
f 3774/3774/3774 3775/3775/3775 3792/3792/3792
f 3793/3793/3793 3774/3774/3774 3792/3792/3792
f 3793/3793/3793 3792/3792/3792 3790/3790/3790
f 3789/3789/3789 3793/3793/3793 3790/3790/3790
f 3789/3789/3789 3790/3790/3790 3791/3791/3791
f 3788/3788/3788 3789/3789/3789 3791/3791/3791
f 3788/3788/3788 3791/3791/3791 3787/3787/3787
f 3785/3785/3785 3788/3788/3788 3787/3787/3787
f 3785/3785/3785 3787/3787/3787 3786/3786/3786
f 3783/3783/3783 3785/3785/3785 3786/3786/3786
f 3783/3783/3783 3786/3786/3786 3784/3784/3784
f 3782/3782/3782 3783/3783/3783 3784/3784/3784
f 3782/3782/3782 3784/3784/3784 3781/3781/3781
f 3773/3773/3773 3771/3771/3771 3763/3763/3763
f 3772/3772/3772 3773/3773/3773 3763/3763/3763
f 3770/3770/3770 3772/3772/3772 3763/3763/3763
f 3769/3769/3769 3770/3770/3770 3763/3763/3763
f 3768/3768/3768 3769/3769/3769 3763/3763/3763
f 3767/3767/3767 3768/3768/3768 3763/3763/3763
f 3766/3766/3766 3767/3767/3767 3763/3763/3763
f 1466/1466/1466 1470/1470/1470 1467/1467/1467
f 2253/2253/2253 1467/1467/1467 1470/1470/1470
f 1467/1467/1467 2253/2253/2253 2262/2262/2262
f 2262/2262/2262 1435/1435/1435 1467/1467/1467
f 1435/1435/1435 2262/2262/2262 1457/1457/1457
f 1674/1674/1674 1457/1457/1457 2262/2262/2262
f 1457/1457/1457 1674/1674/1674 1406/1406/1406
f 1432/1432/1432 1406/1406/1406 1674/1674/1674
f 1406/1406/1406 1432/1432/1432 1440/1440/1440
f 2230/2230/2230 1440/1440/1440 1432/1432/1432
f 1440/1440/1440 2230/2230/2230 1394/1394/1394
f 1391/1391/1391 1394/1394/1394 2230/2230/2230
f 1394/1394/1394 1391/1391/1391 1389/1389/1389
f 2125/2125/2125 1389/1389/1389 1391/1391/1391
f 1389/1389/1389 2125/2125/2125 1331/1331/1331
f 1491/1491/1491 1331/1331/1331 2125/2125/2125
f 1444/1444/1444 1467/1467/1467 1435/1435/1435
f 2267/2267/2267 2262/2262/2262 2253/2253/2253
f 2262/2262/2262 2267/2267/2267 1674/1674/1674
f 1675/1675/1675 1674/1674/1674 2267/2267/2267
f 1674/1674/1674 1675/1675/1675 1432/1432/1432
f 2215/2215/2215 1432/1432/1432 1675/1675/1675
f 1432/1432/1432 2215/2215/2215 2230/2230/2230
f 2206/2206/2206 2230/2230/2230 2215/2215/2215
f 2230/2230/2230 2206/2206/2206 1391/1391/1391
f 2097/2097/2097 1391/1391/1391 2206/2206/2206
f 1391/1391/1391 2097/2097/2097 2125/2125/2125
f 2098/2098/2098 2125/2125/2125 2097/2097/2097
f 2321/2321/2321 1579/1579/1579 1578/1578/1578
f 1579/1579/1579 2321/2321/2321 1594/1594/1594
f 1579/1579/1579 1594/1594/1594 1286/1286/1286
f 1601/1601/1601 1286/1286/1286 1594/1594/1594
f 1594/1594/1594 1603/1603/1603 1601/1601/1601
f 1571/1571/1571 1601/1601/1601 1603/1603/1603
f 1603/1603/1603 1598/1598/1598 1571/1571/1571
f 1597/1597/1597 1571/1571/1571 1598/1598/1598
f 1598/1598/1598 1608/1608/1608 1597/1597/1597
f 1556/1556/1556 1597/1597/1597 1608/1608/1608
f 1608/1608/1608 1555/1555/1555 1556/1556/1556
f 1558/1558/1558 1556/1556/1556 1555/1555/1555
f 1555/1555/1555 1586/1586/1586 1558/1558/1558
f 1634/1634/1634 1558/1558/1558 1586/1586/1586
f 1586/1586/1586 1569/1569/1569 1634/1634/1634
f 1638/1638/1638 1634/1634/1634 1569/1569/1569
f 1569/1569/1569 1572/1572/1572 1638/1638/1638
f 1827/1827/1827 1638/1638/1638 1572/1572/1572
f 1601/1601/1601 2203/2203/2203 1286/1286/1286
f 2203/2203/2203 1601/1601/1601 1932/1932/1932
f 1571/1571/1571 1932/1932/1932 1601/1601/1601
f 1932/1932/1932 1571/1571/1571 1934/1934/1934
f 1597/1597/1597 1934/1934/1934 1571/1571/1571
f 1934/1934/1934 1597/1597/1597 2191/2191/2191
f 1556/1556/1556 2191/2191/2191 1597/1597/1597
f 2191/2191/2191 1556/1556/1556 1730/1730/1730
f 1558/1558/1558 1730/1730/1730 1556/1556/1556
f 1730/1730/1730 1558/1558/1558 2205/2205/2205
f 1634/1634/1634 2205/2205/2205 1558/1558/1558
f 2205/2205/2205 1634/1634/1634 1731/1731/1731
f 1638/1638/1638 1731/1731/1731 1634/1634/1634
f 1731/1731/1731 1638/1638/1638 2177/2177/2177
f 1827/1827/1827 2177/2177/2177 1638/1638/1638
f 2177/2177/2177 1827/1827/1827 1815/1815/1815
f 1896/1896/1896 1815/1815/1815 1827/1827/1827
f 1815/1815/1815 1896/1896/1896 2211/2211/2211
f 2186/2186/2186 1815/1815/1815 2208/2208/2208
f 1815/1815/1815 2186/2186/2186 2177/2177/2177
f 2176/2176/2176 2177/2177/2177 2186/2186/2186
f 2177/2177/2177 2176/2176/2176 1731/1731/1731
f 2216/2216/2216 1731/1731/1731 2176/2176/2176
f 1731/1731/1731 2216/2216/2216 2205/2205/2205
f 2239/2239/2239 2205/2205/2205 2216/2216/2216
f 2205/2205/2205 2239/2239/2239 1730/1730/1730
f 2183/2183/2183 1730/1730/1730 2239/2239/2239
f 1730/1730/1730 2183/2183/2183 2191/2191/2191
f 2185/2185/2185 2191/2191/2191 2183/2183/2183
f 2191/2191/2191 2185/2185/2185 1934/1934/1934
f 1933/1933/1933 1934/1934/1934 2185/2185/2185
f 1934/1934/1934 1933/1933/1933 1932/1932/1932
f 2247/2247/2247 1932/1932/1932 1933/1933/1933
f 1932/1932/1932 2247/2247/2247 2203/2203/2203
f 2209/2209/2209 2203/2203/2203 2247/2247/2247
f 2203/2203/2203 2209/2209/2209 1926/1926/1926
f 1947/1947/1947 1926/1926/1926 2209/2209/2209
f 1926/1926/1926 1947/1947/1947 1930/1930/1930
f 2123/2123/2123 1930/1930/1930 1947/1947/1947
f 1930/1930/1930 2123/2123/2123 2110/2110/2110
f 2109/2109/2109 2110/2110/2110 2123/2123/2123
f 2110/2110/2110 2109/2109/2109 1861/1861/1861
f 2141/2141/2141 1861/1861/1861 2109/2109/2109
f 1861/1861/1861 2141/2141/2141 2145/2145/2145
f 2144/2144/2144 2145/2145/2145 2141/2141/2141
f 2145/2145/2145 2144/2144/2144 1949/1949/1949
f 2241/2241/2241 1949/1949/1949 2144/2144/2144
f 1949/1949/1949 2241/2241/2241 2244/2244/2244
f 2236/2236/2236 2244/2244/2244 2241/2241/2241
f 2244/2244/2244 2236/2236/2236 1936/1936/1936
f 2237/2237/2237 1936/1936/1936 2236/2236/2236
f 1936/1936/1936 2237/2237/2237 2211/2211/2211
f 2208/2208/2208 2211/2211/2211 2237/2237/2237
f 2211/2211/2211 2208/2208/2208 1815/1815/1815
f 1943/1943/1943 2211/2211/2211 1896/1896/1896
f 2211/2211/2211 1943/1943/1943 1936/1936/1936
f 1931/1931/1931 1936/1936/1936 1943/1943/1943
f 1936/1936/1936 1931/1931/1931 2244/2244/2244
f 1945/1945/1945 2244/2244/2244 1931/1931/1931
f 2244/2244/2244 1945/1945/1945 1949/1949/1949
f 1923/1923/1923 1949/1949/1949 1945/1945/1945
f 1949/1949/1949 1923/1923/1923 2145/2145/2145
f 1864/1864/1864 2145/2145/2145 1923/1923/1923
f 2145/2145/2145 1864/1864/1864 1861/1861/1861
f 1767/1767/1767 1861/1861/1861 1864/1864/1864
f 1861/1861/1861 1767/1767/1767 2110/2110/2110
f 1618/1618/1618 2110/2110/2110 1767/1767/1767
f 2110/2110/2110 1618/1618/1618 1930/1930/1930
f 1572/1572/1572 1550/1550/1550 1827/1827/1827
f 1896/1896/1896 1827/1827/1827 1550/1550/1550
f 1550/1550/1550 1615/1615/1615 1896/1896/1896
f 1943/1943/1943 1896/1896/1896 1615/1615/1615
f 1615/1615/1615 1646/1646/1646 1943/1943/1943
f 1931/1931/1931 1943/1943/1943 1646/1646/1646
f 1646/1646/1646 1656/1656/1656 1931/1931/1931
f 1945/1945/1945 1931/1931/1931 1656/1656/1656
f 1656/1656/1656 1658/1658/1658 1945/1945/1945
f 1923/1923/1923 1945/1945/1945 1658/1658/1658
f 1658/1658/1658 1661/1661/1661 1923/1923/1923
f 1864/1864/1864 1923/1923/1923 1661/1661/1661
f 1661/1661/1661 1619/1619/1619 1864/1864/1864
f 1767/1767/1767 1864/1864/1864 1619/1619/1619
f 1619/1619/1619 1570/1570/1570 1767/1767/1767
f 1618/1618/1618 1767/1767/1767 1570/1570/1570
f 1570/1570/1570 1582/1582/1582 1618/1618/1618
f 1617/1617/1617 1618/1618/1618 1582/1582/1582
f 1617/1617/1617 1930/1930/1930 1618/1618/1618
f 1930/1930/1930 1617/1617/1617 1926/1926/1926
f 1754/1754/1754 1615/1615/1615 2407/2407/2407
f 1615/1615/1615 1754/1754/1754 1646/1646/1646
f 1657/1657/1657 1646/1646/1646 1754/1754/1754
f 1646/1646/1646 1657/1657/1657 1656/1656/1656
f 2292/2292/2292 1656/1656/1656 1657/1657/1657
f 1656/1656/1656 2292/2292/2292 1658/1658/1658
f 1662/1662/1662 1658/1658/1658 2292/2292/2292
f 1658/1658/1658 1662/1662/1662 1661/1661/1661
f 2327/2327/2327 1661/1661/1661 1662/1662/1662
f 1661/1661/1661 2327/2327/2327 1619/1619/1619
f 1568/1568/1568 1619/1619/1619 2327/2327/2327
f 1619/1619/1619 1568/1568/1568 1570/1570/1570
f 2300/2300/2300 1570/1570/1570 1568/1568/1568
f 1570/1570/1570 2300/2300/2300 1582/1582/1582
f 1926/1926/1926 1286/1286/1286 2203/2203/2203
f 1286/1286/1286 1926/1926/1926 1617/1617/1617
f 1286/1286/1286 1617/1617/1617 1579/1579/1579
f 1582/1582/1582 1579/1579/1579 1617/1617/1617
f 1582/1582/1582 1578/1578/1578 1579/1579/1579
f 1578/1578/1578 1582/1582/1582 2300/2300/2300
f 2300/2300/2300 2299/2299/2299 1578/1578/1578
f 2299/2299/2299 2300/2300/2300 2301/2301/2301
f 1568/1568/1568 2301/2301/2301 2300/2300/2300
f 2301/2301/2301 1568/1568/1568 2330/2330/2330
f 2327/2327/2327 2330/2330/2330 1568/1568/1568
f 2330/2330/2330 2327/2327/2327 2333/2333/2333
f 1662/1662/1662 2333/2333/2333 2327/2327/2327
f 2333/2333/2333 1662/1662/1662 2289/2289/2289
f 2292/2292/2292 2289/2289/2289 1662/1662/1662
f 2289/2289/2289 2292/2292/2292 2296/2296/2296
f 1657/1657/1657 2296/2296/2296 2292/2292/2292
f 2296/2296/2296 1657/1657/1657 1755/1755/1755
f 1600/1600/1600 2376/2376/2376 2360/2360/2360
f 2376/2376/2376 1600/1600/1600 2339/2339/2339
f 2321/2321/2321 2339/2339/2339 1600/1600/1600
f 2339/2339/2339 2321/2321/2321 2320/2320/2320
f 1578/1578/1578 2320/2320/2320 2321/2321/2321
f 2320/2320/2320 1578/1578/1578 2299/2299/2299
f 1600/1600/1600 1594/1594/1594 2321/2321/2321
f 1594/1594/1594 1600/1600/1600 1603/1603/1603
f 2360/2360/2360 1603/1603/1603 1600/1600/1600
f 1603/1603/1603 2360/2360/2360 1598/1598/1598
f 1609/1609/1609 1598/1598/1598 2360/2360/2360
f 1598/1598/1598 1609/1609/1609 1608/1608/1608
f 2414/2414/2414 1608/1608/1608 1609/1609/1609
f 1608/1608/1608 2414/2414/2414 1555/1555/1555
f 1785/1785/1785 1555/1555/1555 2414/2414/2414
f 1555/1555/1555 1785/1785/1785 1586/1586/1586
f 1591/1591/1591 1586/1586/1586 1785/1785/1785
f 1586/1586/1586 1591/1591/1591 1569/1569/1569
f 2399/2399/2399 1569/1569/1569 1591/1591/1591
f 1569/1569/1569 2399/2399/2399 1572/1572/1572
f 1549/1549/1549 1572/1572/1572 2399/2399/2399
f 1572/1572/1572 1549/1549/1549 1550/1550/1550
f 2407/2407/2407 1550/1550/1550 1549/1549/1549
f 1550/1550/1550 2407/2407/2407 1615/1615/1615
f 1754/1754/1754 1755/1755/1755 1657/1657/1657
f 1755/1755/1755 1754/1754/1754 2410/2410/2410
f 2407/2407/2407 2410/2410/2410 1754/1754/1754
f 2410/2410/2410 2407/2407/2407 2390/2390/2390
f 1549/1549/1549 2390/2390/2390 2407/2407/2407
f 2390/2390/2390 1549/1549/1549 2384/2384/2384
f 2399/2399/2399 2384/2384/2384 1549/1549/1549
f 2384/2384/2384 2399/2399/2399 2385/2385/2385
f 1591/1591/1591 2385/2385/2385 2399/2399/2399
f 2385/2385/2385 1591/1591/1591 1787/1787/1787
f 1785/1785/1785 1787/1787/1787 1591/1591/1591
f 1787/1787/1787 1785/1785/1785 2405/2405/2405
f 2414/2414/2414 2405/2405/2405 1785/1785/1785
f 2405/2405/2405 2414/2414/2414 2403/2403/2403
f 1609/1609/1609 2403/2403/2403 2414/2414/2414
f 2403/2403/2403 1609/1609/1609 2345/2345/2345
f 2360/2360/2360 2345/2345/2345 1609/1609/1609
f 2345/2345/2345 2360/2360/2360 2376/2376/2376
f 2240/2240/2240 1935/1935/1935 1924/1924/1924
f 1925/1925/1925 1924/1924/1924 1935/1935/1935
f 1935/1935/1935 1946/1946/1946 1925/1925/1925
f 1869/1869/1869 1925/1925/1925 1946/1946/1946
f 1946/1946/1946 2246/2246/2246 1869/1869/1869
f 1870/1870/1870 1869/1869/1869 2246/2246/2246
f 2246/2246/2246 1868/1868/1868 1870/1870/1870
f 1764/1764/1764 1870/1870/1870 1868/1868/1868
f 1868/1868/1868 2257/2257/2257 1764/1764/1764
f 1614/1614/1614 1764/1764/1764 2257/2257/2257
f 2257/2257/2257 1929/1929/1929 1614/1614/1614
f 1613/1613/1613 1614/1614/1614 1929/1929/1929
f 1929/1929/1929 1948/1948/1948 1613/1613/1613
f 1554/1554/1554 1613/1613/1613 1948/1948/1948
f 1948/1948/1948 2151/2151/2151 1554/1554/1554
f 1602/1602/1602 1554/1554/1554 2151/2151/2151
f 2151/2151/2151 1723/1723/1723 1602/1602/1602
f 1561/1561/1561 1602/1602/1602 1723/1723/1723
f 1723/1723/1723 2151/2151/2151 2138/2138/2138
f 2154/2154/2154 2138/2138/2138 2151/2151/2151
f 2151/2151/2151 1948/1948/1948 2154/2154/2154
f 1942/1942/1942 2154/2154/2154 1948/1948/1948
f 1948/1948/1948 1929/1929/1929 1942/1942/1942
f 2250/2250/2250 1942/1942/1942 1929/1929/1929
f 1929/1929/1929 2257/2257/2257 2250/2250/2250
f 2261/2261/2261 2250/2250/2250 2257/2257/2257
f 2257/2257/2257 1868/1868/1868 2261/2261/2261
f 2214/2214/2214 2261/2261/2261 1868/1868/1868
f 1868/1868/1868 2246/2246/2246 2214/2214/2214
f 2225/2225/2225 2214/2214/2214 2246/2246/2246
f 2246/2246/2246 1946/1946/1946 2225/2225/2225
f 1941/1941/1941 2225/2225/2225 1946/1946/1946
f 1946/1946/1946 1935/1935/1935 1941/1941/1941
f 2204/2204/2204 1941/1941/1941 1935/1935/1935
f 1935/1935/1935 2240/2240/2240 2204/2204/2204
f 2229/2229/2229 2204/2204/2204 2240/2240/2240
f 2240/2240/2240 1940/1940/1940 2229/2229/2229
f 1937/1937/1937 2229/2229/2229 1940/1940/1940
f 1940/1940/1940 1944/1944/1944 1937/1937/1937
f 2220/2220/2220 1937/1937/1937 1944/1944/1944
f 1620/1620/1620 1927/1927/1927 1649/1649/1649
f 1927/1927/1927 1620/1620/1620 1822/1822/1822
f 1927/1927/1927 1822/1822/1822 1940/1940/1940
f 1944/1944/1944 1940/1940/1940 1822/1822/1822
f 1551/1551/1551 1822/1822/1822 1620/1620/1620
f 1822/1822/1822 1551/1551/1551 1826/1826/1826
f 1822/1822/1822 1826/1826/1826 1944/1944/1944
f 2222/2222/2222 1944/1944/1944 1826/1826/1826
f 1944/1944/1944 2222/2222/2222 2220/2220/2220
f 2210/2210/2210 2220/2220/2220 2222/2222/2222
f 2222/2222/2222 1938/1938/1938 2210/2210/2210
f 1928/1928/1928 2210/2210/2210 1938/1938/1938
f 1938/1938/1938 1939/1939/1939 1928/1928/1928
f 2153/2153/2153 1928/1928/1928 1939/1939/1939
f 1939/1939/1939 2167/2167/2167 2153/2153/2153
f 2163/2163/2163 2153/2153/2153 2167/2167/2167
f 2167/2167/2167 1729/1729/1729 2163/2163/2163
f 2121/2121/2121 2163/2163/2163 1729/1729/1729
f 1729/1729/1729 2127/2127/2127 2121/2121/2121
f 2122/2122/2122 2121/2121/2121 2127/2127/2127
f 2127/2127/2127 1723/1723/1723 2122/2122/2122
f 2138/2138/2138 2122/2122/2122 1723/1723/1723
f 1723/1723/1723 2127/2127/2127 1561/1561/1561
f 1599/1599/1599 1561/1561/1561 2127/2127/2127
f 2127/2127/2127 1729/1729/1729 1599/1599/1599
f 1557/1557/1557 1599/1599/1599 1729/1729/1729
f 1729/1729/1729 2167/2167/2167 1557/1557/1557
f 1559/1559/1559 1557/1557/1557 2167/2167/2167
f 2167/2167/2167 1939/1939/1939 1559/1559/1559
f 1563/1563/1563 1559/1559/1559 1939/1939/1939
f 1939/1939/1939 1938/1938/1938 1563/1563/1563
f 1553/1553/1553 1563/1563/1563 1938/1938/1938
f 1938/1938/1938 2222/2222/2222 1553/1553/1553
f 1826/1826/1826 1553/1553/1553 2222/2222/2222
f 1602/1602/1602 1604/1604/1604 1554/1554/1554
f 1604/1604/1604 1602/1602/1602 1596/1596/1596
f 1561/1561/1561 1596/1596/1596 1602/1602/1602
f 1596/1596/1596 1561/1561/1561 1593/1593/1593
f 1599/1599/1599 1593/1593/1593 1561/1561/1561
f 1593/1593/1593 1599/1599/1599 1611/1611/1611
f 1557/1557/1557 1611/1611/1611 1599/1599/1599
f 1611/1611/1611 1557/1557/1557 1565/1565/1565
f 1559/1559/1559 1565/1565/1565 1557/1557/1557
f 1565/1565/1565 1559/1559/1559 1605/1605/1605
f 1563/1563/1563 1605/1605/1605 1559/1559/1559
f 1605/1605/1605 1563/1563/1563 1564/1564/1564
f 1553/1553/1553 1564/1564/1564 1563/1563/1563
f 1564/1564/1564 1553/1553/1553 1552/1552/1552
f 1826/1826/1826 1552/1552/1552 1553/1553/1553
f 1552/1552/1552 1826/1826/1826 1551/1551/1551
f 2375/2375/2375 2400/2400/2400 1621/1621/1621
f 2394/2394/2394 1621/1621/1621 2400/2400/2400
f 1621/1621/1621 2394/2394/2394 1551/1551/1551
f 1552/1552/1552 1551/1551/1551 2394/2394/2394
f 2394/2394/2394 1562/1562/1562 1552/1552/1552
f 1564/1564/1564 1552/1552/1552 1562/1562/1562
f 1562/1562/1562 1746/1746/1746 1564/1564/1564
f 1605/1605/1605 1564/1564/1564 1746/1746/1746
f 1746/1746/1746 2342/2342/2342 1605/1605/1605
f 1565/1565/1565 1605/1605/1605 2342/2342/2342
f 2342/2342/2342 1610/1610/1610 1565/1565/1565
f 1611/1611/1611 1565/1565/1565 1610/1610/1610
f 1610/1610/1610 2402/2402/2402 1611/1611/1611
f 1593/1593/1593 1611/1611/1611 2402/2402/2402
f 2402/2402/2402 1560/1560/1560 1593/1593/1593
f 1596/1596/1596 1593/1593/1593 1560/1560/1560
f 1560/1560/1560 2431/2431/2431 1596/1596/1596
f 1604/1604/1604 1596/1596/1596 2431/2431/2431
f 2400/2400/2400 2392/2392/2392 2394/2394/2394
f 1562/1562/1562 2394/2394/2394 2392/2392/2392
f 2392/2392/2392 1750/1750/1750 1562/1562/1562
f 1746/1746/1746 1562/1562/1562 1750/1750/1750
f 1750/1750/1750 2363/2363/2363 1746/1746/1746
f 2342/2342/2342 1746/1746/1746 2363/2363/2363
f 2363/2363/2363 2357/2357/2357 2342/2342/2342
f 1610/1610/1610 2342/2342/2342 2357/2357/2357
f 2357/2357/2357 2413/2413/2413 1610/1610/1610
f 2402/2402/2402 1610/1610/1610 2413/2413/2413
f 2413/2413/2413 2409/2409/2409 2402/2402/2402
f 1560/1560/1560 2402/2402/2402 2409/2409/2409
f 2409/2409/2409 2435/2435/2435 1560/1560/1560
f 2431/2431/2431 1560/1560/1560 2435/2435/2435
f 2435/2435/2435 2433/2433/2433 2431/2431/2431
f 1545/1545/1545 2431/2431/2431 2433/2433/2433
f 2433/2433/2433 2412/2412/2412 1545/1545/1545
f 2397/2397/2397 1545/1545/1545 2412/2412/2412
f 2431/2431/2431 1545/1545/1545 1604/1604/1604
f 1588/1588/1588 1604/1604/1604 1545/1545/1545
f 1545/1545/1545 2397/2397/2397 1588/1588/1588
f 1590/1590/1590 1588/1588/1588 2397/2397/2397
f 2397/2397/2397 1566/1566/1566 1590/1590/1590
f 1573/1573/1573 1590/1590/1590 1566/1566/1566
f 1566/1566/1566 2368/2368/2368 1573/1573/1573
f 1612/1612/1612 1573/1573/1573 2368/2368/2368
f 2368/2368/2368 1622/1622/1622 1612/1612/1612
f 1663/1663/1663 1612/1612/1612 1622/1622/1622
f 1622/1622/1622 2324/2324/2324 1663/1663/1663
f 1664/1664/1664 1663/1663/1663 2324/2324/2324
f 2324/2324/2324 1660/1660/1660 1664/1664/1664
f 1651/1651/1651 1664/1664/1664 1660/1660/1660
f 1660/1660/1660 1734/1734/1734 1651/1651/1651
f 1649/1649/1649 1651/1651/1651 1734/1734/1734
f 1734/1734/1734 2369/2369/2369 1649/1649/1649
f 1620/1620/1620 1649/1649/1649 2369/2369/2369
f 2412/2412/2412 2411/2411/2411 2397/2397/2397
f 1566/1566/1566 2397/2397/2397 2411/2411/2411
f 2411/2411/2411 2351/2351/2351 1566/1566/1566
f 2368/2368/2368 1566/1566/1566 2351/2351/2351
f 2351/2351/2351 2344/2344/2344 2368/2368/2368
f 1622/1622/1622 2368/2368/2368 2344/2344/2344
f 2344/2344/2344 2331/2331/2331 1622/1622/1622
f 2324/2324/2324 1622/1622/1622 2331/2331/2331
f 2331/2331/2331 2322/2322/2322 2324/2324/2324
f 1660/1660/1660 2324/2324/2324 2322/2322/2322
f 2322/2322/2322 1738/1738/1738 1660/1660/1660
f 1734/1734/1734 1660/1660/1660 1738/1738/1738
f 1738/1738/1738 2382/2382/2382 1734/1734/1734
f 2369/2369/2369 1734/1734/1734 2382/2382/2382
f 2382/2382/2382 2375/2375/2375 2369/2369/2369
f 1621/1621/1621 2369/2369/2369 2375/2375/2375
f 2369/2369/2369 1621/1621/1621 1620/1620/1620
f 1551/1551/1551 1620/1620/1620 1621/1621/1621
f 1940/1940/1940 2240/2240/2240 1927/1927/1927
f 1924/1924/1924 1927/1927/1927 2240/2240/2240
f 1924/1924/1924 1649/1649/1649 1927/1927/1927
f 1649/1649/1649 1924/1924/1924 1651/1651/1651
f 1925/1925/1925 1651/1651/1651 1924/1924/1924
f 1651/1651/1651 1925/1925/1925 1664/1664/1664
f 1869/1869/1869 1664/1664/1664 1925/1925/1925
f 1664/1664/1664 1869/1869/1869 1663/1663/1663
f 1870/1870/1870 1663/1663/1663 1869/1869/1869
f 1663/1663/1663 1870/1870/1870 1612/1612/1612
f 1764/1764/1764 1612/1612/1612 1870/1870/1870
f 1612/1612/1612 1764/1764/1764 1573/1573/1573
f 1614/1614/1614 1573/1573/1573 1764/1764/1764
f 1573/1573/1573 1614/1614/1614 1590/1590/1590
f 1613/1613/1613 1590/1590/1590 1614/1614/1614
f 1590/1590/1590 1613/1613/1613 1588/1588/1588
f 1554/1554/1554 1588/1588/1588 1613/1613/1613
f 1588/1588/1588 1554/1554/1554 1604/1604/1604
f 1719/1719/1719 1487/1487/1487 1757/1757/1757
f 1494/1494/1494 1757/1757/1757 1487/1487/1487
f 1757/1757/1757 1494/1494/1494 1758/1758/1758
f 1259/1259/1259 1758/1758/1758 1494/1494/1494
f 1758/1758/1758 1259/1259/1259 1710/1710/1710
f 1393/1393/1393 1710/1710/1710 1259/1259/1259
f 1710/1710/1710 1393/1393/1393 1711/1711/1711
f 1396/1396/1396 1711/1711/1711 1393/1393/1393
f 1711/1711/1711 1396/1396/1396 1667/1667/1667
f 1422/1422/1422 1667/1667/1667 1396/1396/1396
f 1667/1667/1667 1422/1422/1422 1493/1493/1493
f 1401/1401/1401 1493/1493/1493 1422/1422/1422
f 1493/1493/1493 1401/1401/1401 1492/1492/1492
f 1459/1459/1459 1492/1492/1492 1401/1401/1401
f 1492/1492/1492 1459/1459/1459 1437/1437/1437
f 1439/1439/1439 1437/1437/1437 1459/1459/1459
f 1437/1437/1437 1439/1439/1439 1418/1418/1418
f 1446/1446/1446 1418/1418/1418 1439/1439/1439
f 1418/1418/1418 1446/1446/1446 1455/1455/1455
f 1447/1447/1447 1455/1455/1455 1446/1446/1446
f 1627/1627/1627 1989/1989/1989 1455/1455/1455
f 1418/1418/1418 1455/1455/1455 1989/1989/1989
f 1989/1989/1989 1626/1626/1626 1418/1418/1418
f 1437/1437/1437 1418/1418/1418 1626/1626/1626
f 1626/1626/1626 1984/1984/1984 1437/1437/1437
f 1492/1492/1492 1437/1437/1437 1984/1984/1984
f 1984/1984/1984 1805/1805/1805 1492/1492/1492
f 1493/1493/1493 1492/1492/1492 1805/1805/1805
f 1805/1805/1805 1808/1808/1808 1493/1493/1493
f 1667/1667/1667 1493/1493/1493 1808/1808/1808
f 1808/1808/1808 2015/2015/2015 1667/1667/1667
f 1711/1711/1711 1667/1667/1667 2015/2015/2015
f 2015/2015/2015 1829/1829/1829 1711/1711/1711
f 1710/1710/1710 1711/1711/1711 1829/1829/1829
f 1829/1829/1829 1803/1803/1803 1710/1710/1710
f 1758/1758/1758 1710/1710/1710 1803/1803/1803
f 1803/1803/1803 2032/2032/2032 1758/1758/1758
f 1757/1757/1757 1758/1758/1758 2032/2032/2032
f 1132/1132/1132 2008/2008/2008 1627/1627/1627
f 1989/1989/1989 1627/1627/1627 2008/2008/2008
f 2008/2008/2008 1998/1998/1998 1989/1989/1989
f 1626/1626/1626 1989/1989/1989 1998/1998/1998
f 1998/1998/1998 1990/1990/1990 1626/1626/1626
f 1984/1984/1984 1626/1626/1626 1990/1990/1990
f 1990/1990/1990 1996/1996/1996 1984/1984/1984
f 1805/1805/1805 1984/1984/1984 1996/1996/1996
f 1996/1996/1996 1807/1807/1807 1805/1805/1805
f 1808/1808/1808 1805/1805/1805 1807/1807/1807
f 1807/1807/1807 2041/2041/2041 1808/1808/1808
f 2015/2015/2015 1808/1808/1808 2041/2041/2041
f 2041/2041/2041 1994/1994/1994 2015/2015/2015
f 1829/1829/1829 2015/2015/2015 1994/1994/1994
f 1994/1994/1994 1823/1823/1823 1829/1829/1829
f 1803/1803/1803 1829/1829/1829 1823/1823/1823
f 1823/1823/1823 2030/2030/2030 1803/1803/1803
f 2032/2032/2032 1803/1803/1803 2030/2030/2030
f 2032/2032/2032 1810/1810/1810 1757/1757/1757
f 1719/1719/1719 1757/1757/1757 1810/1810/1810
f 1810/1810/1810 1811/1811/1811 1719/1719/1719
f 1405/1405/1405 1719/1719/1719 1811/1811/1811
f 1811/1811/1811 2005/2005/2005 1405/1405/1405
f 1521/1521/1521 1405/1405/1405 2005/2005/2005
f 2005/2005/2005 1813/1813/1813 1521/1521/1521
f 1520/1520/1520 1521/1521/1521 1813/1813/1813
f 1813/1813/1813 1821/1821/1821 1520/1520/1520
f 1425/1425/1425 1520/1520/1520 1821/1821/1821
f 1821/1821/1821 1987/1987/1987 1425/1425/1425
f 1407/1407/1407 1425/1425/1425 1987/1987/1987
f 1987/1987/1987 1623/1623/1623 1407/1407/1407
f 1448/1448/1448 1407/1407/1407 1623/1623/1623
f 1623/1623/1623 1971/1971/1971 1448/1448/1448
f 1417/1417/1417 1448/1448/1448 1971/1971/1971
f 1971/1971/1971 1624/1624/1624 1417/1417/1417
f 1420/1420/1420 1417/1417/1417 1624/1624/1624
f 1420/1420/1420 1445/1445/1445 1417/1417/1417
f 1449/1449/1449 1417/1417/1417 1445/1445/1445
f 1417/1417/1417 1449/1449/1449 1448/1448/1448
f 1452/1452/1452 1448/1448/1448 1449/1449/1449
f 1448/1448/1448 1452/1452/1452 1407/1407/1407
f 1426/1426/1426 1407/1407/1407 1452/1452/1452
f 1407/1407/1407 1426/1426/1426 1425/1425/1425
f 1434/1434/1434 1425/1425/1425 1426/1426/1426
f 1425/1425/1425 1434/1434/1434 1520/1520/1520
f 1433/1433/1433 1520/1520/1520 1434/1434/1434
f 1520/1520/1520 1433/1433/1433 1521/1521/1521
f 1462/1462/1462 1521/1521/1521 1433/1433/1433
f 1521/1521/1521 1462/1462/1462 1405/1405/1405
f 1478/1478/1478 1405/1405/1405 1462/1462/1462
f 1405/1405/1405 1478/1478/1478 1719/1719/1719
f 1487/1487/1487 1719/1719/1719 1478/1478/1478
f 1464/1464/1464 1468/1468/1468 1465/1465/1465
f 1445/1445/1445 1465/1465/1465 1468/1468/1468
f 1468/1468/1468 2180/2180/2180 1445/1445/1445
f 1449/1449/1449 1445/1445/1445 2180/2180/2180
f 2180/2180/2180 1454/1454/1454 1449/1449/1449
f 1452/1452/1452 1449/1449/1449 1454/1454/1454
f 1454/1454/1454 2161/2161/2161 1452/1452/1452
f 1426/1426/1426 1452/1452/1452 2161/2161/2161
f 2161/2161/2161 1429/1429/1429 1426/1426/1426
f 1434/1434/1434 1426/1426/1426 1429/1429/1429
f 1429/1429/1429 2088/2088/2088 1434/1434/1434
f 1433/1433/1433 1434/1434/1434 2088/2088/2088
f 2088/2088/2088 1430/1430/1430 1433/1433/1433
f 1462/1462/1462 1433/1433/1433 1430/1430/1430
f 1430/1430/1430 2068/2068/2068 1462/1462/1462
f 1478/1478/1478 1462/1462/1462 2068/2068/2068
f 2068/2068/2068 1475/1475/1475 1478/1478/1478
f 1487/1487/1487 1478/1478/1478 1475/1475/1475
f 1108/1108/1108 2175/2175/2175 1468/1468/1468
f 2180/2180/2180 1468/1468/1468 2175/2175/2175
f 2175/2175/2175 2187/2187/2187 2180/2180/2180
f 1454/1454/1454 2180/2180/2180 2187/2187/2187
f 2187/2187/2187 2136/2136/2136 1454/1454/1454
f 2161/2161/2161 1454/1454/1454 2136/2136/2136
f 2136/2136/2136 2147/2147/2147 2161/2161/2161
f 1429/1429/1429 2161/2161/2161 2147/2147/2147
f 2147/2147/2147 2084/2084/2084 1429/1429/1429
f 2088/2088/2088 1429/1429/1429 2084/2084/2084
f 2084/2084/2084 2090/2090/2090 2088/2088/2088
f 1430/1430/1430 2088/2088/2088 2090/2090/2090
f 2090/2090/2090 2069/2069/2069 1430/1430/1430
f 2068/2068/2068 1430/1430/1430 2069/2069/2069
f 2069/2069/2069 2077/2077/2077 2068/2068/2068
f 1475/1475/1475 2068/2068/2068 2077/2077/2077
f 2077/2077/2077 1630/1630/1630 1475/1475/1475
f 1631/1631/1631 1475/1475/1475 1630/1630/1630
f 1630/1630/1630 1629/1629/1629 1631/1631/1631
f 1483/1483/1483 1631/1631/1631 1629/1629/1629
f 1475/1475/1475 1631/1631/1631 1487/1487/1487
f 1494/1494/1494 1487/1487/1487 1631/1631/1631
f 1631/1631/1631 1483/1483/1483 1494/1494/1494
f 1259/1259/1259 1494/1494/1494 1483/1483/1483
f 1483/1483/1483 1390/1390/1390 1259/1259/1259
f 1393/1393/1393 1259/1259/1259 1390/1390/1390
f 1390/1390/1390 1655/1655/1655 1393/1393/1393
f 1396/1396/1396 1393/1393/1393 1655/1655/1655
f 1655/1655/1655 2160/2160/2160 1396/1396/1396
f 1422/1422/1422 1396/1396/1396 2160/2160/2160
f 2160/2160/2160 1431/1431/1431 1422/1422/1422
f 1401/1401/1401 1422/1422/1422 1431/1431/1431
f 1431/1431/1431 2251/2251/2251 1401/1401/1401
f 1459/1459/1459 1401/1401/1401 2251/2251/2251
f 2251/2251/2251 1461/1461/1461 1459/1459/1459
f 1439/1439/1439 1459/1459/1459 1461/1461/1461
f 1461/1461/1461 2171/2171/2171 1439/1439/1439
f 1446/1446/1446 1439/1439/1439 2171/2171/2171
f 1094/1094/1094 1665/1665/1665 1390/1390/1390
f 1655/1655/1655 1390/1390/1390 1665/1665/1665
f 1665/1665/1665 2165/2165/2165 1655/1655/1655
f 2160/2160/2160 1655/1655/1655 2165/2165/2165
f 2165/2165/2165 2137/2137/2137 2160/2160/2160
f 1431/1431/1431 2160/2160/2160 2137/2137/2137
f 2137/2137/2137 2258/2258/2258 1431/1431/1431
f 2251/2251/2251 1431/1431/1431 2258/2258/2258
f 2258/2258/2258 2264/2264/2264 2251/2251/2251
f 1461/1461/1461 2251/2251/2251 2264/2264/2264
f 2264/2264/2264 2168/2168/2168 1461/1461/1461
f 2171/2171/2171 1461/1461/1461 2168/2168/2168
f 2168/2168/2168 2172/2172/2172 2171/2171/2171
f 1463/1463/1463 2171/2171/2171 2172/2172/2172
f 2030/2030/2030 1985/1985/1985 2032/2032/2032
f 1810/1810/1810 2032/2032/2032 1985/1985/1985
f 1985/1985/1985 1802/1802/1802 1810/1810/1810
f 1811/1811/1811 1810/1810/1810 1802/1802/1802
f 1802/1802/1802 2048/2048/2048 1811/1811/1811
f 2005/2005/2005 1811/1811/1811 2048/2048/2048
f 2048/2048/2048 2052/2052/2052 2005/2005/2005
f 1813/1813/1813 2005/2005/2005 2052/2052/2052
f 2052/2052/2052 1812/1812/1812 1813/1813/1813
f 1821/1821/1821 1813/1813/1813 1812/1812/1812
f 1812/1812/1812 2022/2022/2022 1821/1821/1821
f 1987/1987/1987 1821/1821/1821 2022/2022/2022
f 2022/2022/2022 1988/1988/1988 1987/1987/1987
f 1623/1623/1623 1987/1987/1987 1988/1988/1988
f 1988/1988/1988 1969/1969/1969 1623/1623/1623
f 1971/1971/1971 1623/1623/1623 1969/1969/1969
f 1969/1969/1969 1973/1973/1973 1971/1971/1971
f 1624/1624/1624 1971/1971/1971 1973/1973/1973
f 3202/3202/3202 3205/3205/3205 3563/3563/3563
f 3205/3205/3205 3007/3007/3007 3564/3564/3564
f 3564/3564/3564 3563/3563/3563 3205/3205/3205
f 3563/3563/3563 3564/3564/3564 3562/3562/3562
f 3562/3562/3562 3543/3543/3543 3563/3563/3563
f 3543/3543/3543 3562/3562/3562 3538/3538/3538
f 3562/3562/3562 3378/3378/3378 3538/3538/3538
f 3378/3378/3378 3374/3374/3374 3538/3538/3538
f 3566/3566/3566 3374/3374/3374 3378/3378/3378
f 3374/3374/3374 3566/3566/3566 3001/3001/3001
f 3007/3007/3007 3001/3001/3001 3566/3566/3566
f 3566/3566/3566 3564/3564/3564 3007/3007/3007
f 3564/3564/3564 3566/3566/3566 3562/3562/3562
f 3378/3378/3378 3562/3562/3562 3566/3566/3566
f 3105/3105/3105 3107/3107/3107 3487/3487/3487
f 3488/3488/3488 3105/3105/3105 3487/3487/3487
f 3482/3482/3482 3488/3488/3488 3487/3487/3487
f 3462/3462/3462 3482/3482/3482 3487/3487/3487
f 3464/3464/3464 3462/3462/3462 3487/3487/3487
f 3486/3486/3486 3464/3464/3464 3487/3487/3487
f 3477/3477/3477 3486/3486/3486 3487/3487/3487
f 2986/2986/2986 3477/3477/3477 3487/3487/3487
f 3745/3745/3745 3736/3736/3736 3737/3737/3737
f 3745/3745/3745 3735/3735/3735 3736/3736/3736
f 3745/3745/3745 3734/3734/3734 3735/3735/3735
f 3745/3745/3745 3733/3733/3733 3734/3734/3734
f 3745/3745/3745 3732/3732/3732 3733/3733/3733
f 3745/3745/3745 3731/3731/3731 3732/3732/3732
f 3745/3745/3745 3730/3730/3730 3731/3731/3731
f 3745/3745/3745 3729/3729/3729 3730/3730/3730
f 3745/3745/3745 3742/3742/3742 3729/3729/3729
f 3745/3745/3745 3744/3744/3744 3742/3742/3742
f 3745/3745/3745 3743/3743/3743 3744/3744/3744
f 3745/3745/3745 3741/3741/3741 3743/3743/3743
f 3745/3745/3745 3740/3740/3740 3741/3741/3741
f 3745/3745/3745 3739/3739/3739 3740/3740/3740
f 3745/3745/3745 3738/3738/3738 3739/3739/3739
f 3745/3745/3745 3737/3737/3737 3738/3738/3738
f 3224/3224/3224 3221/3221/3221 3220/3220/3220
f 3221/3221/3221 3224/3224/3224 3175/3175/3175
f 3233/3233/3233 3175/3175/3175 3224/3224/3224
f 3186/3186/3186 3220/3220/3220 3221/3221/3221
f 3221/3221/3221 3188/3188/3188 3186/3186/3186
f 3188/3188/3188 3221/3221/3221 3178/3178/3178
f 3175/3175/3175 3178/3178/3178 3221/3221/3221
f 3231/3231/3231 3178/3178/3178 3175/3175/3175
f 3175/3175/3175 3233/3233/3233 3231/3231/3231
f 3232/3232/3232 3231/3231/3231 3233/3233/3233
f 3233/3233/3233 3234/3234/3234 3232/3232/3232
f 3224/3224/3224 3234/3234/3234 3233/3233/3233
f 3234/3234/3234 3224/3224/3224 3225/3225/3225
f 3220/3220/3220 3225/3225/3225 3224/3224/3224
f 3189/3189/3189 3225/3225/3225 3220/3220/3220
f 3220/3220/3220 3186/3186/3186 3189/3189/3189
f 3172/3172/3172 3189/3189/3189 3186/3186/3186
f 3186/3186/3186 3188/3188/3188 3172/3172/3172
f 2948/2948/2948 3172/3172/3172 3188/3188/3188
f 3761/3761/3761 3746/3746/3746 3760/3760/3760
f 3761/3761/3761 3747/3747/3747 3746/3746/3746
f 3761/3761/3761 3748/3748/3748 3747/3747/3747
f 3761/3761/3761 3749/3749/3749 3748/3748/3748
f 3761/3761/3761 3750/3750/3750 3749/3749/3749
f 3761/3761/3761 3751/3751/3751 3750/3750/3750
f 3761/3761/3761 3752/3752/3752 3751/3751/3751
f 3761/3761/3761 3753/3753/3753 3752/3752/3752
f 3761/3761/3761 3754/3754/3754 3753/3753/3753
f 3761/3761/3761 3755/3755/3755 3754/3754/3754
f 3761/3761/3761 3756/3756/3756 3755/3755/3755
f 3761/3761/3761 3757/3757/3757 3756/3756/3756
f 3761/3761/3761 3758/3758/3758 3757/3757/3757
f 3761/3761/3761 3759/3759/3759 3758/3758/3758
f 3761/3761/3761 3762/3762/3762 3759/3759/3759
f 3761/3761/3761 3760/3760/3760 3762/3762/3762
f 3389/3389/3389 3388/3388/3388 3401/3401/3401
f 3388/3388/3388 3389/3389/3389 3511/3511/3511
f 3516/3516/3516 3511/3511/3511 3389/3389/3389
f 3511/3511/3511 3516/3516/3516 3514/3514/3514
f 3116/3116/3116 3514/3514/3514 3516/3516/3516
f 3514/3514/3514 3116/3116/3116 3129/3129/3129
f 3402/3402/3402 3129/3129/3129 3116/3116/3116
f 3129/3129/3129 3402/3402/3402 3406/3406/3406
f 3407/3407/3407 3406/3406/3406 3402/3402/3402
f 3406/3406/3406 3407/3407/3407 3381/3381/3381
f 3106/3106/3106 3381/3381/3381 3407/3407/3407
f 3381/3381/3381 3106/3106/3106 3505/3505/3505
f 3509/3509/3509 3505/3505/3505 3106/3106/3106
f 3505/3505/3505 3509/3509/3509 3507/3507/3507
f 3386/3386/3386 3507/3507/3507 3509/3509/3509
f 3507/3507/3507 3386/3386/3386 3130/3130/3130
f 3399/3399/3399 3130/3130/3130 3386/3386/3386
f 3130/3130/3130 3399/3399/3399 3400/3400/3400
f 3401/3401/3401 3400/3400/3400 3399/3399/3399
f 3400/3400/3400 3401/3401/3401 3388/3388/3388
f 3035/3035/3035 3036/3036/3036 3480/3480/3480
f 3149/3149/3149 3035/3035/3035 3480/3480/3480
f 3492/3492/3492 3149/3149/3149 3480/3480/3480
f 3484/3484/3484 3492/3492/3492 3480/3480/3480
f 3483/3483/3483 3484/3484/3484 3480/3480/3480
f 3481/3481/3481 3483/3483/3483 3480/3480/3480
f 3337/3337/3337 3481/3481/3481 3480/3480/3480
f 3335/3335/3335 3337/3337/3337 3480/3480/3480
f 2540/2540/2540 1907/1907/1907 1060/1060/1060
f 1907/1907/1907 2540/2540/2540 2536/2536/2536
f 2536/2536/2536 2540/2540/2540 2522/2522/2522
f 3518/3518/3518 3517/3517/3517 3519/3519/3519
f 2938/2938/2938 2979/2979/2979 3519/3519/3519
f 2979/2979/2979 3518/3518/3518 3519/3519/3519
f 2833/2833/2833 3518/3518/3518 2979/2979/2979
f 2826/2826/2826 3518/3518/3518 2833/2833/2833
f 3520/3520/3520 3522/3522/3522 3521/3521/3521
f 2940/2940/2940 2980/2980/2980 3521/3521/3521
f 2980/2980/2980 3520/3520/3520 3521/3521/3521
f 2834/2834/2834 3520/3520/3520 2980/2980/2980
f 2823/2823/2823 3520/3520/3520 2834/2834/2834
f 3140/3140/3140 2845/2845/2845 2818/2818/2818
f 3141/3141/3141 2845/2845/2845 3140/3140/3140
f 3140/3140/3140 3139/3139/3139 3141/3141/3141
f 2448/2448/2448 2439/2439/2439 2093/2093/2093
f 2439/2439/2439 2448/2448/2448 2742/2742/2742
f 2724/2724/2724 2742/2742/2742 2448/2448/2448
f 2736/2736/2736 2742/2742/2742 2724/2724/2724
f 1346/1346/1346 1749/1749/1749 1752/1752/1752
f 1751/1751/1751 1752/1752/1752 1749/1749/1749
f 1180/1180/1180 1751/1751/1751 1749/1749/1749
f 1749/1749/1749 1181/1181/1181 1180/1180/1180
f 2937/2937/2937 2936/2936/2936 2934/2934/2934
f 2936/2936/2936 2937/2937/2937 3297/3297/3297
f 3294/3294/3294 3297/3297/3297 2937/2937/2937
f 3297/3297/3297 3294/3294/3294 3295/3295/3295
f 3065/3065/3065 3295/3295/3295 3294/3294/3294
f 1195/1195/1195 1774/1774/1774 1196/1196/1196
f 1777/1777/1777 1196/1196/1196 1774/1774/1774
f 1777/1777/1777 1774/1774/1774 1775/1775/1775
f 1687/1687/1687 1775/1775/1775 1774/1774/1774
f 1687/1687/1687 1697/1697/1697 1775/1775/1775
f 1695/1695/1695 1775/1775/1775 1697/1697/1697
f 1695/1695/1695 1697/1697/1697 1702/1702/1702
f 1403/1403/1403 1702/1702/1702 1697/1697/1697
f 1702/1702/1702 1403/1403/1403 1171/1171/1171
f 1329/1329/1329 1332/1332/1332 1330/1330/1330
f 1223/1223/1223 1330/1330/1330 1332/1332/1332
f 1332/1332/1332 1224/1224/1224 1223/1223/1223
f 2933/2933/2933 2935/2935/2935 2931/2931/2931
f 2931/2931/2931 2935/2935/2935 3326/3326/3326
f 3325/3325/3325 3326/3326/3326 2935/2935/2935
f 3326/3326/3326 3325/3325/3325 3329/3329/3329
f 3057/3057/3057 3329/3329/3329 3325/3325/3325
f 1679/1679/1679 1143/1143/1143 1142/1142/1142
f 2488/2488/2488 1143/1143/1143 1679/1679/1679
f 2478/2478/2478 2488/2488/2488 1679/1679/1679
f 2475/2475/2475 2488/2488/2488 2478/2478/2478
f 1533/1533/1533 2475/2475/2475 2478/2478/2478
f 1532/1532/1532 1533/1533/1533 2478/2478/2478
f 2909/2909/2909 2911/2911/2911 2908/2908/2908
f 2908/2908/2908 2911/2911/2911 3348/3348/3348
f 3346/3346/3346 3348/3348/3348 2911/2911/2911
f 3348/3348/3348 3346/3346/3346 3343/3343/3343
f 3064/3064/3064 3343/3343/3343 3346/3346/3346
f 1717/1717/1717 1190/1190/1190 1189/1189/1189
f 1721/1721/1721 1190/1190/1190 1717/1717/1717
f 1716/1716/1716 1721/1721/1721 1717/1717/1717
f 2912/2912/2912 2913/2913/2913 2910/2910/2910
f 2913/2913/2913 2912/2912/2912 3327/3327/3327
f 3332/3332/3332 3327/3327/3327 2912/2912/2912
f 3327/3327/3327 3332/3332/3332 3331/3331/3331
f 3063/3063/3063 3331/3331/3331 3332/3332/3332
f 2598/2598/2598 1515/1515/1515 1135/1135/1135
f 2614/2614/2614 1515/1515/1515 2598/2598/2598
f 2601/2601/2601 2614/2614/2614 2598/2598/2598
f 1208/1208/1208 2614/2614/2614 2601/2601/2601
f 3120/3120/3120 3124/3124/3124 3117/3117/3117
f 3098/3098/3098 3117/3117/3117 3124/3124/3124
f 3124/3124/3124 3104/3104/3104 3098/3098/3098
f 3103/3103/3103 3098/3098/3098 3104/3104/3104
f 3103/3103/3103 3104/3104/3104 3014/3014/3014
f 3011/3011/3011 3014/3014/3014 3104/3104/3104
f 2903/2903/2903 2902/2902/2902 2899/2899/2899
f 2902/2902/2902 2903/2903/2903 3312/3312/3312
f 3313/3313/3313 3312/3312/3312 2903/2903/2903
f 3312/3312/3312 3313/3313/3313 3315/3315/3315
f 3062/3062/3062 3315/3315/3315 3313/3313/3313
f 3089/3089/3089 3023/3023/3023 3022/3022/3022
f 3091/3091/3091 3023/3023/3023 3089/3089/3089
f 3088/3088/3088 3091/3091/3091 3089/3089/3089
f 2894/2894/2894 2898/2898/2898 2895/2895/2895
f 2895/2895/2895 2898/2898/2898 3304/3304/3304
f 3300/3300/3300 3304/3304/3304 2898/2898/2898
f 3304/3304/3304 3300/3300/3300 3298/3298/3298
f 3053/3053/3053 3298/3298/3298 3300/3300/3300
f 3310/3310/3310 3311/3311/3311 3302/3302/3302
f 3311/3311/3311 3310/3310/3310 3461/3461/3461
f 2989/2989/2989 3461/3461/3461 3310/3310/3310
f 2989/2989/2989 3459/3459/3459 3461/3461/3461
f 3457/3457/3457 3461/3461/3461 3459/3459/3459
f 3283/3283/3283 3280/3280/3280 3274/3274/3274
f 3280/3280/3280 3283/3283/3283 3442/3442/3442
f 2990/2990/2990 3442/3442/3442 3283/3283/3283
f 2990/2990/2990 3441/3441/3441 3442/3442/3442
f 3439/3439/3439 3442/3442/3442 3441/3441/3441
f 3322/3322/3322 3324/3324/3324 3317/3317/3317
f 3324/3324/3324 3322/3322/3322 3438/3438/3438
f 2991/2991/2991 3438/3438/3438 3322/3322/3322
f 2991/2991/2991 3433/3433/3433 3438/3438/3438
f 3434/3434/3434 3438/3438/3438 3433/3433/3433
f 3319/3319/3319 3321/3321/3321 3314/3314/3314
f 3321/3321/3321 3319/3319/3319 3458/3458/3458
f 2992/2992/2992 3458/3458/3458 3319/3319/3319
f 2992/2992/2992 3456/3456/3456 3458/3458/3458
f 3455/3455/3455 3458/3458/3458 3456/3456/3456
f 3293/3293/3293 3289/3289/3289 3287/3287/3287
f 3289/3289/3289 3293/3293/3293 3452/3452/3452
f 2993/2993/2993 3452/3452/3452 3293/3293/3293
f 2993/2993/2993 3448/3448/3448 3452/3452/3452
f 3450/3450/3450 3452/3452/3452 3448/3448/3448
f 3306/3306/3306 3305/3305/3305 3291/3291/3291
f 3305/3305/3305 3306/3306/3306 3440/3440/3440
f 2994/2994/2994 3440/3440/3440 3306/3306/3306
f 2994/2994/2994 3437/3437/3437 3440/3440/3440
f 3436/3436/3436 3440/3440/3440 3437/3437/3437
f 3267/3267/3267 3266/3266/3266 3261/3261/3261
f 3266/3266/3266 3267/3267/3267 3408/3408/3408
f 2995/2995/2995 3408/3408/3408 3267/3267/3267
f 2995/2995/2995 3404/3404/3404 3408/3408/3408
f 3405/3405/3405 3408/3408/3408 3404/3404/3404
f 3276/3276/3276 3271/3271/3271 3269/3269/3269
f 3271/3271/3271 3276/3276/3276 3445/3445/3445
f 2996/2996/2996 3445/3445/3445 3276/3276/3276
f 2996/2996/2996 3444/3444/3444 3445/3445/3445
f 3443/3443/3443 3445/3445/3445 3444/3444/3444
f 3256/3256/3256 3257/3257/3257 2998/2998/2998
f 3257/3257/3257 3256/3256/3256 3254/3254/3254
f 3580/3580/3580 3581/3581/3581 3565/3565/3565
f 3581/3581/3581 3580/3580/3580 3582/3582/3582
f 3575/3575/3575 3582/3582/3582 3580/3580/3580
f 3582/3582/3582 3575/3575/3575 3573/3573/3573
f 3574/3574/3574 3573/3573/3573 3575/3575/3575
f 3573/3573/3573 3574/3574/3574 3576/3576/3576
f 3565/3565/3565 3576/3576/3576 3574/3574/3574
f 3576/3576/3576 3565/3565/3565 3581/3581/3581
f 3589/3589/3589 3556/3556/3556 3027/3027/3027
f 3556/3556/3556 3589/3589/3589 3590/3590/3590
f 3586/3586/3586 3590/3590/3590 3589/3589/3589
f 3590/3590/3590 3586/3586/3586 3559/3559/3559
f 3569/3569/3569 3559/3559/3559 3586/3586/3586
f 3559/3559/3559 3569/3569/3569 3572/3572/3572
f 3570/3570/3570 3572/3572/3572 3569/3569/3569
f 3572/3572/3572 3570/3570/3570 3028/3028/3028
f 3615/3615/3615 3608/3608/3608 3610/3610/3610
f 3608/3608/3608 3615/3615/3615 3616/3616/3616
f 3617/3617/3617 3616/3616/3616 3615/3615/3615
f 3616/3616/3616 3617/3617/3617 3604/3604/3604
f 3612/3612/3612 3604/3604/3604 3617/3617/3617
f 3604/3604/3604 3612/3612/3612 3611/3611/3611
f 3610/3610/3610 3611/3611/3611 3612/3612/3612
f 3611/3611/3611 3610/3610/3610 3608/3608/3608
f 3632/3632/3632 3602/3602/3602 3621/3621/3621
f 3602/3602/3602 3632/3632/3632 3630/3630/3630
f 3629/3629/3629 3630/3630/3630 3632/3632/3632
f 3630/3630/3630 3629/3629/3629 3593/3593/3593
f 3620/3620/3620 3593/3593/3593 3629/3629/3629
f 3593/3593/3593 3620/3620/3620 3619/3619/3619
f 3621/3621/3621 3619/3619/3619 3620/3620/3620
f 3619/3619/3619 3621/3621/3621 3602/3602/3602
f 3639/3639/3639 3597/3597/3597 3627/3627/3627
f 3597/3597/3597 3639/3639/3639 3638/3638/3638
f 3641/3641/3641 3638/3638/3638 3639/3639/3639
f 3638/3638/3638 3641/3641/3641 3595/3595/3595
f 3626/3626/3626 3595/3595/3595 3641/3641/3641
f 3595/3595/3595 3626/3626/3626 3625/3625/3625
f 3627/3627/3627 3625/3625/3625 3626/3626/3626
f 3625/3625/3625 3627/3627/3627 3597/3597/3597
f 3670/3670/3670 3637/3637/3637 3662/3662/3662
f 3637/3637/3637 3670/3670/3670 3666/3666/3666
f 3669/3669/3669 3666/3666/3666 3670/3670/3670
f 3666/3666/3666 3669/3669/3669 3623/3623/3623
f 3663/3663/3663 3623/3623/3623 3669/3669/3669
f 3623/3623/3623 3663/3663/3663 3665/3665/3665
f 3662/3662/3662 3665/3665/3665 3663/3663/3663
f 3665/3665/3665 3662/3662/3662 3637/3637/3637
f 3675/3675/3675 3649/3649/3649 3668/3668/3668
f 3649/3649/3649 3675/3675/3675 3677/3677/3677
f 3678/3678/3678 3677/3677/3677 3675/3675/3675
f 3677/3677/3677 3678/3678/3678 3646/3646/3646
f 3667/3667/3667 3646/3646/3646 3678/3678/3678
f 3646/3646/3646 3667/3667/3667 3671/3671/3671
f 3668/3668/3668 3671/3671/3671 3667/3667/3667
f 3671/3671/3671 3668/3668/3668 3649/3649/3649
f 3871/3871/3871 3870/3870/3870 3840/3840/3840
f 3870/3870/3870 3871/3871/3871 3869/3869/3869
f 1641/1641/1641 2361/2361/2361 1643/1643/1643
f 2388/2388/2388 1643/1643/1643 2361/2361/2361
f 2361/2361/2361 2386/2386/2386 2388/2388/2388
f 2388/2388/2388 2386/2386/2386 2404/2404/2404
f 1855/1855/1855 2404/2404/2404 2386/2386/2386
f 2404/2404/2404 1855/1855/1855 1856/1856/1856
f 1856/1856/1856 2398/2398/2398 2404/2404/2404
f 2398/2398/2398 1856/1856/1856 1838/1838/1838
f 1848/1848/1848 1838/1838/1838 1856/1856/1856
f 1856/1856/1856 1849/1849/1849 1848/1848/1848
f 1373/1373/1373 1848/1848/1848 1849/1849/1849
f 1849/1849/1849 1856/1856/1856 1855/1855/1855
f 2388/2388/2388 2404/2404/2404 2398/2398/2398
f 2386/2386/2386 2361/2361/2361 2336/2336/2336
f 2927/2927/2927 2929/2929/2929 2926/2926/2926
f 2926/2926/2926 2929/2929/2929 3353/3353/3353
f 3345/3345/3345 3353/3353/3353 2929/2929/2929
f 3353/3353/3353 3345/3345/3345 3352/3352/3352
f 3067/3067/3067 3352/3352/3352 3345/3345/3345
f 2761/2761/2761 1137/1137/1137 1136/1136/1136
f 1137/1137/1137 2761/2761/2761 2763/2763/2763
f 2753/2753/2753 2763/2763/2763 2761/2761/2761
f 2763/2763/2763 2753/2753/2753 2496/2496/2496
f 2091/2091/2091 2496/2496/2496 2753/2753/2753
f 1056/1056/1056 2496/2496/2496 2091/2091/2091
f 2930/2930/2930 2932/2932/2932 2928/2928/2928
f 2932/2932/2932 2930/2930/2930 3320/3320/3320
f 3318/3318/3318 3320/3320/3320 2930/2930/2930
f 3320/3320/3320 3318/3318/3318 3316/3316/3316
f 3061/3061/3061 3316/3316/3316 3318/3318/3318
f 1766/1766/1766 1763/1763/1763 1761/1761/1761
f 1766/1766/1766 1761/1761/1761 2381/2381/2381
f 2383/2383/2383 2381/2381/2381 1761/1761/1761
f 2383/2383/2383 2354/2354/2354 2381/2381/2381
f 1700/1700/1700 2381/2381/2381 2354/2354/2354
f 2354/2354/2354 1123/1123/1123 1700/1700/1700
f 1124/1124/1124 1700/1700/1700 1123/1123/1123
f 1689/1689/1689 1694/1694/1694 1688/1688/1688
f 1688/1688/1688 1694/1694/1694 1402/1402/1402
f 1408/1408/1408 1402/1402/1402 1694/1694/1694
f 1402/1402/1402 1408/1408/1408 1409/1409/1409
f 1980/1980/1980 1409/1409/1409 1408/1408/1408
f 1409/1409/1409 1980/1980/1980 1981/1981/1981
f 1979/1979/1979 1981/1981/1981 1980/1980/1980
f 2900/2900/2900 2904/2904/2904 2901/2901/2901
f 2901/2901/2901 2904/2904/2904 3308/3308/3308
f 3307/3307/3307 3308/3308/3308 2904/2904/2904
f 3308/3308/3308 3307/3307/3307 3309/3309/3309
f 3058/3058/3058 3309/3309/3309 3307/3307/3307
f 1351/1351/1351 2447/2447/2447 2444/2444/2444
f 2446/2446/2446 2444/2444/2444 2447/2447/2447
f 2447/2447/2447 2731/2731/2731 2446/2446/2446
f 2729/2729/2729 2446/2446/2446 2731/2731/2731
f 2731/2731/2731 2740/2740/2740 2729/2729/2729
f 2740/2740/2740 1290/1290/1290 2729/2729/2729
f 1901/1901/1901 2531/2531/2531 1900/1900/1900
f 2530/2530/2530 1900/1900/1900 2531/2531/2531
f 2531/2531/2531 2527/2527/2527 2530/2530/2530
f 2527/2527/2527 1187/1187/1187 2530/2530/2530
f 2139/2139/2139 1067/1067/1067 1066/1066/1066
f 1067/1067/1067 2139/2139/2139 2143/2143/2143
f 2143/2143/2143 2139/2139/2139 2152/2152/2152
f 1354/1354/1354 2152/2152/2152 2139/2139/2139
f 2907/2907/2907 2906/2906/2906 2905/2905/2905
f 2906/2906/2906 2907/2907/2907 3299/3299/3299
f 3303/3303/3303 3299/3299/3299 2907/2907/2907
f 3299/3299/3299 3303/3303/3303 3301/3301/3301
f 3051/3051/3051 3301/3301/3301 3303/3303/3303
f 1837/1837/1837 1069/1069/1069 1068/1068/1068
f 1069/1069/1069 1837/1837/1837 1839/1839/1839
f 1839/1839/1839 1837/1837/1837 1840/1840/1840
f 1357/1357/1357 1840/1840/1840 1837/1837/1837
f 2897/2897/2897 2896/2896/2896 2893/2893/2893
f 2896/2896/2896 2897/2897/2897 3275/3275/3275
f 3278/3278/3278 3275/3275/3275 2897/2897/2897
f 3275/3275/3275 3278/3278/3278 3273/3273/3273
f 3060/3060/3060 3273/3273/3273 3278/3278/3278
f 1358/1358/1358 1134/1134/1134 2719/2719/2719
f 1358/1358/1358 2719/2719/2719 2730/2730/2730
f 2738/2738/2738 2730/2730/2730 2719/2719/2719
f 2738/2738/2738 2732/2732/2732 2730/2730/2730
f 1518/1518/1518 2730/2730/2730 2732/2732/2732
f 2730/2730/2730 1518/1518/1518 1514/1514/1514
f 1518/1518/1518 1517/1517/1517 1514/1514/1514
f 2730/2730/2730 1514/1514/1514 1358/1358/1358
f 1518/1518/1518 2732/2732/2732 1113/1113/1113
f 2891/2891/2891 2892/2892/2892 2890/2890/2890
f 2890/2890/2890 2892/2892/2892 3279/3279/3279
f 3277/3277/3277 3279/3279/3279 2892/2892/2892
f 3279/3279/3279 3277/3277/3277 3272/3272/3272
f 3059/3059/3059 3272/3272/3272 3277/3277/3277
f 1895/1895/1895 1894/1894/1894 1070/1070/1070
f 1895/1895/1895 1893/1893/1893 1894/1894/1894
f 1133/1133/1133 1893/1893/1893 1895/1895/1895
f 2919/2919/2919 2923/2923/2923 2918/2918/2918
f 2918/2918/2918 2923/2923/2923 3286/3286/3286
f 3281/3281/3281 3286/3286/3286 2923/2923/2923
f 3286/3286/3286 3281/3281/3281 3288/3288/3288
f 3056/3056/3056 3288/3288/3288 3281/3281/3281
f 1115/1115/1115 2706/2706/2706 1116/1116/1116
f 2707/2707/2707 1116/1116/1116 2706/2706/2706
f 2706/2706/2706 2704/2704/2704 2707/2707/2707
f 2925/2925/2925 2924/2924/2924 2922/2922/2922
f 2924/2924/2924 2925/2925/2925 3268/3268/3268
f 3264/3264/3264 3268/3268/3268 2925/2925/2925
f 3268/3268/3268 3264/3264/3264 3263/3263/3263
f 3052/3052/3052 3263/3263/3263 3264/3264/3264
f 1899/1899/1899 2612/2612/2612 2595/2595/2595
f 2625/2625/2625 2595/2595/2595 2612/2612/2612
f 2612/2612/2612 2545/2545/2545 2625/2625/2625
f 1117/1117/1117 2625/2625/2625 2545/2545/2545
f 2545/2545/2545 1118/1118/1118 1117/1117/1117
f 2914/2914/2914 2917/2917/2917 2915/2915/2915
f 2915/2915/2915 2917/2917/2917 3292/3292/3292
f 3290/3290/3290 3292/3292/3292 2917/2917/2917
f 3292/3292/3292 3290/3290/3290 3296/3296/3296
f 3055/3055/3055 3296/3296/3296 3290/3290/3290
f 2148/2148/2148 2014/2014/2014 1288/1288/1288
f 2014/2014/2014 2148/2148/2148 2133/2133/2133
f 2158/2158/2158 2133/2133/2133 2148/2148/2148
f 2133/2133/2133 2158/2158/2158 1972/1972/1972
f 2130/2130/2130 1972/1972/1972 2158/2158/2158
f 1972/1972/1972 2130/2130/2130 2128/2128/2128
f 2129/2129/2129 2128/2128/2128 2130/2130/2130
f 2128/2128/2128 2129/2129/2129 2043/2043/2043
f 2149/2149/2149 2043/2043/2043 2129/2129/2129
f 2043/2043/2043 2149/2149/2149 2159/2159/2159
f 2132/2132/2132 2159/2159/2159 2149/2149/2149
f 2159/2159/2159 2132/2132/2132 2049/2049/2049
f 2010/2010/2010 2049/2049/2049 2132/2132/2132
f 2049/2049/2049 2010/2010/2010 2045/2045/2045
f 2263/2263/2263 2045/2045/2045 2010/2010/2010
f 2045/2045/2045 2263/2263/2263 2265/2265/2265
f 2266/2266/2266 2265/2265/2265 2263/2263/2263
f 2265/2265/2265 2266/2266/2266 2027/2027/2027
f 2212/2212/2212 2027/2027/2027 2266/2266/2266
f 2027/2027/2027 2212/2212/2212 2213/2213/2213
f 2224/2224/2224 2213/2213/2213 2212/2212/2212
f 2213/2213/2213 2224/2224/2224 1305/1305/1305
f 1304/1304/1304 1305/1305/1305 2224/2224/2224
f 1305/1305/1305 1304/1304/1304 2036/2036/2036
f 2226/2226/2226 2036/2036/2036 1304/1304/1304
f 2036/2036/2036 2226/2226/2226 2223/2223/2223
f 2232/2232/2232 2223/2223/2223 2226/2226/2226
f 2223/2223/2223 2232/2232/2232 1302/1302/1302
f 1301/1301/1301 1302/1302/1302 2232/2232/2232
f 1302/1302/1302 1301/1301/1301 2051/2051/2051
f 2231/2231/2231 2051/2051/2051 1301/1301/1301
f 2051/2051/2051 2231/2231/2231 2233/2233/2233
f 2202/2202/2202 2233/2233/2233 2231/2231/2231
f 2233/2233/2233 2202/2202/2202 1287/1287/1287
f 1288/1288/1288 1287/1287/1287 2202/2202/2202
f 1287/1287/1287 1288/1288/1288 2014/2014/2014
f 2499/2499/2499 2497/2497/2497 2493/2493/2493
f 2497/2497/2497 2499/2499/2499 1119/1119/1119
f 1095/1095/1095 1119/1119/1119 2499/2499/2499
f 2921/2921/2921 2920/2920/2920 2916/2916/2916
f 2920/2920/2920 2921/2921/2921 3285/3285/3285
f 3284/3284/3284 3285/3285/3285 2921/2921/2921
f 3285/3285/3285 3284/3284/3284 3282/3282/3282
f 3054/3054/3054 3282/3282/3282 3284/3284/3284
f 2808/2808/2808 2787/2787/2787 2758/2758/2758
f 2787/2787/2787 2808/2808/2808 2421/2421/2421
f 1161/1161/1161 2421/2421/2421 2808/2808/2808
f 2820/2820/2820 2974/2974/2974 2819/2819/2819
f 3099/3099/3099 2819/2819/2819 2974/2974/2974
f 2974/2974/2974 3100/3100/3100 3099/3099/3099
f 3101/3101/3101 3099/3099/3099 3100/3100/3100
f 3100/3100/3100 2829/2829/2829 3101/3101/3101
f 2830/2830/2830 3101/3101/3101 2829/2829/2829
f 2553/2553/2553 2554/2554/2554 2552/2552/2552
f 1166/1166/1166 2504/2504/2504 1167/1167/1167
f 2507/2507/2507 1167/1167/1167 2504/2504/2504
f 2504/2504/2504 2506/2506/2506 2507/2507/2507
f 2549/2549/2549 2550/2550/2550 2548/2548/2548
f 1169/1169/1169 1170/1170/1170 1168/1168/1168
f 2546/2546/2546 2547/2547/2547 2544/2544/2544
f 2378/2378/2378 2367/2367/2367 1982/1982/1982
f 2367/2367/2367 2378/2378/2378 2379/2379/2379
f 1173/1173/1173 2379/2379/2379 2378/2378/2378
f 2542/2542/2542 2543/2543/2543 2541/2541/2541
f 1919/1919/1919 1950/1950/1950 1921/1921/1921
f 1270/1270/1270 1921/1921/1921 1950/1950/1950
f 1950/1950/1950 1271/1271/1271 1270/1270/1270
f 2520/2520/2520 2521/2521/2521 2519/2519/2519
f 1206/1206/1206 1207/1207/1207 1205/1205/1205
f 2517/2517/2517 2518/2518/2518 2512/2512/2512
f 1226/1226/1226 1227/1227/1227 1225/1225/1225
f 1903/1903/1903 1904/1904/1904 1902/1902/1902
f 1281/1281/1281 1282/1282/1282 1280/1280/1280
f 1897/1897/1897 1898/1898/1898 1892/1892/1892
f 1292/1292/1292 1293/1293/1293 1291/1291/1291
f 1890/1890/1890 1891/1891/1891 1889/1889/1889
f 1473/1473/1473 1474/1474/1474 1472/1472/1472
f 1887/1887/1887 1888/1888/1888 1886/1886/1886
f 1574/1574/1574 1575/1575/1575 1567/1567/1567
f 1884/1884/1884 1885/1885/1885 1883/1883/1883
f 1606/1606/1606 1607/1607/1607 1595/1595/1595
f 1881/1881/1881 1882/1882/1882 1872/1872/1872
f 1788/1788/1788 1789/1789/1789 1786/1786/1786
f 1835/1835/1835 1836/1836/1836 1833/1833/1833
f 1792/1792/1792 1793/1793/1793 1791/1791/1791
f 1831/1831/1831 1832/1832/1832 1828/1828/1828
g studio.a10.mesh_2
f 3924/3924/3924 3916/3916/3916 3925/3925/3925
f 3924/3924/3924 3925/3925/3925 3923/3923/3923
f 4543/4543/4543 4556/4556/4556 4560/4560/4560
f 4543/4543/4543 4555/4555/4555 4556/4556/4556
f 4543/4543/4543 4552/4552/4552 4555/4555/4555
f 4543/4543/4543 4550/4550/4550 4552/4552/4552
f 4543/4543/4543 4548/4548/4548 4550/4550/4550
f 4543/4543/4543 4547/4547/4547 4548/4548/4548
f 4543/4543/4543 4544/4544/4544 4547/4547/4547
f 4543/4543/4543 4563/4563/4563 4544/4544/4544
f 4543/4543/4543 4559/4559/4559 4563/4563/4563
f 4543/4543/4543 4560/4560/4560 4559/4559/4559
f 4560/4560/4560 4562/4562/4562 4559/4559/4559
f 4560/4560/4560 4561/4561/4561 4562/4562/4562
f 4556/4556/4556 4561/4561/4561 4560/4560/4560
f 4556/4556/4556 4557/4557/4557 4561/4561/4561
f 4555/4555/4555 4557/4557/4557 4556/4556/4556
f 4555/4555/4555 4554/4554/4554 4557/4557/4557
f 4552/4552/4552 4554/4554/4554 4555/4555/4555
f 4552/4552/4552 4553/4553/4553 4554/4554/4554
f 4550/4550/4550 4553/4553/4553 4552/4552/4552
f 4550/4550/4550 4551/4551/4551 4553/4553/4553
f 4548/4548/4548 4551/4551/4551 4550/4550/4550
f 4548/4548/4548 4549/4549/4549 4551/4551/4551
f 4547/4547/4547 4549/4549/4549 4548/4548/4548
f 4547/4547/4547 4546/4546/4546 4549/4549/4549
f 4544/4544/4544 4546/4546/4546 4547/4547/4547
f 4544/4544/4544 4545/4545/4545 4546/4546/4546
f 4563/4563/4563 4545/4545/4545 4544/4544/4544
f 4563/4563/4563 4558/4558/4558 4545/4545/4545
f 4559/4559/4559 4558/4558/4558 4563/4563/4563
f 4559/4559/4559 4562/4562/4562 4558/4558/4558
f 4279/4279/4279 4272/4272/4272 4278/4278/4278
f 4279/4279/4279 4278/4278/4278 4267/4267/4267
f 4268/4268/4268 4279/4279/4279 4267/4267/4267
f 4268/4268/4268 4267/4267/4267 4262/4262/4262
f 4173/4173/4173 4178/4178/4178 4174/4174/4174
f 4168/4168/4168 4174/4174/4174 4178/4178/4178
f 4045/4045/4045 4047/4047/4047 4044/4044/4044
f 4045/4045/4045 4044/4044/4044 4033/4033/4033
f 4032/4032/4032 4045/4045/4045 4033/4033/4033
f 4032/4032/4032 4033/4033/4033 4031/4031/4031
f 3938/3938/3938 3943/3943/3943 3939/3939/3939
f 3934/3934/3934 3939/3939/3939 3943/3943/3943
f 4532/4532/4532 4526/4526/4526 4522/4522/4522
f 4479/4479/4479 4532/4532/4532 4522/4522/4522
f 4532/4532/4532 4479/4479/4479 4501/4501/4501
f 4503/4503/4503 4532/4532/4532 4501/4501/4501
f 4479/4479/4479 4522/4522/4522 4416/4416/4416
f 4474/4474/4474 4401/4401/4401 4526/4526/4526
f 4532/4532/4532 4474/4474/4474 4526/4526/4526
f 4474/4474/4474 4532/4532/4532 4469/4469/4469
f 4470/4470/4470 4474/4474/4474 4469/4469/4469
f 4514/4514/4514 4511/4511/4511 4515/4515/4515
f 4502/4502/4502 4514/4514/4514 4515/4515/4515
f 4502/4502/4502 4515/4515/4515 4492/4492/4492
f 4489/4489/4489 4502/4502/4502 4492/4492/4492
f 4411/4411/4411 4412/4412/4412 4402/4402/4402
f 4412/4412/4412 4411/4411/4411 4406/4406/4406
f 4182/4182/4182 4291/4291/4291 4245/4245/4245
f 4291/4291/4291 4293/4293/4293 4298/4298/4298
f 4291/4291/4291 4298/4298/4298 4245/4245/4245
f 4281/4281/4281 4245/4245/4245 4298/4298/4298
f 4281/4281/4281 4298/4298/4298 4266/4266/4266
f 4293/4293/4293 4167/4167/4167 4242/4242/4242
f 4293/4293/4293 4242/4242/4242 4298/4298/4298
f 4239/4239/4239 4298/4298/4298 4242/4242/4242
f 4239/4239/4239 4242/4242/4242 4234/4234/4234
f 4414/4414/4414 4415/4415/4415 4409/4409/4409
f 4400/4400/4400 4409/4409/4409 4415/4415/4415
f 4504/4504/4504 4536/4536/4536 4539/4539/4539
f 4509/4509/4509 4504/4504/4504 4539/4539/4539
f 4510/4510/4510 4504/4504/4504 4509/4509/4509
f 4475/4475/4475 4510/4510/4510 4509/4509/4509
f 4530/4530/4530 4510/4510/4510 4475/4475/4475
f 4523/4523/4523 4530/4530/4530 4475/4475/4475
f 4538/4538/4538 4530/4530/4530 4523/4523/4523
f 4535/4535/4535 4538/4538/4538 4523/4523/4523
f 4418/4418/4418 4538/4538/4538 4535/4535/4535
f 4478/4478/4478 4418/4418/4418 4535/4535/4535
f 4531/4531/4531 4418/4418/4418 4478/4478/4478
f 4527/4527/4527 4531/4531/4531 4478/4478/4478
f 4528/4528/4528 4531/4531/4531 4527/4527/4527
f 4521/4521/4521 4528/4528/4528 4527/4527/4527
f 4536/4536/4536 4528/4528/4528 4521/4521/4521
f 4539/4539/4539 4536/4536/4536 4521/4521/4521
f 4534/4534/4534 4468/4468/4468 4533/4533/4533
f 4520/4520/4520 4534/4534/4534 4533/4533/4533
f 4519/4519/4519 4534/4534/4534 4520/4520/4520
f 4506/4506/4506 4519/4519/4519 4520/4520/4520
f 4507/4507/4507 4519/4519/4519 4506/4506/4506
f 4508/4508/4508 4507/4507/4507 4506/4506/4506
f 4491/4491/4491 4507/4507/4507 4508/4508/4508
f 4500/4500/4500 4491/4491/4491 4508/4508/4508
f 4495/4495/4495 4491/4491/4491 4500/4500/4500
f 4486/4486/4486 4495/4495/4495 4500/4500/4500
f 4540/4540/4540 4495/4495/4495 4486/4486/4486
f 4541/4541/4541 4540/4540/4540 4486/4486/4486
f 4537/4537/4537 4540/4540/4540 4541/4541/4541
f 4529/4529/4529 4537/4537/4537 4541/4541/4541
f 4468/4468/4468 4537/4537/4537 4529/4529/4529
f 4533/4533/4533 4468/4468/4468 4529/4529/4529
f 4394/4394/4394 4384/4384/4384 4392/4392/4392
f 4391/4391/4391 4394/4394/4394 4392/4392/4392
f 4159/4159/4159 4150/4150/4150 4158/4158/4158
f 4159/4159/4159 4158/4158/4158 4157/4157/4157
f 4487/4487/4487 4385/4385/4385 4393/4393/4393
f 4488/4488/4488 4487/4487/4487 4393/4393/4393
f 4490/4490/4490 4487/4487/4487 4488/4488/4488
f 4497/4497/4497 4490/4490/4490 4488/4488/4488
f 4390/4390/4390 4490/4490/4490 4497/4497/4497
f 4442/4442/4442 4390/4390/4390 4497/4497/4497
f 4449/4449/4449 4390/4390/4390 4442/4442/4442
f 4441/4441/4441 4449/4449/4449 4442/4442/4442
f 4499/4499/4499 4443/4443/4443 4437/4437/4437
f 4440/4440/4440 4499/4499/4499 4437/4437/4437
f 4423/4423/4423 4440/4440/4440 4437/4437/4437
f 4482/4482/4482 4480/4480/4480 4481/4481/4481
f 4498/4498/4498 4482/4482/4482 4481/4481/4481
f 4499/4499/4499 4482/4482/4482 4498/4498/4498
f 4496/4496/4496 4499/4499/4499 4498/4498/4498
f 4443/4443/4443 4499/4499/4499 4496/4496/4496
f 4383/4383/4383 4443/4443/4443 4496/4496/4496
f 4207/4207/4207 4205/4205/4205 4263/4263/4263
f 4207/4207/4207 4263/4263/4263 4206/4206/4206
f 4207/4207/4207 4206/4206/4206 4196/4196/4196
f 4254/4254/4254 4205/4205/4205 4149/4149/4149
f 4254/4254/4254 4263/4263/4263 4205/4205/4205
f 4259/4259/4259 4263/4263/4263 4254/4254/4254
f 4259/4259/4259 4249/4249/4249 4263/4263/4263
f 4248/4248/4248 4249/4249/4249 4259/4259/4259
f 4248/4248/4248 4252/4252/4252 4249/4249/4249
f 3948/3948/3948 4063/4063/4063 4011/4011/4011
f 4063/4063/4063 4074/4074/4074 4064/4064/4064
f 4063/4063/4063 4064/4064/4064 4011/4011/4011
f 4046/4046/4046 4011/4011/4011 4064/4064/4064
f 4046/4046/4046 4064/4064/4064 4034/4034/4034
f 4074/4074/4074 3933/3933/3933 4004/4004/4004
f 4074/4074/4074 4004/4004/4004 4064/4064/4064
f 4008/4008/4008 4064/4064/4064 4004/4004/4004
f 4008/4008/4008 4004/4004/4004 4000/4000/4000
f 3971/3971/3971 3974/3974/3974 4027/4027/4027
f 3971/3971/3971 4027/4027/4027 3972/3972/3972
f 3971/3971/3971 3972/3972/3972 3970/3970/3970
f 4029/4029/4029 3974/3974/3974 3915/3915/3915
f 4029/4029/4029 4027/4027/4027 3974/3974/3974
f 4026/4026/4026 4027/4027/4027 4029/4029/4029
f 4026/4026/4026 4019/4019/4019 4027/4027/4027
f 4017/4017/4017 4019/4019/4019 4026/4026/4026
f 4017/4017/4017 4015/4015/4015 4019/4019/4019
f 4433/4433/4433 4407/4407/4407 4405/4405/4405
f 4435/4435/4435 4407/4407/4407 4433/4433/4433
f 4430/4430/4430 4435/4435/4435 4433/4433/4433
f 4438/4438/4438 4435/4435/4435 4430/4430/4430
f 4432/4432/4432 4438/4438/4438 4430/4430/4430
f 4434/4434/4434 4438/4438/4438 4432/4432/4432
f 4431/4431/4431 4434/4434/4434 4432/4432/4432
f 4429/4429/4429 4434/4434/4434 4431/4431/4431
f 4484/4484/4484 4429/4429/4429 4431/4431/4431
f 4485/4485/4485 4429/4429/4429 4484/4484/4484
f 4483/4483/4483 4485/4485/4485 4484/4484/4484
f 4410/4410/4410 4485/4485/4485 4483/4483/4483
f 4408/4408/4408 4410/4410/4410 4483/4483/4483
f 4413/4413/4413 4410/4410/4410 4408/4408/4408
f 4405/4405/4405 4413/4413/4413 4408/4408/4408
f 4407/4407/4407 4413/4413/4413 4405/4405/4405
f 4180/4180/4180 4181/4181/4181 4166/4166/4166
f 4181/4181/4181 4180/4180/4180 4179/4179/4179
f 3947/3947/3947 3946/3946/3946 3932/3932/3932
f 3946/3946/3946 3947/3947/3947 3941/3941/3941
f 3937/3937/3937 3940/3940/3940 3967/3967/3967
f 3937/3937/3937 3944/3944/3944 3940/3940/3940
f 3945/3945/3945 3944/3944/3944 3937/3937/3937
f 3945/3945/3945 3942/3942/3942 3944/3944/3944
f 4014/4014/4014 3942/3942/3942 3945/3945/3945
f 4014/4014/4014 4012/4012/4012 3942/3942/3942
f 4016/4016/4016 4012/4012/4012 4014/4014/4014
f 4016/4016/4016 3956/3956/3956 4012/4012/4012
f 3965/3965/3965 3956/3956/3956 4016/4016/4016
f 3965/3965/3965 3964/3964/3964 3956/3956/3956
f 3966/3966/3966 3964/3964/3964 3965/3965/3965
f 3966/3966/3966 3963/3963/3963 3964/3964/3964
f 3968/3968/3968 3963/3963/3963 3966/3966/3966
f 3968/3968/3968 3959/3959/3959 3963/3963/3963
f 3967/3967/3967 3959/3959/3959 3968/3968/3968
f 3967/3967/3967 3940/3940/3940 3959/3959/3959
f 4160/4160/4160 4151/4151/4151 4246/4246/4246
f 4160/4160/4160 4246/4246/4246 4256/4256/4256
f 4256/4256/4256 4246/4246/4246 4258/4258/4258
f 4256/4256/4256 4258/4258/4258 4261/4261/4261
f 4261/4261/4261 4258/4258/4258 4156/4156/4156
f 4261/4261/4261 4156/4156/4156 4215/4215/4215
f 4215/4215/4215 4156/4156/4156 4216/4216/4216
f 4215/4215/4215 4216/4216/4216 4208/4208/4208
f 3926/3926/3926 3917/3917/3917 4018/4018/4018
f 3926/3926/3926 4018/4018/4018 4023/4023/4023
f 4023/4023/4023 4018/4018/4018 4024/4024/4024
f 4023/4023/4023 4024/4024/4024 4020/4020/4020
f 4020/4020/4020 4024/4024/4024 3922/3922/3922
f 4020/4020/4020 3922/3922/3922 3980/3980/3980
f 3980/3980/3980 3922/3922/3922 3975/3975/3975
f 3980/3980/3980 3975/3975/3975 3973/3973/3973
f 4397/4397/4397 4396/4396/4396 4473/4473/4473
f 4476/4476/4476 4397/4397/4397 4473/4473/4473
f 4477/4477/4477 4476/4476/4476 4473/4473/4473
f 4471/4471/4471 4477/4477/4477 4473/4473/4473
f 4472/4472/4472 4471/4471/4471 4473/4473/4473
f 4395/4395/4395 4472/4472/4472 4473/4473/4473
f 3912/3912/3912 3913/3913/3913 3993/3993/3993
f 3994/3994/3994 3993/3993/3993 3913/3913/3913
f 3993/3993/3993 3994/3994/3994 3991/3991/3991
f 3976/3976/3976 3991/3991/3991 3994/3994/3994
f 3991/3991/3991 3976/3976/3976 3930/3930/3930
f 3930/3930/3930 3931/3931/3931 3991/3991/3991
f 4458/4458/4458 4381/4381/4381 4380/4380/4380
f 4381/4381/4381 4458/4458/4458 4460/4460/4460
f 4463/4463/4463 4460/4460/4460 4458/4458/4458
f 4460/4460/4460 4463/4463/4463 4450/4450/4450
f 4398/4398/4398 4450/4450/4450 4463/4463/4463
f 4463/4463/4463 4399/4399/4399 4398/4398/4398
f 4376/4376/4376 4378/4378/4378 4444/4444/4444
f 4444/4444/4444 4378/4378/4378 4453/4453/4453
f 4444/4444/4444 4453/4453/4453 4452/4452/4452
f 4452/4452/4452 4453/4453/4453 4455/4455/4455
f 4452/4452/4452 4455/4455/4455 4456/4456/4456
f 4456/4456/4456 4455/4455/4455 4448/4448/4448
f 4461/4461/4461 4387/4387/4387 4386/4386/4386
f 4386/4386/4386 4459/4459/4459 4461/4461/4461
f 4462/4462/4462 4461/4461/4461 4459/4459/4459
f 4461/4461/4461 4462/4462/4462 4445/4445/4445
f 4377/4377/4377 4445/4445/4445 4462/4462/4462
f 4445/4445/4445 4377/4377/4377 4375/4375/4375
f 4265/4265/4265 4280/4280/4280 4270/4270/4270
f 4265/4265/4265 4282/4282/4282 4280/4280/4280
f 4296/4296/4296 4282/4282/4282 4265/4265/4265
f 4296/4296/4296 4295/4295/4295 4282/4282/4282
f 4188/4188/4188 4295/4295/4295 4296/4296/4296
f 4188/4188/4188 4235/4235/4235 4295/4295/4295
f 4232/4232/4232 4235/4235/4235 4188/4188/4188
f 4232/4232/4232 4233/4233/4233 4235/4235/4235
f 4260/4260/4260 4233/4233/4233 4232/4232/4232
f 4260/4260/4260 4308/4308/4308 4233/4233/4233
f 4304/4304/4304 4308/4308/4308 4260/4260/4260
f 4304/4304/4304 4299/4299/4299 4308/4308/4308
f 4191/4191/4191 4299/4299/4299 4304/4304/4304
f 4191/4191/4191 4269/4269/4269 4299/4299/4299
f 4270/4270/4270 4269/4269/4269 4191/4191/4191
f 4270/4270/4270 4280/4280/4280 4269/4269/4269
f 4219/4219/4219 4144/4144/4144 4142/4142/4142
f 4213/4213/4213 4144/4144/4144 4219/4219/4219
f 4220/4220/4220 4213/4213/4213 4219/4219/4219
f 4221/4221/4221 4213/4213/4213 4220/4220/4220
f 4210/4210/4210 4221/4221/4221 4220/4220/4220
f 4214/4214/4214 4221/4221/4221 4210/4210/4210
f 4021/4021/4021 4040/4040/4040 4042/4042/4042
f 4021/4021/4021 4067/4067/4067 4040/4040/4040
f 4071/4071/4071 4067/4067/4067 4021/4021/4021
f 4071/4071/4071 4068/4068/4068 4067/4067/4067
f 3960/3960/3960 4068/4068/4068 4071/4071/4071
f 3960/3960/3960 3999/3999/3999 4068/4068/4068
f 3998/3998/3998 3999/3999/3999 3960/3960/3960
f 3998/3998/3998 4001/4001/4001 3999/3999/3999
f 4028/4028/4028 4001/4001/4001 3998/3998/3998
f 4028/4028/4028 4065/4065/4065 4001/4001/4001
f 4073/4073/4073 4065/4065/4065 4028/4028/4028
f 4073/4073/4073 4072/4072/4072 4065/4065/4065
f 3955/3955/3955 4072/4072/4072 4073/4073/4073
f 3955/3955/3955 4037/4037/4037 4072/4072/4072
f 4042/4042/4042 4037/4037/4037 3955/3955/3955
f 4042/4042/4042 4040/4040/4040 4037/4037/4037
f 3979/3979/3979 3910/3910/3910 3909/3909/3909
f 3981/3981/3981 3910/3910/3910 3979/3979/3979
f 3986/3986/3986 3981/3981/3981 3979/3979/3979
f 3987/3987/3987 3981/3981/3981 3986/3986/3986
f 3985/3985/3985 3987/3987/3987 3986/3986/3986
f 3984/3984/3984 3987/3987/3987 3985/3985/3985
f 4316/4316/4316 4315/4315/4315 4309/4309/4309
f 4319/4319/4319 4316/4316/4316 4309/4309/4309
f 4320/4320/4320 4319/4319/4319 4309/4309/4309
f 4323/4323/4323 4320/4320/4320 4309/4309/4309
f 4327/4327/4327 4323/4323/4323 4309/4309/4309
f 4325/4325/4325 4327/4327/4327 4309/4309/4309
f 4329/4329/4329 4325/4325/4325 4309/4309/4309
f 4310/4310/4310 4329/4329/4329 4309/4309/4309
f 4313/4313/4313 4310/4310/4310 4309/4309/4309
f 4315/4315/4315 4313/4313/4313 4309/4309/4309
f 4315/4315/4315 4314/4314/4314 4313/4313/4313
f 4317/4317/4317 4314/4314/4314 4315/4315/4315
f 4316/4316/4316 4317/4317/4317 4315/4315/4315
f 4318/4318/4318 4317/4317/4317 4316/4316/4316
f 4319/4319/4319 4318/4318/4318 4316/4316/4316
f 4321/4321/4321 4318/4318/4318 4319/4319/4319
f 4320/4320/4320 4321/4321/4321 4319/4319/4319
f 4322/4322/4322 4321/4321/4321 4320/4320/4320
f 4323/4323/4323 4322/4322/4322 4320/4320/4320
f 4326/4326/4326 4322/4322/4322 4323/4323/4323
f 4327/4327/4327 4326/4326/4326 4323/4323/4323
f 4328/4328/4328 4326/4326/4326 4327/4327/4327
f 4325/4325/4325 4328/4328/4328 4327/4327/4327
f 4324/4324/4324 4328/4328/4328 4325/4325/4325
f 4329/4329/4329 4324/4324/4324 4325/4325/4325
f 4311/4311/4311 4324/4324/4324 4329/4329/4329
f 4310/4310/4310 4311/4311/4311 4329/4329/4329
f 4312/4312/4312 4311/4311/4311 4310/4310/4310
f 4313/4313/4313 4312/4312/4312 4310/4310/4310
f 4314/4314/4314 4312/4312/4312 4313/4313/4313
f 4243/4243/4243 4162/4162/4162 4163/4163/4163
f 4243/4243/4243 4163/4163/4163 4244/4244/4244
f 4243/4243/4243 4244/4244/4244 4240/4240/4240
f 4243/4243/4243 4240/4240/4240 4241/4241/4241
f 4243/4243/4243 4241/4241/4241 4236/4236/4236
f 4243/4243/4243 4236/4236/4236 4161/4161/4161
f 3978/3978/3978 3906/3906/3906 3905/3905/3905
f 3983/3983/3983 3906/3906/3906 3978/3978/3978
f 3977/3977/3977 3983/3983/3983 3978/3978/3978
f 3936/3936/3936 3983/3983/3983 3977/3977/3977
f 3935/3935/3935 3936/3936/3936 3977/3977/3977
f 3992/3992/3992 3936/3936/3936 3935/3935/3935
f 3988/3988/3988 3992/3992/3992 3935/3935/3935
f 3989/3989/3989 3992/3992/3992 3988/3988/3988
f 4209/4209/4209 4140/4140/4140 4139/4139/4139
f 4212/4212/4212 4140/4140/4140 4209/4209/4209
f 4217/4217/4217 4212/4212/4212 4209/4209/4209
f 4170/4170/4170 4212/4212/4212 4217/4217/4217
f 4169/4169/4169 4170/4170/4170 4217/4217/4217
f 4224/4224/4224 4170/4170/4170 4169/4169/4169
f 4223/4223/4223 4224/4224/4224 4169/4169/4169
f 4222/4222/4222 4224/4224/4224 4223/4223/4223
f 3951/3951/3951 3914/3914/3914 3921/3921/3921
f 3958/3958/3958 3914/3914/3914 3951/3951/3951
f 3957/3957/3957 3958/3958/3958 3951/3951/3951
f 3961/3961/3961 3958/3958/3958 3957/3957/3957
f 3911/3911/3911 3961/3961/3961 3957/3957/3957
f 3920/3920/3920 3961/3961/3961 3911/3911/3911
f 3953/3953/3953 3920/3920/3920 3911/3911/3911
f 3949/3949/3949 3920/3920/3920 3953/3953/3953
f 3950/3950/3950 3949/3949/3949 3953/3953/3953
f 3962/3962/3962 3949/3949/3949 3950/3950/3950
f 3954/3954/3954 3962/3962/3962 3950/3950/3950
f 3969/3969/3969 3962/3962/3962 3954/3954/3954
f 3921/3921/3921 3969/3969/3969 3954/3954/3954
f 3914/3914/3914 3969/3969/3969 3921/3921/3921
f 4607/4607/4607 4605/4605/4605 4599/4599/4599
f 4607/4607/4607 4598/4598/4598 4605/4605/4605
f 4607/4607/4607 4600/4600/4600 4598/4598/4598
f 4607/4607/4607 4602/4602/4602 4600/4600/4600
f 4607/4607/4607 4597/4597/4597 4602/4602/4602
f 4607/4607/4607 4606/4606/4606 4597/4597/4597
f 4607/4607/4607 4601/4601/4601 4606/4606/4606
f 4607/4607/4607 4604/4604/4604 4601/4601/4601
f 4607/4607/4607 4603/4603/4603 4604/4604/4604
f 4607/4607/4607 4599/4599/4599 4603/4603/4603
f 4586/4586/4586 4603/4603/4603 4599/4599/4599
f 4586/4586/4586 4599/4599/4599 4587/4587/4587
f 4587/4587/4587 4599/4599/4599 4605/4605/4605
f 4587/4587/4587 4605/4605/4605 4588/4588/4588
f 4588/4588/4588 4605/4605/4605 4598/4598/4598
f 4588/4588/4588 4598/4598/4598 4589/4589/4589
f 4589/4589/4589 4598/4598/4598 4600/4600/4600
f 4589/4589/4589 4600/4600/4600 4590/4590/4590
f 4590/4590/4590 4600/4600/4600 4602/4602/4602
f 4590/4590/4590 4602/4602/4602 4591/4591/4591
f 4591/4591/4591 4602/4602/4602 4597/4597/4597
f 4591/4591/4591 4597/4597/4597 4592/4592/4592
f 4592/4592/4592 4597/4597/4597 4606/4606/4606
f 4592/4592/4592 4606/4606/4606 4593/4593/4593
f 4593/4593/4593 4606/4606/4606 4601/4601/4601
f 4593/4593/4593 4601/4601/4601 4595/4595/4595
f 4595/4595/4595 4601/4601/4601 4604/4604/4604
f 4595/4595/4595 4604/4604/4604 4596/4596/4596
f 4596/4596/4596 4604/4604/4604 4603/4603/4603
f 4596/4596/4596 4603/4603/4603 4594/4594/4594
f 4141/4141/4141 4143/4143/4143 4218/4218/4218
f 4228/4228/4228 4218/4218/4218 4143/4143/4143
f 4218/4218/4218 4228/4228/4228 4227/4227/4227
f 4226/4226/4226 4227/4227/4227 4228/4228/4228
f 4227/4227/4227 4226/4226/4226 4152/4152/4152
f 4152/4152/4152 4153/4153/4153 4227/4227/4227
f 4389/4389/4389 4382/4382/4382 4419/4419/4419
f 4389/4389/4389 4425/4425/4425 4382/4382/4382
f 4427/4427/4427 4425/4425/4425 4389/4389/4389
f 4427/4427/4427 4436/4436/4436 4425/4425/4425
f 4420/4420/4420 4436/4436/4436 4427/4427/4427
f 4420/4420/4420 4417/4417/4417 4436/4436/4436
f 4421/4421/4421 4417/4417/4417 4420/4420/4420
f 4421/4421/4421 4388/4388/4388 4417/4417/4417
f 4379/4379/4379 4388/4388/4388 4421/4421/4421
f 4379/4379/4379 4428/4428/4428 4388/4388/4388
f 4439/4439/4439 4428/4428/4428 4379/4379/4379
f 4439/4439/4439 4426/4426/4426 4428/4428/4428
f 4419/4419/4419 4426/4426/4426 4439/4439/4439
f 4419/4419/4419 4382/4382/4382 4426/4426/4426
f 4371/4371/4371 4367/4367/4367 4372/4372/4372
f 4370/4370/4370 4371/4371/4371 4372/4372/4372
f 4368/4368/4368 4370/4370/4370 4372/4372/4372
f 4365/4365/4365 4368/4368/4368 4372/4372/4372
f 4363/4363/4363 4365/4365/4365 4372/4372/4372
f 4369/4369/4369 4363/4363/4363 4372/4372/4372
f 4366/4366/4366 4369/4369/4369 4372/4372/4372
f 4362/4362/4362 4366/4366/4366 4372/4372/4372
f 4364/4364/4364 4362/4362/4362 4372/4372/4372
f 4367/4367/4367 4364/4364/4364 4372/4372/4372
f 4364/4364/4364 4367/4367/4367 4352/4352/4352
f 4353/4353/4353 4364/4364/4364 4352/4352/4352
f 4362/4362/4362 4364/4364/4364 4353/4353/4353
f 4354/4354/4354 4362/4362/4362 4353/4353/4353
f 4366/4366/4366 4362/4362/4362 4354/4354/4354
f 4355/4355/4355 4366/4366/4366 4354/4354/4354
f 4369/4369/4369 4366/4366/4366 4355/4355/4355
f 4356/4356/4356 4369/4369/4369 4355/4355/4355
f 4363/4363/4363 4369/4369/4369 4356/4356/4356
f 4357/4357/4357 4363/4363/4363 4356/4356/4356
f 4365/4365/4365 4363/4363/4363 4357/4357/4357
f 4358/4358/4358 4365/4365/4365 4357/4357/4357
f 4368/4368/4368 4365/4365/4365 4358/4358/4358
f 4359/4359/4359 4368/4368/4368 4358/4358/4358
f 4370/4370/4370 4368/4368/4368 4359/4359/4359
f 4361/4361/4361 4370/4370/4370 4359/4359/4359
f 4371/4371/4371 4370/4370/4370 4361/4361/4361
f 4360/4360/4360 4371/4371/4371 4361/4361/4361
f 4367/4367/4367 4371/4371/4371 4360/4360/4360
f 4352/4352/4352 4367/4367/4367 4360/4360/4360
f 4146/4146/4146 4147/4147/4147 4230/4230/4230
f 4225/4225/4225 4230/4230/4230 4147/4147/4147
f 4230/4230/4230 4225/4225/4225 4229/4229/4229
f 4211/4211/4211 4229/4229/4229 4225/4225/4225
f 4229/4229/4229 4211/4211/4211 4165/4165/4165
f 4165/4165/4165 4164/4164/4164 4229/4229/4229
f 4184/4184/4184 4148/4148/4148 4155/4155/4155
f 4198/4198/4198 4148/4148/4148 4184/4184/4184
f 4189/4189/4189 4198/4198/4198 4184/4184/4184
f 4197/4197/4197 4198/4198/4198 4189/4189/4189
f 4145/4145/4145 4197/4197/4197 4189/4189/4189
f 4154/4154/4154 4197/4197/4197 4145/4145/4145
f 4185/4185/4185 4154/4154/4154 4145/4145/4145
f 4186/4186/4186 4154/4154/4154 4185/4185/4185
f 4183/4183/4183 4186/4186/4186 4185/4185/4185
f 4190/4190/4190 4186/4186/4186 4183/4183/4183
f 4192/4192/4192 4190/4190/4190 4183/4183/4183
f 4199/4199/4199 4190/4190/4190 4192/4192/4192
f 4155/4155/4155 4199/4199/4199 4192/4192/4192
f 4148/4148/4148 4199/4199/4199 4155/4155/4155
f 4302/4302/4302 4301/4301/4301 4271/4271/4271
f 4287/4287/4287 4301/4301/4301 4302/4302/4302
f 4287/4287/4287 4289/4289/4289 4301/4301/4301
f 4286/4286/4286 4289/4289/4289 4287/4287/4287
f 4286/4286/4286 4294/4294/4294 4289/4289/4289
f 4238/4238/4238 4294/4294/4294 4286/4286/4286
f 4238/4238/4238 4187/4187/4187 4294/4294/4294
f 4297/4297/4297 4187/4187/4187 4238/4238/4238
f 4297/4297/4297 4292/4292/4292 4187/4187/4187
f 4290/4290/4290 4292/4292/4292 4297/4297/4297
f 4290/4290/4290 4288/4288/4288 4292/4292/4292
f 4237/4237/4237 4288/4288/4288 4290/4290/4290
f 4237/4237/4237 4276/4276/4276 4288/4288/4288
f 4273/4273/4273 4276/4276/4276 4237/4237/4237
f 4273/4273/4273 4271/4271/4271 4276/4276/4276
f 4302/4302/4302 4271/4271/4271 4273/4273/4273
f 4006/4006/4006 3928/3928/3928 3929/3929/3929
f 4006/4006/4006 3929/3929/3929 4005/4005/4005
f 4006/4006/4006 4005/4005/4005 4009/4009/4009
f 4006/4006/4006 4009/4009/4009 4007/4007/4007
f 4006/4006/4006 4007/4007/4007 4010/4010/4010
f 4006/4006/4006 4010/4010/4010 3927/3927/3927
f 4306/4306/4306 4231/4231/4231 4307/4307/4307
f 4300/4300/4300 4231/4231/4231 4306/4306/4306
f 4300/4300/4300 4303/4303/4303 4231/4231/4231
f 4284/4284/4284 4303/4303/4303 4300/4300/4300
f 4284/4284/4284 4305/4305/4305 4303/4303/4303
f 4253/4253/4253 4305/4305/4305 4284/4284/4284
f 4253/4253/4253 4255/4255/4255 4305/4305/4305
f 4264/4264/4264 4255/4255/4255 4253/4253/4253
f 4264/4264/4264 4257/4257/4257 4255/4255/4255
f 4275/4275/4275 4257/4257/4257 4264/4264/4264
f 4275/4275/4275 4274/4274/4274 4257/4257/4257
f 4277/4277/4277 4274/4274/4274 4275/4275/4275
f 4277/4277/4277 4285/4285/4285 4274/4274/4274
f 4283/4283/4283 4285/4285/4285 4277/4277/4277
f 4283/4283/4283 4307/4307/4307 4285/4285/4285
f 4306/4306/4306 4307/4307/4307 4283/4283/4283
f 3919/3919/3919 3918/3918/3918 3996/3996/3996
f 3996/3996/3996 3995/3995/3995 3919/3919/3919
f 3995/3995/3995 3996/3996/3996 3990/3990/3990
f 3982/3982/3982 3990/3990/3990 3996/3996/3996
f 3990/3990/3990 3982/3982/3982 3908/3908/3908
f 3907/3907/3907 3908/3908/3908 3982/3982/3982
f 4348/4348/4348 4346/4346/4346 4347/4347/4347
f 4350/4350/4350 4348/4348/4348 4347/4347/4347
f 4349/4349/4349 4348/4348/4348 4350/4350/4350
f 4351/4351/4351 4349/4349/4349 4350/4350/4350
f 4330/4330/4330 4349/4349/4349 4351/4351/4351
f 4331/4331/4331 4330/4330/4330 4351/4351/4351
f 4332/4332/4332 4330/4330/4330 4331/4331/4331
f 4333/4333/4333 4332/4332/4332 4331/4331/4331
f 4335/4335/4335 4332/4332/4332 4333/4333/4333
f 4334/4334/4334 4335/4335/4335 4333/4333/4333
f 4336/4336/4336 4335/4335/4335 4334/4334/4334
f 4337/4337/4337 4336/4336/4336 4334/4334/4334
f 4338/4338/4338 4336/4336/4336 4337/4337/4337
f 4339/4339/4339 4338/4338/4338 4337/4337/4337
f 4341/4341/4341 4338/4338/4338 4339/4339/4339
f 4340/4340/4340 4341/4341/4341 4339/4339/4339
f 4344/4344/4344 4341/4341/4341 4340/4340/4340
f 4342/4342/4342 4344/4344/4344 4340/4340/4340
f 4345/4345/4345 4344/4344/4344 4342/4342/4342
f 4343/4343/4343 4345/4345/4345 4342/4342/4342
f 4373/4373/4373 4374/4374/4374 4447/4447/4447
f 4447/4447/4447 4374/4374/4374 4446/4446/4446
f 4447/4447/4447 4446/4446/4446 4451/4451/4451
f 4451/4451/4451 4446/4446/4446 4403/4403/4403
f 4451/4451/4451 4403/4403/4403 4404/4404/4404
f 4404/4404/4404 4403/4403/4403 4457/4457/4457
f 4404/4404/4404 4457/4457/4457 4464/4464/4464
f 4464/4464/4464 4457/4457/4457 4454/4454/4454
f 4505/4505/4505 4513/4513/4513 4512/4512/4512
f 4424/4424/4424 4505/4505/4505 4512/4512/4512
f 4542/4542/4542 4505/4505/4505 4424/4424/4424
f 4525/4525/4525 4542/4542/4542 4424/4424/4424
f 4516/4516/4516 4542/4542/4542 4525/4525/4525
f 4494/4494/4494 4516/4516/4516 4525/4525/4525
f 4467/4467/4467 4516/4516/4516 4494/4494/4494
f 4466/4466/4466 4467/4467/4467 4494/4494/4494
f 4465/4465/4465 4467/4467/4467 4466/4466/4466
f 4422/4422/4422 4465/4465/4465 4466/4466/4466
f 4517/4517/4517 4465/4465/4465 4422/4422/4422
f 4524/4524/4524 4517/4517/4517 4422/4422/4422
f 4518/4518/4518 4517/4517/4517 4524/4524/4524
f 4493/4493/4493 4518/4518/4518 4524/4524/4524
f 4513/4513/4513 4518/4518/4518 4493/4493/4493
f 4512/4512/4512 4513/4513/4513 4493/4493/4493
f 4114/4114/4114 4112/4112/4112 4113/4113/4113
f 4117/4117/4117 4114/4114/4114 4113/4113/4113
f 4115/4115/4115 4114/4114/4114 4117/4117/4117
f 4116/4116/4116 4115/4115/4115 4117/4117/4117
f 4097/4097/4097 4115/4115/4115 4116/4116/4116
f 4096/4096/4096 4097/4097/4097 4116/4116/4116
f 4098/4098/4098 4097/4097/4097 4096/4096/4096
f 4099/4099/4099 4098/4098/4098 4096/4096/4096
f 4100/4100/4100 4098/4098/4098 4099/4099/4099
f 4101/4101/4101 4100/4100/4100 4099/4099/4099
f 4103/4103/4103 4100/4100/4100 4101/4101/4101
f 4102/4102/4102 4103/4103/4103 4101/4101/4101
f 4105/4105/4105 4103/4103/4103 4102/4102/4102
f 4104/4104/4104 4105/4105/4105 4102/4102/4102
f 4107/4107/4107 4105/4105/4105 4104/4104/4104
f 4106/4106/4106 4107/4107/4107 4104/4104/4104
f 4108/4108/4108 4107/4107/4107 4106/4106/4106
f 4109/4109/4109 4108/4108/4108 4106/4106/4106
f 4111/4111/4111 4108/4108/4108 4109/4109/4109
f 4110/4110/4110 4111/4111/4111 4109/4109/4109
f 4084/4084/4084 4083/4083/4083 4082/4082/4082
f 4085/4085/4085 4084/4084/4084 4082/4082/4082
f 4085/4085/4085 4082/4082/4082 4075/4075/4075
f 4086/4086/4086 4085/4085/4085 4075/4075/4075
f 4088/4088/4088 4086/4086/4086 4075/4075/4075
f 4091/4091/4091 4088/4088/4088 4075/4075/4075
f 4090/4090/4090 4091/4091/4091 4075/4075/4075
f 4095/4095/4095 4090/4090/4090 4075/4075/4075
f 4076/4076/4076 4095/4095/4095 4075/4075/4075
f 4079/4079/4079 4076/4076/4076 4075/4075/4075
f 4081/4081/4081 4079/4079/4079 4075/4075/4075
f 4082/4082/4082 4081/4081/4081 4075/4075/4075
f 4087/4087/4087 4084/4084/4084 4085/4085/4085
f 4086/4086/4086 4087/4087/4087 4085/4085/4085
f 4089/4089/4089 4087/4087/4087 4086/4086/4086
f 4088/4088/4088 4089/4089/4089 4086/4086/4086
f 4093/4093/4093 4089/4089/4089 4088/4088/4088
f 4091/4091/4091 4093/4093/4093 4088/4088/4088
f 4094/4094/4094 4093/4093/4093 4091/4091/4091
f 4090/4090/4090 4094/4094/4094 4091/4091/4091
f 4092/4092/4092 4094/4094/4094 4090/4090/4090
f 4095/4095/4095 4092/4092/4092 4090/4090/4090
f 4077/4077/4077 4092/4092/4092 4095/4095/4095
f 4076/4076/4076 4077/4077/4077 4095/4095/4095
f 4078/4078/4078 4077/4077/4077 4076/4076/4076
f 4079/4079/4079 4078/4078/4078 4076/4076/4076
f 4080/4080/4080 4078/4078/4078 4079/4079/4079
f 4081/4081/4081 4080/4080/4080 4079/4079/4079
f 4083/4083/4083 4080/4080/4080 4081/4081/4081
f 4082/4082/4082 4083/4083/4083 4081/4081/4081
f 4124/4124/4124 4131/4131/4131 4123/4123/4123
f 4134/4134/4134 4131/4131/4131 4124/4124/4124
f 4125/4125/4125 4134/4134/4134 4124/4124/4124
f 4136/4136/4136 4134/4134/4134 4125/4125/4125
f 4126/4126/4126 4136/4136/4136 4125/4125/4125
f 4128/4128/4128 4136/4136/4136 4126/4126/4126
f 4127/4127/4127 4128/4128/4128 4126/4126/4126
f 4130/4130/4130 4128/4128/4128 4127/4127/4127
f 4118/4118/4118 4130/4130/4130 4127/4127/4127
f 4138/4138/4138 4130/4130/4130 4118/4118/4118
f 4119/4119/4119 4138/4138/4138 4118/4118/4118
f 4137/4137/4137 4138/4138/4138 4119/4119/4119
f 4120/4120/4120 4137/4137/4137 4119/4119/4119
f 4135/4135/4135 4137/4137/4137 4120/4120/4120
f 4121/4121/4121 4135/4135/4135 4120/4120/4120
f 4132/4132/4132 4135/4135/4135 4121/4121/4121
f 4122/4122/4122 4132/4132/4132 4121/4121/4121
f 4129/4129/4129 4132/4132/4132 4122/4122/4122
f 4123/4123/4123 4129/4129/4129 4122/4122/4122
f 4131/4131/4131 4129/4129/4129 4123/4123/4123
f 4129/4129/4129 4131/4131/4131 4133/4133/4133
f 4131/4131/4131 4134/4134/4134 4133/4133/4133
f 4134/4134/4134 4136/4136/4136 4133/4133/4133
f 4136/4136/4136 4128/4128/4128 4133/4133/4133
f 4128/4128/4128 4130/4130/4130 4133/4133/4133
f 4130/4130/4130 4138/4138/4138 4133/4133/4133
f 4138/4138/4138 4137/4137/4137 4133/4133/4133
f 4137/4137/4137 4135/4135/4135 4133/4133/4133
f 4135/4135/4135 4132/4132/4132 4133/4133/4133
f 4132/4132/4132 4129/4129/4129 4133/4133/4133
f 4578/4578/4578 4579/4579/4579 4577/4577/4577
f 4578/4578/4578 4576/4576/4576 4579/4579/4579
f 4575/4575/4575 4576/4576/4576 4578/4578/4578
f 4575/4575/4575 4574/4574/4574 4576/4576/4576
f 4573/4573/4573 4574/4574/4574 4575/4575/4575
f 4573/4573/4573 4572/4572/4572 4574/4574/4574
f 4571/4571/4571 4572/4572/4572 4573/4573/4573
f 4571/4571/4571 4570/4570/4570 4572/4572/4572
f 4569/4569/4569 4570/4570/4570 4571/4571/4571
f 4569/4569/4569 4568/4568/4568 4570/4570/4570
f 4567/4567/4567 4568/4568/4568 4569/4569/4569
f 4567/4567/4567 4566/4566/4566 4568/4568/4568
f 4565/4565/4565 4566/4566/4566 4567/4567/4567
f 4565/4565/4565 4564/4564/4564 4566/4566/4566
f 4581/4581/4581 4564/4564/4564 4565/4565/4565
f 4581/4581/4581 4585/4585/4585 4564/4564/4564
f 4584/4584/4584 4585/4585/4585 4581/4581/4581
f 4584/4584/4584 4582/4582/4582 4585/4585/4585
f 4583/4583/4583 4582/4582/4582 4584/4584/4584
f 4583/4583/4583 4580/4580/4580 4582/4582/4582
f 4043/4043/4043 4036/4036/4036 4025/4025/4025
f 4039/4039/4039 4036/4036/4036 4043/4043/4043
f 4039/4039/4039 4050/4050/4050 4036/4036/4036
f 4052/4052/4052 4050/4050/4050 4039/4039/4039
f 4052/4052/4052 4070/4070/4070 4050/4050/4050
f 4062/4062/4062 4070/4070/4070 4052/4052/4052
f 4062/4062/4062 3997/3997/3997 4070/4070/4070
f 4066/4066/4066 3997/3997/3997 4062/4062/4062
f 4066/4066/4066 4069/4069/4069 3997/3997/3997
f 4053/4053/4053 4069/4069/4069 4066/4066/4066
f 4053/4053/4053 4061/4061/4061 4069/4069/4069
f 4013/4013/4013 4061/4061/4061 4053/4053/4053
f 4013/4013/4013 4022/4022/4022 4061/4061/4061
f 4030/4030/4030 4022/4022/4022 4013/4013/4013
f 4030/4030/4030 4025/4025/4025 4022/4022/4022
f 4043/4043/4043 4025/4025/4025 4030/4030/4030
f 4203/4203/4203 4201/4201/4201 4193/4193/4193
f 4204/4204/4204 4201/4201/4201 4203/4203/4203
f 4204/4204/4204 4171/4171/4171 4201/4201/4201
f 4172/4172/4172 4171/4171/4171 4204/4204/4204
f 4172/4172/4172 4177/4177/4177 4171/4171/4171
f 4175/4175/4175 4177/4177/4177 4172/4172/4172
f 4175/4175/4175 4176/4176/4176 4177/4177/4177
f 4251/4251/4251 4176/4176/4176 4175/4175/4175
f 4251/4251/4251 4247/4247/4247 4176/4176/4176
f 4250/4250/4250 4247/4247/4247 4251/4251/4251
f 4250/4250/4250 4194/4194/4194 4247/4247/4247
f 4195/4195/4195 4194/4194/4194 4250/4250/4250
f 4195/4195/4195 4200/4200/4200 4194/4194/4194
f 4202/4202/4202 4200/4200/4200 4195/4195/4195
f 4202/4202/4202 4193/4193/4193 4200/4200/4200
f 4203/4203/4203 4193/4193/4193 4202/4202/4202
f 4060/4060/4060 4059/4059/4059 4035/4035/4035
f 4055/4055/4055 4059/4059/4059 4060/4060/4060
f 4055/4055/4055 4048/4048/4048 4059/4059/4059
f 4056/4056/4056 4048/4048/4048 4055/4055/4055
f 4056/4056/4056 4057/4057/4057 4048/4048/4048
f 4003/4003/4003 4057/4057/4057 4056/4056/4056
f 4003/4003/4003 3952/3952/3952 4057/4057/4057
f 4054/4054/4054 3952/3952/3952 4003/4003/4003
f 4054/4054/4054 4058/4058/4058 3952/3952/3952
f 4049/4049/4049 4058/4058/4058 4054/4054/4054
f 4049/4049/4049 4051/4051/4051 4058/4058/4058
f 4002/4002/4002 4051/4051/4051 4049/4049/4049
f 4002/4002/4002 4041/4041/4041 4051/4051/4051
f 4038/4038/4038 4041/4041/4041 4002/4002/4002
f 4038/4038/4038 4035/4035/4035 4041/4041/4041
f 4060/4060/4060 4035/4035/4035 4038/4038/4038
g studio.a10.mesh_3
f 4753/4753/4753 4754/4754/4754 4745/4745/4745
f 4754/4754/4754 4753/4753/4753 4755/4755/4755
f 4757/4757/4757 4754/4754/4754 4755/4755/4755
f 4756/4756/4756 4757/4757/4757 4755/4755/4755
f 4757/4757/4757 4756/4756/4756 4752/4752/4752
f 4637/4637/4637 4608/4608/4608 4671/4671/4671
f 4655/4655/4655 4652/4652/4652 4641/4641/4641
f 4652/4652/4652 4640/4640/4640 4641/4641/4641
f 4641/4641/4641 4640/4640/4640 4639/4639/4639
f 4640/4640/4640 4608/4608/4608 4639/4639/4639
f 4639/4639/4639 4608/4608/4608 4638/4638/4638
f 4638/4638/4638 4608/4608/4608 4637/4637/4637
f 4643/4643/4643 4638/4638/4638 4637/4637/4637
f 4643/4643/4643 4642/4642/4642 4638/4638/4638
f 4648/4648/4648 4642/4642/4642 4643/4643/4643
f 4648/4648/4648 4653/4653/4653 4642/4642/4642
f 4653/4653/4653 4641/4641/4641 4642/4642/4642
f 4642/4642/4642 4641/4641/4641 4639/4639/4639
f 4642/4642/4642 4639/4639/4639 4638/4638/4638
f 4656/4656/4656 4655/4655/4655 4654/4654/4654
f 4761/4761/4761 4655/4655/4655 4656/4656/4656
f 4761/4761/4761 4762/4762/4762 4655/4655/4655
f 4762/4762/4762 4652/4652/4652 4655/4655/4655
f 4674/4674/4674 4723/4723/4723 4726/4726/4726
f 4723/4723/4723 4725/4725/4725 4726/4726/4726
f 4723/4723/4723 4724/4724/4724 4725/4725/4725
f 4723/4723/4723 4717/4717/4717 4724/4724/4724
f 4717/4717/4717 4718/4718/4718 4724/4724/4724
f 4717/4717/4717 4672/4672/4672 4718/4718/4718
f 4671/4671/4671 4672/4672/4672 4717/4717/4717
f 4673/4673/4673 4671/4671/4671 4717/4717/4717
f 4673/4673/4673 4637/4637/4637 4671/4671/4671
f 4644/4644/4644 4637/4637/4637 4673/4673/4673
f 4644/4644/4644 4643/4643/4643 4637/4637/4637
f 4646/4646/4646 4643/4643/4643 4644/4644/4644
f 4646/4646/4646 4648/4648/4648 4643/4643/4643
f 4648/4648/4648 4646/4646/4646 4649/4649/4649
f 4654/4654/4654 4648/4648/4648 4649/4649/4649
f 4654/4654/4654 4653/4653/4653 4648/4648/4648
f 4655/4655/4655 4653/4653/4653 4654/4654/4654
f 4655/4655/4655 4641/4641/4641 4653/4653/4653
f 4673/4673/4673 4717/4717/4717 4723/4723/4723
f 4674/4674/4674 4673/4673/4673 4723/4723/4723
f 4674/4674/4674 4644/4644/4644 4673/4673/4673
f 4645/4645/4645 4644/4644/4644 4674/4674/4674
f 4645/4645/4645 4646/4646/4646 4644/4644/4644
f 4649/4649/4649 4646/4646/4646 4645/4645/4645
f 4614/4614/4614 4610/4610/4610 4618/4618/4618
f 4618/4618/4618 4610/4610/4610 4616/4616/4616
f 4610/4610/4610 4611/4611/4611 4616/4616/4616
f 4616/4616/4616 4611/4611/4611 4612/4612/4612
f 4762/4762/4762 4612/4612/4612 4611/4611/4611
f 4768/4768/4768 4612/4612/4612 4762/4762/4762
f 4768/4768/4768 4762/4762/4762 4761/4761/4761
f 4760/4760/4760 4768/4768/4768 4761/4761/4761
f 4761/4761/4761 4656/4656/4656 4760/4760/4760
f 4760/4760/4760 4656/4656/4656 4657/4657/4657
f 4656/4656/4656 4654/4654/4654 4657/4657/4657
f 4657/4657/4657 4654/4654/4654 4651/4651/4651
f 4651/4651/4651 4654/4654/4654 4649/4649/4649
f 4651/4651/4651 4649/4649/4649 4647/4647/4647
f 4647/4647/4647 4649/4649/4649 4645/4645/4645
f 4647/4647/4647 4645/4645/4645 4675/4675/4675
f 4675/4675/4675 4645/4645/4645 4674/4674/4674
f 4675/4675/4675 4674/4674/4674 4726/4726/4726
f 4623/4623/4623 4612/4612/4612 4768/4768/4768
f 4616/4616/4616 4612/4612/4612 4623/4623/4623
f 4622/4622/4622 4616/4616/4616 4623/4623/4623
f 4622/4622/4622 4621/4621/4621 4616/4616/4616
f 4621/4621/4621 4618/4618/4618 4616/4616/4616
f 4617/4617/4617 4618/4618/4618 4621/4621/4621
f 4620/4620/4620 4619/4619/4619 4617/4617/4617
f 4620/4620/4620 4617/4617/4617 4621/4621/4621
f 4620/4620/4620 4621/4621/4621 4624/4624/4624
f 4624/4624/4624 4621/4621/4621 4622/4622/4622
f 4624/4624/4624 4622/4622/4622 4630/4630/4630
f 4630/4630/4630 4622/4622/4622 4623/4623/4623
f 4660/4660/4660 4630/4630/4630 4623/4623/4623
f 4660/4660/4660 4623/4623/4623 4768/4768/4768
f 4767/4767/4767 4660/4660/4660 4768/4768/4768
f 4767/4767/4767 4768/4768/4768 4760/4760/4760
f 4767/4767/4767 4760/4760/4760 4667/4667/4667
f 4760/4760/4760 4657/4657/4657 4667/4667/4667
f 4667/4667/4667 4657/4657/4657 4659/4659/4659
f 4659/4659/4659 4657/4657/4657 4651/4651/4651
f 4659/4659/4659 4651/4651/4651 4650/4650/4650
f 4650/4650/4650 4651/4651/4651 4647/4647/4647
f 4650/4650/4650 4647/4647/4647 4676/4676/4676
f 4676/4676/4676 4647/4647/4647 4675/4675/4675
f 4722/4722/4722 4719/4719/4719 4721/4721/4721
f 4722/4722/4722 4721/4721/4721 4734/4734/4734
f 4729/4729/4729 4722/4722/4722 4734/4734/4734
f 4729/4729/4729 4734/4734/4734 4732/4732/4732
f 4728/4728/4728 4729/4729/4729 4732/4732/4732
f 4731/4731/4731 4728/4728/4728 4732/4732/4732
f 4727/4727/4727 4728/4728/4728 4731/4731/4731
f 4730/4730/4730 4727/4727/4727 4731/4731/4731
f 4676/4676/4676 4727/4727/4727 4730/4730/4730
f 4677/4677/4677 4676/4676/4676 4730/4730/4730
f 4677/4677/4677 4650/4650/4650 4676/4676/4676
f 4658/4658/4658 4650/4650/4650 4677/4677/4677
f 4658/4658/4658 4659/4659/4659 4650/4650/4650
f 4664/4664/4664 4659/4659/4659 4658/4658/4658
f 4664/4664/4664 4667/4667/4667 4659/4659/4659
f 4664/4664/4664 4666/4666/4666 4667/4667/4667
f 4666/4666/4666 4669/4669/4669 4667/4667/4667
f 4669/4669/4669 4767/4767/4767 4667/4667/4667
f 4662/4662/4662 4767/4767/4767 4669/4669/4669
f 4660/4660/4660 4767/4767/4767 4662/4662/4662
f 4665/4665/4665 4662/4662/4662 4669/4669/4669
f 4734/4734/4734 4721/4721/4721 4735/4735/4735
f 4732/4732/4732 4734/4734/4734 4735/4735/4735
f 4666/4666/4666 4665/4665/4665 4669/4669/4669
f 4665/4665/4665 4666/4666/4666 4663/4663/4663
f 4663/4663/4663 4666/4666/4666 4664/4664/4664
f 4670/4670/4670 4663/4663/4663 4664/4664/4664
f 4670/4670/4670 4664/4664/4664 4658/4658/4658
f 4670/4670/4670 4658/4658/4658 4678/4678/4678
f 4678/4678/4678 4658/4658/4658 4677/4677/4677
f 4678/4678/4678 4677/4677/4677 4738/4738/4738
f 4677/4677/4677 4730/4730/4730 4738/4738/4738
f 4738/4738/4738 4730/4730/4730 4741/4741/4741
f 4730/4730/4730 4731/4731/4731 4741/4741/4741
f 4741/4741/4741 4731/4731/4731 4737/4737/4737
f 4731/4731/4731 4732/4732/4732 4737/4737/4737
f 4737/4737/4737 4732/4732/4732 4736/4736/4736
f 4736/4736/4736 4732/4732/4732 4735/4735/4735
f 4736/4736/4736 4735/4735/4735 4769/4769/4769
f 4764/4764/4764 4736/4736/4736 4769/4769/4769
f 4737/4737/4737 4736/4736/4736 4764/4764/4764
f 4747/4747/4747 4737/4737/4737 4764/4764/4764
f 4741/4741/4741 4737/4737/4737 4747/4747/4747
f 4751/4751/4751 4741/4741/4741 4747/4747/4747
f 4738/4738/4738 4741/4741/4741 4751/4751/4751
f 4749/4749/4749 4738/4738/4738 4751/4751/4751
f 4678/4678/4678 4738/4738/4738 4749/4749/4749
f 4679/4679/4679 4678/4678/4678 4749/4749/4749
f 4679/4679/4679 4670/4670/4670 4678/4678/4678
f 4663/4663/4663 4670/4670/4670 4679/4679/4679
f 4680/4680/4680 4663/4663/4663 4679/4679/4679
f 4668/4668/4668 4663/4663/4663 4680/4680/4680
f 4668/4668/4668 4665/4665/4665 4663/4663/4663
f 4668/4668/4668 4636/4636/4636 4665/4665/4665
f 4665/4665/4665 4636/4636/4636 4662/4662/4662
f 4636/4636/4636 4661/4661/4661 4662/4662/4662
f 4661/4661/4661 4660/4660/4660 4662/4662/4662
f 4630/4630/4630 4660/4660/4660 4661/4661/4661
f 4632/4632/4632 4630/4630/4630 4661/4661/4661
f 4629/4629/4629 4630/4630/4630 4632/4632/4632
f 4629/4629/4629 4624/4624/4624 4630/4630/4630
f 4635/4635/4635 4632/4632/4632 4661/4661/4661
f 4636/4636/4636 4635/4635/4635 4661/4661/4661
f 4635/4635/4635 4636/4636/4636 4668/4668/4668
f 4751/4751/4751 4747/4747/4747 4746/4746/4746
f 4751/4751/4751 4746/4746/4746 4748/4748/4748
f 4749/4749/4749 4751/4751/4751 4748/4748/4748
f 4679/4679/4679 4749/4749/4749 4748/4748/4748
f 4680/4680/4680 4679/4679/4679 4748/4748/4748
f 4764/4764/4764 4765/4765/4765 4766/4766/4766
f 4747/4747/4747 4764/4764/4764 4766/4766/4766
f 4750/4750/4750 4747/4747/4747 4766/4766/4766
f 4747/4747/4747 4750/4750/4750 4746/4746/4746
f 4746/4746/4746 4750/4750/4750 4744/4744/4744
f 4748/4748/4748 4746/4746/4746 4744/4744/4744
f 4743/4743/4743 4748/4748/4748 4744/4744/4744
f 4680/4680/4680 4748/4748/4748 4743/4743/4743
f 4681/4681/4681 4680/4680/4680 4743/4743/4743
f 4681/4681/4681 4668/4668/4668 4680/4680/4680
f 4634/4634/4634 4668/4668/4668 4681/4681/4681
f 4634/4634/4634 4635/4635/4635 4668/4668/4668
f 4634/4634/4634 4633/4633/4633 4635/4635/4635
f 4633/4633/4633 4632/4632/4632 4635/4635/4635
f 4633/4633/4633 4628/4628/4628 4632/4632/4632
f 4628/4628/4628 4629/4629/4629 4632/4632/4632
f 4628/4628/4628 4625/4625/4625 4629/4629/4629
f 4625/4625/4625 4624/4624/4624 4629/4629/4629
f 4631/4631/4631 4633/4633/4633 4634/4634/4634
f 4631/4631/4631 4634/4634/4634 4682/4682/4682
f 4682/4682/4682 4634/4634/4634 4681/4681/4681
f 4627/4627/4627 4628/4628/4628 4633/4633/4633
f 4631/4631/4631 4627/4627/4627 4633/4633/4633
f 4627/4627/4627 4631/4631/4631 4683/4683/4683
f 4683/4683/4683 4631/4631/4631 4682/4682/4682
f 4683/4683/4683 4682/4682/4682 4711/4711/4711
f 4682/4682/4682 4715/4715/4715 4711/4711/4711
f 4682/4682/4682 4681/4681/4681 4715/4715/4715
f 4681/4681/4681 4743/4743/4743 4715/4715/4715
f 4626/4626/4626 4625/4625/4625 4628/4628/4628
f 4627/4627/4627 4626/4626/4626 4628/4628/4628
f 4626/4626/4626 4627/4627/4627 4684/4684/4684
f 4684/4684/4684 4627/4627/4627 4683/4683/4683
f 4684/4684/4684 4683/4683/4683 4707/4707/4707
f 4683/4683/4683 4711/4711/4711 4707/4707/4707
f 4711/4711/4711 4712/4712/4712 4707/4707/4707
f 4715/4715/4715 4712/4712/4712 4711/4711/4711
f 4714/4714/4714 4712/4712/4712 4715/4715/4715
f 4715/4715/4715 4743/4743/4743 4714/4714/4714
f 4743/4743/4743 4716/4716/4716 4714/4714/4714
f 4744/4744/4744 4716/4716/4716 4743/4743/4743
f 4625/4625/4625 4620/4620/4620 4624/4624/4624
f 4619/4619/4619 4620/4620/4620 4625/4625/4625
f 4626/4626/4626 4619/4619/4619 4625/4625/4625
f 4619/4619/4619 4626/4626/4626 4685/4685/4685
f 4685/4685/4685 4626/4626/4626 4684/4684/4684
f 4685/4685/4685 4684/4684/4684 4706/4706/4706
f 4684/4684/4684 4707/4707/4707 4706/4706/4706
f 4707/4707/4707 4708/4708/4708 4706/4706/4706
f 4712/4712/4712 4708/4708/4708 4707/4707/4707
f 4712/4712/4712 4713/4713/4713 4708/4708/4708
f 4714/4714/4714 4713/4713/4713 4712/4712/4712
f 4739/4739/4739 4713/4713/4713 4714/4714/4714
f 4716/4716/4716 4739/4739/4739 4714/4714/4714
f 4742/4742/4742 4739/4739/4739 4716/4716/4716
f 4744/4744/4744 4742/4742/4742 4716/4716/4716
f 4750/4750/4750 4742/4742/4742 4744/4744/4744
f 4750/4750/4750 4766/4766/4766 4742/4742/4742
f 4742/4742/4742 4766/4766/4766 4740/4740/4740
f 4685/4685/4685 4706/4706/4706 4699/4699/4699
f 4739/4739/4739 4742/4742/4742 4740/4740/4740
f 4739/4739/4739 4740/4740/4740 4710/4710/4710
f 4740/4740/4740 4703/4703/4703 4710/4710/4710
f 4703/4703/4703 4702/4702/4702 4710/4710/4710
f 4702/4702/4702 4703/4703/4703 4696/4696/4696
f 4702/4702/4702 4696/4696/4696 4700/4700/4700
f 4696/4696/4696 4698/4698/4698 4700/4700/4700
f 4700/4700/4700 4698/4698/4698 4697/4697/4697
f 4701/4701/4701 4700/4700/4700 4697/4697/4697
f 4701/4701/4701 4697/4697/4697 4699/4699/4699
f 4705/4705/4705 4701/4701/4701 4699/4699/4699
f 4706/4706/4706 4705/4705/4705 4699/4699/4699
f 4708/4708/4708 4705/4705/4705 4706/4706/4706
f 4708/4708/4708 4709/4709/4709 4705/4705/4705
f 4713/4713/4713 4709/4709/4709 4708/4708/4708
f 4713/4713/4713 4710/4710/4710 4709/4709/4709
f 4713/4713/4713 4739/4739/4739 4710/4710/4710
f 4709/4709/4709 4704/4704/4704 4705/4705/4705
f 4709/4709/4709 4710/4710/4710 4704/4704/4704
f 4710/4710/4710 4702/4702/4702 4704/4704/4704
f 4702/4702/4702 4700/4700/4700 4704/4704/4704
f 4704/4704/4704 4700/4700/4700 4701/4701/4701
f 4705/4705/4705 4704/4704/4704 4701/4701/4701
f 4766/4766/4766 4765/4765/4765 4740/4740/4740
f 4765/4765/4765 4703/4703/4703 4740/4740/4740
f 4765/4765/4765 4692/4692/4692 4703/4703/4703
f 4703/4703/4703 4692/4692/4692 4696/4696/4696
f 4692/4692/4692 4691/4691/4691 4696/4696/4696
f 4696/4696/4696 4691/4691/4691 4690/4690/4690
f 4698/4698/4698 4696/4696/4696 4690/4690/4690
f 4698/4698/4698 4690/4690/4690 4695/4695/4695
f 4697/4697/4697 4698/4698/4698 4695/4695/4695
f 4697/4697/4697 4695/4695/4695 4694/4694/4694
f 4697/4697/4697 4694/4694/4694 4699/4699/4699
f 4686/4686/4686 4699/4699/4699 4694/4694/4694
f 4686/4686/4686 4685/4685/4685 4699/4699/4699
f 4686/4686/4686 4619/4619/4619 4685/4685/4685
f 4615/4615/4615 4619/4619/4619 4686/4686/4686
f 4619/4619/4619 4615/4615/4615 4617/4617/4617
f 4615/4615/4615 4614/4614/4614 4617/4617/4617
f 4614/4614/4614 4618/4618/4618 4617/4617/4617
f 4763/4763/4763 4692/4692/4692 4765/4765/4765
f 4691/4691/4691 4692/4692/4692 4763/4763/4763
f 4609/4609/4609 4610/4610/4610 4614/4614/4614
f 4613/4613/4613 4609/4609/4609 4614/4614/4614
f 4613/4613/4613 4614/4614/4614 4615/4615/4615
f 4688/4688/4688 4613/4613/4613 4615/4615/4615
f 4687/4687/4687 4688/4688/4688 4615/4615/4615
f 4687/4687/4687 4694/4694/4694 4688/4688/4688
f 4687/4687/4687 4686/4686/4686 4694/4694/4694
f 4687/4687/4687 4615/4615/4615 4686/4686/4686
f 4688/4688/4688 4609/4609/4609 4613/4613/4613
f 4695/4695/4695 4690/4690/4690 4689/4689/4689
f 4695/4695/4695 4689/4689/4689 4693/4693/4693
f 4694/4694/4694 4695/4695/4695 4693/4693/4693
f 4694/4694/4694 4693/4693/4693 4688/4688/4688
f 4693/4693/4693 4689/4689/4689 4688/4688/4688
f 4676/4676/4676 4675/4675/4675 4727/4727/4727
f 4675/4675/4675 4726/4726/4726 4727/4727/4727
f 4727/4727/4727 4726/4726/4726 4728/4728/4728
f 4726/4726/4726 4725/4725/4725 4728/4728/4728
f 4728/4728/4728 4725/4725/4725 4729/4729/4729
f 4725/4725/4725 4724/4724/4724 4729/4729/4729
f 4724/4724/4724 4722/4722/4722 4729/4729/4729
f 4724/4724/4724 4718/4718/4718 4722/4722/4722
f 4718/4718/4718 4719/4719/4719 4722/4722/4722
f 4718/4718/4718 4672/4672/4672 4719/4719/4719
f 4719/4719/4719 4672/4672/4672 4720/4720/4720
f 4719/4719/4719 4720/4720/4720 4721/4721/4721
f 4721/4721/4721 4720/4720/4720 4733/4733/4733
f 4721/4721/4721 4733/4733/4733 4735/4735/4735
f 4735/4735/4735 4733/4733/4733 4763/4763/4763
f 4735/4735/4735 4763/4763/4763 4769/4769/4769
f 4769/4769/4769 4763/4763/4763 4765/4765/4765
f 4769/4769/4769 4765/4765/4765 4764/4764/4764
f 4759/4759/4759 4774/4774/4774 4771/4771/4771
f 4772/4772/4772 4771/4771/4771 4774/4774/4774
f 4772/4772/4772 4770/4770/4770 4771/4771/4771
f 4772/4772/4772 4773/4773/4773 4770/4770/4770
f 4758/4758/4758 4770/4770/4770 4773/4773/4773
g studio.a10.mesh_4
f 4778/4778/4778 4775/4775/4775 4777/4777/4777
f 4776/4776/4776 4778/4778/4778 4777/4777/4777
f 4782/4782/4782 4779/4779/4779 4781/4781/4781
f 4780/4780/4780 4782/4782/4782 4781/4781/4781
