# OBJ File Exported By Crafty (c) 2006 Ryan Gregg
# http://nemesis.thewavelength.net/

mtllib a10.mtl

v -19.219949 -2.501803 0.464618
v -19.113875 -1.962900 1.490598
v -19.100647 -1.896522 1.519526
v -19.079181 -1.786627 1.528333
v -18.973975 -1.252135 1.085849
v -18.970186 -1.232877 1.179336
v -18.994545 -1.357478 1.565597
v -18.960286 -1.182595 1.244200
v -18.912100 -0.937794 1.852765
v -18.976715 -1.266065 1.773880
v -18.978577 -1.275517 1.588735
v -18.912106 -0.937836 1.304094
v -18.976569 -1.266147 1.664101
v -18.937041 -1.064498 1.292693
v -19.219876 -2.502288 -0.930842
v -18.999347 -2.045365 -1.411234
v -18.958505 -1.874695 -1.507483
v -18.769197 -1.185901 -1.242094
v -18.806487 -1.310549 -1.852673
v -18.728377 -1.054340 -1.852673
v -18.809651 -1.321324 -1.580050
v -18.823184 -1.368356 -1.559538
v -18.755144 -1.140061 -1.264447
v -18.728377 -1.054340 -1.272706
v -18.774889 -1.204643 -1.229505
v -18.962726 -1.167867 -1.229589
v -18.806192 -1.310034 -1.616420
v -18.806851 -1.311939 -1.229803
v -18.969231 -1.228028 -1.163476
v -18.934132 -1.777173 -1.517755
v -18.981107 -1.967659 -1.488613
v -19.219847 -2.501282 -0.997463
v -19.021684 -1.494866 -1.228757
v -19.125429 -2.021602 -1.228365
v -18.973975 -1.252135 -1.079188
v -19.143166 -2.111719 -1.333557
v -18.999382 -2.045521 -1.228282
v -19.125398 -2.021450 -1.411318
v -18.979094 -1.278409 -1.229882
v -18.867363 -1.524664 -1.228674
v -18.460110 -2.630221 -0.374881
v -18.406111 -2.013027 0.383966
v -18.406110 -2.013011 -0.375003
v -18.460178 -2.631010 0.381817
v -19.044196 -1.608890 -0.458110
v -19.044199 -1.608912 0.467348
v -18.963695 -1.199919 -0.548676
v -18.957494 -1.168414 -0.458222
v -19.039281 -1.583930 -0.458138
v -18.882030 -1.688863 -0.458124
v -18.883055 -1.690109 0.467594
v -19.039903 -1.587073 0.467845
v -18.957494 -1.168414 0.469325
v -18.963187 -1.197327 0.556865
v -18.611359 -1.359641 -0.458222
v -17.909677 -0.780641 0.469325
v -17.664381 -0.641928 0.159781
v -17.664381 -0.641928 -0.126415
v -19.219768 -2.500865 -0.457955
v -19.219902 -2.501543 1.014114
v -18.973862 -1.251588 -0.632446
v -19.219818 -2.501497 -0.636259
v -19.219785 -2.501128 -0.495815
v -19.219942 -2.501752 0.534203
v -18.973862 -1.251588 0.639102
v -19.219931 -2.501699 0.678731
v -18.664108 -2.610782 -0.499188
v -18.718239 -2.885254 -0.498411
v -18.718323 -2.885670 -0.634805
v -18.664194 -2.611199 -0.635584
v -18.656264 -2.612582 0.679850
v -18.710257 -2.887119 0.533607
v -18.710272 -2.887117 0.679939
v -18.294388 -0.998201 -0.458222
v -17.910005 -0.780830 -0.126583
v -17.776622 -0.705402 0.357929
v -18.294388 -0.998201 0.038452
v -18.611359 -1.359641 0.469325
v -17.776622 -0.705402 0.159744
v -17.914429 -0.778953 -0.458222
v -18.656258 -2.612636 0.533518
v -17.776622 -0.705402 -0.126257
v -18.294388 -0.998201 0.309449
v -18.294388 -0.998201 0.469325
v -18.456271 -2.092247 1.490484
v -18.436786 -1.994009 1.465646
v -18.417278 -1.894089 1.478172
v -18.443045 -2.025869 1.519411
v -18.421579 -1.915975 1.528218
v -18.334702 -1.475386 1.541121
v -18.336943 -1.486825 1.565483
v -18.319115 -1.395412 1.773765
v -18.320973 -1.404864 1.588616
v -18.314320 -1.371845 1.634305
v -18.314902 -1.373953 1.775967
v -18.318967 -1.395494 1.663986
v -18.317253 -1.385917 1.573181
v -18.562323 -2.631884 -0.930680
v -18.562289 -2.630826 -0.997301
v -18.485609 -2.241295 -1.333395
v -18.433807 -1.978939 -1.507404
v -18.414409 -1.880382 -1.517671
v -18.315124 -1.375159 -1.851093
v -18.328435 -1.443591 -1.532692
v -18.332741 -1.465472 -1.559459
v -18.314861 -1.374640 -1.589574
v -18.321309 -1.406568 -1.852589
v -18.319162 -1.395672 -1.556008
v -18.323468 -1.417553 -1.579972
v -18.321040 -1.406051 -1.616342
v -18.547382 -2.555979 -0.930152
v -18.553500 -2.587050 -0.929483
v -18.471210 -2.168126 -1.289651
v -18.447635 -2.048372 -1.452986
v -18.444397 -2.031903 -1.405743
v -18.413319 -1.874840 -1.470847
v -18.432318 -1.971370 -1.459005
v -18.431236 -1.965870 -1.415026
v -18.412785 -1.872135 -1.425455
v -18.495212 -2.290086 -1.141321
v -18.471019 -2.167151 -1.255002
v -18.474478 -2.184736 -1.275493
v -18.526637 -2.449664 0.916019
v -18.543594 -2.535840 0.916019
v -18.543506 -2.535371 0.463399
v -18.526544 -2.449195 0.463399
v -18.562352 -2.631192 0.464498
v -18.445314 -2.036521 1.429961
v -18.464310 -2.133024 1.288702
v -18.525954 -2.446197 1.061179
v -18.521260 -2.422341 1.028266
v -18.498810 -2.308348 -1.161190
v -18.469463 -2.159195 1.319529
v -18.536937 -2.502058 -0.945325
v -18.546979 -2.553045 -0.999660
v -18.540399 -2.519627 -0.965811
v -18.452434 -2.072733 -1.488535
v -18.483029 -2.228162 -1.324017
v -18.479678 -2.211146 -1.338693
v -18.506531 -2.347563 -1.088178
v -18.509732 -2.363844 -1.109873
v -18.562277 -2.631305 -0.635401
v -18.562213 -2.630463 -0.457794
v -18.562296 -2.630880 1.013999
v -18.553653 -2.586984 -0.458436
v -18.562250 -2.630936 -0.500093
v -18.543610 -2.535892 0.980448
v -18.562331 -2.631088 0.680148
v -18.562338 -2.631088 0.533335
v -12.317074 -2.929306 1.156853
v -14.600000 -3.350001 1.156853
v -14.800000 -2.650001 -1.051814
v -14.600000 -3.350001 1.156853
v -13.426533 0.503672 1.156853
v -12.317074 -2.929306 1.156853
v -14.600000 -3.350001 1.156853
v -15.736122 0.148607 1.156853
v -15.736122 0.148607 -1.051814
v -12.317074 -2.929306 -1.051814
v -13.426533 0.503672 -1.051814
v -14.600000 -3.350001 -1.051814
v -14.600000 -3.350001 -1.051814
v -14.600000 -3.350001 -1.051814
v -12.317074 -2.929306 -1.051814
v -12.215983 -3.182251 -0.228480
v -14.505692 -3.604813 -0.207358
v -14.505692 -3.604813 -0.207358
v -12.215983 -3.182251 -0.228480
v -12.215983 -3.182251 0.308561
v -14.505692 -3.604813 -0.207358
v -14.505692 -3.604813 0.334838
v -14.800000 -2.650001 1.156853
v -14.505692 -3.604813 0.334838
v -19.219902 -2.501543 1.014114
v -19.219902 -2.501543 1.014114
v -19.219847 -2.501282 -0.997463
v -19.113875 -1.962900 1.490598
v -19.100647 -1.896522 1.519526
v -18.987378 -1.275563 1.587235
v -18.990297 -1.335895 -1.559616
v -19.109988 -1.943152 -1.488692
v -23.776193 -0.725879 -0.973922
v -23.576592 -0.834915 0.416883
v -22.956277 -1.531292 0.578991
v -23.776592 -0.734915 0.416883
v -23.156278 -1.431292 0.578991
v -23.156264 -1.431145 -0.614384
v -23.776592 -0.734910 -0.447904
v -22.929062 -1.241660 1.291950
v -23.576164 -0.826200 0.933471
v -22.925629 -1.206023 1.317523
v -22.894005 -0.870193 1.383318
v -23.575549 -0.815489 0.999624
v -23.576070 -0.825189 0.952014
v -23.776193 -0.725879 -0.973922
v -23.775642 -0.716468 -1.019130
v -23.097331 -0.804927 -1.402824
v -23.097331 -0.804927 -1.402824
v -23.128062 -1.131049 -1.340366
v -23.776193 -0.725879 -0.973922
v -18.562338 -2.631088 0.533335
v -18.562352 -2.631192 0.464498
v -18.562331 -2.631088 0.680148
v -18.562296 -2.630880 1.013999
v -19.113875 -1.962900 1.490598
v -19.219902 -2.501543 1.014114
v -18.456271 -2.092247 1.490484
v -18.443045 -2.025869 1.519411
v -18.456271 -2.092247 1.490484
v -19.113875 -1.962900 1.490598
v -19.113875 -1.962900 1.490598
v -18.443045 -2.025869 1.519411
v -19.100647 -1.896522 1.519526
v -18.421579 -1.915975 1.528218
v -18.994545 -1.357478 1.565597
v -18.336943 -1.486825 1.565483
v -19.079181 -1.786627 1.528333
v -18.336943 -1.486825 1.565483
v -18.994545 -1.357478 1.565597
v -18.978577 -1.275517 1.588735
v -18.320973 -1.404864 1.588620
v -18.976715 -1.266065 1.773880
v -18.320973 -1.404864 1.588620
v -18.319115 -1.395412 1.773765
v -18.318967 -1.395494 1.663986
v -18.976569 -1.266147 1.664101
v -18.978577 -1.275517 1.588735
v -18.562277 -2.631305 -0.635401
v -18.562289 -2.630826 -0.997301
v -18.562323 -2.631884 -0.930680
v -19.219847 -2.501282 -0.997463
v -19.219847 -2.501282 -0.997463
v -18.452434 -2.072733 -1.488535
v -18.562289 -2.630826 -0.997301
v -19.109988 -1.943152 -1.488692
v -19.109988 -1.943152 -1.488692
v -18.414409 -1.880382 -1.517671
v -18.452434 -2.072733 -1.488535
v -18.332741 -1.465472 -1.559459
v -19.091362 -1.849364 -1.507562
v -19.071965 -1.750806 -1.517833
v -18.433807 -1.978939 -1.507404
v -18.990297 -1.335895 -1.559616
v -19.071965 -1.750806 -1.517833
v -18.414409 -1.880382 -1.517671
v -18.323468 -1.417553 -1.579972
v -18.990297 -1.335895 -1.559616
v -18.981030 -1.287976 -1.580129
v -18.332741 -1.465472 -1.559459
v -18.321040 -1.406051 -1.616342
v -18.978603 -1.276474 -1.616498
v -18.981030 -1.287976 -1.580129
v -18.485609 -2.241295 -1.333395
v -19.143166 -2.111719 -1.333557
v -18.323468 -1.417553 -1.579972
v -19.125398 -2.021450 -1.411318
v -18.769197 -1.185907 -1.242094
v -18.958418 -1.148840 -1.242172
v -18.755144 -1.140061 -1.264447
v -18.947761 -1.102294 -1.264531
v -18.728377 -1.054340 -1.272706
v -18.927344 -1.015248 -1.272789
v -18.962726 -1.167872 -1.229589
v -18.774889 -1.204643 -1.229505
v -18.986749 -1.276816 -1.229882
v -18.806851 -1.311939 -1.229803
v -19.125429 -2.021607 -1.228360
v -18.999382 -2.045521 -1.228282
v -19.031578 -1.492807 -1.228757
v -18.867363 -1.524670 -1.228674
v -18.939159 -2.364864 1.061179
v -18.543610 -2.535892 0.980448
v -18.525954 -2.446197 1.061179
v -18.956812 -2.454560 0.980448
v -18.540399 -2.519627 -0.965811
v -18.966705 -2.505717 -0.929483
v -18.953600 -2.438295 -0.965811
v -18.960584 -2.474647 -0.930152
v -18.553500 -2.587050 -0.929483
v -18.547382 -2.555979 -0.930152
v -18.483029 -2.228162 -1.324017
v -18.896231 -2.146835 -1.324018
v -18.884410 -2.086794 -1.289651
v -18.471210 -2.168126 -1.289651
v -18.892879 -2.129819 -1.338693
v -18.471210 -2.168126 -1.289651
v -18.479678 -2.211146 -1.338693
v -18.884410 -2.086794 -1.289651
v -18.857596 -1.950571 -1.405743
v -18.444397 -2.031903 -1.405743
v -18.431236 -1.965870 -1.415026
v -18.412785 -1.872135 -1.425455
v -18.844437 -1.884537 -1.415026
v -18.825986 -1.790802 -1.425455
v -18.825986 -1.790802 -1.425455
v -18.413319 -1.874840 -1.470847
v -18.412785 -1.872135 -1.425455
v -18.826518 -1.793508 -1.470847
v -18.908417 -2.208753 -1.141321
v -18.471019 -2.167151 -1.255002
v -18.495212 -2.290086 -1.141321
v -18.884219 -2.085819 -1.255002
v -18.912010 -2.227016 -1.161190
v -18.495212 -2.290086 -1.141321
v -18.498810 -2.308348 -1.161190
v -18.884219 -2.085819 -1.255002
v -18.908417 -2.208753 -1.141321
v -18.471019 -2.167151 -1.255002
v -18.474478 -2.184736 -1.275493
v -18.887682 -2.103403 -1.275493
v -18.939838 -2.368326 0.916019
v -18.526544 -2.449195 0.463399
v -18.526637 -2.449664 0.916024
v -18.939749 -2.367862 0.463399
v -18.956799 -2.454508 0.916019
v -18.543594 -2.535840 0.916024
v -18.526637 -2.449664 0.916024
v -18.939838 -2.368326 0.916019
v -18.956812 -2.454560 0.980448
v -18.543610 -2.535892 0.980448
v -18.543594 -2.535840 0.916024
v -18.956799 -2.454508 0.916019
v -18.877512 -2.051691 1.288702
v -18.464310 -2.133024 1.288702
v -18.521260 -2.422341 1.028272
v -18.934462 -2.341008 1.028271
v -18.882665 -2.077868 1.319529
v -18.464310 -2.133024 1.288702
v -18.469463 -2.159195 1.319529
v -18.877512 -2.051691 1.288702
v -18.934462 -2.341008 1.028271
v -18.525954 -2.446197 1.061179
v -18.521260 -2.422341 1.028272
v -18.939159 -2.364864 1.061179
v -18.922937 -2.282511 -1.109873
v -18.498810 -2.308348 -1.161190
v -18.509732 -2.363844 -1.109873
v -18.912010 -2.227016 -1.161190
v -18.950137 -2.420726 -0.945325
v -18.506531 -2.347563 -1.088178
v -18.536937 -2.502058 -0.945325
v -18.919731 -2.266230 -1.088179
v -18.953600 -2.438295 -0.965811
v -18.536937 -2.502058 -0.945325
v -18.540399 -2.519627 -0.965811
v -18.950137 -2.420726 -0.945325
v -18.919731 -2.266230 -1.088179
v -18.506531 -2.347563 -1.088178
v -18.509732 -2.363844 -1.109873
v -18.922937 -2.282511 -1.109873
v -18.896231 -2.146835 -1.324018
v -18.483029 -2.228162 -1.324017
v -18.479678 -2.211146 -1.338693
v -18.892879 -2.129819 -1.338693
v -19.219949 -2.501803 0.464618
v -19.044199 -1.608912 0.467348
v -19.044197 -1.608896 -0.458109
v -19.219768 -2.500865 -0.457955
v -19.219916 -2.501647 0.369930
v -19.219949 -2.501803 0.464618
v -19.044197 -1.608896 -0.458109
v -19.044199 -1.608912 0.467348
v -18.883055 -1.690109 0.467594
v -18.883055 -1.690109 0.467594
v -18.882030 -1.688868 -0.458124
v -19.044197 -1.608896 -0.458109
v -18.882030 -1.688868 -0.458124
v -18.406110 -2.013011 -0.375003
v -18.460110 -2.630221 -0.374881
v -18.989000 -2.538395 -0.457955
v -18.989000 -2.538395 -0.457955
v -18.460178 -2.631010 0.381817
v -18.460110 -2.630221 -0.374881
v -18.989084 -2.539343 0.464618
v -18.883055 -1.690109 0.467594
v -18.406110 -2.013011 -0.375003
v -18.406111 -2.013027 0.383966
v -18.989084 -2.539343 0.464618
v -18.882030 -1.688868 -0.458124
v -18.460178 -2.631010 0.381817
v -18.406111 -2.013027 0.383966
v -18.883055 -1.690109 0.467594
v -18.562277 -2.631305 -0.635401
v -18.664194 -2.611199 -0.635584
v -18.562250 -2.630936 -0.500093
v -19.219768 -2.500865 -0.457955
v -18.984587 -2.548009 -0.635846
v -19.219818 -2.501497 -0.636259
v -19.219785 -2.501128 -0.495815
v -19.219818 -2.501497 -0.636259
v -19.037666 -2.822307 -0.497096
v -18.562213 -2.630463 -0.457794
v -18.664108 -2.610782 -0.499188
v -19.038709 -2.822480 -0.635072
v -18.983542 -2.547835 -0.497872
v -18.718323 -2.885670 -0.634805
v -19.219876 -2.502288 -0.930842
v -18.664194 -2.611199 -0.635584
v -18.984587 -2.548009 -0.635846
v -18.718239 -2.885254 -0.498411
v -19.219902 -2.501543 1.014114
v -18.562338 -2.631088 0.533335
v -18.656264 -2.612582 0.679850
v -18.562331 -2.631088 0.680148
v -18.656258 -2.612636 0.533518
v -19.038709 -2.822480 0.679447
v -18.656264 -2.612582 0.679850
v -18.710257 -2.887119 0.533607
v -19.039565 -2.822352 0.533994
v -18.710272 -2.887117 0.679939
v -18.985559 -2.547870 0.533905
v -18.656258 -2.612636 0.533518
v -19.219949 -2.501803 0.464618
v -19.219931 -2.501699 0.678731
v -18.984701 -2.547946 0.679358
v -18.562296 -2.630880 1.013999
v -19.219931 -2.501699 0.678731
v -18.984701 -2.547946 0.679358
v -19.219942 -2.501752 0.534203
v -18.985559 -2.547870 0.533905
v -19.219942 -2.501752 0.534203
v -18.985559 -2.547870 0.533905
v -19.219949 -2.501803 0.464618
v -18.984587 -2.548009 -0.635846
v -19.037666 -2.822307 -0.497096
v -19.038709 -2.822480 -0.635072
v -18.983542 -2.547835 -0.497872
v -18.983542 -2.547835 -0.497872
v -19.037666 -2.822307 -0.497096
v -18.718239 -2.885254 -0.498411
v -18.664108 -2.610782 -0.499188
v -18.664194 -2.611199 -0.635584
v -19.038709 -2.822480 -0.635072
v -18.718323 -2.885670 -0.634805
v -18.984587 -2.548009 -0.635846
v -18.984701 -2.547946 0.679358
v -18.710272 -2.887117 0.679939
v -19.038709 -2.822480 0.679447
v -18.656264 -2.612582 0.679850
v -18.985559 -2.547870 0.533905
v -19.038709 -2.822480 0.679447
v -19.039565 -2.822352 0.533994
v -18.984701 -2.547946 0.679358
v -18.656258 -2.612636 0.533518
v -19.039565 -2.822352 0.533994
v -18.710257 -2.887119 0.533607
v -18.985559 -2.547870 0.533905
v -19.219768 -2.500865 -0.457955
v -19.219916 -2.501647 0.369930
v -19.219798 -2.501021 -0.362453
v -18.989000 -2.538395 -0.457955
v -18.728377 -1.054340 -1.852673
v -18.728377 -1.054340 -1.272706
v -17.963556 -0.637830 -0.126583
v -17.910007 -0.780835 -0.126583
v -17.914429 -0.778953 -0.458222
v -17.968184 -0.635877 -0.458222
v -17.776622 -0.705402 0.357929
v -17.830170 -0.562397 0.357928
v -17.717932 -0.498928 0.159781
v -17.664381 -0.641933 -0.126415
v -17.664381 -0.641933 0.159781
v -17.717932 -0.498928 -0.126415
v -17.830170 -0.562397 0.159744
v -17.776622 -0.705402 0.159744
v -17.664381 -0.641933 0.159781
v -17.717932 -0.498928 0.159781
v -17.717932 -0.498928 -0.126415
v -17.664381 -0.641933 -0.126415
v -17.830170 -0.562397 0.357928
v -17.776622 -0.705402 0.159744
v -17.776622 -0.705402 0.357929
v -17.830170 -0.562397 0.159744
v -17.910007 -0.780835 -0.126583
v -17.776622 -0.705402 -0.126257
v -17.830170 -0.562397 -0.126257
v -17.963556 -0.637830 -0.126583
v -18.912106 -0.937836 1.304094
v -18.912100 -0.937794 1.852765
v -15.186253 -1.038871 -1.277773
v -15.186345 -1.039934 -1.905752
v -17.830487 -0.814042 1.304094
v -17.830727 -0.816864 1.859946
v -15.186253 -1.038871 -1.277773
v -17.814909 -0.808893 -1.277774
v -17.851097 0.340606 -1.277774
v -15.575023 0.134958 1.304094
v -15.559444 0.140113 -1.277773
v -17.866676 0.335452 1.304094
v -15.201833 -1.044019 1.304094
v -17.830487 -0.814042 1.304094
v -17.851097 0.340606 -1.277774
v -15.575023 0.134958 1.304094
v -17.866676 0.335452 1.304094
v -15.559444 0.140113 -1.277773
v -19.046176 -1.609715 0.467594
v -18.883055 -1.690109 0.467594
v -18.882030 -1.688868 -0.458124
v -19.045152 -1.608473 -0.458124
v -18.957510 -1.168440 -0.458222
v -18.611359 -1.359641 -0.458222
v -17.968184 -0.635877 -0.458222
v -17.963432 -0.637565 0.469325
v -17.909677 -0.780647 0.469325
v -18.418732 -0.634938 0.469325
v -18.294388 -0.998201 0.469325
v -18.957510 -1.168440 0.469325
v -18.611359 -1.359641 0.469325
v -18.294388 -0.998201 -0.458222
v -17.914429 -0.778953 -0.458222
v -18.418735 -0.634938 -0.458222
v -19.114264 -1.249852 -1.272706
v -18.728377 -1.054340 -1.272706
v -18.733926 0.417011 -1.272706
v -20.801848 0.495067 -1.272706
v -20.811099 0.505226 1.304094
v -18.928026 0.443342 1.304094
v -18.912106 -0.937836 1.304094
v -19.119098 -1.246497 1.304094
v -20.801848 0.495067 -1.272706
v -18.928026 0.443342 1.304094
v -18.733926 0.417011 -1.272706
v -20.811099 0.505226 1.304094
v -19.119098 -1.246497 1.304094
v -19.114264 -1.249852 -1.272706
v -20.801848 0.495067 -1.272706
v -20.811099 0.505226 1.304094
v -19.219818 -2.501497 -0.636259
v -18.562277 -2.631305 -0.635401
v -19.219847 -2.501282 -0.997463
v -18.562289 -2.630826 -0.997301
v -18.452434 -2.072733 -1.488535
v -19.109988 -1.943152 -1.488692
v -19.219847 -2.501282 -0.997463
v -18.562289 -2.630826 -0.997301
v -19.109988 -1.943152 -1.488692
v -18.414409 -1.880382 -1.517671
v -18.452434 -2.072733 -1.488535
v -19.071965 -1.750806 -1.517833
v -18.332741 -1.465472 -1.559459
v -18.990297 -1.335895 -1.559616
v -18.414409 -1.880382 -1.517671
v -18.414409 -1.880382 -1.517671
v -19.071965 -1.750806 -1.517833
v -18.990297 -1.335895 -1.559616
v -19.219931 -2.501699 0.678731
v -18.562296 -2.630880 1.013999
v -19.219902 -2.501543 1.014114
v -18.562331 -2.631088 0.680148
v -19.219902 -2.501543 1.014114
v -19.113875 -1.962900 1.490598
v -18.456271 -2.092247 1.490484
v -18.562296 -2.630880 1.013999
v -18.443045 -2.025869 1.519411
v -19.113875 -1.962900 1.490598
v -18.456271 -2.092247 1.490484
v -19.219949 -2.501803 0.464618
v -19.219942 -2.501752 0.534203
v -18.562338 -2.631088 0.533335
v -18.562352 -2.631192 0.464498
v -18.562352 -2.631192 0.464498
v -18.939749 -2.367862 0.463399
v -19.219949 -2.501803 0.464618
v -18.526544 -2.449195 0.463399
v -15.575023 0.134958 1.304094
v -15.202075 -1.046841 1.859946
v -15.201833 -1.044019 1.304094
v -15.186253 -1.038871 -1.277773
v -15.559444 0.140113 -1.277773
v -15.186345 -1.039934 -1.905752
v -15.186253 -1.038871 -1.277773
v -14.932733 -1.853436 -1.679750
v -14.925615 -1.839290 1.656292
v -15.201833 -1.044019 1.304094
v -19.097884 -1.861653 1.465646
v -18.436786 -1.994009 1.465646
v -18.978352 -1.253560 1.573181
v -18.417279 -1.894094 1.478177
v -19.078377 -1.761731 1.478172
v -18.317253 -1.385917 1.573181
v -18.995799 -1.343024 1.541121
v -18.334702 -1.475386 1.541121
v -19.106413 -1.904164 1.429956
v -18.445314 -2.036521 1.429961
v -18.469463 -2.159195 1.319529
v -19.130559 -2.026838 1.319529
v -15.186345 -1.039934 -1.905752
v -17.866872 -1.384307 -1.862787
v -14.932733 -1.853436 -1.679750
v -15.186345 -1.039934 -1.905752
v -16.370262 -0.936354 -1.905753
v -16.370262 -0.936354 -1.905753
v -17.814999 -0.809956 -1.905753
v -17.814999 -0.809956 -1.905753
v -17.814909 -0.808893 -1.277774
v -17.866872 -1.384307 -1.862787
v -18.806487 -1.310549 -1.852673
v -18.728377 -1.054340 -1.852673
v -17.830727 -0.816864 1.859946
v -16.432248 -0.939215 1.859946
v -17.894284 -1.358008 1.788430
v -14.925615 -1.839290 1.656292
v -16.432248 -0.939215 1.859946
v -15.202075 -1.046841 1.859946
v -15.202075 -1.046841 1.859946
v -17.894284 -1.358008 1.788430
v -15.201833 -1.044019 1.304094
v -17.894284 -1.358008 1.788430
v -16.432248 -0.939215 1.859946
v -18.976715 -1.266065 1.773880
v -17.830727 -0.816864 1.859946
v -18.912100 -0.937794 1.852765
v -14.945978 -2.004772 -1.679750
v -14.932733 -1.853436 -1.679750
v -17.866872 -1.384307 -1.862787
v -18.806487 -1.310549 -1.852673
v -17.880112 -1.535643 -1.862787
v -18.811331 -1.365925 -1.852673
v -14.938855 -1.990626 1.656292
v -14.925615 -1.839290 1.656292
v -17.907524 -1.509344 1.788425
v -18.976715 -1.266065 1.773880
v -18.981560 -1.321440 1.773880
v -17.894284 -1.358008 1.788430
v -14.945978 -2.004772 -1.623334
v -14.945978 -2.004772 -1.679750
v -17.880112 -1.535643 -1.581425
v -18.811331 -1.365925 -1.852673
v -18.811331 -1.365925 -1.571306
v -17.880112 -1.535643 -1.862787
v -14.938855 -1.990626 1.656292
v -14.938855 -1.990626 1.579112
v -18.981560 -1.321440 1.566032
v -17.907524 -1.509344 1.580582
v -18.981560 -1.321440 1.773880
v -17.907524 -1.509344 1.788425
v -14.945978 -2.004772 -1.623334
v -14.976999 -2.359342 -1.623334
v -18.842352 -1.720494 -1.571306
v -17.906938 -1.842269 -1.581425
v -14.969876 -2.345196 1.579112
v -18.811331 -1.365925 -1.571306
v -17.880112 -1.535643 -1.581425
v -14.938855 -1.990626 1.579112
v -17.934351 -1.815971 1.580582
v -18.981560 -1.321440 1.566032
v -17.907524 -1.509344 1.580582
v -19.012581 -1.676010 1.566032
v -17.720912 0.313403 0.986719
v -17.665924 -0.580961 0.986719
v -16.329118 -0.435356 -0.883730
v -16.078917 -0.635238 0.986719
v -16.078915 -0.635238 -0.883730
v -16.034024 -0.791401 -0.883730
v -16.034024 -0.791401 0.986719
v -16.118127 -1.140192 -0.883730
v -16.118127 -1.140192 0.986719
v -15.793735 -1.725862 0.986719
v -15.793735 -1.725862 -0.883730
v -15.801531 -2.425774 0.986719
v -14.800000 -2.650001 -0.883730
v -14.800000 -2.650001 -1.051814
v -15.736122 0.148607 -1.051814
v -15.736122 0.148607 1.156853
v -17.665924 -0.580961 0.631179
v -17.665924 -0.580961 0.986719
v -17.450765 -0.659519 0.631179
v -17.296634 -0.627923 0.986719
v -17.665924 -0.580961 0.631179
v -17.450765 -0.659519 0.986719
v -17.269548 -0.596188 0.631179
v -17.665924 -0.580961 -0.883730
v -17.665924 -0.580961 -0.572583
v -17.665924 -0.580961 -0.883730
v -17.687477 -0.342464 -0.572583
v -17.665924 -0.580961 -0.572583
v -17.450765 -0.659519 -0.572583
v -17.269544 -0.596189 -0.572583
v -17.687477 -0.342464 -0.572583
v -17.450765 -0.659519 -0.883730
v -16.356203 -0.467091 0.986719
v -17.269548 -0.596188 -0.883730
v -17.269548 -0.596188 0.631179
v -17.316435 -0.286899 -0.572583
v -17.316707 -0.286732 -0.073331
v -17.665924 -0.580961 -0.572583
v -17.687477 -0.342464 -0.572583
v -17.269544 -0.596189 -0.572583
v -17.316435 -0.286899 -0.572583
v -17.687477 -0.342464 0.631179
v -17.450765 -0.659519 -0.572583
v -17.665924 -0.580961 0.631179
v -17.450765 -0.659519 0.631179
v -17.269548 -0.596188 0.631179
v -17.317145 -0.286466 0.631179
v -14.800000 -2.650001 0.479744
v -15.083536 -3.395113 0.479744
v -14.600000 -3.350001 -0.390067
v -15.774445 -2.394040 -0.883730
v -14.800000 -2.650001 0.986719
v -15.617387 -2.653732 -0.883730
v -14.600000 -3.350001 0.479744
v -15.083553 -3.395112 -0.392758
v -15.617390 -2.653731 0.986719
v -14.800000 -2.650001 -0.390067
v -15.567178 -2.653877 0.479744
v -15.083536 -3.395113 0.479744
v -14.600000 -3.350001 0.479744
v -15.617390 -2.653731 -0.392948
v -14.800000 -2.650001 0.479744
v -15.083536 -3.395113 0.479744
v -15.083553 -3.395112 -0.392758
v -15.567178 -2.653877 0.479744
v -14.800000 -2.650001 -0.390067
v -15.083553 -3.395112 -0.392758
v -14.600000 -3.350001 -0.390067
v -15.617390 -2.653731 -0.392948
v -17.847546 -0.825940 -0.883730
v -17.847546 -0.825940 -1.051814
v -17.296634 -0.627923 -0.883730
v -17.296634 -0.627923 -1.051814
v -16.356203 -0.467091 -0.883730
v -16.356203 -0.467091 -1.051814
v -16.106004 -0.666972 -0.883730
v -16.106004 -0.666972 -1.051814
v -16.061113 -0.823135 -1.051814
v -16.061113 -0.823135 -0.883730
v -16.118127 -1.140192 -0.883730
v -16.118127 -1.140192 -1.051814
v -15.998274 -1.443444 -1.051814
v -15.998274 -1.443444 -0.883730
v -15.820821 -1.757596 -1.051814
v -15.820821 -1.757596 -0.883730
v -15.644476 -2.685466 -0.883730
v -15.644476 -2.685466 -1.051814
v -14.800000 -2.650001 -1.051814
v -14.800000 -2.650001 -0.883730
v -18.253285 0.359932 -0.883730
v -18.253285 0.359932 -1.051814
v -17.847546 -0.825940 -1.051814
v -17.847546 -0.825940 -0.883730
v -15.644476 -2.685466 -1.051814
v -15.801531 -2.425774 -0.883730
v -15.801531 -2.425774 -1.051814
v -15.644476 -2.685466 -0.883730
v -18.253285 0.359932 0.986719
v -17.847546 -0.825940 1.156853
v -18.253285 0.359932 1.156853
v -17.847546 -0.825940 0.986719
v -17.847546 -0.825940 1.156853
v -17.847546 -0.825940 0.986719
v -16.356203 -0.467091 1.156853
v -16.356203 -0.467091 0.986719
v -16.106004 -0.666972 0.986719
v -16.106004 -0.666972 1.156853
v -16.061113 -0.823135 0.986719
v -16.061113 -0.823135 1.156853
v -16.118127 -1.140192 1.156853
v -16.118127 -1.140192 0.986719
v -15.998274 -1.443444 0.986719
v -15.998274 -1.443444 1.156853
v -15.644476 -2.685466 0.986719
v -15.820827 -1.757596 0.986719
v -15.820827 -1.757596 1.156853
v -15.644476 -2.685466 1.156853
v -15.801531 -2.425774 0.986719
v -15.801531 -2.425774 1.156853
v -14.800000 -2.650001 0.986719
v -14.800000 -2.650001 1.156853
v -15.644476 -2.685466 1.156853
v -15.644476 -2.685466 0.986719
v -18.253285 0.359932 0.986719
v -17.720912 0.313403 0.986719
v -17.665924 -0.580961 0.986719
v -17.450765 -0.659519 -0.883730
v -17.532472 -0.842417 -0.883730
v -17.296634 -0.627923 0.986719
v -17.720912 0.313403 -0.883730
v -17.532472 -0.842417 0.986719
v -17.450765 -0.659519 0.986719
v -17.847546 -0.825940 0.986719
v -17.665924 -0.580961 -0.883730
v -17.847546 -0.825940 -0.883730
v -18.253285 0.359932 -0.883730
v -17.269548 -0.596188 -0.883730
v -17.296634 -0.627923 0.986719
v -17.296634 -0.627923 -1.051814
v -17.532472 -0.842417 1.156853
v -17.296634 -0.627923 1.156853
v -17.532472 -0.842417 0.986719
v -17.532472 -0.842417 -1.051814
v -17.532472 -0.842417 -0.883730
v -17.269548 -0.596188 -0.883730
v -17.296634 -0.627923 -0.883730
v -16.329118 -0.435356 -0.883730
v -16.356203 -0.467091 -0.883730
v -16.356203 -0.467091 0.986719
v -16.078915 -0.635238 -0.883730
v -16.106004 -0.666972 -0.883730
v -16.106004 -0.666972 0.986719
v -16.078917 -0.635238 0.986719
v -16.061113 -0.823135 -0.883730
v -16.034024 -0.791401 -0.883730
v -16.034024 -0.791401 0.986719
v -16.061113 -0.823135 0.986719
v -16.118127 -1.140192 -0.883730
v -16.118127 -1.140192 0.986719
v -15.998274 -1.443444 -0.883730
v -15.998274 -1.443444 0.986719
v -15.820821 -1.757596 -0.883730
v -15.793735 -1.725862 -0.883730
v -15.820827 -1.757596 0.986719
v -15.793735 -1.725862 0.986719
v -15.801531 -2.425774 0.986719
v -14.800000 -2.650001 -0.883730
v -15.644476 -2.685466 -0.883730
v -15.617390 -2.653731 0.986719
v -14.800000 -2.650001 0.986719
v -15.617387 -2.653732 -1.051814
v -15.644476 -2.685466 0.986719
v -15.617390 -2.653731 0.986719
v -14.800000 -2.650001 -1.051814
v -16.118127 -1.140192 -1.051814
v -15.644476 -2.685466 -1.051814
v -15.801531 -2.425774 -1.051814
v -15.617387 -2.653732 -1.051814
v -15.820821 -1.757596 -1.051814
v -16.106004 -0.666972 -1.051814
v -15.793735 -1.725862 -1.051814
v -15.998274 -1.443444 -1.051814
v -16.034024 -0.791401 -1.051814
v -16.061113 -0.823135 -1.051814
v -14.800000 -2.650001 1.156853
v -15.644476 -2.685466 1.156853
v -16.061113 -0.823135 1.156853
v -16.118127 -1.140192 1.156853
v -15.820827 -1.757596 1.156853
v -15.644476 -2.685466 -0.883730
v -15.793735 -1.725862 1.156853
v -15.998274 -1.443444 1.156853
v -15.774445 -2.394040 1.156853
v -15.617387 -2.653732 -0.883730
v -15.801531 -2.425774 1.156853
v -16.034024 -0.791401 1.156853
v -15.617390 -2.653731 1.156853
v -15.644476 -2.685466 1.156853
v -17.296634 -0.627923 -1.051814
v -15.774445 -2.394040 -0.883730
v -15.801531 -2.425774 -0.883730
v -17.296634 -0.627923 -0.883730
v -17.269548 -0.596188 -0.883730
v -14.800000 -2.650001 -0.883730
v -14.800000 -2.650001 -0.883730
v -14.800000 -2.650001 0.986719
v -14.800000 -2.650001 -1.051814
v -14.800000 -2.650001 -1.051814
v -14.800000 -2.650001 0.986719
v -14.800000 -2.650001 1.156853
v -14.800000 -2.650001 1.156853
v -17.317145 -0.286466 0.631179
v -17.317145 -0.286466 0.631179
v -17.316862 -0.286639 0.127257
v -17.687477 -0.342464 0.631179
v -17.219055 -0.941095 0.220757
v -17.316707 -0.286732 -0.073331
v -17.269544 -0.596189 -0.572583
v -17.316862 -0.286639 0.127257
v -17.720912 0.313403 -0.883730
v -17.311594 -0.954816 -0.164901
v -17.687477 -0.342464 -0.071286
v -17.687477 -0.342464 0.126243
v -17.408784 -0.300483 0.124298
v -17.316435 -0.286899 -0.572583
v -17.312289 -0.954823 0.215082
v -17.218896 -0.941188 -0.163951
v -17.408096 -0.300469 -0.073827
v -17.687477 -0.342464 0.126243
v -17.687477 -0.342464 -0.071286
v -17.687477 -0.342464 0.631179
v -17.316707 -0.286732 -0.073331
v -17.408096 -0.300469 -0.073827
v -17.408784 -0.300483 0.124298
v -17.316862 -0.286639 0.127257
v -17.408096 -0.300469 -0.073827
v -17.408784 -0.300483 0.124298
v -17.282504 -0.514968 0.127481
v -17.374429 -0.528811 0.124522
v -17.282504 -0.514968 0.127481
v -17.282352 -0.515061 -0.073108
v -17.373743 -0.528802 -0.073604
v -17.373743 -0.528802 -0.073604
v -17.360567 -0.620934 0.199921
v -17.268646 -0.607091 0.205149
v -17.268489 -0.607184 -0.149272
v -17.359880 -0.620925 -0.150148
v -17.359880 -0.620925 -0.150148
v -17.218896 -0.941188 -0.163951
v -17.229576 -0.862129 -0.190992
v -17.322969 -0.875764 0.241557
v -17.312289 -0.954823 0.215082
v -17.219055 -0.941095 0.220757
v -17.229576 -0.862129 -0.190992
v -17.229733 -0.862036 0.248034
v -17.311594 -0.954816 -0.164901
v -17.218896 -0.941188 -0.163951
v -17.322272 -0.875751 -0.192077
v -17.322272 -0.875751 -0.192077
v -17.312289 -0.954823 0.215082
v -17.322969 -0.875764 0.241557
v -17.322830 -0.875761 0.155089
v -17.360567 -0.620934 0.199921
v -17.360432 -0.620935 0.131385
v -17.322675 -0.875758 0.057779
v -17.359992 -0.620926 -0.093178
v -17.360147 -0.620929 -0.014580
v -17.322406 -0.875755 -0.110644
v -17.322559 -0.875758 -0.015828
v -17.374429 -0.528811 0.124522
v -17.311594 -0.954816 -0.164901
v -17.360295 -0.620932 0.060275
v -17.229733 -0.862036 0.248034
v -17.268646 -0.607091 0.205149
v -17.268616 -0.607109 0.138871
v -17.229703 -0.862054 0.157585
v -17.268515 -0.607171 -0.087196
v -17.219055 -0.941095 0.220757
v -17.268489 -0.607184 -0.149272
v -17.282352 -0.515061 -0.073108
v -17.268585 -0.607127 0.069007
v -17.229605 -0.862111 -0.100663
v -17.229666 -0.862073 0.064017
v -17.268550 -0.607146 -0.010838
v -17.229642 -0.862087 -0.005847
v -17.268616 -0.607109 0.138871
v -17.229703 -0.862054 0.157585
v -17.322830 -0.875761 0.155089
v -17.360432 -0.620935 0.131385
v -17.360295 -0.620932 0.060275
v -17.268585 -0.607127 0.069007
v -17.360432 -0.620935 0.131385
v -17.268616 -0.607109 0.138871
v -17.229666 -0.862073 0.064017
v -17.268585 -0.607127 0.069007
v -17.322675 -0.875758 0.057779
v -17.360295 -0.620932 0.060275
v -17.268550 -0.607146 -0.010838
v -17.229642 -0.862087 -0.005847
v -17.322559 -0.875758 -0.015828
v -17.360147 -0.620929 -0.014580
v -17.268550 -0.607146 -0.010838
v -17.268515 -0.607171 -0.087196
v -17.360147 -0.620929 -0.014580
v -17.359992 -0.620926 -0.093178
v -17.229605 -0.862111 -0.100663
v -17.268515 -0.607171 -0.087196
v -17.322406 -0.875755 -0.110644
v -17.359992 -0.620926 -0.093178
v -18.842517 -2.962306 -0.408416
v -18.708809 -3.170747 -0.348226
v -18.842517 -2.962306 -0.359885
v -18.708809 -3.170747 -0.395286
v -18.811913 -2.566987 -0.432290
v -18.811913 -2.566987 -0.381138
v -18.776099 -2.959419 -0.359581
v -18.776099 -2.959419 -0.408064
v -18.842517 -2.962306 0.368046
v -18.708809 -3.170747 0.404718
v -18.842517 -2.962306 0.416576
v -18.708809 -3.170747 0.357659
v -18.811913 -2.566987 0.386148
v -18.811913 -2.566987 0.437301
v -18.776099 -2.959419 0.416132
v -18.776099 -2.959419 0.367649
v -18.708809 -3.170747 -0.348226
v -18.802713 -3.157599 -0.348291
v -18.776099 -2.959419 -0.359581
v -18.811913 -2.566987 -0.381138
v -18.842517 -2.962306 -0.359885
v -19.220023 -2.501956 -0.406985
v -18.708809 -3.170747 -0.395286
v -19.103746 -2.849086 -0.370323
v -18.776099 -2.959419 -0.408064
v -19.220023 -2.501956 -0.461584
v -18.842517 -2.962306 -0.408416
v -19.103746 -2.849086 -0.420214
v -18.811913 -2.566987 -0.432290
v -18.802713 -3.157599 -0.395359
v -19.103746 -2.849086 -0.420214
v -19.103746 -2.849086 -0.370323
v -18.708809 -3.170747 -0.395286
v -18.708809 -3.170747 -0.348226
v -18.802713 -3.157599 -0.348291
v -18.802713 -3.157599 -0.395359
v -18.776099 -2.959419 -0.408064
v -18.776099 -2.959419 -0.359581
v -18.842517 -2.962306 -0.359885
v -18.842517 -2.962306 -0.408416
v -19.220023 -2.501956 -0.461584
v -19.220023 -2.501956 -0.406985
v -18.811913 -2.566987 -0.381138
v -18.811913 -2.566987 -0.432290
v -19.103746 -2.849086 -0.420214
v -19.220023 -2.501956 -0.406985
v -19.103746 -2.849086 -0.370323
v -19.220023 -2.501956 -0.461584
v -18.708809 -3.170747 0.404718
v -18.802713 -3.157599 0.404793
v -18.776099 -2.959419 0.416132
v -18.811913 -2.566987 0.437301
v -19.220023 -2.501956 0.466595
v -18.842517 -2.962306 0.416576
v -18.708809 -3.170747 0.357659
v -19.103746 -2.849086 0.427924
v -18.776099 -2.959419 0.367649
v -19.220023 -2.501956 0.411996
v -18.842517 -2.962306 0.368046
v -19.103746 -2.849086 0.378034
v -18.802713 -3.157599 0.357725
v -18.811913 -2.566987 0.386148
v -19.103746 -2.849086 0.378034
v -19.103746 -2.849086 0.427924
v -18.708809 -3.170747 0.357659
v -18.802713 -3.157599 0.404793
v -18.802713 -3.157599 0.357725
v -18.708809 -3.170747 0.404718
v -18.776099 -2.959419 0.367649
v -18.842517 -2.962306 0.416576
v -18.776099 -2.959419 0.416132
v -18.842517 -2.962306 0.368046
v -19.220023 -2.501956 0.411996
v -19.220023 -2.501956 0.466595
v -18.811913 -2.566987 0.437301
v -18.811913 -2.566987 0.386148
v -19.103746 -2.849086 0.378034
v -19.103746 -2.849086 0.427924
v -19.220023 -2.501956 0.466595
v -19.220023 -2.501956 0.411996
v -14.969876 -2.345196 1.579112
v -14.969876 -2.345196 1.786621
v -19.012581 -1.676010 1.694968
v -17.934351 -1.815971 1.580582
v -17.934351 -1.815971 1.761124
v -19.012581 -1.676010 1.566032
v -14.976999 -2.359342 -1.758165
v -14.976999 -2.359342 -1.623334
v -17.906938 -1.842269 -1.581425
v -18.842352 -1.720494 -1.571306
v -17.906938 -1.842269 -1.716257
v -18.999382 -2.045521 -1.228282
v -18.842352 -1.720494 -1.669976
v -18.999347 -2.045365 -1.411234
v -18.999347 -2.045365 -1.411234
v -19.125398 -2.021450 -1.411318
v -19.125429 -2.021607 -1.228360
v 12.986435 -1.146849 6.319412
v 13.000293 -2.292648 -4.350117
v -28.202475 2.729725 -0.591650
v 18.588309 -1.930017 -5.792952
v 13.002969 -2.050323 -6.464928
v 18.588892 -1.422533 -6.253533
v 0.317976 2.877452 -9.569338
v 0.291985 2.877452 10.981490
v 13.000610 -0.842014 -4.605901
v 18.586835 -0.850247 -4.624534
v 12.987689 -0.453629 5.327123
v 25.983817 1.315159 -10.471910
v 26.115192 1.402029 -0.950457
v 26.112649 1.402029 0.881281
v 25.957489 1.315159 10.345938
v 1.695342 1.988716 -10.982310
v -15.827255 1.645655 0.271173
v -15.823637 1.451107 -0.695913
v -15.791893 3.279092 -0.027556
v -15.788275 3.084544 -0.994642
v 28.834216 -0.023732 0.136075
v -7.478722 3.607335 10.880906
v -7.452729 3.607334 -9.669923
v 25.957489 1.315159 10.345938
v 25.957520 0.902012 10.345938
v 25.983817 1.315159 -10.471910
v 25.983853 0.902013 -10.471910
v 28.395651 1.120618 1.820688
v 25.968066 1.120618 1.817618
v 28.395651 1.120618 1.820688
v 28.385703 1.120618 9.686236
v 28.385703 1.120618 9.686236
v 28.400430 1.120618 -1.951754
v 28.410373 1.120618 -9.817299
v 25.968066 1.120618 1.817618
v 25.972836 1.120618 -1.954824
v 28.400430 1.120618 -1.951754
v 25.972836 1.120618 -1.954824
v 28.410373 1.120618 -9.817299
v 17.762845 -0.251923 -6.512331
v 13.002097 -0.529985 -5.775444
v 13.002799 -1.146848 -6.334696
v 9.087339 -0.497058 0.267392
v 9.088047 -0.497058 -0.287400
v 15.727655 -0.034017 -0.279002
v 15.710117 -2.043682 -0.279024
v 9.069805 -2.506721 0.267371
v 15.709415 -2.043682 0.275769
v 9.070507 -2.506721 -0.287422
v 15.726956 -0.034017 0.275790
v -7.596871 2.347636 9.478053
v -7.570876 2.347635 -11.072771
v -23.985983 1.814160 -0.686286
v 17.761456 -3.287112 -5.407613
v -23.781781 3.313325 -0.985013
v -23.760584 3.471395 -0.016842
v -23.760584 3.471395 -0.016842
v -23.957373 1.967207 0.281887
v 1.107832 2.294088 9.223106
v 1.133828 2.294087 -11.327728
v 12.988947 -1.146849 4.334832
v 18.574777 -0.850248 4.623385
v 18.574777 -0.850248 4.623385
v 12.988947 -1.146849 4.334832
v 18.587735 -0.439863 -5.335339
v 18.572790 -1.304342 6.194212
v -28.553284 1.081817 -0.228155
v -15.788275 3.084544 -0.994642
v 24.437720 3.332116 -10.866895
v 21.570291 3.395820 -10.870519
v 21.543549 3.395819 10.270009
v 24.410980 3.332116 10.273640
v 12.986212 -1.646462 6.495012
v 18.572790 -1.304342 6.194212
v -15.796642 2.500898 1.745439
v -11.962811 1.311663 2.240395
v 5.660438 -4.640109 5.389081
v 5.674478 -4.640107 -5.422900
v 3.053630 2.143247 -10.036990
v 1.105386 2.294088 11.157728
v 0.379848 0.598520 32.501502
v 13.002045 -2.796447 -5.734293
v 18.588309 -1.930017 -5.792952
v 13.002045 -2.796447 -5.734293
v 17.746671 0.046515 5.992178
v 28.899191 0.119019 -0.417909
v 6.759712 -1.281777 -3.175057
v 7.156776 -1.150384 -3.265750
v 7.200337 -1.975707 -3.045254
v 6.751867 -1.281777 3.028071
v 7.172106 -1.064073 3.038359
v 7.158869 -1.972685 2.942597
v -28.202475 2.729725 -0.591650
v 2.688467 2.206824 9.716619
v 2.713647 2.285928 -9.858831
v 12.922488 -1.996494 -8.154327
v 12.921841 -3.590387 -7.636440
v 12.920123 -4.575468 -6.280596
v 12.921841 -0.402601 -7.636440
v 12.920123 0.582480 -6.280596
v 12.916290 -0.402601 -3.248833
v 12.918002 -4.575468 -4.604679
v 12.918002 0.582480 -4.604679
v 12.916290 -3.590388 -3.248833
v 12.915631 -1.996494 -2.730947
v -28.203616 2.729510 0.378901
v 13.000293 -1.146848 -4.350116
v 13.000293 -1.146848 -4.350116
v 18.586835 -0.850247 -4.624534
v 7.200337 -1.975707 -3.045254
v 7.158869 -1.972685 2.942597
v 12.987689 -2.865548 5.327124
v 18.573636 -2.099999 5.526579
v 20.957013 2.664875 -11.276595
v 20.956055 2.664875 -10.516325
v 21.570291 3.395820 -10.870519
v 21.543549 3.395819 10.270009
v -28.216507 2.384207 -1.010715
v 28.438458 1.870418 10.721101
v 28.438458 1.870418 10.721101
v 28.466315 1.870420 -11.304162
v 28.466315 1.870420 -11.304162
v -23.047031 -1.228087 1.469009
v 21.747965 1.245188 -0.909593
v 21.733655 1.245187 10.400836
v -15.823637 1.451107 -0.695913
v -15.827255 1.645655 0.271173
v -15.827255 1.645655 0.271173
v -15.823637 1.451107 -0.695913
v -15.791893 3.279092 -0.027556
v -7.598644 2.347636 10.880752
v -7.572649 2.347635 -9.670071
v 12.986435 -1.146849 6.319412
v -28.264575 2.321489 0.765954
v 1.131684 1.877165 -9.634936
v 0.993165 2.285105 -9.357372
v 1.107526 1.877165 9.464933
v 26.877249 -7.573566 10.564359
v 26.877918 -7.573566 10.039489
v 28.439505 1.870418 9.886703
v 26.877249 -7.573566 10.564359
v 26.877918 -7.573566 10.039489
v 28.465256 1.870420 -10.469766
v 26.904065 -7.573566 -10.626501
v 26.904718 -7.573566 -11.151372
v 26.904718 -7.573566 -11.151372
v 26.904065 -7.573566 -10.626501
v -28.340241 0.897437 0.139070
v 18.574005 -0.406085 5.227895
v 18.588309 -1.930017 -5.792952
v -28.591336 2.154126 -0.403173
v -28.202475 2.729725 -0.591650
v -28.216507 2.384207 -1.010715
v 5.176566 0.556203 32.511319
v 16.593063 0.154326 6.968401
v -1.041882 2.004358 -1.541584
v 21.760126 1.245188 -10.526257
v 21.745819 1.245188 0.784174
v -1.116923 -0.651212 -32.149802
v -23.781781 3.313325 -0.985013
v 29.019397 0.472772 -0.370197
v 28.899191 0.119019 -0.417909
v 29.031046 0.454221 0.122127
v -3.251010 3.411092 11.033146
v 1.695342 1.988716 -10.982310
v -23.083066 -1.210183 -1.452813
v 28.793967 0.783890 -0.517891
v 2.368072 -0.439032 32.505865
v -1.141940 0.215464 32.261954
v 0.379848 0.598520 32.501502
v 13.002975 -1.520782 -6.470798
v 13.002799 -1.146848 -6.334696
v 18.588672 -0.890428 -6.079861
v 3.398556 1.423109 1.380489
v 13.000122 -1.918714 -4.214016
v -1.045565 2.004358 1.374869
v 17.335998 -0.985327 -3.572555
v 20.507010 -0.527614 0.840726
v 0.462273 0.598520 -32.664514
v 5.662255 -4.116155 3.949530
v -3.225019 3.411091 -9.517680
v -3.248866 3.411092 9.336663
v -13.931903 -2.806784 1.702119
v 25.983817 1.315159 -10.471910
v 25.983817 1.315159 -10.471910
v 26.112649 1.402029 0.881281
v -11.951749 -2.309713 -1.787916
v -13.919830 -2.801688 -1.746497
v 1.271656 1.933206 -11.058794
v -7.476948 3.607335 9.478204
v 1.132605 1.738189 -10.360418
v 25.971988 0.813532 -0.904252
v -7.477835 3.847053 10.179557
v -7.597756 2.587355 10.179404
v 26.115192 1.402029 -0.950457
v -7.451843 3.847052 -10.371270
v 25.957489 1.315159 10.345938
v 25.983853 0.902013 -10.471910
v -7.450956 3.607334 -11.072623
v 25.957520 0.902012 10.345938
v -7.571763 2.587353 -10.371421
v 25.957489 1.315159 10.345938
v 25.957520 0.902012 10.345938
v 25.969849 0.813532 0.789515
v 15.233050 0.786391 -6.364676
v 9.070507 -2.506721 -0.287422
v 9.069805 -2.506721 0.267371
v 15.726956 -0.034017 0.275790
v -9.013741 3.160678 10.177614
v -8.987746 3.160679 -10.373219
v 3.182285 -0.069145 -32.518487
v -2.356208 -0.105125 31.775598
v 0.232028 1.648125 10.981414
v 5.660434 -4.269771 5.389081
v 0.258021 1.648123 -9.569412
v 1.133828 2.294087 -11.327728
v 1.271656 1.933206 -11.058794
v 28.333771 -0.061380 -0.659719
v -28.273370 0.928130 -0.526842
v 28.333771 -0.061380 -0.659719
v 18.588672 -0.890428 -6.079861
v 5.657982 -1.280793 7.328579
v 18.572790 -1.304342 6.194212
v 18.573142 -0.693734 5.913944
v 12.986212 -1.646462 6.495012
v 12.987198 -0.643050 5.719009
v 12.987689 -0.453629 5.327123
v 12.988190 -0.643050 4.935238
v 1.107526 1.877165 9.464933
v 29.019397 0.472772 -0.370197
v 5.657982 -3.520335 7.328579
v 7.119441 -3.564432 7.406805
v 5.671684 -2.789455 -3.217383
v 5.672143 -2.725149 -3.582093
v 5.658390 -3.335167 7.007859
v 12.988947 -1.146849 4.334832
v 13.002969 -2.050323 -6.464928
v 13.002045 -2.796447 -5.734293
v 18.588309 -1.930017 -5.792952
v 0.318979 3.077278 -10.361445
v 0.319981 2.877451 -11.153550
v 0.260021 1.648123 -11.153626
v 0.292985 3.077278 10.189385
v 0.293987 2.877452 9.397279
v 0.234027 1.648125 9.397204
v -24.127057 1.063837 2.291586
v 5.672958 -0.968669 -4.221399
v 5.672652 -0.684975 -3.983351
v -23.289645 -0.059909 2.197037
v 5.675282 -0.644084 -6.062206
v 5.675442 -0.296081 -6.188868
v 3.100225 -0.069145 32.362351
v 0.260021 1.648123 -11.153626
v -0.022611 0.006530 -31.892270
v 2.792423 -0.361261 -32.020468
v 0.234027 1.648125 9.397204
v 0.319981 2.877451 -11.153550
v 0.260021 1.648123 -11.153626
v 0.234027 1.648125 9.397204
v 0.234027 1.648125 9.397204
v 0.293987 2.877452 9.397279
v 0.294326 2.277975 9.133247
v 1.107832 2.294088 9.223106
v -28.553284 1.081817 -0.228155
v -0.103078 0.006530 31.728037
v 29.031046 0.454221 0.122127
v -1.227961 2.416138 -11.586769
v -28.340241 0.897437 0.139070
v -23.409732 -1.400677 -0.000001
v 20.509274 -0.527614 -0.952924
v -20.890448 -1.656054 -1.808719
v 18.499063 -0.723347 -2.217058
v -1.257054 2.416138 11.415171
v 0.294326 2.277975 9.133247
v -1.997232 -0.492297 31.923465
v -2.356208 -0.105125 31.775598
v 15.216599 0.786391 6.355034
v -0.856795 -0.179261 32.412872
v 1.271656 1.933206 -11.058794
v 15.710117 -2.043682 -0.279024
v 15.709415 -2.043682 0.275769
v 15.727655 -0.034017 -0.279002
v 15.709415 -2.043682 0.275769
v 15.710117 -2.043682 -0.279024
v 9.069805 -2.506721 0.267371
v 9.088047 -0.497058 -0.287400
v 9.087339 -0.497058 0.267392
v 9.070507 -2.506721 -0.287422
v -20.611151 1.715508 0.273200
v -23.957373 1.967207 0.281887
v -23.760584 3.471395 -0.016842
v -23.957373 1.967207 0.281887
v -28.553284 1.081817 -0.228155
v 13.001550 -0.573949 -5.342406
v 13.002475 -0.842015 -6.078910
v 18.587735 -0.439863 -5.335339
v 12.986435 -1.146849 6.319412
v 17.327115 -0.985327 3.452321
v 16.611066 0.154327 -6.974556
v 21.760126 1.245188 -10.526257
v 21.760126 1.245188 -10.526257
v 23.168131 0.728597 -10.524476
v 21.745819 1.245188 0.784174
v 2.686811 2.127720 10.692004
v -3.526826 1.103511 21.891336
v -4.584700 2.231801 11.538001
v -3.471229 1.103512 -22.064265
v -28.202475 2.729725 -0.591650
v -4.555291 2.231801 -11.713639
v -28.202475 2.729725 -0.591650
v -28.440445 2.584498 -0.113447
v -28.087006 2.874324 -0.101839
v 6.562867 -0.881816 0.823091
v -7.477835 3.847053 10.179557
v 27.873892 1.246987 -0.798199
v 1.840361 -0.801426 32.034125
v 6.510143 -0.900051 1.679342
v 28.333630 -0.061382 0.603505
v 6.562867 -0.881816 0.823091
v 6.514574 -0.900051 -1.826944
v 6.565138 -0.881816 -0.970561
v 6.565138 -0.881816 -0.970561
v -28.264575 2.321489 0.765954
v -9.013741 3.160678 10.177614
v -8.987746 3.160679 -10.373219
v -22.951651 1.914003 2.232718
v -4.825983 2.530215 9.041824
v -4.828869 2.530215 11.323998
v -4.802876 2.530215 -9.226833
v -27.680539 2.942779 0.589495
v -11.962811 1.311663 2.240395
v -28.087006 2.874324 -0.101839
v -28.203616 2.729510 0.378901
v -7.451843 3.847052 -10.371270
v 15.215546 0.302101 7.193849
v 16.611066 0.154327 -6.974556
v 16.592371 -0.493617 7.512088
v -7.450956 3.607334 -11.072623
v 15.234119 0.302101 -7.203490
v 15.214758 -0.439875 7.816440
v 16.598074 -1.288436 3.004449
v 15.234909 -0.439873 -7.826080
v 20.957013 2.664875 -11.276595
v 7.125051 -3.795022 2.975660
v -27.678192 2.942786 -0.771716
v 28.466315 1.870420 -11.304162
v 15.235324 -2.318621 -8.157354
v 20.710129 1.934121 10.711319
v 20.929245 2.664874 10.674532
v 7.118934 -3.795022 7.806196
v 7.133758 -0.264130 -3.628373
v 15.214343 -2.318623 8.147714
v 7.132974 -3.795022 -3.005783
v 28.438458 1.870418 10.721101
v 20.929245 2.664874 10.674532
v -27.678192 2.942786 -0.771716
v -26.468033 3.169954 -0.936976
v 20.957013 2.664875 -11.276595
v 16.597717 -2.929084 3.293740
v 20.737988 1.934122 -11.313932
v 7.123200 -5.021289 4.437064
v 7.121990 -5.189480 5.390928
v 7.134823 -5.021287 -4.467186
v 7.137235 -5.021287 -6.374915
v 7.124256 -0.264132 3.598250
v 7.136025 -5.189479 -5.421051
v 7.120785 -5.021289 6.344793
v 15.235324 -1.350040 -8.157354
v 15.220874 -3.228791 2.985902
v 15.221286 -2.318622 2.654628
v 7.132557 -2.884854 -2.674510
v 15.228799 -3.228789 -2.995544
v 15.221286 -1.350041 2.654628
v -24.908572 2.134734 2.082957
v 16.606052 -2.134263 -3.010607
v 16.606418 -0.493616 -3.299896
v 16.612115 -2.134263 -7.807535
v 16.592011 -2.134264 7.801379
v 15.228372 -1.350041 -2.664270
v 15.228372 -2.318621 -2.664269
v 15.215546 -3.970764 7.193849
v 7.119729 -4.536998 7.183607
v 7.138293 -4.536995 -7.213731
v 7.125466 -2.884854 2.644386
v 15.234113 -3.970763 -7.203490
v 15.214337 -1.350042 8.147714
v 15.217810 -4.623248 5.401171
v 7.121990 -5.189480 5.390928
v 15.217810 -4.623248 5.401171
v 15.216599 -4.455055 6.355037
v 15.231851 -4.623246 -5.410811
v 15.233057 -4.455053 -6.364676
v 15.231851 -4.623246 -5.410811
v 7.133764 -4.536995 -3.628374
v 15.230643 -4.455053 -4.456946
v 15.219031 -4.455056 4.447306
v 15.220087 -3.970764 3.608493
v 15.229590 -3.970764 -3.618133
v 7.124261 -4.536998 3.598250
v 16.607105 -3.577025 -3.843583
v 7.136025 -5.189479 -5.421051
v 16.596100 -3.999940 4.569936
v 15.214758 -3.228790 7.816441
v 15.220868 -0.439875 2.985902
v 15.234909 -3.228789 -7.826080
v 16.597028 0.154326 3.837427
v 16.611063 -3.577025 -6.974557
v 15.228799 -0.439873 -2.995543
v 16.609079 -4.146816 -5.409069
v 16.610141 -3.999939 -6.242047
v 15.233057 -4.455053 -6.364676
v 16.595041 -4.146817 5.402913
v 16.593994 -3.999940 6.235892
v 16.609079 -4.146816 -5.409069
v 16.593994 -3.999940 6.235892
v 17.747418 -3.287112 5.404373
v 15.216599 -4.455055 6.355037
v 18.588309 -1.930017 -5.792952
v 18.588892 -1.422533 -6.253533
v 18.588672 -0.890428 -6.079861
v 16.608026 0.577241 -4.576092
v 15.220087 0.302101 3.608493
v 28.639587 0.768717 0.639478
v 15.229590 0.302101 -3.618133
v 26.250647 0.507774 1.331168
v 27.870157 0.528447 1.038777
v 3.075606 2.217797 10.353407
v 27.232278 0.974497 1.105763
v 16.610129 0.577241 -6.242047
v 16.595047 0.724117 5.402913
v 15.219025 0.786391 4.447307
v 27.236054 1.571515 -0.495653
v 15.230643 0.786391 -4.456946
v 15.217810 0.954583 5.401171
v 27.875729 1.508274 -0.021013
v 27.874396 1.246987 0.756171
v 16.593988 0.577240 6.235892
v 7.139082 -3.795020 -7.836319
v 7.139501 -2.884854 -8.167594
v 15.231854 0.954584 -5.410811
v 28.639587 0.768717 0.639478
v 28.861688 0.905089 0.210189
v 28.343274 1.276003 0.338647
v -15.788275 3.084544 -0.994642
v -22.247055 -1.473918 -1.620699
v -9.915804 -1.296152 2.247500
v 24.771170 -0.073530 -1.400517
v -23.083066 -1.210183 -1.452813
v -11.964351 0.033531 2.401525
v -13.933943 -1.060180 2.233664
v 7.311193 1.489556 1.385438
v 7.314884 1.489555 -1.531013
v -6.804069 1.898887 -11.162742
v -6.830062 1.898887 9.388091
v 5.398948 1.084664 -1.533437
v -6.832066 1.898887 10.972662
v -6.806075 1.898887 -9.578171
v 3.571334 0.567212 32.533844
v 1.657125 -0.938763 31.139706
v 3.075606 2.217797 10.353407
v 1.302969 0.604722 32.385944
v 1.736101 -0.938763 -31.299490
v 3.079663 2.192226 9.836292
v 2.688467 2.206824 9.716619
v 26.249777 -0.408933 -0.996673
v 7.132551 -1.916273 -2.674510
v 7.156776 -1.150384 -3.265750
v -23.781781 3.313325 -0.985013
v 7.172106 -1.064073 3.038359
v -28.264575 2.321489 0.765954
v 24.766013 -0.808818 -0.606989
v -25.693478 2.868397 -1.699106
v 7.158869 -1.972685 2.942597
v -6.829727 2.757830 9.123995
v -28.203616 2.729510 0.378901
v -6.832399 2.757830 11.236755
v -23.281696 -0.056220 -2.231783
v 17.335998 -0.985327 -3.572555
v 17.002066 -1.153990 -3.385491
v 17.335998 -0.985327 -3.572555
v 8.102392 -1.224178 0.825038
v 8.104661 -1.224178 -0.968614
v 7.158869 -1.972685 2.942597
v 7.965545 -1.459884 1.754537
v 7.970164 -1.459884 -1.898456
v 7.200337 -1.975707 -3.045254
v -6.803733 2.757831 -11.426837
v 6.932821 -1.249168 -1.853303
v -6.806408 2.757831 -9.314074
v 6.928315 -1.249167 1.706758
v 16.611313 -2.727715 -7.169466
v 7.118516 -1.916275 8.137472
v -15.791893 3.279092 -0.027556
v 7.118514 -2.884854 8.137472
v 16.597580 -1.358369 3.401067
v 15.143991 -0.724639 3.226156
v 15.152414 -0.724639 -3.293951
v 15.317862 -1.530533 -3.031302
v 7.133131 -2.804770 -3.128685
v 7.138577 -3.564430 -7.436926
v 15.219711 -3.617480 3.904936
v 7.122996 -4.587919 4.594799
v 7.135018 -4.587918 -4.624921
v 7.123890 -4.183712 3.894693
v 7.134135 -4.183711 -3.924815
v 16.609961 -3.621492 -6.104303
v 7.137029 -4.587918 -6.217182
v 16.606546 -2.064329 -3.407221
v 7.133474 -3.564431 -3.405178
v 15.228952 -2.238538 -3.118445
v 15.229959 -3.617477 -3.914574
v 16.611609 -1.358369 -7.410918
v 29.031046 0.454221 0.122127
v 16.592816 -0.694985 7.163309
v 15.220715 -2.238538 3.108803
v 15.214911 -1.430125 7.693539
v 7.120982 -4.587919 6.187060
v 15.220715 -1.430125 3.108803
v 15.234753 -1.430124 -7.703178
v 28.861688 0.905089 0.210189
v 28.639587 0.768717 0.639478
v 0.233030 1.648124 10.189311
v 0.232028 1.648125 10.981414
v 16.592520 -2.064331 7.404761
v 15.215265 -2.998199 7.417044
v 0.233030 1.648124 10.189311
v 0.259021 1.648123 -10.361518
v 15.214914 -2.238538 7.693539
v 0.232028 1.648125 10.981414
v 0.258021 1.648123 -9.569412
v 0.291985 2.877452 10.981490
v 15.220367 -2.998199 3.385297
v 0.259021 1.648123 -10.361518
v 15.234406 -2.998198 -7.426685
v 0.317976 2.877452 -9.569338
v 15.234747 -2.238538 -7.703178
v 16.597272 -2.727716 3.642518
v 0.258021 1.648123 -9.569412
v 15.231851 -4.162064 -5.410811
v 15.215921 -3.617480 6.897409
v 18.574609 -1.827531 4.754437
v 15.232852 -4.021684 -6.206943
v 7.121990 -4.728297 5.390928
v 15.217810 -4.162065 5.401171
v 7.136025 -4.728297 -5.421051
v 16.593393 -3.268514 6.709528
v 7.120103 -4.183711 6.887167
v 7.137923 -4.183711 -6.917288
v 15.216803 -4.021686 6.197302
v 15.233746 -3.617477 -6.907049
v 15.229303 -2.998199 -3.394938
v 18.575037 -1.422535 4.415997
v 18.574777 -0.850248 4.623385
v 15.218823 -4.021686 4.605041
v 16.595041 -3.744082 5.402913
v 16.608200 -3.621493 -4.713835
v 15.230844 -4.021686 -4.614681
v 15.234402 -0.670463 -7.426685
v 7.138929 -2.804769 -7.713418
v 7.138934 -1.996357 -7.713418
v 15.219708 -0.051185 3.904936
v -1.198038 -0.651212 31.982794
v 7.119088 -2.804771 7.683295
v 7.119090 -1.996358 7.683295
v 15.215259 -0.670465 7.417044
v 15.229959 -0.051185 -3.914574
v 16.606851 -0.694983 -3.648674
v 16.610736 -0.154187 -6.715682
v 6.178330 -4.348530 -3.787725
v 6.180400 -4.943454 -5.422260
v 6.169529 -1.958996 2.885464
v 6.182470 -4.348528 -7.056797
v 6.180400 -4.943454 -5.422260
v 6.166360 -4.943455 5.389720
v 17.762192 0.046516 -5.995420
v 17.761450 0.150162 -5.407612
v 16.609079 0.724117 -5.409069
v 28.340250 0.836315 -0.883831
v -22.943420 1.915856 -2.265548
v 7.124540 -3.564431 3.375055
v -24.896902 2.137071 -2.142581
v -23.841367 2.826108 -1.777790
v 16.993649 -1.153990 3.264413
v 7.124889 -2.804771 3.098561
v 17.327115 -0.985327 3.452321
v 6.166360 -4.943455 5.389720
v 17.327115 -0.985327 3.452321
v 16.370666 -0.830179 3.220197
v 16.370666 -0.830179 3.220197
v 17.746671 0.046515 5.992178
v 17.746018 -0.251924 6.509090
v 15.218823 0.353022 4.605042
v -28.145273 1.836294 -1.126867
v -28.216507 2.384207 -1.010715
v 15.230844 0.353022 -4.614681
v 16.593988 0.577240 6.235892
v 15.231854 0.493402 -5.410811
v 26.254651 0.507774 -1.354798
v 27.224997 -0.518048 -0.495668
v 26.246729 -0.742282 -0.011822
v 16.611752 -0.493616 -7.518243
v 15.217810 0.493401 5.401171
v 16.595926 0.198793 4.707681
v 15.216803 0.353022 6.197302
v 27.233145 0.974497 -1.136226
v 16.609079 0.321382 -5.409069
v 15.215921 -0.051185 6.897406
v 16.594168 0.198793 6.098148
v 15.233743 -0.051184 -6.907048
v 15.232858 0.353023 -6.206942
v 17.763336 -0.709157 -6.895994
v 5.176566 0.556203 32.511319
v 7.139501 -1.916273 -8.167594
v 27.228400 0.078969 -1.136232
v 28.333771 -0.061380 -0.659719
v 27.869467 0.528447 -1.080818
v 27.235675 1.571515 0.465200
v 27.235675 1.571515 0.465200
v -24.783984 3.309106 0.928464
v 16.592377 -2.929084 7.512088
v 17.745532 -2.427795 6.892754
v 26.112649 1.402029 0.881281
v 24.774069 1.764689 0.583324
v 0.462273 0.598520 -32.664514
v 15.152414 -0.724639 -3.293951
v -25.704217 2.867524 1.612087
v 22.070728 -7.263274 -11.157484
v -1.048143 0.132569 -32.460577
v 22.453180 -7.559411 -11.157001
v 26.904718 -7.573566 -11.151372
v 22.070728 -7.263274 -11.157484
v -26.513458 2.285400 -1.882122
v 22.043268 -7.263271 10.558243
v 22.043268 -7.263271 10.558243
v 22.425708 -7.559408 10.558725
v -25.816418 1.473190 -2.032749
v -11.951749 -2.309713 -1.787916
v -12.942389 -3.040219 -1.436268
v -12.388461 -3.185053 -0.982804
v 26.877249 -7.573566 10.564359
v 20.711188 1.934121 9.876923
v 5.273658 1.196828 2.095338
v 20.710129 1.934121 10.711319
v 20.737988 1.934122 -11.313932
v 20.956055 2.664875 -10.516325
v 20.956055 2.664875 -10.516325
v -0.527193 -2.294967 -0.967607
v 20.930216 2.664874 9.914262
v 20.930216 2.664874 9.914262
v 20.736935 1.934122 -10.479537
v 28.834216 -0.023732 0.136075
v 28.333630 -0.061382 0.603505
v 29.031046 0.454221 0.122127
v -25.830640 1.473418 1.932087
v 7.118932 -1.006107 7.806196
v 7.138297 -0.264130 -7.213730
v 7.139079 -1.006105 -7.836319
v -26.527078 2.285589 1.750701
v -12.395112 -3.186798 0.950782
v -12.950320 -3.043343 1.394368
v 5.189887 -0.319243 31.842053
v 3.053630 2.143247 -10.036990
v 1.693770 1.988716 -9.737104
v -11.963942 -2.309713 1.756993
v 7.134817 0.220160 -4.467186
v -0.343780 -0.073345 -31.302121
v 2.713647 2.285928 -9.858831
v -0.422751 -0.073345 31.137076
v 6.181319 -4.394960 -6.148159
v 7.123197 0.220158 4.437064
v -4.035685 1.215936 1.371087
v -4.664664 1.566903 1.370291
v -4.031998 1.215936 -1.545366
v -4.660975 1.566903 -1.546162
v 6.179483 -4.394960 -4.696360
v 6.168087 -4.026410 4.025476
v 6.169009 -2.769114 3.299575
v 1.131684 1.877165 -9.634936
v 6.165261 -0.011030 6.259440
v 16.608203 0.198794 -4.713835
v -23.289645 -0.059909 2.197037
v 1.828227 0.599312 -32.558679
v 0.462273 0.598520 -32.664514
v 17.760706 0.046516 -4.819804
v -20.842723 -0.309766 2.244025
v -23.985983 1.814160 -0.686286
v 0.816713 0.239922 -32.410764
v -22.254227 -1.479276 1.681546
v 7.119721 -0.264132 7.183607
v -8.815693 2.733923 10.177864
v -23.781781 3.313325 -0.985013
v 16.606851 -2.727716 -3.648674
v 7.121990 0.388350 5.390928
v -20.650046 1.538791 -0.699459
v -20.611151 1.715508 0.273200
v 17.759570 -2.427795 -3.919231
v -20.650046 1.538791 -0.699459
v -23.985983 1.814160 -0.686286
v 28.834216 -0.023732 0.136075
v 16.596701 -0.154187 4.096300
v 17.748807 -0.251924 4.299656
v 7.120785 0.220158 6.344793
v 7.136027 0.388351 -5.421051
v 7.137232 0.220160 -6.374917
v 27.863882 -0.451380 -0.021027
v 28.333630 -0.061382 0.603505
v 26.904065 -7.573566 -10.626501
v 19.615506 -0.251858 1.649676
v 22.452521 -7.559408 -10.632127
v 7.138577 -1.236697 -7.436925
v 5.270625 -0.319243 -31.992899
v 22.070071 -7.263271 -10.632611
v 7.119442 -1.236698 7.406803
v 5.319834 -0.422241 -31.294955
v 24.764185 -0.073530 1.376846
v -0.532859 -2.294967 0.935726
v 22.070071 -7.263271 -10.632611
v 22.452521 -7.559408 -10.632127
v 22.453180 -7.559411 -11.157001
v 22.425708 -7.559408 10.558725
v 22.043921 -7.263271 10.033368
v 22.426370 -7.559408 10.033853
v 22.426370 -7.559408 10.033853
v 26.877918 -7.573566 10.039489
v 22.043921 -7.263271 10.033368
v 1.271656 2.672932 -11.058791
v 1.245661 2.672931 9.492040
v 1.269886 2.672932 -9.661691
v 1.133828 2.294087 -11.327728
v 1.105689 1.877165 10.915900
v 16.596698 -3.268514 4.096300
v -4.571760 1.958327 1.370408
v 17.748813 -2.885029 4.299656
v -4.664664 1.566903 1.370291
v -4.584700 2.231801 11.538001
v 5.259002 0.556202 -32.662192
v -4.555291 2.231801 -11.713639
v -4.660975 1.566903 -1.546162
v -4.568071 1.958328 -1.546044
v 6.169148 -3.672008 3.187515
v -3.947078 1.758527 -11.712869
v 6.168429 -4.348532 3.755183
v 5.657982 -1.280793 7.328579
v -4.584700 2.231801 11.538001
v 28.793967 0.783890 -0.517891
v 6.163195 -1.958996 7.893975
v 6.168429 -0.452597 3.755183
v 5.672652 -0.684975 -3.983351
v 6.181500 -0.011029 -6.291980
v 6.163576 -3.672008 7.591924
v 6.183566 -2.842131 -7.926515
v 6.163576 -1.129119 7.591923
v 5.677266 -2.011671 -7.628417
v 6.183567 -1.958996 -7.926515
v 5.662255 -4.116155 3.949530
v 6.179298 -0.011029 -4.552541
v 6.178330 -0.452597 -3.787724
v 5.671684 -2.789455 -3.217383
v 6.177230 -1.958996 -2.918006
v 5.657982 -3.520335 7.328579
v 6.168688 -1.339368 3.551677
v -3.976486 1.758527 11.538772
v -3.053889 0.585586 -22.063733
v -3.109481 0.585586 21.891858
v 6.164296 -4.348530 7.024256
v 6.167461 -0.011029 4.520002
v 6.177230 -2.842131 -2.918006
v 7.156776 -1.150384 -3.265750
v 5.675442 -0.296081 -6.188868
v -4.555291 2.231801 -11.713639
v 5.662255 -0.684976 3.949530
v 7.200337 -1.975707 -3.045254
v 7.158869 -1.972685 2.942597
v 6.759712 -1.281777 -3.175057
v 6.182467 -0.452597 -7.056798
v 28.861688 0.905089 0.210189
v 7.156776 -1.150384 -3.265750
v 7.200337 -1.975707 -3.045254
v 6.751867 -1.281777 3.028071
v 6.759712 -1.281777 -3.175057
v 7.158869 -1.972685 2.942597
v 7.172106 -1.064073 3.038359
v 23.153824 1.493703 0.785953
v 6.751867 -1.281777 3.028071
v 23.141663 1.493703 10.402617
v 21.733655 1.245187 10.400836
v 21.733655 1.245187 10.400836
v -0.676929 1.199668 -22.060730
v -0.732527 1.199668 21.894867
v -2.754563 -0.192968 -31.305167
v 1.694556 1.892970 -10.359707
v 1.693770 1.988716 -9.737104
v -2.833539 -0.192968 31.134024
v 6.510143 -0.900051 1.679342
v 7.148823 -0.562323 0.823831
v 5.398887 1.918848 -11.701046
v 6.647585 2.014008 -11.699468
v 7.151096 -0.562322 -0.969820
v 6.618176 2.014008 11.552172
v 6.514574 -0.900051 -1.826944
v 16.784311 -0.325692 0.836017
v 7.035830 -0.725946 1.703948
v 7.040330 -0.725947 -1.850220
v 1.131684 1.877165 -9.634936
v 7.314884 1.489555 -1.531013
v 3.079663 2.192226 9.836292
v 6.164039 -1.339368 7.227763
v -26.468033 3.169954 -0.936976
v -27.155948 3.147949 -0.075862
v 7.120097 -0.617418 6.887167
v -26.472589 3.169773 0.818361
v -25.681921 3.380552 -0.041029
v 3.053630 2.143247 -10.036990
v 6.182725 -1.339367 -7.260304
v 7.137034 -0.213210 -6.217183
v 7.137917 -0.617418 -6.917288
v 17.827643 -0.914812 -2.208267
v 25.957489 1.315159 10.345938
v -7.747526 2.283915 -1.773916
v 18.499063 -0.723347 -2.217058
v 17.822208 -0.914812 2.089282
v 20.509274 -0.527614 -0.952924
v 17.002066 -1.153990 -3.385491
v 16.993649 -1.153990 3.264413
v -0.518563 2.829275 -0.015926
v 18.493604 -0.723347 2.099771
v 25.957520 0.902012 10.345938
v 28.385703 1.120618 9.686236
v 25.957520 0.902012 10.345938
v 25.957489 1.315159 10.345938
v 25.968066 1.120618 1.817618
v 28.410373 1.120618 -9.817299
v 25.983853 0.902013 -10.471910
v 25.983817 1.315159 -10.471910
v 25.972836 1.120618 -1.954824
v 25.983817 1.315159 -10.471910
v 25.983853 0.902013 -10.471910
v 18.574777 -0.850248 4.623385
v 1.693770 1.988716 -9.737104
v 1.694556 1.892970 -10.359707
v 3.101565 2.166926 -10.518427
v 7.124541 -1.236698 3.375055
v 12.988947 -1.146849 4.334832
v 12.988623 -0.842016 4.590619
v 12.988879 -2.414314 4.385362
v 18.574005 -0.406085 5.227895
v 12.987689 -0.453629 5.327123
v 13.002969 -2.050323 -6.464928
v 13.002576 -2.689652 -6.156252
v 13.002045 -2.796447 -5.734293
v 12.986212 -1.646462 6.495012
v 18.572790 -1.304342 6.194212
v 13.002969 -2.050323 -6.464928
v 24.768912 1.029402 1.376853
v 19.617493 0.411083 1.769404
v 13.001550 -0.573949 -5.342406
v 13.001050 -0.643049 -4.950520
v 4.903396 0.718048 -22.053670
v 18.587735 -0.439863 -5.335339
v 4.847796 0.718048 21.901926
v 24.775903 1.029402 -1.400511
v 1.122877 0.574036 -32.817001
v -8.789701 3.518719 -10.372966
v -8.815694 3.518718 10.177864
v 3.101565 2.166926 -10.518427
v 26.115192 1.402029 -0.950457
v 2.714910 2.285928 -10.858003
v -1.227961 2.416138 -11.586769
v 7.120986 -0.213211 6.187060
v 7.135023 -0.213210 -4.624921
v 7.136027 -0.072831 -5.421051
v 6.164039 -3.461760 7.227761
v 7.134135 -0.617418 -3.924815
v 5.672143 -2.725149 -3.582093
v 6.183041 -2.769114 -7.512405
v 6.163720 -2.769115 7.479864
v 7.123002 -0.213211 4.594799
v 6.165441 -4.394960 6.115620
v 5.660434 -4.269771 5.389081
v 6.166360 -4.522957 5.389720
v 6.180397 -0.278173 -5.422260
v 6.167283 -0.406169 4.663821
v 5.672958 -0.968669 -4.221399
v 6.177755 -2.769114 -3.332115
v 6.178074 -3.461759 -3.584217
v 6.178670 -0.774718 -4.058015
v 5.675282 -0.644084 -6.062206
v 5.676521 -3.335166 -7.041679
v 7.123884 -0.617418 3.894693
v 6.178071 -1.339367 -3.584217
v 7.121990 -0.072832 5.390928
v 6.181317 -0.406168 -6.148159
v 5.658390 -3.335167 7.007859
v 6.182725 -3.461758 -7.260304
v 6.165441 -0.406169 6.115620
v 1.695342 1.988716 -10.982310
v -1.997232 -0.492297 31.923465
v -0.774593 -0.179262 -32.579013
v -0.185204 -0.312803 32.462729
v -2.275614 -0.105126 -31.945529
v 5.182797 -0.033837 32.344458
v 3.976218 -0.575410 31.942911
v -1.916265 -0.492297 -32.092490
v 3.615107 -0.337742 32.464377
v 3.969872 0.548929 32.655588
v -6.949986 2.357076 9.387936
v -6.949986 2.357076 9.387936
v -6.923992 2.357073 -11.162887
v -6.923992 2.357073 -11.162887
v 21.570291 3.395820 -10.870519
v 24.437720 3.332116 -10.866895
v 26.414929 2.601172 -11.269694
v 24.437720 3.332116 -10.866895
v 5.663229 -2.789457 3.183563
v 5.673508 -4.505047 -4.656931
v 5.662890 -3.520336 3.449581
v 6.179298 -4.790100 -4.552541
v 5.673508 -4.505047 -4.656931
v 5.674478 -4.640107 -5.422900
v 6.169531 -2.842133 2.885464
v 5.663229 -2.789457 3.183563
v -28.148578 1.836613 0.904395
v -28.264575 2.321489 0.765954
v -28.423483 1.481019 0.506471
v 24.410980 3.332116 10.273640
v 26.387158 2.601171 10.681443
v 21.543549 3.395819 10.270009
v 24.410980 3.332116 10.273640
v 5.658615 -4.116155 6.828629
v 6.183183 -3.672008 -7.624464
v 5.673507 -0.296081 -4.656932
v 6.165261 -4.790101 6.259440
v 6.177610 -3.672008 -3.220055
v 5.672652 -4.116153 -3.983351
v 6.181500 -4.790100 -6.291980
v 5.676925 -3.520334 -7.362400
v 5.663224 -2.011673 3.183563
v 5.662890 -1.280793 3.449580
v 6.166358 0.142325 5.389720
v 5.676297 -0.684974 -6.862450
v 5.661403 -0.296083 4.623111
v 5.677266 -2.789457 -7.628417
v 5.657645 -2.011673 7.594596
v 5.676297 -4.116153 -6.862450
v -7.478722 3.607335 10.880906
v 5.659466 -4.505047 6.155049
v 6.169151 -1.129119 3.187515
v 6.167461 -4.790101 4.520002
v 4.199482 -0.174954 -32.554404
v -2.931941 1.267655 -22.063580
v 6.177610 -1.129118 -3.220055
v -28.544278 1.836035 -0.636194
v -28.591336 2.154126 -0.403173
v 5.675444 -4.505047 -6.188868
v 5.661407 -4.505047 4.623111
v 5.676521 -3.335166 -7.041679
v 5.657645 -2.789457 7.594596
v 4.057218 -0.575410 -32.096829
v 5.661403 -0.296083 4.623111
v 5.672018 -3.520335 -3.483401
v 6.183186 -1.129118 -7.624465
v -26.042917 0.174842 1.194798
v 5.659466 -4.505047 6.155049
v 6.163195 -2.842133 7.893977
v -28.440445 2.584498 -0.113447
v 5.658617 -0.684975 6.828629
v 6.164293 -0.452598 7.024256
v 5.672018 -3.520335 -3.483401
v -28.421921 1.482043 -0.744923
v 5.659465 -0.296083 6.155049
v 5.662890 -1.280793 3.449580
v 5.660438 -4.640109 5.389081
v 5.676927 -1.280792 -7.362400
v 5.259002 0.556202 -32.662192
v -2.987538 1.267655 21.892017
v 5.674478 -0.161020 -5.422900
v 5.309548 1.224126 1.382906
v 6.180400 0.142326 -5.422260
v 5.264811 -0.033837 -32.495325
v -28.591336 2.154126 -0.403173
v -28.668375 1.826666 -0.122300
v 5.674478 -0.161020 -5.422900
v -28.216507 2.384207 -1.010715
v 5.660437 -0.161021 5.389081
v -28.553284 1.081817 -0.228155
v -7.452729 3.607334 -9.669923
v 5.676927 -1.280792 -7.362400
v 7.311193 1.489556 1.385438
v 5.675444 -4.505047 -6.188868
v -7.476948 3.607335 9.478204
v 5.677266 -2.789457 -7.628417
v -28.668375 1.826666 -0.122300
v 5.659465 -0.296083 6.155049
v 5.672024 -1.280792 -3.483401
v 5.676925 -3.520334 -7.362400
v 5.657645 -2.789457 7.594596
v 5.672024 -1.280792 -3.483401
v 5.671684 -2.011671 -3.217383
v 5.369478 1.918848 11.550590
v -26.122272 -0.192950 0.599406
v 5.660438 -4.640109 5.389081
v -6.832070 3.616774 10.972660
v -23.047031 -1.228087 1.469009
v 3.624828 0.558073 -32.765738
v -6.806076 3.616773 -9.578170
v -23.180307 -1.335510 0.921391
v 1.828227 0.599312 -32.558679
v 2.481101 0.556011 -32.865836
v 2.236971 -1.589787 1.689990
v 5.268919 -0.651175 2.095332
v 8.613560 0.311308 2.158495
v 29.019397 0.472772 -0.370197
v 28.793967 0.783890 -0.517891
v 16.607105 0.154327 -3.843583
v 17.760053 -0.251923 -4.302895
v 17.749558 -1.866914 3.711848
v 28.899191 0.119019 -0.417909
v 16.597717 -0.493618 3.293739
v 16.598080 -2.134265 3.004449
v 17.749298 -0.709158 3.915991
v 17.748807 -0.251924 4.299656
v 17.749558 -1.270038 3.711848
v 17.760706 0.046516 -4.819804
v -4.921359 2.619775 -10.368070
v 4.379943 1.371822 -1.534726
v 4.387881 0.481991 21.901343
v -4.947354 2.619778 10.182755
v -8.789701 2.733923 -10.372966
v 5.240855 -0.422240 31.144235
v 17.759308 -1.270037 -3.715088
v 16.610129 0.577241 -6.242047
v -28.340241 0.897437 0.139070
v -26.637808 0.981837 1.393874
v 16.606046 -1.288435 -3.010607
v -27.819916 1.308209 0.902220
v 17.759567 -0.709157 -3.919231
v 13.000617 -2.597482 -4.605903
v 17.762192 0.046516 -5.995420
v 13.000293 -1.146848 -4.350116
v 17.762845 -0.251923 -6.512331
v 18.780283 -0.892169 0.838543
v 17.237952 -1.092108 0.836592
v 17.745526 -0.709157 6.892754
v 17.746018 -0.251924 6.509090
v 16.596097 0.577241 4.569936
v -28.273370 0.928130 -0.526842
v -26.627280 0.978528 -1.544504
v 17.748160 0.046515 4.816564
v 16.293863 -1.158574 1.986072
v 17.747412 0.150161 5.404372
v -27.816168 1.308052 -1.116531
v 28.853616 0.226511 0.532161
v 29.031046 0.454221 0.122127
v 16.299039 -1.158574 -2.108924
v 5.658110 -2.075981 7.229885
v 6.163718 -2.032015 7.479864
v 5.658110 -2.075981 7.229885
v -8.738168 3.279044 9.777741
v -8.739181 3.279044 10.578181
v 5.657645 -2.011673 7.594596
v -8.712176 3.279045 -10.773087
v -8.713188 3.279045 -9.972649
v 5.658107 -2.725150 7.229885
v 17.240222 -1.092108 -0.957059
v 17.748813 -2.885029 4.299656
v 17.749301 -2.427795 3.915991
v 5.673663 -4.157043 -4.783595
v 5.674478 -4.269769 -5.422900
v 5.658107 -2.725150 7.229885
v 18.782547 -0.892168 -0.955107
v 16.593063 0.154326 6.968401
v 16.597034 -3.577026 3.837427
v 6.180400 -4.522955 -5.422260
v 5.674478 -4.640107 -5.422900
v 5.674478 -4.269769 -5.422900
v 5.673663 -4.157043 -4.783595
v 5.658617 -0.684975 6.828629
v 5.675995 -3.832459 -6.624402
v 5.672652 -4.116153 -3.983351
v -22.509421 3.272384 -0.989308
v -21.713551 2.708381 -1.633289
v 17.759570 -2.427795 -3.919231
v 17.763592 -1.866914 -7.100137
v 5.675282 -4.157043 -6.062206
v 23.168137 1.493704 -10.524479
v 3.092077 0.551026 -32.862225
v 5.658390 -1.465963 7.007859
v -20.430988 3.193170 -0.998186
v 23.155969 1.493704 -0.907813
v 5.658916 -0.968671 6.590582
v 6.164634 -0.774718 6.753967
v 5.658390 -1.465963 7.007859
v 17.759311 -1.866913 -3.715088
v 5.672424 -3.335166 -3.804123
v 5.675282 -4.157043 -6.062206
v 0.757396 -0.397678 -32.655789
v 6.182126 -4.026409 -6.786507
v 21.747965 1.245188 -0.909593
v 5.672424 -3.335166 -3.804123
v 5.675995 -3.832459 -6.624402
v 2.450500 -0.439033 -32.663852
v 28.639587 0.768717 0.639478
v 5.658916 -0.968671 6.590582
v 5.672958 -3.832459 -4.221399
v 5.676297 -4.116153 -6.862450
v 16.612115 -1.288435 -7.807533
v 16.606418 -2.929082 -3.299896
v 1.921598 -0.801426 -32.193439
v 5.672958 -3.832459 -4.221399
v 17.747418 -3.287112 5.404373
v 17.763592 -1.270037 -7.100137
v 17.748160 -3.183465 4.816564
v 6.178675 -4.026409 -4.058015
v 17.762198 -3.183465 -5.995420
v -6.925999 2.357073 -9.578319
v 16.595041 -4.146817 5.402913
v 16.610141 -3.999939 -6.242047
v 17.761456 -3.287112 -5.407613
v -7.572649 2.347635 -9.670071
v -7.452729 3.607334 -9.669923
v 17.760706 -3.183465 -4.819804
v 5.662765 -2.075981 3.548272
v 6.169001 -2.032016 3.299575
v 26.258563 1.757830 -0.011807
v 5.661407 -4.505047 4.623111
v 16.608026 -3.999939 -4.576092
v 5.661958 -3.832459 4.187579
v 5.663224 -2.011673 3.183563
v 5.661958 -3.832459 4.187579
v 5.662765 -2.075981 3.548272
v 5.661246 -4.157045 4.749775
v 5.662487 -1.465962 3.770301
v 17.760056 -2.885028 -4.302895
v 5.662487 -1.465962 3.770301
v 24.774069 1.764689 0.583324
v -6.925999 2.357073 -9.578319
v 6.167277 -4.394960 4.663820
v 5.661246 -4.157045 4.749775
v 2.688467 2.206824 9.716619
v 2.714910 2.285928 -10.858003
v 2.713647 2.285928 -9.858831
v -6.951989 2.357076 10.972508
v 3.075606 2.217797 10.353407
v 3.101565 2.166926 -10.518427
v 2.198414 2.522551 -10.359067
v -7.598644 2.347636 10.880752
v -7.478722 3.607335 10.880906
v 5.672144 -2.075979 -3.582093
v 6.164641 -4.026410 6.753964
v 5.674473 -0.531357 -5.422900
v 6.168688 -3.461760 3.551677
v 17.745273 -1.270038 7.096898
v 5.658615 -4.116155 6.828629
v 5.661956 -0.968669 4.187578
v 5.658916 -3.832459 6.590582
v 5.672144 -2.075979 -3.582093
v 6.168090 -0.774719 4.025475
v 5.676521 -1.465961 -7.041679
v 5.676297 -0.684974 -6.862450
v 5.676521 -1.465961 -7.041679
v 17.745267 -1.866914 7.096898
v 5.662763 -2.725149 3.548272
v 5.658916 -3.832459 6.590582
v 5.661245 -0.644084 4.749775
v 5.662487 -3.335167 3.770301
v 5.672428 -1.465961 -3.804122
v 5.662890 -3.520336 3.449581
v 6.177752 -2.032015 -3.332114
v 5.673507 -0.296081 -4.656932
v 5.675995 -0.968668 -6.624403
v 5.675995 -0.968668 -6.624403
v 5.674473 -0.531357 -5.422900
v -6.951989 2.357076 10.972508
v 5.660437 -0.531358 5.389080
v 5.673665 -0.644084 -4.783595
v 16.592007 -1.288436 7.801379
v 5.672428 -1.465961 -3.804122
v 5.673665 -0.644084 -4.783595
v 5.671684 -2.011671 -3.217383
v 5.662255 -0.684976 3.949530
v 2.246343 -1.589787 -1.750660
v 5.660437 -0.531358 5.389080
v 5.661245 -0.644084 4.749775
v 5.660437 -0.161021 5.389081
v 5.662487 -3.335167 3.770301
v 6.179483 -0.406168 -4.696360
v 5.659629 -0.644085 6.028386
v 5.659629 -0.644085 6.028386
v 5.659629 -4.157046 6.028386
v 6.166364 -0.278173 5.389720
v 5.662763 -2.725149 3.548272
v 6.182126 -0.774717 -6.786507
v 5.659629 -4.157046 6.028386
v 5.661956 -0.968669 4.187578
v 0.993165 2.285105 -9.357372
v 5.676806 -2.725148 -7.263708
v 16.611755 -2.929082 -7.518243
v 0.317649 2.277974 -9.305303
v 17.746671 -3.183465 5.992178
v 0.291658 2.277973 11.245527
v 0.294326 2.277975 9.133247
v 1.105386 2.294088 11.157728
v 6.183044 -2.032015 -7.512406
v 17.763336 -2.427795 -6.895994
v 5.270625 -0.319243 -31.992899
v 1.107832 2.294088 9.223106
v 5.676803 -2.075979 -7.263708
v 16.593063 -3.577026 6.968401
v 5.676806 -2.725148 -7.263708
v 17.762845 -2.885027 -6.512330
v 5.677266 -2.011671 -7.628417
v 5.676803 -2.075979 -7.263708
v 17.746018 -2.885029 6.509091
v -22.463803 2.752794 1.522853
v -21.721095 2.707848 1.695001
v -1.328126 1.262622 10.187334
v 4.342782 -0.383718 31.868570
v -3.251002 1.453401 11.033149
v -23.846079 2.824495 1.742511
v -3.222864 1.453401 -11.214171
v -3.248859 1.453401 9.336663
v -3.249932 1.127117 10.184904
v -22.520429 3.272634 0.958352
v -3.223938 1.127118 -10.365926
v -3.225013 1.453401 -9.517681
v -1.302136 1.262622 -10.363496
v -11.964351 0.033531 2.401525
v -2.370268 -0.607682 -31.304684
v -6.830067 3.616774 9.388091
v -3.526826 1.103511 21.891336
v -7.476948 3.607335 9.478204
v -17.547452 -0.552161 2.228042
v -3.471229 1.103512 -22.064265
v -2.754563 -0.192968 -31.305167
v 17.747412 0.150161 5.404372
v 6.647585 2.014008 -11.699468
v -13.933943 -1.060180 2.233664
v 16.595041 0.321381 5.402913
v -13.931903 -2.806784 1.702119
v -2.833539 -0.192968 31.134024
v -2.449238 -0.607681 31.134512
v 17.748160 0.046515 4.816564
v 5.966542 0.797300 -22.052325
v -7.596871 2.347636 9.478053
v 17.745273 -1.270038 7.096898
v 16.592508 -1.358369 7.404762
v 17.745526 -0.709157 6.892754
v -7.571763 2.587353 -10.371421
v -7.572649 2.347635 -9.670071
v -7.570876 2.347635 -11.072771
v -6.924993 2.643388 -10.370602
v -7.597756 2.587355 10.179404
v -7.598644 2.347636 10.880752
v -7.596871 2.347636 9.478053
v -6.950987 2.643390 10.180221
v 0.293987 2.877452 9.397279
v 0.292985 3.077278 10.189385
v 0.968440 2.903749 10.190240
v 0.291985 2.877452 10.981490
v 0.317976 2.877452 -9.569338
v 0.318979 3.077278 -10.361445
v -7.450956 3.607334 -11.072623
v -6.804076 3.616772 -11.162737
v 0.994436 2.903750 -10.360592
v 0.319981 2.877451 -11.153550
v 17.745267 -1.866914 7.096898
v 16.592819 -2.727717 7.163312
v 17.761450 0.150162 -5.407612
v 0.967490 2.749088 10.942657
v 16.609961 0.198794 -6.104303
v 1.132605 1.738189 -10.360418
v 22.615231 -0.665313 -1.217608
v 16.593390 -0.154188 6.709528
v 0.259021 1.648123 -10.361518
v 2.171675 2.450372 10.722274
v 17.746018 -0.251924 6.509090
v 17.762192 0.046516 -5.995420
v 2.686811 2.127720 10.692004
v 17.746671 0.046515 5.992178
v 19.619971 -1.135782 -0.744820
v 2.172423 2.522551 10.191761
v 20.507010 -0.527614 0.840726
v 2.171675 2.450372 10.722274
v -7.570876 2.347635 -11.072771
v 17.745532 -2.427795 6.892754
v -8.220849 3.555727 9.623008
v 0.379848 0.598520 32.501502
v 16.607428 -3.268513 -4.102456
v 28.465256 1.870420 -10.469766
v 17.762845 -0.251923 -6.512331
v 17.746671 -3.183465 5.992178
v -8.221552 3.733220 10.178617
v -8.194619 3.023249 -11.113027
v -8.220612 3.023249 9.437804
v -8.222486 3.023249 10.919430
v -8.196495 3.023249 -9.631402
v 17.763336 -0.709157 -6.895994
v -8.222251 3.555727 10.734226
v 26.388117 2.601171 9.921172
v 26.413962 2.601172 -10.509423
v -8.713188 3.279045 -9.972649
v -8.738168 3.279044 9.777741
v 17.760706 -3.183465 -4.819804
v 1.040071 0.574036 32.655655
v -17.531433 -0.552005 -2.289136
v 16.594168 -3.621493 6.098148
v 18.493604 -0.723347 2.099771
v -8.739181 3.279044 10.578181
v 17.760056 -2.885028 -4.302895
v -13.919830 -2.801688 -1.746497
v -8.194852 3.555727 -10.927823
v -8.712176 3.279045 -10.773087
v 26.388117 2.601171 9.921172
v 16.611307 -0.694983 -7.169464
v 16.607428 -0.154187 -4.102456
v -8.196260 3.555727 -9.816604
v 26.414929 2.601172 -11.269694
v 26.413962 2.601172 -10.509423
v -8.195556 3.733220 -10.372215
v -13.918424 -1.060178 -2.278040
v 17.759567 -0.709157 -3.919231
v 17.746018 -2.885029 6.509091
v 28.439505 1.870418 9.886703
v 26.387158 2.601171 10.681443
v 28.439505 1.870418 9.886703
v 20.711188 1.934121 9.876923
v 20.736935 1.934122 -10.479537
v 17.760053 -0.251923 -4.302895
v 28.465256 1.870420 -10.469766
v 17.749558 -1.866914 3.711848
v 17.749301 -2.427795 3.915991
v 19.027420 -0.412449 0.838855
v -6.805070 1.612573 -10.370455
v 15.143991 -0.724639 3.226156
v -0.856795 -0.179261 32.412872
v 17.749558 -1.270038 3.711848
v -28.545593 1.835279 0.396597
v 17.759311 -1.866913 -3.715088
v -28.340241 0.897437 0.139070
v 16.606546 -1.358368 -3.407222
v -28.631949 1.503367 0.099282
v -28.592093 2.153255 0.164060
v 16.611621 -2.064329 -7.410915
v 7.172106 -1.064073 3.038359
v 16.597580 -2.064330 3.401066
v 17.759308 -1.270037 -3.715088
v -6.831063 1.612573 10.180375
v 16.609088 -3.744080 -5.409069
v 17.747418 -3.287112 5.404373
v 14.862604 -0.515528 1.925310
v 17.748160 -3.183465 4.816564
v -22.011060 0.798064 2.405998
v 16.597272 -0.694985 3.642518
v -21.721095 2.707848 1.695001
v 17.762198 -3.183465 -5.995420
v 17.749298 -0.709158 3.915991
v 17.763592 -1.270037 -7.100137
v 17.763592 -1.866914 -7.100137
v 17.761456 -3.287112 -5.407613
v 16.595923 -3.621493 4.707678
v -6.031006 1.363111 10.181387
v -6.005015 1.363112 -10.369443
v -26.827475 -0.032184 -0.082517
v -8.222486 3.023249 10.919430
v 2.245667 2.048199 1.690001
v -25.354581 -0.471203 -0.819278
v 18.586835 -0.850247 -4.624534
v -8.220612 3.023249 9.437804
v -0.521794 2.652577 0.935741
v 8.622359 2.309254 0.833042
v -26.799597 0.091398 -0.612163
v -8.222253 2.490769 10.734226
v -8.661201 2.767428 9.817800
v -8.220847 2.490769 9.623008
v -8.221549 2.313277 10.178617
v -20.588266 1.786686 2.244017
v 16.610739 -3.268513 -6.715683
v -22.951651 1.914003 2.232718
v 17.763336 -2.427795 -6.895994
v 8.624926 2.451964 -0.050598
v 17.762845 -2.885027 -6.512330
v -26.033771 0.171624 -1.309101
v -8.662112 2.767427 10.538319
v -0.521794 2.652577 0.935741
v 18.586835 -0.850247 -4.624534
v -8.635208 2.767428 -10.733031
v -8.194853 2.490769 -10.927823
v -8.196261 2.490769 -9.816606
v -8.196495 3.023249 -9.631402
v 18.573142 -0.693734 5.913944
v -8.194619 3.023249 -11.113027
v 18.574005 -0.406085 5.227895
v 12.987198 -0.643050 5.719009
v 13.000610 -0.842014 -4.605901
v -8.195556 2.313277 -10.372215
v -0.516129 2.652577 -0.967593
v -8.636119 2.767428 -10.012511
v 2.856104 0.746044 -22.056259
v 15.267554 -1.347919 -2.062190
v 5.319834 -0.422241 -31.294955
v 15.817819 -1.498775 2.911552
v 8.615658 -1.686639 -0.934253
v 2.964913 1.951967 11.547550
v -20.487219 2.666476 1.757685
v 5.910948 0.797300 21.903268
v 5.910948 0.797300 21.903268
v 5.240855 -0.422240 31.144235
v -17.517314 3.115584 0.937407
v 0.734932 0.239922 32.248645
v 5.966542 0.797300 -22.052325
v 15.817819 -1.498775 2.911552
v 0.379848 0.598520 32.501502
v 4.413467 -0.491314 -31.296103
v 6.618176 2.014008 11.552172
v 2.668122 -0.467274 -31.298312
v -5.482091 2.835476 -0.964719
v 1.941634 0.835092 21.898254
v 15.825345 -1.498775 -3.035605
v 5.309548 1.224126 1.382906
v -15.796642 2.500898 1.745439
v 15.825345 -1.498775 -3.035605
v -0.518563 2.829275 -0.015926
v 8.611298 -1.686638 0.833028
v 16.378970 -0.830179 -3.342849
v -0.516129 2.652577 -0.967593
v -20.588266 1.786686 2.244017
v 1.302969 0.604722 32.385944
v 4.829253 1.635959 11.549909
v 15.399487 -1.630942 2.819047
v 15.262494 -1.347919 1.936730
v 15.317862 -1.530533 -3.031302
v 4.334495 -0.491314 31.143091
v -4.799990 2.530215 -11.509010
v 15.317862 -1.530533 -3.031302
v 15.399487 -1.630942 2.819047
v 2.240076 -2.251239 -0.030338
v 15.143991 -0.724639 3.226156
v -3.222870 3.411091 -11.214170
v 13.002799 -1.146848 -6.334696
v 8.613082 -1.829347 -0.050613
v 22.620938 0.443584 -1.654419
v 18.586792 -1.595054 -4.596659
v 18.588672 -0.890428 -6.079861
v 13.000617 -2.597482 -4.605903
v 13.002475 -0.842015 -6.078910
v 18.574777 -0.850248 4.623385
v 18.586792 -1.595054 -4.596659
v 13.000293 -2.292648 -4.350117
v 12.988623 -0.842016 4.590619
v 12.988193 -2.796448 4.935238
v 12.988190 -0.643050 4.935238
v 12.988879 -2.414314 4.385362
v 18.574609 -1.827531 4.754437
v 18.573142 -0.693734 5.913944
v 12.986435 -1.146849 6.319412
v 16.378970 -0.830179 -3.342849
v 12.986212 -1.646462 6.495012
v 13.000610 -0.842014 -4.605901
v 5.279722 -0.651175 -2.182089
v 8.624450 0.311308 -2.259707
v 15.152414 -0.724639 -3.293951
v 7.156776 -1.150384 -3.265750
v 13.000293 -1.146848 -4.350116
v 18.586835 -0.850247 -4.624534
v 12.986435 -1.146849 6.319412
v 12.986658 -0.749844 6.140968
v 12.987198 -0.643050 5.719009
v 13.002045 -2.796447 -5.734293
v -24.287463 0.203757 2.092887
v -24.395688 -0.446823 1.607900
v 19.630905 1.074025 -1.702606
v 12.331989 1.135847 -2.000066
v 12.986658 -0.749844 6.140968
v -15.784569 2.500898 -1.800546
v -25.169775 0.491637 1.904544
v 18.573142 -0.693734 5.913944
v 12.987198 -0.643050 5.719009
v -24.127057 1.063837 2.291586
v 8.627334 1.881122 -1.670608
v -20.477240 2.666501 -1.808734
v -15.788275 3.084544 -0.994642
v 13.002576 -2.689652 -6.156252
v 18.573636 -2.099999 5.526579
v 12.987192 -2.796448 5.719009
v 12.987689 -2.865548 5.327124
v 18.588309 -1.930017 -5.792952
v 12.988947 -1.146849 4.334832
v 12.989267 -1.499889 4.080241
v 12.989117 -1.918715 4.198733
v 13.001550 -0.573949 -5.342406
v 12.989267 -1.499889 4.080241
v 13.002097 -0.529985 -5.775444
v 13.002475 -0.842015 -6.078910
v 13.002097 -0.529985 -5.775444
v 13.001550 -0.573949 -5.342406
v 18.587735 -0.439863 -5.335339
v 13.002975 -1.520782 -6.470798
v 13.000122 -1.918714 -4.214016
v 12.999963 -1.499889 -4.095524
v 13.000293 -1.146848 -4.350116
v 13.000122 -1.918714 -4.214016
v 12.999963 -1.499889 -4.095524
v -9.913792 -3.001622 0.958437
v 23.141663 1.493703 10.402617
v 16.098364 0.379096 -1.988890
v 1.997228 0.835092 -22.057349
v 23.168131 0.728597 -10.524476
v 19.626175 -0.251858 -1.702612
v 1.985580 2.058472 -11.705364
v 23.155972 0.728597 -0.907812
v 12.986758 -2.597482 6.063629
v 24.563986 0.700287 -0.906033
v 23.153824 0.728597 0.785954
v 24.561841 0.700287 0.787735
v 24.549683 0.700286 10.404398
v 2.994324 1.951967 -11.704090
v 2.321877 1.537175 -1.537329
v 12.327248 -0.443279 -2.000072
v 23.141663 0.728597 10.402617
v 18.586792 -1.595054 -4.596659
v 25.969849 0.813532 0.789515
v 18.573193 -1.906987 5.876546
v 16.092487 -0.949734 -1.468708
v -12.391946 -3.219764 -0.000001
v 18.587369 -2.053501 -5.046758
v 13.001550 -2.865547 -5.342408
v -9.907146 -3.001622 -0.975149
v -9.910770 -3.214807 -0.008356
v 24.549683 0.700286 10.404398
v 13.001053 -2.796448 -4.950520
v 23.141663 0.728597 10.402617
v 12.986435 -2.292648 6.319413
v 25.957520 0.902012 10.345938
v 25.983853 0.902013 -10.471910
v 24.576144 0.700287 -10.522694
v -21.999762 0.798710 -2.445865
v 1.856955 -0.389968 31.139957
v 2.589148 -0.467274 31.140878
v 1.106607 1.738191 10.190417
v 22.621701 1.955716 -0.016352
v 18.574609 -1.827531 4.754437
v 22.608209 -0.967740 0.638858
v 1.710274 1.302394 -11.705711
v 1.703707 0.563908 32.692014
v 0.258021 1.648123 -9.569412
v -7.763249 -3.121224 -0.002860
v 3.009147 0.551026 32.705869
v 22.609872 -1.068548 -0.016367
v -1.227961 2.416138 -11.586769
v 2.739413 0.255822 -22.056410
v 25.983853 0.902013 -10.471910
v -1.257054 2.416138 11.415171
v 0.234027 1.648125 9.397204
v 24.763019 -0.808818 0.583310
v 1.133828 2.294087 -11.327728
v 24.576144 0.700287 -10.522694
v 23.168137 1.493704 -10.524479
v 12.989117 -1.918715 4.198733
v -1.303528 2.337593 -9.262792
v 3.571334 0.567212 32.533844
v -3.526826 1.103511 21.891336
v -2.345176 -0.014561 31.134644
v -2.356208 -0.105125 31.775598
v -1.141940 0.215464 32.261954
v -3.471229 1.103512 -22.064265
v -2.275614 -0.105126 -31.945529
v -1.819286 0.061427 -31.879498
v 24.777060 1.764689 -0.606975
v -1.048143 0.132569 -32.460577
v 0.232028 1.648125 10.981414
v 18.575037 -1.422535 4.415997
v 0.233030 1.648124 10.189311
v -3.833117 2.575671 11.538953
v -2.266201 -0.014561 -31.304550
v 18.520059 -0.380832 -0.955440
v 16.786578 -0.325693 -0.957633
v 4.199482 -0.174954 -32.554404
v 4.423591 -0.383718 -32.021558
v -20.575101 1.786784 -2.295059
v 3.624828 0.558073 -32.765738
v 5.264811 -0.033837 -32.495325
v 2.800508 0.746044 21.899335
v 25.971988 0.813532 -0.904252
v 1.105386 2.294088 11.157728
v 1.680863 1.302394 11.545925
v 14.867630 -0.515527 -2.051782
v 0.993165 2.285105 -9.357372
v 22.623901 1.552481 -1.217598
v 3.323882 -0.809636 -31.297482
v 3.244910 -0.809636 31.141711
v 2.683813 0.255822 21.899191
v 2.711624 -0.361259 31.863348
v 22.607660 -0.665313 1.184879
v -19.200754 0.681729 -2.454519
v -3.092222 -2.698583 -0.004662
v 0.260021 1.648123 -11.153626
v -3.803713 2.575672 -11.712685
v -20.828795 -0.309560 -2.295052
v -1.899713 0.061427 31.710718
v -7.759625 2.283914 1.768220
v 19.631015 1.957947 -0.744805
v 1.707345 0.204017 21.897955
v 1.762941 0.204017 -22.057645
v -6.032067 1.681567 11.021322
v -4.802518 1.518270 -9.512104
v 5.176566 0.556203 32.511319
v -4.825983 2.530215 9.041824
v 18.588672 -0.890428 -6.079861
v -1.289204 1.374990 11.542170
v -6.032422 2.636932 11.301299
v -1.259794 1.374990 -11.709469
v -6.029589 2.636932 9.061478
v -3.882137 2.091096 1.371281
v -4.802876 2.530215 -9.226833
v -27.180698 2.774218 1.319786
v -27.234848 1.745701 -1.606413
v -27.202527 2.306957 -1.690943
v -6.832070 3.616774 10.972660
v -6.003950 1.681567 -11.209378
v -27.172040 2.773798 -1.478557
v -6.830067 3.616774 9.388091
v 5.182797 -0.033837 32.344458
v 18.588892 -1.422533 -6.253533
v -27.212766 2.308012 1.523361
v -4.568071 1.958328 -1.546044
v -4.319004 2.526032 -11.713339
v -1.153913 0.805168 -1.541726
v -6.829727 2.757830 9.123995
v -27.736728 2.295998 1.259068
v -6.029942 1.681567 9.341456
v -4.571760 1.958327 1.370408
v -27.244040 1.747065 1.428259
v -4.348408 2.526032 11.538299
v -6.006075 1.681567 -9.529511
v 5.189887 -0.319243 31.842053
v -6.832399 2.757830 11.236755
v -2.773804 0.964784 1.372683
v -27.730106 2.294827 -1.454127
v 4.470948 -0.088018 32.366739
v -4.800353 1.518270 -11.223738
v -1.157602 0.805168 1.374727
v -4.801434 1.180954 -10.367921
v -2.770113 0.964784 -1.543770
v -4.828869 2.530215 11.323998
v -4.828508 1.518269 11.038726
v -4.799990 2.530215 -11.509010
v -4.826344 1.518269 9.327094
v -4.827426 1.180954 10.182909
v -3.878453 2.091096 -1.545172
v 12.988879 -2.414314 4.385362
v 13.002969 -2.050323 -6.464928
v 12.989117 -1.918715 4.198733
v 18.574609 -1.827531 4.754437
v -5.488546 2.835476 0.962818
v -5.482091 2.835476 -0.964719
v -11.953577 3.228862 -0.015456
v 13.002799 -1.146848 -6.334696
v -7.752087 3.115475 -0.002846
v 13.002975 -1.520782 -6.470798
v -6.803733 2.757831 -11.426837
v -6.003596 2.636933 -11.489355
v 18.588672 -0.890428 -6.079861
v -4.800357 3.542160 -11.223736
v -25.158997 0.492950 -1.973771
v 1.105689 1.877165 10.915900
v -6.806408 2.757831 -9.314074
v -24.280008 0.208724 -2.134968
v -4.800357 3.542160 -11.223736
v -5.496009 1.244413 2.247839
v 13.001050 -0.643049 -4.950520
v -6.006429 2.636933 -9.249532
v -0.528732 1.238993 2.204626
v -3.342794 2.151391 -11.214319
v -3.222870 3.411091 -11.214170
v 18.574777 -0.850248 4.623385
v 1.668560 1.892973 10.191131
v 12.988190 -0.643050 4.935238
v 1.107526 1.877165 9.464933
v -24.390369 -0.441380 -1.651982
v -3.087596 2.186939 1.753940
v -6.806076 3.616773 -9.578170
v 13.001550 -0.573949 -5.342406
v -24.118811 1.068172 -2.331265
v 1.106607 1.738191 10.190417
v -3.093996 0.119988 2.393421
v 12.988623 -0.842016 4.590619
v 18.574609 -1.827531 4.754437
v 18.587735 -0.439863 -5.335339
v 12.988879 -2.414314 4.385362
v -4.826352 3.542161 9.327091
v -3.248866 3.411092 9.336663
v -3.368785 2.151393 9.336507
v 4.443474 0.481991 -22.054254
v 16.092764 1.707928 1.392338
v -3.344938 2.151391 -9.517829
v 8.622359 2.309254 0.833042
v -3.370932 2.151393 11.032993
v -3.369856 2.477675 10.184750
v 13.001053 -2.796448 -4.950520
v -3.078599 0.119988 -2.402729
v -3.343866 2.477673 -10.366074
v 3.897767 1.480292 -11.702946
v -1.422065 2.152863 -10.363644
v 13.000293 -2.292648 -4.350117
v -9.896652 1.262055 -2.264200
v 19.620242 1.074025 1.649681
v 13.001550 -2.865547 -5.342408
v -9.900288 -1.296152 -2.264204
v 18.587369 -2.053501 -5.046758
v 22.616342 1.552481 1.184890
v 12.988193 -2.796448 4.935238
v -3.368785 2.151393 9.336507
v -3.342794 2.151391 -11.214319
v -11.947725 0.033531 -2.432443
v -1.448056 2.152865 10.187182
v -3.344938 2.151391 -9.517829
v 27.224634 -0.518048 0.465186
v -3.370932 2.151393 11.032993
v -2.768849 1.524026 -11.711378
v -0.821428 0.265048 21.894757
v -2.050687 0.389670 -22.062466
v 3.251656 0.794100 1.380303
v -1.594026 -0.777893 31.135593
v -7.766176 -2.913334 0.963178
v -2.798255 1.524026 11.540261
v -3.085000 -1.946964 -1.763248
v -7.759574 -2.913335 -0.968896
v -0.515512 1.238994 -2.236487
v -7.755714 -2.289664 -1.773926
v 28.667136 1.131760 -0.035475
v 28.343713 1.330965 -0.028095
v -4.802525 3.542159 -9.512101
v 18.586792 -1.595054 -4.596659
v 26.246838 -0.408933 0.973034
v 2.027026 0.727417 -1.537702
v 2.023334 0.727417 1.378750
v -0.520251 -0.881383 -2.236492
v 12.986758 -2.597482 6.063629
v 12.987192 -2.796448 5.719009
v 5.284463 1.196829 -2.182082
v 2.827755 1.364656 11.547376
v 28.343274 1.276003 0.338647
v 12.986435 -2.292648 6.319413
v 5.282482 0.272827 -2.334850
v 2.857162 1.364656 -11.704263
v 3.255343 0.794100 -1.536148
v 27.227539 0.078969 1.105758
v 2.255038 2.048199 -1.750649
v -0.533472 -0.881383 2.204619
v -7.767815 -2.289664 1.768210
v -4.828517 3.542161 11.038723
v -3.096290 -1.946964 1.753929
v -3.251010 3.411092 11.033146
v 13.000122 -1.918714 -4.214016
v -0.765835 0.265048 -22.060843
v 18.573636 -2.099999 5.526579
v -3.225019 3.411091 -9.517680
v 28.343356 1.276003 -0.394838
v 12.987689 -2.865548 5.327124
v 27.225656 -0.294166 0.865542
v -1.515049 -0.777894 -31.303604
v 18.573193 -1.906987 5.876546
v -2.106285 0.389670 21.893134
v -4.385149 0.972749 -21.870840
v -18.063620 1.108696 2.150740
v -21.092093 1.082790 2.147270
v -21.081955 1.081545 2.387500
v -18.061136 1.109104 2.390968
v -10.535661 2.288229 1.614041
v -10.535661 2.288229 1.614041
v -10.531576 2.288229 -1.615051
v -10.531576 2.288229 -1.615051
v -28.610892 3.551277 0.116569
v -20.444791 4.417027 2.387919
v -20.444485 4.417027 2.147690
v -18.284377 4.417027 2.150422
v -18.284680 4.417027 2.390651
v -7.567867 3.732073 -1.611303
v -7.567867 3.732073 -1.611303
v -7.571852 3.732073 1.541931
v -7.571852 3.732073 1.541931
v -25.225620 3.577668 0.121458
v -25.226535 3.577593 -0.213514
v -28.613422 3.550872 -0.218403
v -9.306244 -2.961799 -0.165783
v -9.306421 -2.961800 -0.024225
v 17.138794 1.833360 0.038560
v 17.139023 1.833360 -0.145462
v 14.947330 2.173004 -0.148235
v 14.947095 2.173004 0.035789
v -2.763042 1.066171 -21.707190
v -5.857779 -2.065095 -0.019865
v -5.857599 -2.065095 -0.161421
v -6.580069 -3.871694 -0.020778
v -6.761719 -2.065095 -0.021008
v -5.845743 -3.871819 -0.161406
v -5.845925 -3.871819 -0.019849
v -6.579888 -3.871694 -0.162334
v -6.761543 -2.065095 -0.162564
v 15.962939 2.173004 0.037073
v 15.880090 3.869769 0.036969
v 15.172986 3.869768 0.036074
v 15.173218 3.869768 -0.147949
v 15.880328 3.869769 -0.147055
v 15.963178 2.173004 -0.146951
v -2.875225 -0.214212 30.677383
v 23.276877 -7.445516 10.321713
v 23.276877 -7.445516 10.321713
v 23.304437 -7.393064 -10.940587
v 23.304437 -7.393064 -10.940587
v 19.276291 3.701906 0.041263
v 18.539359 1.833360 0.040331
v 18.569424 3.701905 -0.143654
v 18.569192 3.701905 0.040369
v 19.276529 3.701906 -0.142761
v -9.274468 -4.815940 -0.165742
v 18.539590 1.833361 -0.143692
v -8.540323 -4.816065 -0.164814
v -9.274644 -4.815940 -0.024185
v -10.763139 -2.961800 -0.026069
v -10.762961 -2.961800 -0.167625
v -8.540500 -4.816065 -0.023258
v -6.256593 -0.166841 30.778946
v -6.256641 -0.290862 30.819241
v -7.886784 -0.261586 30.776886
v 20.171030 1.704821 0.042395
v 20.171262 1.704821 -0.141628
v -6.178484 -0.214212 -30.974612
v -2.875511 -0.051540 30.901282
v 20.779935 2.762883 -0.140859
v 20.326215 2.762883 -0.141432
v 20.719040 1.704821 0.043089
v 20.719278 1.704821 -0.140935
v 20.779700 2.762883 0.043165
v 20.325980 2.762883 0.042591
v -1.882834 0.776341 -23.046440
v -3.040835 1.179887 -22.969925
v -2.151351 2.496877 -22.969937
v -3.041207 1.179886 -22.829285
v -3.040826 1.655841 -18.314485
v -1.882828 1.252295 -18.390996
v -2.151724 2.496877 -22.829295
v -1.883620 0.776341 -22.750777
v -2.151341 2.972831 -18.314491
v -3.041200 1.655841 -18.173843
v -3.040822 2.132279 -13.392107
v -1.882825 1.728733 -13.468617
v -2.151716 2.972831 -18.173854
v -1.883614 1.252294 -18.095331
v -2.151337 3.449270 -13.392111
v -3.041194 2.132278 -13.251465
v -2.151714 3.449270 -13.251474
v -1.883610 1.728733 -13.172957
v -1.882816 1.728748 12.915642
v -3.040819 2.132293 12.992152
v -3.041192 2.132293 13.132796
v -2.151335 3.449285 12.992148
v -1.883604 1.728748 13.211305
v -2.151708 3.449285 13.132788
v -3.040809 1.628823 17.819446
v -1.882810 1.225277 17.742934
v -3.041184 1.628823 17.960083
v -2.151324 2.945815 17.819438
v -1.882804 0.646706 22.592288
v -3.040804 1.050252 22.668799
v -2.151698 2.945814 17.960077
v -1.883596 1.225277 18.038594
v -3.041178 1.050252 22.809442
v -2.151320 2.367243 22.668793
v -2.151693 2.367243 22.809433
v -1.883592 0.646706 22.887955
v -1.882823 1.728737 -6.723670
v -3.040821 2.132283 -6.647160
v -3.041193 2.132283 -6.506517
v -2.151334 3.449274 -6.647165
v -1.883610 1.728737 -6.428007
v -1.882819 1.728744 6.268171
v -2.151712 3.449274 -6.506525
v -3.040817 2.132290 6.344683
v -3.041191 2.132290 6.485323
v -2.151333 3.449281 6.344672
v -2.151709 3.449281 6.485316
v -1.883605 1.728744 6.563833
v -4.241369 2.479040 -1.607096
v -4.241369 2.479040 -1.607096
v -4.245355 2.479040 1.546139
v -4.245355 2.479040 1.546139
v -4.935175 1.379255 0.099200
v -4.935173 3.734157 0.099200
v -4.934798 3.734157 -0.197077
v -4.934802 1.379255 -0.197077
v -2.797367 -0.214211 -30.879886
v -21.040131 4.635715 2.424395
v -21.039865 4.346699 2.214412
v -7.808545 -0.137564 -31.082175
v -6.178354 -0.137563 -31.080112
v -7.808678 -0.214212 -30.976679
v -2.797217 -0.376883 -30.998071
v 23.107754 -8.486510 10.221404
v 22.747757 -8.486510 10.321045
v 22.747757 -8.486510 10.321045
v 22.626236 -7.445516 10.320892
v 22.626370 -7.445516 10.220798
v -2.875372 -0.376884 30.795566
v 23.107632 -8.486510 10.321501
v 22.775205 -8.434058 -10.841162
v 23.135205 -8.434058 -10.940802
v 22.653696 -7.393066 -10.841315
v 22.775205 -8.434058 -10.841162
v 22.653818 -7.393066 -10.941412
v 23.135080 -8.434057 -10.840707
v 3.105530 3.734158 -0.128002
v 3.105308 1.379257 0.050465
v -7.886765 -0.214214 30.761493
v -7.886948 -0.261586 30.907288
v -6.256756 -0.261585 30.909351
v -18.032040 4.220544 2.375283
v -2.875615 -0.314748 30.986807
v -17.807227 4.429585 2.408311
v -20.849133 2.803619 2.147270
v -4.724488 2.237880 -1.683565
v -4.728572 2.237880 1.545527
v -4.641498 2.489022 1.545637
v -4.883575 3.708650 -1.683766
v -4.883671 3.708649 -1.607908
v -4.887757 3.708649 1.621184
v -4.887661 3.708649 1.545327
v -4.637416 2.489023 -1.683455
v -3.163203 0.743837 -22.116997
v -2.762524 0.737222 -22.119675
v -2.817761 1.183569 21.553510
v -2.817761 1.183569 21.553510
v -6.178416 -0.290862 -31.030304
v -20.730890 4.220543 2.371869
v -2.151341 2.972831 -18.314491
v -2.151324 2.945815 17.819438
v -2.151335 3.449285 12.992148
v -2.151334 3.449274 -6.647165
v -2.151333 3.449281 6.344672
v -2.151337 3.449270 -13.392111
v -2.151320 2.367243 22.668793
v -2.151351 2.496877 -22.969937
v -29.232632 2.844693 0.286862
v -29.331268 2.940185 0.213377
v 1.782385 1.379257 0.270983
v 1.782385 3.734158 0.270983
v -3.219009 0.823042 22.005084
v 1.783173 1.379256 -0.351865
v 3.105303 3.734159 0.050465
v 3.105534 1.379257 -0.128002
v -18.034193 2.814937 2.390968
v 1.783176 3.734158 -0.351865
v -3.218726 0.715567 21.781915
v 1.783176 3.734158 -0.351865
v -2.797367 -0.214211 -30.879886
v -6.256756 -0.261585 30.909351
v -18.061136 1.109104 2.390968
v -20.444485 4.417027 2.147690
v -20.444791 4.417027 2.387919
v -18.063620 1.108696 2.150740
v -20.480893 3.061855 2.147690
v -20.444485 4.417027 2.147690
v -20.844875 2.804283 2.387500
v -18.284680 3.067899 2.390651
v -20.478070 3.062327 2.387919
v -20.478070 3.062327 2.387919
v -20.844875 2.804283 2.387500
v -2.797217 -0.376883 -30.998071
v -2.797367 -0.214211 -30.879886
v -17.806894 4.621059 2.144769
v -17.806894 4.429585 2.144768
v -25.192133 3.113136 -0.588025
v -29.242859 3.439480 -0.151368
v -29.339652 3.406861 -0.187104
v -25.225620 3.577668 0.121458
v -25.225620 3.577668 0.121458
v -6.122345 -0.113675 -30.916757
v -6.178484 -0.214212 -30.974612
v -2.797367 -0.214211 -30.879886
v -6.178484 -0.214212 -30.974612
v -2.762973 0.818466 -21.763727
v -2.762684 0.708228 -21.992636
v -17.806894 4.429585 2.144768
v -17.807227 4.429585 2.408311
v -18.032040 4.220544 2.375283
v -7.808678 -0.214212 -30.976679
v -28.613422 3.550872 -0.218403
v -28.613422 3.550872 -0.218403
v -29.233520 2.930255 0.254762
v -29.330524 2.830669 0.225978
v -29.330353 2.879017 0.163760
v -29.232175 2.880664 0.163760
v -28.723492 2.601926 0.116570
v -7.886765 -0.214214 30.761493
v -4.440515 0.972748 21.904221
v -4.440203 1.029285 21.656516
v 2.169813 1.728734 -13.359319
v 2.169837 0.646707 22.701587
v 2.169582 2.972833 -18.196983
v 2.169833 1.225278 17.852232
v 2.169602 2.945816 17.936946
v 2.169609 2.367244 22.786304
v 2.169593 3.449282 6.462185
v 2.169584 3.449271 -13.274605
v 2.169574 2.496878 -22.852429
v 2.169802 0.776342 -22.937141
v 2.169817 1.728738 -6.614371
v 2.169808 1.252297 -18.281699
v 2.169822 1.728749 13.024940
v 2.169593 3.449286 13.109656
v 2.169822 1.728745 6.377470
v -1.883605 1.728744 6.563833
v 2.169590 3.449275 -6.529659
v -7.808546 -0.290862 -31.082175
v -7.808678 -0.214212 -30.976679
v -2.763042 1.066171 -21.707190
v -4.385149 0.972749 -21.870840
v -3.163007 0.937499 -22.271437
v -21.040131 4.635715 2.424395
v -21.040132 4.414926 2.424395
v -21.039865 4.703942 2.214412
v -21.039702 4.525320 2.084637
v -21.039865 4.346699 2.214412
v 20.719040 1.704821 0.043089
v 20.325980 2.762883 0.042591
v 20.326215 2.762883 -0.141432
v 18.539359 1.833360 0.040331
v -2.875266 -0.113675 30.710040
v -17.807227 4.621059 2.408311
v -18.031790 4.830099 2.177227
v -2.875511 -0.051540 30.901282
v -2.875511 -0.051540 30.901282
v 15.962939 2.173004 0.037073
v -2.796976 -0.113674 -31.189304
v -2.796973 -0.314748 -31.189304
v -2.796976 -0.113674 -31.189304
v -2.797220 -0.051539 -30.998071
v -2.797220 -0.051539 -30.998071
v 15.172986 3.869768 0.036074
v 15.173218 3.869768 -0.147949
v -2.796973 -0.314748 -31.189304
v -2.875225 -0.214212 30.677383
v -2.797217 -0.376883 -30.998071
v -18.284377 3.067899 2.150422
v -18.033890 2.814937 2.150740
v -20.480893 3.061855 2.147690
v -18.284377 3.067899 2.150422
v -2.875372 -0.376884 30.795566
v -18.033890 2.814937 2.150740
v -18.034193 2.814937 2.390968
v -2.818209 0.737222 21.909457
v -29.234030 3.071647 -0.427749
v -2.817889 0.737222 21.655380
v -2.818209 0.737222 21.909457
v -3.218726 0.715567 21.781915
v -6.121997 -0.314749 -31.193509
v -2.817889 0.737222 21.655380
v -2.796973 -0.314748 -31.189304
v -29.230344 2.700515 0.093543
v -7.886784 -0.261586 30.776886
v -7.886948 -0.261586 30.907288
v -29.230344 2.700515 0.093543
v -18.284377 4.417027 2.150422
v -3.218443 0.823042 21.558743
v -3.218377 1.064535 21.503616
v -18.284680 4.417027 2.390651
v -2.817689 0.935864 21.496973
v -18.284680 4.417027 2.390651
v -20.444791 4.417027 2.387919
v -18.284680 3.067899 2.390651
v -21.092093 1.082790 2.147270
v -20.849133 2.803619 2.147270
v -18.284377 4.417027 2.150422
v -21.081955 1.081545 2.387500
v -28.698877 2.702211 -0.152578
v -28.621698 3.431349 0.093543
v -28.621698 3.431349 0.093543
v -3.273155 1.379255 0.264589
v -4.934798 3.734157 -0.197077
v -3.272366 3.734158 -0.358259
v -3.163007 0.937499 -22.271437
v -3.219009 0.823042 22.005084
v -3.885073 0.950080 -22.217230
v -3.163711 0.937499 -21.714853
v -3.163641 0.823043 -21.769969
v -3.163711 0.937499 -21.714853
v -2.762973 0.818466 -21.763727
v -6.256641 -0.290862 30.819241
v -6.256593 -0.166841 30.778946
v -6.122345 -0.113675 -30.916757
v -6.200394 -0.376886 30.791364
v -6.178354 -0.137563 -31.080112
v -6.200530 -0.051541 30.897073
v -2.763042 1.066171 -21.707190
v -2.763042 1.066171 -21.707190
v -6.200638 -0.314750 30.982599
v -6.200678 -0.214214 31.015262
v -2.875615 -0.314748 30.986807
v -6.761719 -2.065095 -0.021008
v -5.845743 -3.871819 -0.161406
v -5.845925 -3.871819 -0.019849
v -8.540323 -4.816065 -0.164814
v -8.540500 -4.816065 -0.023258
v -10.763139 -2.961800 -0.026069
v -28.695752 2.765012 0.387567
v -28.661517 3.075354 0.491080
v -6.178416 -0.290862 -31.030304
v -2.875225 -0.214212 30.677383
v -28.660144 3.074945 -0.592913
v -28.629983 3.381897 -0.489400
v -25.210730 3.400211 0.392456
v -25.193646 3.112987 0.495969
v -28.660144 3.074945 -0.592913
v -25.184534 2.826943 -0.484512
v -25.193646 3.112987 0.495969
v -6.200287 -0.113677 30.705838
v -25.188651 2.647241 -0.213514
v -20.730890 4.220543 2.371869
v 18.539590 1.833361 -0.143692
v -18.032044 4.830099 2.375284
v -20.731094 4.713683 2.532100
v -20.730438 4.336958 2.013582
v -21.039702 4.525320 2.084637
v -21.040131 4.635715 2.424395
v -6.200245 -0.214214 30.673172
v 19.276529 3.701906 -0.142761
v -21.039865 4.703942 2.214412
v -21.039865 4.346699 2.214412
v -20.730890 4.830098 2.371869
v -6.256593 -0.166841 30.778946
v -20.730640 4.830098 2.173813
v -20.731094 4.336958 2.532100
v -20.730438 4.713683 2.013582
v -21.040132 4.414926 2.424395
v -18.032040 4.220544 2.375283
v 19.276291 3.701906 0.041263
v 19.276291 3.701906 0.041263
v 18.569192 3.701905 0.040369
v 14.947330 2.173004 -0.148235
v 15.173218 3.869768 -0.147949
v 19.276529 3.701906 -0.142761
v 20.719278 1.704821 -0.140935
v 20.779935 2.762883 -0.140859
v 14.947095 2.173004 0.035789
v 20.779700 2.762883 0.043165
v 20.779700 2.762883 0.043165
v 20.325980 2.762883 0.042591
v -3.218377 1.064535 21.503616
v 20.779935 2.762883 -0.140859
v 20.171262 1.704821 -0.141628
v -3.218376 0.937498 21.503616
v 20.326215 2.762883 -0.141432
v 20.171030 1.704821 0.042395
v 15.963178 2.173004 -0.146951
v 15.880328 3.869769 -0.147055
v 15.880090 3.869769 0.036969
v 15.172986 3.869768 0.036074
v 15.880090 3.869769 0.036969
v 17.139023 1.833360 -0.145462
v 18.569424 3.701905 -0.143654
v 15.880328 3.869769 -0.147055
v -25.187265 2.647262 0.121458
v -25.185349 2.826816 0.392456
v -25.188651 2.647241 -0.213514
v 17.138794 1.833360 0.038560
v -18.032243 4.336959 2.535514
v -20.731169 4.525320 2.593303
v -25.185349 2.826816 0.392456
v -28.695752 2.765012 0.387567
v -18.032321 4.525322 2.596718
v -17.807227 4.429585 2.408311
v -17.806894 4.621059 2.144769
v -25.187265 2.647262 0.121458
v -18.031589 4.713685 2.016997
v -18.031509 4.525322 1.955794
v -20.730359 4.525320 1.952379
v -20.730890 4.830098 2.371869
v -18.032044 4.830099 2.375284
v -18.032243 4.713685 2.535514
v -17.807227 4.621059 2.408311
v -17.806894 4.429585 2.144768
v -6.200287 -0.113677 30.705838
v -6.200638 -0.314750 30.982599
v -6.200245 -0.214214 30.673172
v -18.031587 4.336959 2.016997
v -2.875266 -0.113675 30.710040
v -20.730640 4.220543 2.173813
v -18.031790 4.220544 2.177227
v -6.200678 -0.214214 31.015262
v -25.210016 3.400272 -0.484513
v -25.192133 3.113136 -0.588025
v -6.256756 -0.261585 30.909351
v -25.226535 3.577593 -0.213514
v -28.629983 3.381897 -0.489400
v -25.226535 3.577593 -0.213514
v -25.210016 3.400272 -0.484513
v 3.105303 3.734159 0.050465
v 1.782385 3.734158 0.270983
v 3.105303 3.734159 0.050465
v -29.232632 2.844693 0.286862
v 3.105530 3.734158 -0.128002
v -29.331592 2.891795 0.275596
v -29.233520 2.930255 0.254762
v -29.232632 2.844693 0.286862
v -29.232175 2.880664 0.163760
v -29.233520 2.930255 0.254762
v 2.169609 2.367244 22.786304
v 3.105534 1.379257 -0.128002
v 2.169609 2.367244 22.786304
v 0.846693 0.646707 22.890985
v 3.105308 1.379257 0.050465
v 0.846686 2.367244 22.890982
v 0.847474 2.367244 22.595319
v 0.846686 2.367244 22.890982
v 2.169574 2.496878 -22.852429
v 3.105530 3.734158 -0.128002
v 0.846648 2.496878 -22.747745
v 2.169802 0.776342 -22.937141
v 2.169574 2.496878 -22.852429
v 2.169602 2.945816 17.936946
v 0.846648 2.496878 -22.747745
v 0.847439 2.496878 -23.043410
v 0.847439 2.496878 -23.043410
v 0.846656 0.776341 -22.747743
v 0.847442 0.776341 -23.043408
v 0.846681 2.945816 18.041629
v 0.847474 2.367244 22.595319
v 2.169602 2.945816 17.936946
v 0.847469 2.945816 17.745961
v 0.846684 1.225278 18.041629
v 0.846681 2.945816 18.041629
v 0.847479 0.646707 22.595319
v 2.169593 3.449282 6.462185
v 2.169837 0.646707 22.701587
v 0.846669 3.449282 6.566863
v 0.847469 2.945816 17.745961
v 2.169584 3.449271 -13.274605
v 0.847472 1.225278 17.745967
v 0.847458 3.449282 6.271200
v 0.846675 1.728745 6.566869
v 2.169593 3.449282 6.462185
v 2.169833 1.225278 17.852232
v 0.846669 3.449282 6.566863
v 2.169808 1.252297 -18.281699
v 0.846662 3.449271 -13.169925
v 0.847445 2.972833 -18.387965
v 2.169584 3.449271 -13.274605
v 2.169582 2.972833 -18.196983
v 0.846666 1.728734 -13.169922
v 0.847451 1.252297 -18.387961
v 0.846662 3.449271 -13.169925
v 0.847450 3.449271 -13.465588
v 0.847450 3.449271 -13.465588
v 0.847456 1.728734 -13.465585
v 2.169813 1.728734 -13.359319
v 0.847445 2.972833 -18.387965
v 0.846658 2.972833 -18.092303
v 0.846658 2.972833 -18.092303
v 0.846662 1.252297 -18.092302
v 2.169590 3.449275 -6.529659
v 2.169582 2.972833 -18.196983
v 2.169590 3.449275 -6.529659
v 2.169593 3.449286 13.109656
v 0.846672 1.728738 -6.424973
v 0.847455 3.449275 -6.720641
v 0.846665 3.449275 -6.424976
v 0.846665 3.449275 -6.424976
v 0.847458 3.449286 12.918672
v 0.846675 1.728745 6.566869
v 0.846670 3.449286 13.214337
v 0.847458 3.449282 6.271200
v 0.847462 1.728745 6.271204
v 0.846670 3.449286 13.214337
v 0.847462 1.728745 6.271204
v 2.169822 1.728745 6.377470
v 2.169822 1.728745 6.377470
v 2.169593 3.449286 13.109656
v 0.846678 1.728749 13.214340
v -2.762396 1.183570 -22.221550
v -2.762320 1.066171 -22.278085
v -2.762320 1.066171 -22.278085
v -28.610892 3.551277 0.116569
v -2.762396 1.183570 -22.221550
v -28.661517 3.075354 0.491080
v -28.629993 3.382316 0.387567
v -7.808475 -0.214212 -31.137863
v -7.808546 -0.290862 -31.082175
v -6.122104 -0.051541 -31.107990
v 2.169822 1.728749 13.024940
v -28.629993 3.382316 0.387567
v 0.847455 3.449275 -6.720641
v 0.847458 3.449286 12.918672
v -25.210730 3.400211 0.392456
v 0.847465 1.728749 12.918675
v -28.610892 3.551277 0.116569
v -6.121955 -0.214212 -31.226175
v -4.384922 1.115473 -22.049806
v 2.169817 1.728738 -6.614371
v 0.847459 1.728738 -6.720638
v -6.178280 -0.214212 -31.135803
v -28.695978 2.764530 -0.489400
v -3.885481 0.794775 -21.894734
v -28.723837 2.601409 -0.218403
v -28.723837 2.601409 -0.218403
v -3.273154 3.734158 0.264589
v -25.184534 2.826943 -0.484512
v -28.723492 2.601926 0.116570
v -4.935173 3.734157 0.099200
v -28.695978 2.764530 -0.489400
v -3.272366 3.734158 -0.358259
v -3.273154 3.734158 0.264589
v -4.935173 3.734157 0.099200
v -4.934802 1.379255 -0.197077
v -3.272366 1.379255 -0.358260
v -4.935175 1.379255 0.099200
v -6.121955 -0.214212 -31.226175
v -4.934798 3.734157 -0.197077
v -3.885481 1.207260 -21.894734
v -4.385118 1.080223 -21.895367
v -4.440485 0.921810 21.879694
v -6.121997 -0.314749 -31.193509
v -2.762973 0.818466 -21.763727
v -6.178280 -0.214212 -31.135803
v -4.440430 0.886560 21.835492
v -2.762842 0.737222 -21.865602
v -3.163641 0.823043 -21.769969
v -28.657159 3.069059 -0.427749
v -28.679929 2.835827 -0.351694
v -29.238159 3.301771 -0.351694
v -29.236731 3.072263 0.368713
v -29.232632 2.844693 0.286862
v -29.242859 3.439480 -0.151368
v -28.632883 3.298061 0.292658
v -28.654910 3.069358 0.368714
v -29.236731 3.072263 0.368713
v -3.885641 0.950080 -21.770883
v -4.385061 0.886562 -21.939568
v -4.385149 0.972749 -21.870840
v -28.654910 3.069358 0.368714
v -29.239563 3.302229 0.292658
v -29.241385 3.444487 0.093542
v -29.230966 2.842082 -0.351694
v -29.242859 3.439480 -0.151368
v -29.234030 3.071647 -0.427749
v -29.241385 3.444487 0.093542
v -28.632883 3.298061 0.292658
v -29.239563 3.302229 0.292658
v -29.232184 2.700204 -0.152578
v -29.232184 2.700204 -0.152578
v -3.040804 1.050252 22.668799
v -3.041178 1.050252 22.809442
v -28.679929 2.835827 -0.351694
v -29.230966 2.842082 -0.351694
v -2.151693 2.367243 22.809433
v 22.747757 -8.486510 10.321045
v 22.626236 -7.445516 10.320892
v 22.626370 -7.445516 10.220798
v -6.579888 -3.871694 -0.162334
v -6.761543 -2.065095 -0.162564
v -6.580069 -3.871694 -0.020778
v -6.580069 -3.871694 -0.020778
v -5.845925 -3.871819 -0.019849
v -6.579888 -3.871694 -0.162334
v -5.857599 -2.065095 -0.161421
v -5.845743 -3.871819 -0.161406
v 22.747757 -8.486510 10.321045
v -5.857779 -2.065095 -0.019865
v 23.107754 -8.486510 10.221404
v 23.107632 -8.486510 10.321501
v 23.276877 -7.445516 10.321713
v 23.107632 -8.486510 10.321501
v 23.107754 -8.486510 10.221404
v -8.540500 -4.816065 -0.023258
v -10.762961 -2.961800 -0.167625
v -8.540323 -4.816065 -0.164814
v -9.274468 -4.815940 -0.165742
v -9.306244 -2.961799 -0.165783
v -9.274644 -4.815940 -0.024185
v -3.040819 2.132293 12.992152
v -3.041192 2.132293 13.132796
v -9.306421 -2.961800 -0.024225
v -3.041194 2.132278 -13.251465
v -3.040822 2.132279 -13.392107
v -2.151708 3.449285 13.132788
v -3.041184 1.628823 17.960083
v -2.151714 3.449270 -13.251474
v -3.040809 1.628823 17.819446
v -2.151698 2.945814 17.960077
v -3.041207 1.179886 -22.829285
v -3.040835 1.179887 -22.969925
v -2.151724 2.496877 -22.829295
v -6.122237 -0.376885 -31.002280
v -6.122387 -0.214212 -30.884091
v -3.040817 2.132290 6.344683
v -6.178484 -0.214212 -30.974612
v -3.041191 2.132290 6.485323
v -3.040817 2.132290 6.344683
v -2.151709 3.449281 6.485316
v -3.041191 2.132290 6.485323
v -1.882819 1.728744 6.268171
v -3.041193 2.132283 -6.506517
v -3.040821 2.132283 -6.647160
v -3.041200 1.655841 -18.173843
v -2.151712 3.449274 -6.506525
v -3.040826 1.655841 -18.314485
v 22.775205 -8.434058 -10.841162
v -2.151716 2.972831 -18.173854
v -2.818340 1.183569 22.011331
v -2.818214 1.264812 21.909457
v -2.818214 1.264812 21.909457
v -3.940950 1.143742 21.959973
v -2.818340 1.183569 22.011331
v 23.135205 -8.434058 -10.940802
v 23.135080 -8.434057 -10.840707
v 23.304437 -7.393064 -10.940587
v 23.135080 -8.434057 -10.840707
v 23.135205 -8.434058 -10.940802
v -2.762524 0.737222 -22.119675
v -3.163203 0.743837 -22.116997
v -2.762524 1.264813 -22.119675
v -2.818411 1.066168 22.067868
v -2.817891 1.264812 21.655380
v -2.817891 1.264812 21.655380
v -3.940949 0.858292 21.959973
v -3.885230 1.207260 -22.093378
v -2.762524 0.737222 -22.119675
v -2.762524 1.264813 -22.119675
v -2.818411 1.066168 22.067868
v -2.762683 1.293807 -21.992636
v -2.762845 1.264813 -21.865602
v -2.762845 1.264813 -21.865602
v -2.818052 1.293807 21.782422
v -2.817689 0.935864 21.496973
v -2.818408 0.935864 22.067868
v -2.762683 1.293807 -21.992636
v -2.875508 -0.376884 30.901282
v -2.762975 1.183570 -21.763727
v -2.762975 1.183570 -21.763727
v -2.875265 -0.314748 30.710040
v -3.885637 1.051955 -21.770883
v -2.818408 0.935864 22.067868
v -2.875615 -0.314748 30.986807
v -2.818052 1.293807 21.782422
v -2.762684 0.708228 -21.992636
v 22.775205 -8.434058 -10.841162
v 22.653696 -7.393066 -10.841315
v 22.653818 -7.393066 -10.941412
v 23.304437 -7.393064 -10.940587
v 22.653818 -7.393066 -10.941412
v 22.653696 -7.393066 -10.841315
v -28.636060 3.297716 -0.351694
v -28.657159 3.069059 -0.427749
v -28.624173 3.430852 -0.152578
v -28.636060 3.297716 -0.351694
v -29.238159 3.301771 -0.351694
v -28.679520 2.836247 0.292658
v -28.679520 2.836247 0.292658
v -28.697110 2.703000 0.093543
v -28.698877 2.702211 -0.152578
v -28.697110 2.703000 0.093543
v -28.624173 3.430852 -0.152578
v -29.232632 2.844693 0.286862
v -4.724488 2.237880 -1.683565
v -4.724585 2.237880 -1.607707
v -4.637416 2.489023 -1.683455
v -4.728668 2.237880 1.621386
v -4.641498 2.489022 1.545637
v -4.728572 2.237880 1.545527
v -7.571852 3.732073 1.541931
v -4.887757 3.708649 1.621184
v -4.887661 3.708649 1.545327
v -4.245355 2.479040 1.546139
v -4.887661 3.708649 1.545327
v -4.887757 3.708649 1.621184
v -7.567867 3.732073 -1.611303
v -4.883671 3.708649 -1.607908
v -4.883575 3.708650 -1.683766
v -4.241369 2.479040 -1.607096
v -4.883575 3.708650 -1.683766
v -4.883671 3.708649 -1.607908
v -7.886900 -0.290862 30.866986
v -3.940596 1.207259 21.681677
v -4.384834 0.972749 -22.118543
v -4.618676 1.001017 21.780145
v -7.808475 -0.214212 -31.137863
v -4.440291 1.115472 21.725250
v -4.384923 0.886562 -22.049806
v -4.618676 1.001017 21.780145
v -4.440203 1.029285 21.656516
v -4.440429 1.115472 21.835492
v -4.563311 1.001018 -21.994914
v -7.808475 -0.214212 -31.137863
v -7.808545 -0.137564 -31.082175
v -7.808545 -0.137564 -31.082175
v -6.178280 -0.214212 -31.135803
v -29.337811 3.332601 -0.213388
v -7.808608 -0.290862 -31.032364
v -3.885075 1.051955 -22.217230
v -4.384835 1.029285 -22.118543
v -4.384834 0.972749 -22.118543
v -4.563311 1.001018 -21.994914
v -29.339652 3.406861 -0.187104
v -29.338318 3.306544 -0.138274
v -29.339887 3.380728 -0.111990
v -29.338318 3.306544 -0.138274
v -29.338709 3.409337 0.091656
v -29.339652 3.406861 -0.187104
v -4.440234 0.921810 21.681045
v -3.940439 1.051955 21.557828
v -3.940496 0.858292 21.602033
v -29.338709 3.409337 0.091656
v -3.940722 0.772103 21.781000
v -29.241492 3.339261 -0.109575
v -29.336536 3.304415 0.128827
v -29.241492 3.339261 -0.109575
v -29.242859 3.439480 -0.151368
v -29.337299 3.338345 0.057127
v -29.339887 3.380728 -0.111990
v -29.239029 3.307825 0.085826
v -29.337299 3.338345 0.057127
v -29.336536 3.304415 0.128827
v -29.240735 3.381912 0.059542
v -29.338107 3.375362 0.163356
v -29.239029 3.307825 0.085826
v -29.241278 3.408075 0.134657
v -29.338107 3.375362 0.163356
v -29.241278 3.408075 0.134657
v -29.239697 3.333968 0.160941
v -29.240735 3.381912 0.059542
v -29.239697 3.333968 0.160941
v -29.241208 3.376168 -0.215803
v -29.240079 3.305337 -0.181274
v -29.240079 3.305337 -0.181274
v -29.242859 3.439480 -0.151368
v -29.241208 3.376168 -0.215803
v -29.337811 3.332601 -0.213388
v -29.334259 3.175810 -0.285211
v -29.332312 3.038077 0.013566
v -29.332919 3.099475 -0.302920
v -29.333463 3.116341 0.013566
v -29.332312 3.038077 0.013566
v -29.334345 3.116147 -0.066015
v -29.334345 3.116147 -0.066015
v -29.333215 3.037867 -0.066015
v -29.333145 3.117073 -0.380505
v -29.334406 3.193418 -0.362796
v -29.332919 3.099475 -0.302920
v -29.334406 3.193418 -0.362796
v -29.235867 3.101322 0.250472
v -29.235867 3.101322 0.250472
v -29.238412 3.195227 0.310349
v -29.237369 3.119017 0.328057
v -29.237021 3.177521 0.232764
v -29.238412 3.195227 0.310349
v -29.335611 3.200882 0.267889
v -29.335611 3.200882 0.267889
v -29.237021 3.177521 0.232764
v -29.333987 3.134383 0.225549
v -29.334210 3.092983 0.292931
v -29.333987 3.134383 0.225549
v -29.335986 3.159436 0.335272
v -29.237369 3.119017 0.328057
v -29.334210 3.092983 0.292931
v -29.335986 3.159436 0.335272
v -29.334259 3.175810 -0.285211
v -29.235782 3.135334 -0.277997
v -29.236847 3.201710 -0.320336
v -29.235782 3.135334 -0.277997
v -29.330505 2.841771 -0.237041
v -29.330505 2.841771 -0.237041
v -29.333463 3.116341 0.013566
v -29.234860 3.078643 0.030048
v -29.236295 3.133794 -0.026224
v -29.236295 3.133794 -0.026224
v -29.234845 3.093879 -0.345380
v -29.333145 3.117073 -0.380505
v -29.236081 3.160212 -0.387720
v -29.236081 3.160212 -0.387720
v -29.331204 2.919242 -0.228130
v -29.234845 3.093879 -0.345380
v -29.330713 2.928164 -0.307211
v -29.236847 3.201710 -0.320336
v -29.330713 2.928164 -0.307211
v -29.333215 3.037867 -0.066015
v -29.236139 3.078338 -0.082497
v -29.330039 2.850695 -0.316122
v -29.234521 3.023229 -0.026224
v -29.234521 3.023229 -0.026224
v -29.329916 2.729818 0.013566
v -29.234860 3.078643 0.030048
v -29.236139 3.078338 -0.082497
v -29.329916 2.729818 0.013566
v -29.331119 2.807407 -0.066015
v -29.330151 2.807662 0.013566
v -29.331119 2.807407 -0.066015
v -29.330914 2.729547 -0.066015
v -29.330353 2.879017 0.163760
v -29.330353 2.879017 0.163760
v -29.331592 2.891795 0.275596
v -29.232175 2.880664 0.163760
v -29.331268 2.940185 0.213377
v -29.331268 2.940185 0.213377
v -29.331592 2.891795 0.275596
v -29.330524 2.830669 0.225978
v -29.330524 2.830669 0.225978
v -29.232632 2.844693 0.286862
v -29.232968 2.941329 -0.265825
v -29.232968 2.941329 -0.265825
v -29.232819 2.880280 -0.216208
v -29.231836 2.831892 -0.278427
v -29.331204 2.919242 -0.228130
v -29.330039 2.850695 -0.316122
v -29.231531 2.770532 0.030048
v -29.232391 2.825346 -0.026224
v -29.231836 2.831892 -0.278427
v -29.232147 2.892899 -0.328044
v -29.330151 2.807662 0.013566
v -29.232819 2.880280 -0.216208
v -29.232147 2.892899 -0.328044
v -29.232391 2.825346 -0.026224
v -29.232932 2.770141 -0.082497
v -29.231928 2.715365 -0.026224
v -29.330914 2.729547 -0.066015
v -29.231928 2.715365 -0.026224
v -7.886835 -0.137566 30.817178
v -7.886949 -0.166843 30.907288
v -29.232932 2.770141 -0.082497
v -6.256706 -0.137565 30.869052
v -29.231531 2.770532 0.030048
v -7.886949 -0.166843 30.907288
v -7.886948 -0.261586 30.907288
v -7.886835 -0.137566 30.817178
v 6.260436 -2.419481 5.256488
v 6.421165 -2.819671 4.965734
v 6.421165 -2.572341 4.786037
v 6.421165 -2.266622 4.786037
v 6.421165 -2.019292 4.965734
v 6.421165 -1.924820 5.256488
v 6.421165 -2.019292 5.547242
v 6.421165 -2.266622 5.726939
v 6.421165 -2.914143 5.256488
v 6.421165 -2.572341 5.726939
v 6.421165 -2.819671 5.547242
v 7.102007 -3.100324 4.761827
v 6.841949 -3.067001 4.786037
v 7.102007 -2.679540 4.456110
v 6.841949 -2.666812 4.495284
v 7.102007 -2.159423 4.456110
v 7.102007 -1.738639 4.761828
v 6.841949 -2.172151 4.495284
v 7.102007 -1.577914 5.256488
v 6.841949 -1.771961 4.786037
v 6.841949 -1.619102 5.256488
v 7.102006 -1.738639 5.751150
v 7.102007 -2.159423 6.056866
v 6.841946 -1.771961 5.726939
v 6.841946 -2.172151 6.017694
v 7.102007 -2.679540 6.056866
v 6.841949 -3.067001 5.726939
v 6.841949 -3.219860 5.256488
v 7.102007 -3.261048 5.256488
v 7.102007 -3.100324 5.751149
v 6.841949 -2.666812 6.017694
v 7.102007 -3.100324 4.761827
v 7.102007 -2.679540 4.456110
v 7.102007 -2.159423 4.456110
v 7.102007 -1.738639 4.761828
v 7.102007 -1.577914 5.256488
v 7.102006 -1.738639 5.751150
v 7.102007 -2.159423 6.056866
v 7.102007 -3.261048 5.256488
v 7.097143 -2.418186 5.260405
v 7.102007 -2.679540 6.056866
v 7.102007 -3.100324 5.751149
v 12.838406 -2.788653 7.777460
v 12.838406 -3.606131 7.231238
v 12.838406 -4.152349 6.413762
v 12.838406 -4.344157 5.449483
v 12.838406 -4.152349 4.485204
v 12.838406 -3.606129 3.667728
v 12.838406 -2.788652 3.121507
v 12.838406 -1.824374 2.929700
v 12.838406 -0.860093 3.121508
v 12.838406 -0.042617 3.667728
v 12.838406 0.503603 4.485205
v 12.838406 0.695409 5.449483
v 12.838406 0.503603 6.413763
v 12.838406 -1.824374 7.969266
v 12.838406 -0.042617 7.231238
v 12.838406 -0.860094 7.777460
v 12.838406 -1.824374 5.449483
v 7.092277 -3.381168 7.592297
v 7.092277 -4.198644 7.046078
v 7.092277 -4.744865 6.228601
v 7.092277 -4.936671 5.264322
v 7.092277 -4.744865 4.300043
v 7.092277 -4.198644 3.482567
v 7.092277 -3.381167 2.936347
v 7.092277 -2.416888 2.744540
v 7.092277 -1.452609 2.936347
v 7.092277 -0.635132 3.482567
v 7.092277 -0.088913 4.300043
v 7.092277 0.102894 5.264322
v 7.092277 -0.088913 6.228601
v 7.092277 -0.635133 7.046078
v 7.092277 -2.416889 7.784104
v 7.097143 -2.418186 5.260405
v 7.092277 -1.452610 7.592297
v 6.260437 -2.419481 -5.393106
v 6.421165 -2.819671 -5.102351
v 6.421165 -2.572341 -4.922655
v 6.421165 -2.266622 -4.922655
v 6.421165 -2.019292 -5.102351
v 6.421165 -1.924820 -5.393106
v 6.421165 -2.019292 -5.683860
v 6.421165 -2.266622 -5.863556
v 6.421165 -2.914143 -5.393106
v 6.421165 -2.572341 -5.863556
v 6.421165 -2.819671 -5.683860
v 7.102007 -3.100324 -4.898444
v 6.841949 -3.067001 -4.922655
v 7.102007 -2.679540 -4.592727
v 6.841949 -2.666812 -4.631900
v 7.102007 -2.159423 -4.592727
v 7.102007 -1.738639 -4.898445
v 6.841949 -2.172151 -4.631900
v 6.841949 -1.771961 -4.922655
v 7.102007 -1.577914 -5.393106
v 7.102006 -1.738639 -5.887767
v 6.841949 -1.619102 -5.393106
v 7.102007 -2.159423 -6.193484
v 6.841946 -1.771961 -5.863556
v 6.841946 -2.172151 -6.154311
v 7.102007 -2.679540 -6.193484
v 7.102007 -3.100324 -5.887766
v 6.841949 -3.067001 -5.863556
v 6.841949 -2.666812 -6.154311
v 6.841949 -3.219860 -5.393106
v 7.102007 -3.261048 -5.393106
v 7.102007 -3.100324 -4.898444
v 7.102007 -2.679540 -4.592727
v 7.102007 -2.159423 -4.592727
v 7.102007 -1.738639 -4.898445
v 7.102007 -1.577914 -5.393106
v 7.102006 -1.738639 -5.887767
v 7.102007 -2.159423 -6.193484
v 7.097143 -2.418186 -5.397023
v 7.102007 -2.679540 -6.193484
v 7.102007 -3.100324 -5.887766
v 7.102007 -3.261048 -5.393106
v 12.838406 -2.788653 -7.914076
v 12.838406 -3.606131 -7.367855
v 12.838406 -4.152349 -6.550378
v 12.838406 -4.344157 -5.586100
v 12.838406 -4.152349 -4.621821
v 12.838406 -3.606129 -3.804345
v 12.838406 -2.788652 -3.258124
v 12.838406 -1.824374 -3.066318
v 12.838406 -0.860093 -3.258125
v 12.838406 -0.042617 -3.804345
v 12.838406 0.503603 -4.621822
v 12.838406 0.695409 -5.586100
v 12.838406 0.503603 -6.550379
v 12.838406 -1.824374 -5.586100
v 12.838406 -0.042617 -7.367856
v 12.838406 -0.860094 -7.914076
v 12.838406 -1.824374 -8.105883
v 7.092277 -3.381168 -7.728915
v 7.092277 -4.198644 -7.182695
v 7.092277 -4.744865 -6.365218
v 7.092277 -4.936671 -5.400939
v 7.092277 -4.744865 -4.436660
v 7.092277 -4.198644 -3.619184
v 7.092277 -3.381167 -3.072964
v 7.092277 -2.416888 -2.881157
v 7.092277 -1.452609 -3.072964
v 7.092277 -0.635132 -3.619184
v 7.092277 -0.088913 -4.436661
v 7.092277 0.102894 -5.400940
v 7.092277 -0.088913 -6.365219
v 7.092277 -0.635133 -7.182695
v 7.092277 -2.416889 -7.920723
v 7.097143 -2.418186 -5.397023
v 7.092277 -1.452610 -7.728915
v -20.080602 1.204770 -2.186207
v -23.409732 -1.400677 -0.063704
v -13.931903 -2.806784 1.702119
v -13.594572 0.966459 1.144748
v -11.684512 0.925041 1.152713
v -11.681374 0.888779 -0.017106
v -11.684512 0.925041 1.152713
v -13.594572 0.966459 1.144748
v -20.890448 -1.656054 -1.808719
v -11.677914 0.925041 -1.186926
v -11.677914 0.925041 -1.186926
v -13.931903 -2.806784 1.702119
v -12.388461 -3.185053 -0.982804
v -11.681374 0.888779 -0.017106
v -12.391946 -3.219764 -0.016011
v -13.597517 1.071488 2.119598
v -13.594572 0.966459 1.144748
v -13.587972 0.966459 -1.194891
v -13.585416 1.071487 -2.169741
v -13.919830 -2.801688 -1.746497
v -23.409732 -1.400677 -0.063704
v -13.919830 -2.801688 -1.746497
v -22.525954 1.196775 -1.155573
v -20.890448 -1.656054 -1.808719
v -13.919830 -2.801688 -1.746497
v -13.585416 1.071487 -2.169741
v -12.942389 -3.040219 -1.436268
v -13.587972 0.966459 -1.194891
v -13.585416 1.071487 -2.169741
v -13.587972 0.966459 -1.194891
v -22.514772 1.270826 -2.109224
v -22.525954 1.196775 -1.155573
v -23.083066 -1.210183 -1.452813
v -23.083066 -1.210183 -1.452813
v -22.254227 -1.479276 1.681546
v -23.047031 -1.228087 1.469009
v -22.522011 1.272585 1.900635
v -22.247055 -1.473918 -1.620699
v -12.395112 -3.186798 0.950782
v -20.080602 1.204770 -2.186207
v -12.950320 -3.043343 1.394368
v -13.594572 0.966459 1.144748
v -22.514772 1.270826 -2.109224
v -22.514772 1.270826 -2.109224
v -20.080602 1.204770 -2.186207
v -22.525954 1.196775 -1.155573
v -22.522011 1.272585 1.900635
v -22.254227 -1.479276 1.681546
v -13.597517 1.071488 2.119598
v -22.522011 1.272585 1.900635
v -13.594572 0.966459 1.144748
v -20.080602 1.204770 -2.186207
v -11.681374 0.888779 -0.017106
v -22.525954 1.196775 -1.155573
v -23.047031 -1.228087 1.469009
v -22.522011 1.272585 1.900635
v -13.931903 -2.806784 1.702119
v -23.180307 -1.335510 0.921391
v -22.254227 -1.479276 1.681546
v -13.597517 1.071488 2.119598
v -22.525954 1.196775 -1.155573
v -13.594572 0.966459 1.144748
v -22.522011 1.272585 1.900635
v -12.391946 -3.219764 -0.016011
v -12.395112 -3.186798 0.950782
v -11.684512 0.925041 1.152713
v -15.530618 4.801365 -0.182121
v -16.411273 5.715529 -0.061291
v -15.627316 4.574933 0.174338
v -16.563397 5.540031 -0.042770
v -15.627316 4.588502 -0.148684
v -16.563307 5.538598 0.023544
v -16.167458 4.106034 -0.081740
v -16.572582 5.526939 0.068336
v -15.652913 4.570872 0.218827
v -16.457100 5.661919 -0.024066
v -17.107988 5.414070 -0.024435
v -16.340147 5.778217 -0.049890
v -16.599677 5.479684 -0.055869
v -15.530618 4.784881 0.210846
v -16.411121 5.713188 0.049295
v -16.589098 5.510073 -0.027107
v -16.025975 4.150637 -0.080963
v -16.366422 5.745727 0.121136
v -16.470737 5.624698 0.195116
v -16.574545 5.506346 0.116341
v -16.366422 5.745727 0.121136
v -17.107988 5.414070 -0.024435
v -17.316428 7.642862 -0.245185
v -17.232504 7.399176 -0.249438
v -17.336989 7.306744 -0.251051
v -15.530618 4.784881 0.210846
v -16.411121 5.713188 0.049295
v -15.514664 4.860231 0.330180
v -15.514664 4.860231 0.330180
v -15.652913 4.570872 0.218827
v -15.652913 4.588167 -0.215997
v -16.522765 5.589627 -0.167514
v -17.520493 5.926872 0.005360
v -16.563397 5.540031 -0.042770
v -16.572582 5.526939 0.068336
v -17.686874 5.873390 0.305237
v -15.295834 4.654535 -0.303074
v -17.686877 5.883759 -0.287759
v -15.627316 4.574933 0.174338
v -17.809708 5.878551 0.008739
v -17.484936 5.928367 -0.080464
v -15.514664 4.886701 -0.301385
v -15.295834 4.628017 0.328493
v -15.514664 4.886701 -0.301385
v -16.576184 5.523451 0.037541
v -16.096719 4.126713 0.011646
v -16.065236 4.139165 -0.132788
v -17.476233 7.308303 0.251520
v -16.153448 4.109331 -0.017307
v -16.039989 4.145099 -0.016682
v -17.232819 7.407966 0.016421
v -17.093790 5.883759 -0.287759
v -16.128201 4.119312 -0.133135
v -16.493604 5.621114 -0.076514
v -17.390332 5.871240 0.428053
v -17.548436 7.407966 0.016422
v -16.552351 5.553506 -0.077867
v -16.523325 5.583655 0.067398
v -17.093790 5.873390 0.305238
v -16.970956 5.878551 0.008739
v -17.277707 5.926872 0.005359
v -17.313261 5.925354 0.091183
v -17.484936 5.925354 0.091183
v -17.399100 5.924731 0.126732
v -16.470325 5.645244 0.039980
v -16.340147 5.778217 -0.049890
v -16.574545 5.506346 0.116341
v -16.411703 5.697755 -0.189176
v -17.101550 5.794825 -0.018679
v -16.599677 5.479684 -0.055869
v -16.340147 5.778217 -0.049890
v -15.575369 4.739251 0.248104
v -15.629797 4.663995 -0.292307
v -15.575369 4.758888 -0.220020
v -15.572272 4.664761 -0.124915
v -17.100780 5.754583 0.145975
v -16.501431 5.608501 0.082493
v -15.572272 4.653150 0.151691
v -16.450879 5.672096 -0.155753
v -16.411273 5.715529 -0.061291
v -15.530618 4.801365 -0.182121
v -15.529242 4.759509 -0.139796
v -16.433768 5.687242 0.044737
v -15.627316 4.588502 -0.148684
v -16.563307 5.538598 0.023544
v -16.501685 5.612323 -0.099013
v -16.450464 5.665789 0.142167
v -16.572800 5.530188 -0.087720
v -16.522321 5.582890 0.150640
v -15.629797 4.643976 0.251657
v -16.433913 5.689393 -0.058040
v -15.529242 4.746561 0.167939
v -17.809714 2.200498 -0.142317
v -17.502216 7.409908 -0.095149
v -17.548436 5.863672 0.005241
v -17.094125 3.040282 0.327331
v -17.502216 5.865614 -0.106330
v -17.223988 7.538384 -0.247007
v -17.476233 7.315250 -0.250903
v -16.345847 3.885240 0.381972
v -17.476233 7.315250 -0.250903
v -17.223988 7.538384 -0.247007
v -17.560156 7.558956 -0.246649
v -17.065274 2.391496 -0.130132
v -17.568674 7.419729 -0.249079
v -17.455673 7.651369 -0.245036
v -16.345847 3.900807 -0.510029
v -17.390332 5.885909 -0.410572
v -17.093790 5.883759 -0.287759
v -17.399100 5.928988 -0.116013
v -16.340147 5.778217 -0.049890
v -17.313261 5.928367 -0.080464
v -17.101550 5.794825 -0.018679
v -16.574545 5.506346 0.116341
v -16.411703 5.697755 -0.189176
v -17.102748 5.600809 0.217197
v -17.390628 7.405214 0.174207
v -17.093791 2.205672 -0.438815
v -17.105945 5.449245 0.141359
v -16.470737 5.624698 0.195116
v -16.970960 2.200498 -0.142317
v -17.104459 5.691195 -0.152776
v -16.527203 5.564877 -0.191837
v -17.390628 7.410716 -0.141363
v -17.107314 5.521724 -0.155337
v -16.970956 5.878551 0.008739
v -17.094125 3.055852 -0.564673
v -17.094125 3.040282 0.327331
v -16.345847 3.900807 -0.510029
v -17.065274 2.391496 -0.130132
v -17.316428 7.635915 0.257239
v -17.093791 2.195318 0.154181
v -17.232819 5.863672 0.005241
v -17.316428 7.642862 -0.245185
v -17.390332 5.871240 0.428053
v -17.279039 5.861698 0.116811
v -17.223988 7.531436 0.255414
v -17.279039 7.406024 0.127993
v -17.093790 5.873390 0.305238
v -15.514664 4.886701 -0.301385
v -16.345847 3.885240 0.381972
v -17.094125 3.055852 -0.564673
v -15.514664 4.860231 0.330180
v -17.560156 7.552010 0.255774
v -17.232504 7.399176 -0.249438
v -17.390335 2.193178 0.276996
v -17.232504 7.392228 0.252984
v -17.686874 5.873390 0.305237
v -17.390332 5.885909 -0.410572
v -17.336989 7.306744 -0.251051
v -17.560156 7.558956 -0.246649
v -17.568674 7.419729 -0.249079
v -17.568674 7.412782 0.253344
v -17.336989 7.299796 0.251372
v -17.455673 7.644422 0.257387
v -17.455673 7.651369 -0.245036
v -17.390338 2.207818 -0.561630
v -17.809708 5.878551 0.008739
v -15.295834 4.654535 -0.303074
v -16.113257 3.638285 -0.068475
v -17.390628 5.866423 -0.152545
v -17.686877 5.883759 -0.287759
v -17.390628 5.860889 0.163026
v -17.502216 5.861698 0.116811
v -17.686881 2.205672 -0.438815
v -17.686881 2.195318 0.154181
v -17.502216 7.406024 0.127993
v -17.279039 5.865614 -0.106330
v -17.279039 7.409908 -0.095149
v -15.295834 4.628017 0.328493
v -17.398294 7.473444 0.251806
v -16.970132 7.784522 0.251807
v -16.541971 8.095599 0.416327
v -17.071208 8.480112 0.416327
v -17.234750 7.976778 0.251806
v -17.725380 8.480112 0.416327
v -17.561836 7.976778 0.251806
v -17.826456 7.784522 0.251806
v -18.254616 8.095599 0.416327
v -18.456766 7.473444 0.416327
v -17.927531 7.473444 0.251807
v -17.826456 7.162366 0.251807
v -18.254614 6.851289 0.416327
v -17.561836 6.970110 0.251806
v -17.725378 6.466776 0.416327
v -16.970132 7.162367 0.251807
v -17.234750 6.970110 0.251806
v -16.339822 7.473444 0.416327
v -17.071207 6.466776 0.416327
v -16.541971 6.851289 0.416327
v -16.869058 7.473444 0.251807
v -16.541971 8.095599 0.416327
v -16.541971 8.095599 0.890179
v -17.071207 8.480112 0.890179
v -17.071208 8.480112 0.416327
v -17.725380 8.480112 0.890179
v -17.725380 8.480112 0.416327
v -18.254616 8.095599 0.416327
v -18.254614 8.095599 0.890179
v -18.456766 7.473444 0.416327
v -18.456766 7.473444 0.890179
v -18.254614 6.851289 0.416327
v -18.254614 6.851289 0.890179
v -17.725378 6.466776 0.890179
v -17.725378 6.466776 0.416327
v -17.071207 6.466776 0.416327
v -17.071207 6.466777 0.890179
v -17.071207 6.466777 0.890179
v -17.071207 6.466776 0.416327
v -16.541971 6.851289 0.890179
v -16.339822 7.473444 0.890179
v -16.339822 7.473444 0.416327
v -16.541971 6.851289 0.416327
v -16.541971 8.095599 0.890179
v -17.071207 8.480112 0.890179
v -17.725380 8.480112 0.890179
v -18.254614 8.095599 0.890179
v -18.456766 7.473444 0.890179
v -18.254614 6.851289 0.890179
v -17.725378 6.466776 0.890179
v -17.071207 6.466777 0.890179
v -16.541971 6.851289 0.890179
v -16.339822 7.473444 0.890179
v -16.869058 7.473444 1.054700
v -17.826454 7.162367 1.054700
v -16.970132 7.784522 1.054700
v -17.561836 6.970110 1.054700
v -17.927530 7.473444 1.054700
v -17.398294 7.473444 1.054700
v -17.234750 6.970110 1.054700
v -17.826456 7.784522 1.054700
v -16.970132 7.162367 1.054700
v -17.561836 7.976778 1.054700
v -17.234750 7.976778 1.054700
v 1.170885 4.431045 10.038757
v 0.290231 5.345208 10.159586
v 1.074188 4.204612 10.395216
v 1.074188 4.218181 10.072193
v 0.138106 5.169711 10.178108
v 0.138197 5.168277 10.244421
v 0.534046 3.735713 10.139135
v 0.128923 5.156619 10.289213
v 1.048591 4.200551 10.439704
v 0.244404 5.291599 10.196813
v -0.406485 5.043749 10.196442
v 0.361356 5.407896 10.170988
v 0.101827 5.109363 10.165008
v 0.290383 5.342867 10.270171
v 1.170886 4.414561 10.431722
v 0.112406 5.139752 10.193769
v 0.675529 3.780316 10.139915
v 0.335082 5.375406 10.342013
v 0.230767 5.254377 10.415994
v 0.335082 5.375406 10.342013
v 0.126959 5.136025 10.337219
v -0.406485 5.043749 10.196442
v -0.614924 7.272541 9.975694
v -0.531001 7.028855 9.971439
v -0.635485 6.936424 9.969827
v 0.290383 5.342867 10.270171
v 1.170886 4.414561 10.431722
v 1.186839 4.489910 10.551057
v 1.186839 4.489910 10.551057
v 1.048591 4.200551 10.439704
v 1.048590 4.217847 10.004881
v 0.178739 5.219306 10.053362
v -0.985372 5.503070 10.526116
v -0.818987 5.556551 10.226237
v 0.138106 5.169711 10.178108
v 0.128923 5.156619 10.289213
v -0.783433 5.558046 10.140414
v -0.985373 5.513438 9.933118
v -1.108205 5.508230 10.229618
v 1.074188 4.204612 10.395216
v 1.405670 4.284214 9.917803
v 1.405670 4.257696 10.549371
v 1.186839 4.516380 9.919491
v 1.186839 4.516380 9.919491
v 0.604785 3.756392 10.232525
v 0.636267 3.768844 10.088090
v 0.548055 3.739010 10.203571
v 0.125321 5.153130 10.258418
v -0.774732 6.937982 10.472396
v -0.846933 7.037645 10.237301
v 0.573302 3.748991 10.087743
v 0.178180 5.213334 10.288276
v -0.531314 7.037645 10.237299
v 0.661515 3.774779 10.204194
v -0.392284 5.503070 10.526116
v -0.392284 5.513438 9.933118
v -0.576203 5.556551 10.226235
v 0.361356 5.407896 10.170988
v 0.149153 5.183185 10.143011
v 0.207900 5.250794 10.144363
v 0.231178 5.274923 10.260859
v -0.269453 5.508230 10.229618
v -0.688828 5.500919 10.648931
v -0.611758 5.555033 10.312060
v -0.697596 5.554410 10.347610
v -0.783433 5.555033 10.312060
v 0.101827 5.109363 10.165008
v 0.289800 5.327434 10.031702
v 0.126959 5.136025 10.337219
v -0.400046 5.424504 10.202198
v 1.126135 4.388567 10.000857
v 1.170885 4.431045 10.038757
v 1.126135 4.368930 10.468981
v 0.250625 5.301775 10.065125
v 0.200073 5.238180 10.303370
v 0.290231 5.345208 10.159586
v -0.399277 5.384263 10.366854
v 0.361356 5.407896 10.170988
v 1.071707 4.293675 9.928571
v 1.129231 4.282829 10.372568
v 1.129231 4.294440 10.095962
v 1.172261 4.389188 10.081081
v 0.267736 5.316922 10.265614
v 0.138197 5.168277 10.244421
v 1.074188 4.218181 10.072193
v 0.128703 5.159868 10.133158
v 1.071708 4.273655 10.472533
v 0.267591 5.319072 10.162838
v 1.172262 4.376239 10.388815
v 0.199820 5.242001 10.121865
v 0.251041 5.295469 10.363044
v 0.179183 5.212570 10.371519
v -1.108208 1.830178 10.078561
v -0.800711 7.039587 10.125729
v -0.800711 5.495294 10.114547
v -0.392621 2.669961 10.548208
v -0.846933 5.493351 10.226119
v -0.754169 7.281048 9.975842
v -0.522485 7.168063 9.973870
v -0.774731 6.944930 9.969974
v -0.363771 2.021175 10.090745
v -0.867170 7.049408 9.971800
v -0.858653 7.188635 9.974229
v 0.355656 3.514919 10.602848
v -0.522485 7.168063 9.973870
v -0.774731 6.944930 9.969974
v 0.355656 3.530486 9.710848
v 0.126959 5.136025 10.337219
v -0.688830 5.515588 9.810305
v -0.400046 5.424504 10.202198
v 0.289800 5.327434 10.031702
v -0.611758 5.558046 10.140414
v -0.697596 5.558667 10.104865
v 0.361356 5.407896 10.170988
v -0.392284 5.513438 9.933118
v -0.405810 5.151402 10.065540
v -0.392288 1.835351 9.782063
v -0.404441 5.078924 10.362235
v -0.269456 1.830178 10.078559
v 0.230767 5.254377 10.415994
v -0.402956 5.320874 10.068102
v -0.689124 7.040395 10.079516
v -0.401245 5.230487 10.438076
v -0.392621 2.685531 9.656205
v 0.174300 5.194556 10.029040
v -0.269453 5.508230 10.229618
v -0.689124 7.034893 10.395084
v -0.363771 2.021175 10.090745
v 0.355656 3.530486 9.710848
v -0.392621 2.669961 10.548208
v -0.531314 5.493351 10.226119
v -0.577535 7.035703 10.348872
v -0.614924 7.265594 10.478117
v 1.186839 4.489910 10.551057
v -0.614924 7.272541 9.975694
v -0.392288 1.824997 10.375059
v -0.392284 5.503070 10.526116
v -0.522485 7.161115 10.476290
v -0.688828 5.500919 10.648931
v 1.186839 4.516380 9.919491
v 0.355656 3.514919 10.602848
v -0.577535 5.491377 10.337688
v -0.392621 2.685531 9.656205
v -0.689124 5.490568 10.383904
v -0.985372 5.503070 10.526116
v -0.688830 5.515588 9.810305
v -0.688833 1.822856 10.497872
v -0.867170 7.049408 9.971800
v -0.858653 7.188635 9.974229
v -0.531001 7.021907 10.473861
v -0.858653 7.181689 10.476652
v -0.531001 7.028855 9.971439
v 1.405670 4.284214 9.917803
v -0.635485 6.929475 10.472248
v 1.405670 4.257696 10.549371
v -0.867170 7.042461 10.474223
v -0.800711 5.491377 10.337688
v -0.800711 7.035703 10.348872
v -0.635485 6.936424 9.969827
v 0.588247 3.267965 10.152401
v -0.577535 5.495294 10.114547
v -0.985373 5.513438 9.933118
v -0.754170 7.274101 10.478266
v -0.754169 7.281048 9.975842
v -0.985376 1.835351 9.782063
v -0.577535 7.039587 10.125729
v -0.688833 1.837496 9.659248
v -1.108205 5.508230 10.229618
v -0.985376 1.824997 10.375060
v -0.689124 5.496102 10.068333
v -0.692578 7.117444 10.475129
v -0.110281 7.540508 10.475129
v 0.472019 7.963574 10.698876
v -0.247743 8.486511 10.698876
v -0.470162 7.801977 10.475129
v -1.137416 8.486511 10.698876
v -0.914998 7.801977 10.475129
v -1.274878 7.540508 10.475129
v -1.857178 7.963574 10.698878
v -2.132102 7.117442 10.698878
v -1.412341 7.117442 10.475129
v -1.274878 6.694377 10.475129
v -1.857177 6.271312 10.698878
v -1.137415 5.748375 10.698878
v -0.914997 6.432909 10.475129
v 0.746943 7.117444 10.698876
v -0.110280 6.694379 10.475129
v -0.247741 5.748375 10.698876
v -0.470159 6.432909 10.475129
v 0.472019 6.271313 10.698876
v 0.027182 7.117444 10.475129
v 0.472019 7.963574 11.343314
v 0.472019 7.963574 10.698876
v -0.247741 8.486511 11.343314
v -0.247743 8.486511 10.698876
v -1.137416 8.486511 10.698876
v -1.137416 8.486511 11.343314
v -1.857177 7.963574 11.343316
v -1.857178 7.963574 10.698878
v -2.132102 7.117444 11.343316
v -2.132102 7.117442 10.698878
v -1.857177 6.271312 10.698878
v -1.857177 6.271312 11.343316
v -1.137415 5.748375 10.698878
v -0.247741 5.748375 10.698876
v -1.137415 5.748375 11.343316
v -0.247741 5.748376 11.343314
v -0.247741 5.748376 11.343314
v -0.247741 5.748375 10.698876
v 0.472021 6.271314 11.343314
v 0.746943 7.117444 11.343314
v 0.472019 6.271313 10.698876
v 0.746943 7.117444 10.698876
v 0.472019 7.963574 11.343314
v -0.247741 8.486511 11.343314
v -1.137416 8.486511 11.343314
v -1.857177 7.963574 11.343316
v -2.132102 7.117444 11.343316
v -1.857177 6.271312 11.343316
v -1.137415 5.748375 11.343316
v -0.247741 5.748376 11.343314
v 0.746943 7.117444 11.343314
v 0.472021 6.271314 11.343314
v -0.914997 7.801977 11.567063
v -1.274878 6.694379 11.567063
v -0.470159 7.801977 11.567062
v -0.914997 6.432910 11.567063
v -1.274878 7.540508 11.567063
v -0.110280 7.540509 11.567062
v -0.470159 6.432910 11.567063
v -1.412340 7.117444 11.567063
v -0.110280 6.694379 11.567062
v 0.027183 7.117444 11.567062
v -0.692578 7.117444 11.567063
v 1.170886 4.431045 -10.175373
v 0.290232 5.345208 -10.296204
v 1.074188 4.204612 -10.531834
v 1.074188 4.218181 -10.208810
v 0.138107 5.169711 -10.314725
v 0.138198 5.168277 -10.381039
v 0.534046 3.735713 -10.275754
v 0.128924 5.156619 -10.425831
v 1.048592 4.200551 -10.576322
v 0.244405 5.291599 -10.333430
v -0.406484 5.043749 -10.333061
v 0.361357 5.407896 -10.307606
v 0.101828 5.109363 -10.301626
v 0.290384 5.342867 -10.406790
v 1.170887 4.414561 -10.568341
v 0.112407 5.139752 -10.330387
v 0.675530 3.780316 -10.276533
v 0.335083 5.375406 -10.478632
v 0.230768 5.254377 -10.552610
v 0.126960 5.136025 -10.473837
v -0.406484 5.043749 -10.333061
v 0.335083 5.375406 -10.478632
v -0.614923 7.272541 -10.112311
v -0.531000 7.028855 -10.108057
v -0.635484 6.936424 -10.106444
v 1.170887 4.414561 -10.568341
v 0.290384 5.342867 -10.406790
v 1.186840 4.489910 -10.687675
v 1.186840 4.489910 -10.687675
v 1.048592 4.200551 -10.576322
v 0.178739 5.219306 -10.189981
v 1.048591 4.217847 -10.141499
v -0.818986 5.556551 -10.362855
v 0.138107 5.169711 -10.314725
v -0.985371 5.503070 -10.662734
v -0.783432 5.558046 -10.277030
v 1.186840 4.516380 -10.056110
v -0.985372 5.513438 -10.069737
v 1.074188 4.204612 -10.531834
v 0.128924 5.156619 -10.425831
v -1.108204 5.508230 -10.366235
v 1.405671 4.284214 -10.054422
v 1.405671 4.257696 -10.685989
v 1.186840 4.516380 -10.056110
v 0.125321 5.153130 -10.395036
v -0.774730 6.937982 -10.609016
v 0.636268 3.768844 -10.224707
v 0.604786 3.756392 -10.369141
v 0.548056 3.739010 -10.340188
v -0.846932 7.037645 -10.373918
v 0.361357 5.407896 -10.307606
v -0.531313 7.037645 -10.373917
v 0.231179 5.274923 -10.397476
v 0.207901 5.250794 -10.280981
v 0.661515 3.774779 -10.340812
v 0.149154 5.183185 -10.279629
v -0.392283 5.513438 -10.069737
v -0.697595 5.554410 -10.484228
v -0.576202 5.556551 -10.362854
v -0.611757 5.555033 -10.448679
v -0.783432 5.555033 -10.448679
v -0.269452 5.508230 -10.366235
v -0.688827 5.500919 -10.785548
v 0.178181 5.213334 -10.424893
v 0.126960 5.136025 -10.473837
v -0.392283 5.503070 -10.662734
v 0.573303 3.748991 -10.224361
v 0.289801 5.327434 -10.168320
v -0.400046 5.424504 -10.338816
v -0.399276 5.384263 -10.503471
v 0.101828 5.109363 -10.301626
v 1.129232 4.294440 -10.232580
v 1.129232 4.282829 -10.509186
v 0.250626 5.301775 -10.201743
v 1.126135 4.388567 -10.137475
v 0.290232 5.345208 -10.296204
v 0.361357 5.407896 -10.307606
v 1.126135 4.368930 -10.605600
v 1.071707 4.293675 -10.065189
v 1.172262 4.389188 -10.217699
v 0.200074 5.238180 -10.439988
v 0.138198 5.168277 -10.381039
v 0.267737 5.316922 -10.402232
v 1.170886 4.431045 -10.175373
v 0.128704 5.159868 -10.269775
v 0.179184 5.212570 -10.508136
v 0.267592 5.319072 -10.299455
v 1.071709 4.273655 -10.609152
v 1.172263 4.376239 -10.525433
v 0.199821 5.242001 -10.258482
v 0.251042 5.295469 -10.499661
v 1.074188 4.218181 -10.208810
v -0.846932 5.493351 -10.362736
v -0.800710 7.039587 -10.262346
v -0.800710 5.495294 -10.251166
v -1.108207 1.830178 -10.215179
v -0.363770 2.021175 -10.227364
v -0.392620 2.669961 -10.684826
v -0.858652 7.188635 -10.110847
v -0.754169 7.281048 -10.112460
v -0.522484 7.168063 -10.110487
v 0.355657 3.514919 -10.739468
v -0.522484 7.168063 -10.110487
v -0.774731 6.944930 -10.106593
v -0.867169 7.049408 -10.108417
v -0.774731 6.944930 -10.106593
v 0.355657 3.530486 -9.847466
v 0.361357 5.407896 -10.307606
v -0.400046 5.424504 -10.338816
v 0.289801 5.327434 -10.168320
v -0.697595 5.558667 -10.241482
v -0.611758 5.558046 -10.277030
v -0.688829 5.515588 -9.946923
v -0.392283 5.513438 -10.069737
v 0.126960 5.136025 -10.473837
v -0.404440 5.078924 -10.498853
v -0.392620 2.685531 -9.792822
v 0.230768 5.254377 -10.552610
v -0.269455 1.830178 -10.215178
v -0.392620 2.669961 -10.684826
v -0.689123 7.034893 -10.531702
v -0.689123 7.040395 -10.216132
v -0.392287 1.835351 -9.918680
v -0.405809 5.151402 -10.202158
v -0.401244 5.230487 -10.574694
v -0.402955 5.320874 -10.204720
v 0.174301 5.194556 -10.165659
v -0.269452 5.508230 -10.366235
v -0.392620 2.685531 -9.792822
v 0.355657 3.530486 -9.847466
v -0.363770 2.021175 -10.227364
v -0.614923 7.265594 -10.614735
v -0.531313 5.493351 -10.362736
v -0.688827 5.500919 -10.785548
v -0.392287 1.824997 -10.511677
v -0.392283 5.503070 -10.662734
v -0.614923 7.272541 -10.112311
v -0.522484 7.161115 -10.612910
v 1.186840 4.489910 -10.687675
v -0.577534 7.035703 -10.485488
v -0.577534 5.491377 -10.474307
v 1.186840 4.516380 -10.056110
v 0.355657 3.514919 -10.739468
v -0.689123 5.496102 -10.204951
v -0.800710 5.491377 -10.474307
v -0.689123 5.490568 -10.520522
v -0.688832 1.822856 -10.634491
v -0.985371 5.503070 -10.662734
v -0.858652 7.188635 -10.110847
v 1.405671 4.284214 -10.054422
v -0.531000 7.028855 -10.108057
v -0.800710 7.035703 -10.485488
v -0.577534 7.039587 -10.262346
v 1.405671 4.257696 -10.685989
v -0.867169 7.049408 -10.108417
v -0.858652 7.181689 -10.613269
v -0.985372 5.513438 -10.069737
v -0.531000 7.021907 -10.610479
v -0.867169 7.042461 -10.610838
v 0.588248 3.267965 -10.289020
v -1.108204 5.508230 -10.366235
v -0.985376 1.824997 -10.511677
v -0.635484 6.936424 -10.106444
v -0.754169 7.274101 -10.614883
v -0.985376 1.835351 -9.918680
v -0.635484 6.929475 -10.608868
v -0.754169 7.281048 -10.112460
v -0.688832 1.837496 -9.795866
v -0.688829 5.515588 -9.946923
v -0.577534 5.495294 -10.251166
v -0.692577 7.117444 -10.611747
v -0.110280 7.540508 -10.611747
v 0.472020 7.963574 -10.835495
v -0.247742 8.486511 -10.835495
v -0.470161 7.801977 -10.611747
v -0.914997 7.801977 -10.611747
v -1.137415 8.486511 -10.835495
v -1.274877 7.540508 -10.611747
v -1.857178 7.963574 -10.835496
v -1.412340 7.117442 -10.611747
v -2.132101 7.117442 -10.835496
v -1.857176 6.271312 -10.835496
v -1.274877 6.694377 -10.611747
v -0.914996 6.432909 -10.611747
v -1.137414 5.748375 -10.835496
v 0.746944 7.117444 -10.835495
v -0.110279 6.694379 -10.611747
v -0.470158 6.432909 -10.611747
v -0.247740 5.748375 -10.835495
v 0.472020 6.271313 -10.835495
v 0.027183 7.117444 -10.611747
v 0.472020 7.963574 -11.479934
v 0.472020 7.963574 -10.835495
v -0.247740 8.486511 -11.479934
v -0.247742 8.486511 -10.835495
v -1.137415 8.486511 -11.479934
v -1.137415 8.486511 -10.835495
v -1.857176 7.963574 -11.479935
v -1.857178 7.963574 -10.835496
v -2.132100 7.117444 -11.479935
v -2.132101 7.117442 -10.835496
v -1.857176 6.271312 -11.479935
v -1.857176 6.271312 -10.835496
v -1.137414 5.748375 -11.479935
v -0.247740 5.748375 -10.835495
v -1.137414 5.748375 -10.835496
v -0.247740 5.748376 -11.479934
v -0.247740 5.748376 -11.479934
v 0.746944 7.117444 -10.835495
v 0.472022 6.271314 -11.479934
v -0.247740 5.748375 -10.835495
v 0.472020 6.271313 -10.835495
v 0.746945 7.117444 -11.479934
v 0.746945 7.117444 -11.479934
v 0.472020 7.963574 -11.479934
v -0.247740 8.486511 -11.479934
v -1.137415 8.486511 -11.479934
v -1.857176 7.963574 -11.479935
v -2.132100 7.117444 -11.479935
v -1.857176 6.271312 -11.479935
v -1.137414 5.748375 -11.479935
v 0.746945 7.117444 -11.479934
v -0.247740 5.748376 -11.479934
v 0.472022 6.271314 -11.479934
v -1.274877 6.694379 -11.703683
v -0.914996 7.801977 -11.703683
v -0.110279 7.540509 -11.703681
v -1.274877 7.540508 -11.703683
v -0.470158 6.432910 -11.703683
v -1.412339 7.117444 -11.703683
v 0.027185 7.117444 -11.703681
v -0.110279 6.694379 -11.703681
v -0.470158 7.801977 -11.703681
v -0.914996 6.432910 -11.703683
v -0.692577 7.117444 -11.703683
v -12.388461 -3.185053 -0.982804
v -23.083066 -1.210183 -1.452813
v -22.247055 -1.473918 -1.620699
v -20.890448 -1.656054 -1.808719
v -20.138910 -2.010316 -1.783181
v -23.089844 -1.659437 -0.601171
v -22.989304 -1.475565 -1.252531
v -22.778912 -1.960938 -0.607824
v -21.164743 -1.897606 -1.699440
v -22.448465 -2.042786 -1.124369
v -22.087698 -1.769158 -1.543691
v -22.257820 -2.449847 -0.568174
v -21.964630 -2.533955 -1.029703
v -21.832517 -2.185111 -1.431988
v -20.999335 -2.361916 -1.598224
v -20.042687 -2.527748 -1.676550
v -21.452762 -2.695872 -1.317796
v -21.529559 -2.987547 -0.900752
v -21.753108 -2.904403 -0.497704
v -21.245447 -3.350392 -0.455155
v -21.308507 -3.208770 -0.804210
v -21.090431 -3.192361 -1.150823
v -20.741065 -2.920311 -1.472807
v -20.712875 -3.773676 -0.485203
v -20.471555 -3.472858 -1.280569
v -20.823584 -3.583936 -0.887737
v -20.128352 -4.102277 -0.532125
v -20.246582 -3.894543 -0.980635
v -19.857398 -3.804885 -1.189759
v -12.858653 -3.534631 -0.415427
v -13.032602 -3.535585 -0.763690
v -12.922073 -3.342763 -1.165691
v -12.942389 -3.040219 -1.436268
v -13.859737 -3.066657 -1.550942
v -13.510530 -3.370821 -1.303524
v -13.385181 -3.578997 -0.974372
v -13.327112 -3.726504 -0.367641
v -13.814073 -3.898941 -0.384312
v -13.680942 -3.773989 -0.725919
v -14.348988 -4.090947 -0.423318
v -13.889938 -3.656466 -1.087571
v -14.183644 -3.921097 -0.802958
v -14.961328 -4.286693 -0.442543
v -14.795828 -4.098904 -0.840696
v -13.919830 -2.801688 -1.746497
v -14.190103 -3.413657 -1.372753
v -14.520447 -3.783284 -1.143385
v -15.650087 -2.980808 -1.633334
v -15.871675 -3.489107 -1.451985
v -16.093237 -3.957351 -1.212321
v -16.389127 -4.505637 -0.470788
v -16.277988 -4.307676 -0.892529
v -19.883604 -3.131916 -1.535086
v -19.783382 -3.454373 -1.414362
v -19.224396 -3.618688 -1.393346
v -18.731967 -4.536378 -0.526800
v -17.926544 -4.401862 -0.958262
v -19.329971 -3.976952 -1.152964
v -18.767250 -4.292979 -0.985456
v -17.895138 -3.999072 -1.287505
v -19.420212 -4.252992 -0.735267
v -18.832932 -3.861588 -1.312971
v -17.946802 -4.638647 -0.509278
v -12.391946 -3.219764 -0.000001
v -12.395112 -3.186798 0.950782
v -12.816592 -3.544815 -0.000001
v -13.318863 -3.750601 -0.000001
v -13.840218 -3.936742 -0.000001
v -14.399844 -4.136355 -0.000001
v -15.016895 -4.338966 -0.000001
v -16.426593 -4.574226 -0.000001
v -17.951935 -4.723547 -0.000001
v -18.715536 -4.623240 -0.000001
v -19.451443 -4.402087 -0.000001
v -20.084238 -4.169840 -0.000001
v -20.685535 -3.821428 -0.000001
v -21.250375 -3.367411 -0.000001
v -21.795554 -2.893633 -0.000001
v -22.327713 -2.419425 -0.000001
v -22.851834 -1.925263 -0.000001
v -23.409732 -1.400677 -0.000001
v -23.047031 -1.228087 1.469009
v -22.254227 -1.479276 1.681546
v -20.850942 -1.703117 1.685015
v -20.138910 -2.010316 1.783179
v -23.089844 -1.659437 0.601169
v -22.778912 -1.960938 0.607822
v -22.989304 -1.475565 1.252529
v -21.164743 -1.897606 1.699438
v -22.448465 -2.042786 1.124367
v -22.087698 -1.769158 1.543689
v -22.257820 -2.449847 0.568172
v -21.832517 -2.185111 1.431986
v -21.964630 -2.533955 1.029701
v -20.999335 -2.361916 1.598222
v -20.042687 -2.527748 1.676548
v -21.452762 -2.695872 1.317794
v -21.529559 -2.987547 0.900750
v -21.753108 -2.904403 0.497702
v -21.245447 -3.350392 0.455153
v -21.308507 -3.208770 0.804208
v -21.090431 -3.192361 1.150821
v -20.741065 -2.920311 1.472805
v -20.712875 -3.773676 0.485201
v -20.823584 -3.583936 0.887735
v -20.471555 -3.472858 1.280568
v -20.246582 -3.894543 0.980634
v -20.128352 -4.102277 0.532124
v -19.857398 -3.804885 1.189757
v -12.858653 -3.534631 0.415425
v -13.032602 -3.535585 0.763689
v -12.922073 -3.342763 1.165690
v -12.950320 -3.043343 1.394368
v -13.859737 -3.066657 1.550940
v -13.510530 -3.370821 1.303523
v -13.327112 -3.726504 0.367640
v -13.385181 -3.578997 0.974371
v -13.680942 -3.773989 0.725918
v -13.814073 -3.898941 0.384310
v -14.348988 -4.090947 0.423316
v -14.183644 -3.921097 0.802957
v -13.889938 -3.656466 1.087570
v -14.961328 -4.286693 0.442542
v -14.795828 -4.098904 0.840695
v -14.520447 -3.783284 1.143383
v -13.931903 -2.806784 1.702119
v -14.190103 -3.413657 1.372752
v -15.650087 -2.980808 1.633333
v -15.871675 -3.489107 1.451984
v -16.093237 -3.957351 1.212320
v -16.389127 -4.505637 0.470786
v -19.783382 -3.454373 1.414361
v -19.883604 -3.131916 1.535085
v -16.277988 -4.307676 0.892527
v -19.224396 -3.618688 1.393344
v -19.420212 -4.252992 0.735265
v -19.329971 -3.976952 1.152962
v -18.708809 -3.170747 -0.346232
v -18.767250 -4.292979 0.985454
v -17.895138 -3.999072 1.287504
v -18.731967 -4.536378 0.526798
v -17.946802 -4.638647 0.509277
v -18.832932 -3.861588 1.312970
v -17.926544 -4.401862 0.958261
v -18.708809 -3.170747 0.359653
v -18.690279 -3.198247 -0.261104
v -19.080354 -2.530244 -0.393954
v -18.665868 -3.234058 0.006721
v -18.690279 -3.198247 0.274534
v -19.080354 -2.530244 0.402952
v -18.708809 -3.170747 -0.346232
v -18.708809 -3.170747 0.359653
v -17.856657 -3.417023 -1.523646
v -17.811366 -2.767592 -1.693324
v -17.758983 -2.170716 -1.780766
v -17.877647 -2.177392 1.692366
v -17.856657 -3.417023 1.523644
v -18.971359 -2.661304 1.698231
v -19.089388 -3.110386 1.582073
v -19.089388 -3.110386 -1.582075
v -18.971359 -2.661304 -1.698233
v -17.811366 -2.767592 1.693322
v -19.080354 -2.530244 -0.393954
v -19.080354 -2.530244 0.402952
v -18.665868 -3.234058 0.006721
v -18.690279 -3.198247 -0.261104
v -18.690279 -3.198247 0.274534
v -1.676400 1.066800 0.014224
v -10.972800 -1.524001 0.014224
v -10.972800 1.066800 0.014224
v -1.676400 -1.524000 0.014224
v -10.972798 1.066800 0.014224
v -1.676399 -1.524000 0.014224
v -1.676399 1.066800 0.014224
v -10.972798 -1.524001 0.014224
vn 0.981174 -0.193128 -0.000001
vn 0.981088 -0.193563 -0.000794
vn 0.981172 -0.193135 -0.000384
vn 0.981268 -0.192646 0.000606
vn 0.981192 -0.193033 -0.000264
vn 0.981286 -0.192556 -0.000232
vn 0.981300 -0.192484 -0.000095
vn 0.981311 -0.192428 0.000062
vn 0.981173 -0.193129 0.000004
vn 0.981369 -0.192131 0.000728
vn 0.981128 -0.193357 -0.000439
vn 0.981305 -0.192459 0.000344
vn 0.981144 -0.193276 -0.000262
vn 0.981013 -0.193940 -0.000745
vn 0.981175 -0.193121 -0.000726
vn 0.973537 -0.228531 -0.000008
vn 0.970302 -0.241491 -0.014010
vn 0.958165 -0.286217 0.000670
vn 0.956535 -0.291616 -0.000556
vn 0.956607 -0.291380 -0.000278
vn 0.957086 -0.289801 0.001337
vn 0.960406 -0.278602 -0.000517
vn 0.955562 -0.294758 0.004257
vn 0.955971 -0.293454 0.002145
vn 0.957901 -0.287089 0.002235
vn 0.988592 -0.146287 -0.035851
vn 0.956577 -0.291480 -0.000041
vn 0.961788 -0.273748 0.005063
vn 0.985384 -0.169412 -0.017830
vn 0.965666 -0.259786 0.000854
vn 0.971263 -0.237894 -0.007404
vn 0.981163 -0.193178 -0.000825
vn 0.981169 -0.193151 0.000485
vn 0.981168 -0.193154 0.000166
vn 0.981195 -0.193017 -0.000220
vn 0.981175 -0.193122 0.000006
vn 0.971476 -0.237124 -0.002722
vn 0.981175 -0.193119 0.000003
vn 0.984084 -0.177314 -0.011777
vn 0.968086 -0.250585 -0.004176
vn 0.996194 -0.087159 -0.000002
vn 0.996195 -0.087156 0.000000
vn 0.996195 -0.087157 -0.000001
vn 0.996195 -0.087157 -0.000001
vn 0.981167 -0.193162 -0.000147
vn 0.981189 -0.193049 -0.000358
vn 0.981170 -0.193145 -0.000064
vn 0.981174 -0.193127 -0.000001
vn 0.981167 -0.193161 -0.000151
vn 0.772452 -0.635074 0.000000
vn 0.772451 -0.635074 0.000000
vn 0.981188 -0.193053 -0.000357
vn 0.981172 -0.193136 0.000020
vn 0.981181 -0.193089 -0.000189
vn 0.765668 -0.643236 0.000000
vn 0.492253 -0.870452 0.000038
vn 0.492253 -0.870452 0.000000
vn 0.492253 -0.870452 0.000000
vn 0.981181 -0.193089 0.000316
vn 0.981173 -0.193133 0.000002
vn 0.981187 -0.193059 0.000306
vn 0.981183 -0.193078 0.000299
vn 0.981190 -0.193044 0.000588
vn 0.981172 -0.193134 0.000016
vn 0.981173 -0.193129 -0.000002
vn 0.981173 -0.193132 0.000001
vn 0.981102 -0.193490 -0.000023
vn 0.981103 -0.193488 -0.000019
vn 0.981103 -0.193486 -0.000014
vn 0.981103 -0.193488 -0.000019
vn 0.981193 -0.193027 0.000112
vn 0.981193 -0.193031 0.000104
vn 0.981193 -0.193029 0.000108
vn 0.675856 -0.737033 0.000000
vn 0.491000 -0.871151 -0.003820
vn 0.492249 -0.870455 0.000013
vn 0.604966 -0.796248 -0.002322
vn 0.756026 -0.654541 0.000000
vn 0.492250 -0.870454 0.000000
vn 0.494157 -0.869354 -0.005726
vn 0.981193 -0.193029 0.000108
vn 0.492247 -0.870456 -0.000003
vn 0.573001 -0.819555 -0.000001
vn 0.586118 -0.810226 0.000013
vn 0.980937 -0.194325 -0.001141
vn 0.981025 -0.193877 -0.000887
vn 0.981336 -0.192300 0.000296
vn 0.981243 -0.192775 -0.000044
vn 0.981222 -0.192882 -0.000109
vn 0.981235 -0.192814 -0.000152
vn 0.981355 -0.192201 0.000386
vn 0.981239 -0.192791 0.001467
vn 0.981059 -0.193706 -0.000938
vn 0.981076 -0.193620 -0.000992
vn 0.981380 -0.192074 0.001324
vn 0.981187 -0.193062 0.000261
vn 0.981289 -0.192542 -0.000193
vn 0.981266 -0.192657 -0.000667
vn 0.981174 -0.193119 -0.001667
vn 0.981199 -0.192999 0.000142
vn 0.980949 -0.194263 0.000429
vn 0.981176 -0.193117 0.000023
vn 0.981167 -0.193159 -0.000608
vn 0.981468 -0.191619 -0.001321
vn 0.981327 -0.192346 -0.000631
vn 0.981052 -0.193745 0.000604
vn 0.981234 -0.192817 -0.000651
vn 0.980928 -0.194367 0.001453
vn 0.981245 -0.192764 -0.000236
vn 0.980826 -0.194878 0.001902
vn 0.981124 -0.193318 -0.004958
vn 0.981227 -0.192844 -0.002251
vn 0.981173 -0.193133 -0.000011
vn 0.980923 -0.194396 0.000406
vn 0.981029 -0.193860 0.000312
vn 0.981175 -0.193119 0.000013
vn 0.981047 -0.193770 0.000103
vn 0.980899 -0.194516 0.000389
vn 0.981174 -0.193125 -0.000008
vn 0.981161 -0.193190 -0.000112
vn 0.981172 -0.193136 -0.000027
vn 0.981171 -0.193140 -0.000007
vn 0.981185 -0.193070 0.000002
vn 0.981172 -0.193135 0.000015
vn 0.981189 -0.193052 -0.000008
vn 0.981180 -0.193096 -0.000003
vn 0.981144 -0.193276 0.000055
vn 0.981060 -0.193702 -0.000763
vn 0.981167 -0.193160 0.000025
vn 0.981185 -0.193068 -0.000071
vn 0.981174 -0.193127 -0.000006
vn 0.981165 -0.193171 -0.000063
vn 0.981183 -0.193080 -0.000062
vn 0.981157 -0.193211 -0.000119
vn 0.981208 -0.192951 -0.000512
vn 0.981223 -0.192870 -0.001325
vn 0.981088 -0.193560 0.000180
vn 0.981172 -0.193137 0.000002
vn 0.981152 -0.193237 -0.000094
vn 0.981172 -0.193136 -0.000009
vn 0.981168 -0.193155 -0.000021
vn 0.981383 -0.192060 0.000275
vn 0.981167 -0.193156 0.001314
vn 0.981192 -0.193036 -0.000084
vn 0.981279 -0.192591 0.000552
vn 0.981256 -0.192705 0.000819
vn 0.981170 -0.193144 0.000008
vn 0.981216 -0.192910 -0.000017
vn 0.981171 -0.193142 0.000023
vn 0.172862 -0.938048 0.300309
vn 0.174429 -0.936218 0.305074
vn -0.961524 -0.274721 0.000000
vn -0.961220 -0.274634 -0.025147
vn 0.000000 0.000000 1.000000
vn 0.000000 0.000000 1.000000
vn 0.000000 0.000000 1.000000
vn 0.000000 0.000000 1.000000
vn 0.000000 0.000000 -1.000000
vn 0.000000 0.000000 -1.000000
vn 0.000000 0.000000 -1.000000
vn 0.000000 0.000000 -1.000000
vn 0.172755 -0.937469 -0.302172
vn -0.956167 -0.292755 0.006201
vn 0.171321 -0.936721 -0.305291
vn 0.169885 -0.935962 -0.308406
vn 0.181484 -0.983394 0.000000
vn 0.171321 -0.936721 -0.305291
vn 0.181484 -0.983394 0.000000
vn 0.178684 -0.962192 0.205571
vn -0.953086 -0.302635 0.006200
vn -0.958554 -0.284635 -0.012575
vn -0.957411 -0.288711 -0.003188
vn 0.181650 -0.977803 0.104425
vn -0.246811 -0.614364 0.749427
vn -0.262348 -0.964973 -0.000127
vn -0.246884 -0.881692 -0.402079
vn -0.183444 -0.642605 0.743914
vn -0.088489 -0.221040 0.971242
vn -0.061918 -0.097020 0.993355
vn -0.059449 -0.143495 -0.987864
vn -0.111999 -0.386976 -0.915263
vn -0.536065 -0.844045 -0.014897
vn -0.748022 -0.663569 0.011814
vn -0.489035 -0.779970 0.390502
vn -0.746668 -0.665197 -0.000047
vn -0.526324 -0.850284 -0.000111
vn -0.536342 -0.836094 -0.115259
vn -0.690151 -0.716812 -0.099356
vn -0.465500 -0.743846 0.479586
vn -0.654921 -0.745109 0.126062
vn -0.373063 -0.454310 0.808966
vn -0.218620 -0.137397 0.966089
vn -0.607866 -0.531120 0.590263
vn -0.615435 -0.723897 0.311791
vn -0.237506 -0.950414 -0.200760
vn -0.237506 -0.950414 -0.200760
vn -0.237506 -0.950414 -0.200760
vn -0.310617 -0.150478 -0.938549
vn -0.402602 -0.569033 -0.717017
vn -0.539980 -0.108956 -0.834596
vn 0.193058 0.981186 -0.001526
vn 0.193058 0.981186 -0.001526
vn 0.193299 0.981140 -0.000633
vn 0.126370 0.643193 -0.755204
vn 0.126378 0.643185 -0.755210
vn 0.126374 0.643189 -0.755207
vn 0.126374 0.643189 -0.755207
vn 0.075695 0.385654 -0.919533
vn 0.075695 0.385654 -0.919533
vn 0.075695 0.385654 -0.919533
vn -0.075694 -0.385645 0.919537
vn -0.045937 -0.234405 0.971053
vn -0.035627 -0.182000 0.982653
vn -0.015382 -0.079091 0.996749
vn -0.016215 -0.083321 0.996391
vn -0.016215 -0.083322 0.996391
vn -0.015799 -0.081207 0.996572
vn 0.051374 0.262039 -0.963689
vn 0.051374 0.262040 -0.963689
vn 0.051374 0.262042 -0.963688
vn 0.051374 0.262040 -0.963689
vn 0.192998 0.981199 -0.000476
vn 0.191435 0.973369 -0.126114
vn 0.192997 0.981199 -0.000474
vn 0.192295 0.977702 -0.084384
vn 0.192816 0.980317 -0.042430
vn 0.191435 0.973369 -0.126116
vn -0.193556 -0.981085 0.002714
vn 0.193266 0.981021 0.015674
vn 0.193333 0.981087 0.009539
vn 0.193305 0.981020 0.015286
vn 0.124705 0.633949 0.763255
vn 0.129413 0.657600 0.742169
vn 0.124723 0.633960 0.763242
vn 0.137946 0.669212 0.730155
vn 0.037209 0.190001 0.981079
vn 0.019422 0.099806 0.994817
vn 0.037207 0.189996 0.981080
vn -0.018784 -0.096531 -0.995153
vn 0.031314 0.160102 0.986604
vn 0.019431 0.099830 0.994815
vn 0.025380 0.130008 0.991188
vn 0.018775 0.096521 0.995154
vn 0.018775 0.096521 0.995154
vn 0.018775 0.096521 0.995154
vn 0.074697 0.380177 0.921893
vn 0.074697 0.380178 0.921892
vn 0.074697 0.380177 0.921892
vn 0.074697 0.380177 0.921892
vn 0.183898 0.933598 0.307531
vn 0.183898 0.933598 0.307533
vn 0.183898 0.933597 0.307535
vn 0.131356 0.651651 0.747059
vn 0.124690 0.633767 0.763408
vn 0.183898 0.933598 0.307533
vn 0.135609 0.657380 0.741257
vn 0.089010 0.456156 0.885437
vn 0.096525 0.494738 0.863665
vn 0.039166 0.201838 0.978635
vn 0.060729 0.311927 0.948163
vn 0.017363 0.090508 0.995744
vn 0.017329 0.090461 0.995749
vn 0.035262 0.182350 0.982601
vn 0.071567 0.367523 0.927257
vn 0.000043 0.002590 0.999997
vn -0.000429 0.000054 1.000000
vn -0.000462 0.000834 1.000000
vn -0.000404 0.000837 1.000000
vn -0.000109 0.002260 0.999997
vn 0.000235 0.003698 0.999993
vn 0.127840 0.649483 -0.749553
vn 0.127841 0.649480 -0.749555
vn 0.127840 0.649481 -0.749554
vn 0.127840 0.649481 -0.749554
vn 0.133989 0.680720 0.720185
vn 0.004082 0.020738 0.999777
vn 0.133989 0.680719 0.720187
vn 0.050452 0.256317 0.965275
vn 0.004082 0.020738 0.999777
vn 0.096558 0.490554 0.866045
vn 0.142679 0.724915 -0.673900
vn 0.142680 0.724894 -0.673922
vn 0.123886 0.629392 0.767149
vn 0.123886 0.629393 0.767148
vn -0.143961 -0.731428 0.666550
vn -0.143977 -0.731465 0.666505
vn -0.143969 -0.731447 0.666528
vn -0.143969 -0.731447 0.666528
vn 0.094646 0.480838 0.871686
vn 0.060983 0.309815 0.948839
vn 0.022767 0.115664 0.993027
vn 0.020958 0.106476 0.994094
vn 0.024573 0.124842 0.991872
vn 0.020958 0.106476 0.994094
vn 0.192774 0.979368 -0.060641
vn 0.192774 0.979368 -0.060635
vn 0.192774 0.979368 -0.060638
vn 0.192774 0.979368 -0.060638
vn 0.129773 0.659303 0.740594
vn 0.129774 0.659304 0.740592
vn 0.129774 0.659303 0.740593
vn 0.129774 0.659303 0.740593
vn -0.140947 -0.716066 0.683654
vn -0.140944 -0.716057 0.683664
vn -0.140946 -0.716062 0.683659
vn 0.145373 0.738552 -0.658337
vn -0.140946 -0.716062 0.683659
vn 0.145373 0.738554 -0.658334
vn 0.143585 0.729484 -0.668758
vn 0.144483 0.734030 -0.663570
vn 0.193142 0.981170 0.001044
vn 0.193129 0.981173 0.001056
vn 0.193136 0.981171 0.001050
vn 0.193136 0.981171 0.001050
vn -0.000012 0.000002 1.000000
vn -0.000012 0.000002 1.000000
vn -0.000012 0.000002 1.000000
vn -0.000012 0.000002 1.000000
vn 0.193130 0.981173 0.000827
vn 0.193129 0.981173 0.000833
vn 0.193128 0.981173 0.000839
vn 0.193129 0.981173 0.000833
vn 0.127849 0.649520 -0.749519
vn 0.127849 0.649520 -0.749519
vn 0.127848 0.649520 -0.749519
vn 0.127849 0.649520 -0.749519
vn 0.146024 0.741910 0.654405
vn 0.146048 0.741977 0.654324
vn 0.146036 0.741944 0.654365
vn 0.146036 0.741944 0.654365
vn -0.155330 -0.789137 -0.594251
vn -0.155330 -0.789142 -0.594245
vn -0.155330 -0.789140 -0.594248
vn -0.155330 -0.789140 -0.594248
vn 0.129773 0.659296 0.740599
vn 0.129773 0.659296 0.740600
vn 0.129773 0.659296 0.740600
vn 0.129773 0.659296 0.740600
vn 0.129768 0.659272 0.740622
vn 0.129769 0.659274 0.740620
vn 0.129768 0.659273 0.740621
vn 0.129768 0.659273 0.740621
vn -0.145409 -0.738736 0.658123
vn -0.145409 -0.738736 0.658123
vn -0.145409 -0.738736 0.658123
vn -0.145409 -0.738736 0.658123
vn 0.153403 0.779341 -0.607532
vn 0.153403 0.779344 -0.607528
vn 0.153403 0.779347 -0.607524
vn 0.153403 0.779344 -0.607528
vn 0.124747 0.633809 0.763364
vn 0.124747 0.633808 0.763365
vn 0.124747 0.633807 0.763366
vn 0.124747 0.633808 0.763365
vn -0.000482 -0.002963 0.999996
vn -0.001789 -0.003040 0.999994
vn -0.000161 -0.000141 -1.000000
vn -0.000096 -0.000168 -1.000000
vn -0.163039 -0.986618 -0.001682
vn -0.161768 -0.986828 -0.001355
vn 0.449986 0.893036 0.000016
vn 0.449986 0.893036 0.000016
vn 0.449986 0.893036 0.000016
vn 0.442288 0.896871 0.001692
vn 0.442288 0.896871 0.001692
vn 0.442288 0.896871 0.001692
vn 0.052975 -0.006857 -0.998572
vn 0.155760 -0.016872 -0.987651
vn 0.152855 -0.013569 -0.988156
vn -0.164815 -0.986324 -0.001246
vn 0.104116 -0.011344 -0.994500
vn -0.170926 -0.985283 -0.001042
vn -0.170915 -0.985285 -0.001035
vn -0.167444 -0.985881 -0.001033
vn 0.560849 0.827916 0.001731
vn 0.562922 0.826510 0.000019
vn 0.561886 0.827214 0.000875
vn 0.049223 -0.009485 0.998743
vn 0.561886 0.827214 0.000875
vn 0.156008 -0.019915 0.987555
vn 0.161153 -0.017531 0.986774
vn 0.103268 -0.014357 0.994550
vn 0.193462 0.981105 -0.002169
vn -0.193815 -0.981034 0.002916
vn -0.193876 -0.981010 0.005663
vn -0.193367 -0.981102 0.006892
vn -0.193978 -0.981002 0.002708
vn -0.193953 -0.981007 0.002665
vn -0.193702 -0.981026 0.008189
vn 0.193977 0.981002 -0.002673
vn -0.193333 -0.981130 0.002693
vn -0.193616 -0.981020 0.010616
vn -0.193789 -0.981012 0.007879
vn -0.193418 -0.981112 0.002902
vn -0.193754 -0.981022 0.007436
vn -0.193504 -0.981095 0.003110
vn 0.193554 0.981089 0.001122
vn 0.193528 0.981092 -0.002331
vn 0.193739 0.981050 -0.002475
vn -0.193418 -0.981112 0.002902
vn 0.192982 0.981202 -0.000476
vn 0.192783 0.981241 0.000597
vn 0.193299 0.981140 -0.000351
vn 0.193040 0.981191 -0.000179
vn 0.192955 0.981208 0.000281
vn -0.193099 -0.981179 0.000276
vn 0.193198 0.981160 -0.000603
vn -0.192977 -0.981203 -0.000011
vn -0.193038 -0.981191 0.000132
vn -0.193038 -0.981191 0.000132
vn 0.192978 0.981203 -0.000444
vn 0.192978 0.981203 -0.000444
vn 0.193058 0.981186 -0.001526
vn -0.192909 -0.981217 0.000368
vn 0.193003 0.981198 -0.000451
vn 0.193072 0.981185 -0.000503
vn 0.192945 0.981210 -0.000402
vn -0.192987 -0.981201 0.000499
vn -0.192987 -0.981201 0.000499
vn -0.193065 -0.981186 0.000630
vn 0.193065 0.981186 -0.000750
vn 0.193065 0.981186 -0.000750
vn 0.192784 0.981241 0.001201
vn -0.981079 0.193474 0.007188
vn -0.981077 0.193484 0.007167
vn -0.981078 0.193479 0.007178
vn -0.981078 0.193479 0.007178
vn 0.004502 0.001940 0.999988
vn 0.004501 0.001941 0.999988
vn 0.004500 0.001942 0.999988
vn 0.004501 0.001941 0.999988
vn 0.000247 -0.002888 -0.999996
vn 0.000266 -0.002873 -0.999996
vn 0.000256 -0.002880 -0.999996
vn 0.000256 -0.002880 -0.999996
vn -0.001379 0.000594 0.999999
vn -0.001380 0.000596 0.999999
vn -0.001380 0.000595 0.999999
vn -0.001380 0.000595 0.999999
vn -0.981171 0.193051 0.005885
vn -0.981177 0.193021 0.005944
vn -0.981174 0.193036 0.005914
vn -0.981174 0.193036 0.005914
vn -0.001193 -0.000089 -0.999999
vn -0.001193 -0.000089 -0.999999
vn -0.001193 -0.000089 -0.999999
vn -0.001193 -0.000089 -0.999999
vn -0.160522 -0.987031 -0.001664
vn -0.160201 -0.987084 -0.000869
vn -0.160362 -0.987057 -0.001267
vn -0.160362 -0.987057 -0.001267
vn 0.258468 -0.966020 0.000000
vn 0.258985 -0.965881 0.000799
vn 0.936440 0.350656 -0.011002
vn 0.936249 0.351172 -0.010744
vn 0.936059 0.351687 -0.010485
vn 0.936249 0.351172 -0.010744
vn 0.555978 0.208187 0.804703
vn 0.555635 0.208404 0.804883
vn 0.936493 0.350686 0.000000
vn 0.936493 0.350686 0.000000
vn 0.936493 0.350686 0.000000
vn 0.936493 0.350686 0.000000
vn -0.000272 -0.000102 1.000000
vn -0.000272 -0.000102 1.000000
vn -0.000272 -0.000102 1.000000
vn -0.000272 -0.000102 1.000000
vn -0.001161 -0.000435 -0.999999
vn -0.001162 -0.000437 -0.999999
vn 0.936499 0.350669 0.000000
vn 0.936499 0.350669 0.000000
vn 0.936499 0.350669 0.000000
vn 0.936499 0.350669 0.000000
vn 0.002016 0.000755 -0.999998
vn 0.000956 0.000356 -1.000000
vn -0.000103 -0.000041 -1.000000
vn 0.002015 0.000753 -0.999998
vn 0.113710 -0.993514 0.000075
vn 0.112440 -0.993656 -0.002461
vn -0.087156 -0.996193 0.001699
vn -0.087156 -0.996193 0.001699
vn 0.046113 -0.998931 -0.003354
vn -0.021140 -0.999764 -0.005085
vn 0.000000 0.000000 1.000000
vn 0.001834 0.000058 0.999998
vn 0.003748 0.000065 0.999993
vn 0.000000 0.000000 -1.000000
vn 0.000000 0.000000 1.000000
vn 0.000000 0.000000 -1.000000
vn 0.000000 0.000000 -1.000000
vn 0.000000 0.000000 -1.000000
vn -0.091499 -0.995805 -0.000475
vn -0.087155 -0.996192 -0.002515
vn -0.091816 -0.995773 -0.002542
vn -0.087155 -0.996192 -0.002515
vn -0.001759 -0.003570 0.999992
vn -0.001875 -0.003586 0.999992
vn -0.000104 -0.000211 -1.000000
vn -0.000107 -0.000206 -1.000000
vn -0.000037 -0.000067 -1.000000
vn -0.000072 -0.000137 -1.000000
vn 0.000000 0.000000 -1.000000
vn 0.193677 0.072764 0.978363
vn 0.387611 0.145383 0.910286
vn 0.000000 0.000000 1.000000
vn 0.000000 0.000000 1.000000
vn -0.001250 -0.002391 0.999996
vn -0.000663 -0.001201 0.999999
vn 0.000000 0.000000 -1.000000
vn 0.000000 0.000000 -1.000000
vn 0.000000 0.000000 -1.000000
vn 0.000000 0.000000 1.000000
vn 0.002811 0.000049 0.999996
vn 0.002871 0.000011 0.999996
vn 0.000000 0.000000 1.000000
vn 0.000000 0.000000 -1.000000
vn 0.000000 0.000000 -1.000000
vn 0.000000 0.000000 -1.000000
vn 0.000000 0.000000 -1.000000
vn -0.037719 -0.999281 0.003804
vn -0.073425 -0.997296 0.002944
vn -0.052270 -0.998620 0.005078
vn -0.035282 -0.999361 0.005771
vn 0.719261 0.694740 0.000445
vn 0.719040 0.694969 0.000142
vn 0.718818 0.695199 -0.000160
vn 0.719040 0.694969 0.000142
vn -0.193676 -0.981065 -0.000568
vn -0.193484 -0.981103 -0.000930
vn -0.193484 -0.981103 -0.000930
vn -0.193293 -0.981140 -0.001291
vn -0.126201 -0.641317 -0.756826
vn -0.126178 -0.641307 -0.756838
vn -0.126154 -0.641298 -0.756850
vn -0.126178 -0.641307 -0.756838
vn -0.028198 -0.144286 -0.989134
vn -0.028183 -0.144259 -0.989139
vn -0.028190 -0.144272 -0.989136
vn -0.028190 -0.144272 -0.989136
vn 0.018784 0.096531 0.995153
vn 0.018784 0.096531 0.995153
vn 0.018784 0.096531 0.995153
vn -0.018780 -0.096526 -0.995153
vn -0.018775 -0.096521 -0.995154
vn -0.018780 -0.096526 -0.995153
vn -0.193058 -0.981187 0.000476
vn -0.192982 -0.981202 0.000633
vn -0.193020 -0.981195 0.000554
vn -0.193020 -0.981195 0.000554
vn -0.126369 -0.643187 0.755210
vn -0.126374 -0.643189 0.755207
vn -0.126379 -0.643191 0.755204
vn -0.126374 -0.643189 0.755207
vn -0.075695 -0.385654 0.919533
vn -0.075695 -0.385654 0.919533
vn -0.075695 -0.385654 0.919533
vn -0.193058 -0.981187 0.000750
vn -0.193019 -0.981194 0.001138
vn -0.192979 -0.981202 0.001526
vn -0.193019 -0.981194 0.001138
vn -0.001319 -0.005775 -0.999982
vn -0.001268 -0.006444 -0.999978
vn -0.001294 -0.006110 -0.999981
vn -0.001294 -0.006110 -0.999981
vn -0.953359 -0.301773 -0.006355
vn -0.944355 -0.328921 -0.002082
vn -0.953359 -0.301773 -0.006354
vn -0.953359 -0.301773 -0.006355
vn -0.953359 -0.301772 -0.006355
vn -0.954733 -0.297462 0.000643
vn -0.955219 -0.295887 -0.002856
vn -0.951963 -0.306213 -0.000770
vn -0.944734 -0.327838 0.000660
vn -0.948522 -0.316707 -0.001678
vn 0.059683 0.298092 -0.952670
vn 0.094504 0.472017 -0.876509
vn 0.065139 0.325355 -0.943346
vn 0.025541 0.127543 -0.991504
vn 0.027095 0.135306 -0.990433
vn 0.065138 0.325346 -0.943349
vn 0.053192 0.265676 -0.962594
vn 0.040980 0.204665 -0.977974
vn 0.126511 0.631878 -0.764673
vn 0.128244 0.640532 -0.757147
vn 0.129960 0.649125 -0.749498
vn 0.129961 0.649116 -0.749506
vn -0.018240 0.262348 0.964801
vn -0.018240 0.262348 0.964801
vn -0.018240 0.262348 0.964801
vn 0.006475 0.074015 0.997236
vn 0.006475 0.074015 0.997236
vn -0.087156 -0.996193 0.001699
vn 0.145571 -0.989347 0.001114
vn 0.022698 0.072540 0.997107
vn -0.000497 -0.999998 0.001693
vn 0.015604 0.054002 0.998419
vn 0.010512 -0.003205 0.999940
vn 0.024733 0.033948 0.999118
vn 0.011347 0.129699 -0.991489
vn 0.011347 0.129699 -0.991489
vn 0.011347 0.129699 -0.991489
vn -0.002923 0.247947 -0.968769
vn 0.011347 0.129699 -0.991489
vn 0.004220 0.189171 -0.981935
vn -0.087155 -0.996182 -0.005095
vn 0.004220 0.189171 -0.981935
vn -0.087155 -0.996182 -0.005095
vn 0.024215 0.128183 -0.991455
vn -0.087155 -0.996182 -0.005095
vn 0.002065 0.183091 -0.983094
vn 0.002065 0.183091 -0.983094
vn -0.020093 0.237344 -0.971218
vn -0.061404 0.005374 0.998099
vn -0.061404 0.005373 0.998099
vn -0.013349 0.001168 0.999910
vn 0.010691 -0.000935 0.999942
vn -0.037394 0.003272 0.999295
vn 0.010691 -0.000935 0.999942
vn -0.043844 0.003836 -0.999031
vn -0.043842 0.003853 -0.999031
vn -0.024790 0.002191 -0.999690
vn 0.013342 -0.001167 -0.999910
vn 0.013342 -0.001150 -0.999910
vn -0.005721 0.000523 -0.999983
vn -0.157881 -0.987458 0.000000
vn -0.157881 -0.987458 0.000000
vn -0.165030 -0.986289 0.000000
vn -0.179301 -0.983794 0.000000
vn -0.179301 -0.983794 0.000000
vn -0.172170 -0.985067 0.000000
vn -0.160031 -0.987112 0.000000
vn -0.160031 -0.987112 0.000000
vn -0.172334 -0.985039 0.000000
vn -0.168236 -0.985747 0.000000
vn -0.172334 -0.985039 0.000000
vn -0.164135 -0.986438 0.000000
vn 0.014085 -0.001232 0.999900
vn 0.014085 -0.001232 0.999900
vn 0.010696 -0.000936 0.999942
vn 0.011826 -0.001035 0.999930
vn -0.000488 0.000043 -1.000000
vn 0.010696 -0.000936 0.999942
vn 0.012955 -0.001133 0.999916
vn -0.000488 0.000043 -1.000000
vn 0.004122 -0.000361 -0.999992
vn 0.013342 -0.001167 -0.999910
vn 0.008732 -0.000764 -0.999962
vn 0.013342 -0.001167 -0.999910
vn -0.998376 -0.056137 0.009669
vn -0.342971 -0.939346 0.000000
vn -0.348222 -0.937322 -0.012975
vn -0.739908 -0.672663 -0.007742
vn -0.885821 -0.464027 0.000000
vn -0.997811 0.066127 0.000000
vn -0.994013 -0.109265 0.000000
vn -0.965448 -0.260594 0.000000
vn -0.999985 -0.005571 0.000000
vn -0.944330 -0.329001 0.000000
vn -0.985061 -0.172132 -0.005128
vn -0.973919 -0.226529 -0.012935
vn 0.004564 -0.999990 0.000000
vn 0.000000 0.000000 -1.000000
vn 0.000000 0.000000 -1.000000
vn 0.000000 0.000000 1.000000
vn -0.995942 -0.090003 0.000000
vn -0.997084 -0.075691 0.009670
vn 0.065266 -0.997656 -0.020579
vn 0.233479 -0.971330 -0.044789
vn -0.342971 -0.939346 0.000000
vn -0.167329 -0.985901 0.000000
vn 0.213365 -0.975943 -0.044839
vn -0.997070 -0.075690 -0.011049
vn -0.995942 -0.090003 0.000000
vn -0.342971 -0.939346 0.000000
vn -0.997696 -0.067436 -0.007366
vn -0.342971 -0.939346 0.000000
vn -0.125143 -0.992139 0.000000
vn 0.236062 -0.971738 -0.000002
vn 0.148101 -0.988972 0.000000
vn 0.111365 -0.993780 -0.000002
vn 0.020428 -0.999523 -0.023142
vn 0.213608 -0.976908 -0.004781
vn -0.988397 -0.151892 -0.000004
vn -0.988701 -0.149898 -0.000488
vn 0.148635 -0.988892 0.000412
vn 0.000000 0.000000 1.000000
vn 0.000000 0.000000 1.000000
vn 0.000000 0.000000 1.000000
vn 0.000000 0.000000 1.000000
vn 0.000000 0.000000 -1.000000
vn 0.000000 0.000000 1.000000
vn 0.000000 0.000000 -1.000000
vn 0.000000 0.000000 -1.000000
vn 0.000000 0.000000 -1.000000
vn 0.000000 0.000000 -1.000000
vn 0.005052 -0.999987 0.000000
vn 0.092894 -0.995676 -0.000004
vn 0.092888 -0.995677 0.000000
vn -0.899707 -0.436391 -0.009514
vn 0.004808 -0.999988 0.000370
vn -0.318732 -0.947845 -0.000002
vn 0.092891 -0.995676 -0.000002
vn 0.092891 -0.995676 -0.000002
vn -0.460449 -0.887666 -0.005977
vn 0.004564 -0.999990 0.000000
vn 0.000000 0.000000 1.000000
vn 0.000000 0.000000 1.000000
vn 0.000000 0.000000 1.000000
vn -0.571491 -0.820541 0.010553
vn 0.000000 0.000000 1.000000
vn -0.837493 -0.546448 0.000015
vn -0.824506 -0.565374 0.023292
vn -0.369306 -0.929247 0.010642
vn 0.003520 0.001006 -0.999993
vn 0.005236 0.003513 -0.999980
vn 0.004378 0.002259 -0.999988
vn 0.004378 0.002259 -0.999988
vn -0.052224 -0.998635 0.000000
vn -0.052224 -0.998635 0.000000
vn 0.168572 -0.985689 0.000000
vn 0.168572 -0.985689 0.000000
vn -0.103709 -0.994608 0.000000
vn -0.390145 -0.920754 0.000000
vn -0.768618 -0.639708 0.000000
vn -0.885824 -0.464022 0.000000
vn -0.999649 0.026512 0.000000
vn -0.991754 -0.128156 0.000000
vn -0.999989 -0.004689 0.000000
vn -0.981285 -0.192563 0.000000
vn -0.892344 -0.451355 0.000000
vn -0.912155 -0.409846 0.000000
vn -0.982156 -0.188070 0.000000
vn -0.938046 -0.346512 0.000000
vn 0.041960 -0.999119 0.000000
vn 0.041960 -0.999119 0.000000
vn 0.041960 -0.999119 0.000000
vn 0.041960 -0.999119 0.000000
vn -0.946153 -0.323720 0.000000
vn -0.946153 -0.323720 0.000000
vn -0.946153 -0.323720 0.000000
vn -0.946153 -0.323720 0.000000
vn -0.855686 -0.517495 0.000000
vn -0.980300 -0.197516 0.000000
vn -0.930888 -0.365304 0.000000
vn -0.855686 -0.517495 0.000000
vn -0.946153 -0.323720 0.000000
vn -0.946153 -0.323720 0.000000
vn -0.946153 -0.323720 0.000000
vn -0.946153 -0.323720 0.000000
vn -0.052224 -0.998635 0.000000
vn -0.052224 -0.998635 0.000000
vn -0.103709 -0.994608 0.000000
vn -0.390145 -0.920754 0.000000
vn -0.885824 -0.464022 0.000000
vn -0.768618 -0.639708 0.000000
vn -0.999649 0.026512 0.000000
vn -0.991754 -0.128156 0.000000
vn -0.999989 -0.004689 0.000000
vn -0.981285 -0.192563 0.000000
vn -0.892349 -0.451347 0.000000
vn -0.912156 -0.409842 0.000000
vn -0.855686 -0.517495 0.000000
vn -0.982155 -0.188071 0.000000
vn -0.938048 -0.346505 0.000000
vn -0.855686 -0.517495 0.000000
vn -0.930887 -0.365307 0.000000
vn -0.980298 -0.197522 0.000000
vn 0.041960 -0.999119 0.000000
vn 0.041960 -0.999119 0.000000
vn 0.041960 -0.999119 0.000000
vn 0.041960 -0.999119 0.000000
vn 0.000000 0.000000 -1.000000
vn 0.000000 0.000000 -1.000000
vn 0.000000 0.000000 -1.000000
vn 0.000000 0.000000 1.000000
vn 0.000000 0.000000 1.000000
vn 0.000000 0.000000 -1.000000
vn 0.000000 0.000000 1.000000
vn 0.000000 0.000000 -1.000000
vn 0.000000 0.000000 -1.000000
vn 0.000000 0.000000 -1.000000
vn 0.000000 0.000000 1.000000
vn 0.000000 0.000000 1.000000
vn 0.000000 0.000000 1.000000
vn 0.683292 -0.729622 0.027644
vn 0.438302 -0.898828 0.000000
vn 0.678148 -0.734796 0.013824
vn 0.336215 -0.941785 0.000000
vn 0.438302 -0.898828 0.000000
vn 0.336215 -0.941785 0.000000
vn 0.336215 -0.941785 0.000000
vn 0.339593 -0.940543 0.007500
vn 0.000000 0.000000 1.000000
vn 0.000000 0.000000 1.000000
vn 0.000000 0.000000 1.000000
vn 0.000000 0.000000 1.000000
vn 0.000000 0.000000 -1.000000
vn 0.000000 0.000000 1.000000
vn 0.000000 0.000000 1.000000
vn 0.000000 0.000000 -1.000000
vn 0.000000 0.000000 -1.000000
vn 0.000000 0.000000 1.000000
vn 0.000000 0.000000 1.000000
vn 0.000000 0.000000 -1.000000
vn 0.000000 0.000000 -1.000000
vn 0.000000 0.000000 1.000000
vn 0.000000 0.000000 -1.000000
vn 0.000000 0.000000 1.000000
vn 0.000000 0.000000 -1.000000
vn 0.000000 0.000000 1.000000
vn 0.000000 0.000000 1.000000
vn 0.000000 0.000000 -1.000000
vn 0.000000 0.000000 -1.000000
vn 0.000000 0.000000 -1.000000
vn 0.000000 0.000000 1.000000
vn 0.000000 -1.000000 0.000000
vn 0.000000 -1.000000 0.000000
vn 0.000000 0.000000 -1.000000
vn 0.000000 -1.000000 0.000000
vn 0.000000 0.000000 -1.000000
vn 0.000000 0.000000 -1.000000
vn 0.000000 0.000000 -1.000000
vn 0.000000 0.000000 -1.000000
vn 0.000000 0.000000 -1.000000
vn 0.000000 0.000000 -1.000000
vn 0.000000 0.000000 -1.000000
vn 0.000000 0.000000 -1.000000
vn 0.000000 0.000000 -1.000000
vn 0.000000 0.000000 -1.000000
vn 0.000000 0.000000 -1.000000
vn 0.000000 0.000000 -1.000000
vn 0.000000 0.000000 -1.000000
vn 0.000000 0.000000 1.000000
vn 0.000000 -1.000000 0.000000
vn 0.000000 0.000000 1.000000
vn 0.000000 0.000000 1.000000
vn 0.000000 0.000000 1.000000
vn 0.000000 0.000000 1.000000
vn 0.000000 0.000000 1.000000
vn 0.000000 0.000000 1.000000
vn 0.000000 0.000000 1.000000
vn 0.000000 0.000000 1.000000
vn 0.000000 0.000000 1.000000
vn 0.000000 0.000000 1.000000
vn 0.000000 0.000000 1.000000
vn 0.000000 0.000000 1.000000
vn -0.760617 0.649200 0.000000
vn 0.000000 0.000000 1.000000
vn 0.000000 0.000000 1.000000
vn -0.760617 0.649200 0.000000
vn -0.760617 0.649200 0.000000
vn 0.000000 -1.000000 0.000000
vn 0.000000 -1.000000 0.000000
vn 0.000000 -1.000000 0.000000
vn 0.000000 -1.000000 0.000000
vn 0.000000 -1.000000 0.000000
vn 0.000000 -1.000000 0.000000
vn 0.000000 -1.000000 0.000000
vn 0.000000 -1.000000 0.000000
vn 0.149510 -0.988760 0.000424
vn -0.988542 -0.150946 -0.000253
vn 0.149217 -0.988804 0.000203
vn -0.997982 -0.063306 0.004835
vn 0.145655 -0.989335 0.000298
vn -0.988726 -0.149733 -0.000593
vn -0.988634 -0.150339 -0.000423
vn -0.988719 -0.149783 -0.000600
vn -0.998585 -0.053003 -0.004419
vn 0.145450 -0.989366 0.000246
vn -0.998703 -0.050912 0.000000
vn -0.998703 -0.050912 0.000000
vn 0.148945 -0.988845 0.000143
vn 0.148461 -0.988918 0.000275
vn 0.145553 -0.989350 0.000272
vn 0.145553 -0.989350 0.000272
vn 0.148721 -0.988879 0.000318
vn 0.148852 -0.988859 0.000149
vn 0.148465 -0.988918 0.000138
vn 0.149129 -0.988818 0.000136
vn 0.005447 -0.000159 -0.999985
vn 0.005447 -0.000159 -0.999985
vn -0.031607 -0.003778 0.999493
vn -0.031607 -0.003778 0.999493
vn -0.988864 -0.148782 -0.003445
vn -0.988863 -0.148787 -0.003440
vn 0.988789 0.149320 0.000683
vn -0.063665 0.214406 0.974668
vn -0.101122 0.436096 0.894201
vn -0.027807 0.220102 -0.975080
vn -0.060363 0.441276 -0.895339
vn -0.989002 -0.147862 -0.003438
vn -0.115080 0.479336 0.870054
vn -0.105714 0.319083 0.941812
vn -0.065892 0.486414 -0.871240
vn -0.989080 -0.147361 -0.002436
vn -0.039094 0.326251 -0.944474
vn 0.990982 0.133995 0.000377
vn 0.990226 0.139469 0.000319
vn -0.064314 -0.006363 0.997909
vn -0.014025 -0.323524 0.946116
vn -0.009327 -0.327267 0.944886
vn 0.010609 0.001304 -0.999943
vn -0.040656 -0.169560 0.984681
vn 0.056412 -0.317712 -0.946508
vn 0.056976 -0.316922 -0.946739
vn -0.989870 -0.141965 -0.001739
vn 0.034886 -0.162019 -0.986171
vn -0.991078 -0.133270 -0.001817
vn -0.990437 -0.137958 -0.001670
vn -0.990108 -0.140295 -0.001679
vn -0.989049 -0.147575 -0.001822
vn -0.988842 -0.148953 -0.001929
vn -0.990387 -0.138316 -0.001570
vn -0.988978 -0.148049 -0.001869
vn -0.988858 -0.148852 -0.001962
vn -0.990402 -0.138209 -0.001626
vn -0.990119 -0.140218 -0.001670
vn -0.988758 -0.149503 -0.002369
vn -0.990949 -0.134229 -0.001634
vn -0.988962 -0.148156 -0.001850
vn 0.989401 0.145206 0.000341
vn 0.988747 0.149598 0.000503
vn 0.988729 0.149715 0.000381
vn 0.990224 0.139484 0.000323
vn 0.988795 0.149281 0.000390
vn 0.991013 0.133764 0.000334
vn 0.988676 0.150064 0.000350
vn 0.988893 0.148631 0.000446
vn 0.988794 0.149288 0.000397
vn 0.989828 0.142266 0.000327
vn 0.989820 0.142324 0.000349
vn 0.988733 0.149688 0.000380
vn 0.990227 0.139463 0.000329
vn 0.089971 -0.059245 -0.994181
vn 0.064737 -0.073040 -0.995226
vn 0.039450 -0.086774 -0.995447
vn 0.064737 -0.073040 -0.995226
vn 0.148825 -0.988864 0.000242
vn 0.148851 -0.988860 0.000281
vn 0.148851 -0.988860 0.000281
vn 0.148877 -0.988856 0.000320
vn -0.062628 -0.029087 0.997613
vn -0.076970 -0.026160 0.996690
vn -0.076970 -0.026160 0.996690
vn -0.091295 -0.023229 0.995553
vn 0.042770 -0.013030 -0.999000
vn 0.073350 0.003581 -0.997300
vn 0.103841 0.020187 -0.994389
vn 0.073350 0.003581 -0.997300
vn 0.148777 -0.988871 0.000389
vn 0.148729 -0.988878 0.000327
vn 0.148729 -0.988878 0.000327
vn 0.148680 -0.988885 0.000264
vn -0.096910 -0.067248 0.993019
vn -0.075304 -0.071719 0.994578
vn -0.075304 -0.071719 0.994578
vn -0.053660 -0.076156 0.995651
vn 0.841711 0.539929 0.000000
vn 0.841711 0.539928 0.000000
vn 0.841711 0.539929 0.000000
vn 0.841711 0.539929 0.000000
vn 0.995861 0.090884 0.000000
vn 0.995861 0.090884 0.000000
vn 0.995861 0.090884 0.000000
vn 0.995861 0.090884 0.000000
vn 0.841711 0.539928 0.000000
vn 0.841711 0.539929 0.000000
vn 0.841711 0.539928 0.000000
vn 0.841711 0.539928 0.000000
vn 0.995861 0.090884 0.000000
vn 0.995861 0.090884 0.000000
vn 0.995861 0.090884 0.000000
vn 0.995861 0.090884 0.000000
vn 0.007832 0.060854 0.998116
vn -0.003873 0.058478 0.998281
vn -0.006931 0.054216 0.998505
vn -0.023972 0.065964 0.997534
vn -0.007692 0.056523 0.998372
vn -0.048875 0.088701 0.994859
vn -0.008807 -0.068490 -0.997613
vn -0.026853 0.066587 0.997419
vn 0.007935 -0.060894 -0.998113
vn 0.055400 -0.099840 -0.993460
vn 0.008797 -0.063547 -0.997940
vn 0.030495 -0.074899 -0.996725
vn 0.027234 -0.074169 -0.996874
vn 0.004457 -0.065801 -0.997823
vn -0.715730 -0.698377 0.000000
vn -0.715730 -0.698377 0.000000
vn -0.138660 -0.990340 0.000000
vn -0.138660 -0.990340 0.000000
vn -0.451449 -0.892297 0.000000
vn -0.451449 -0.892297 0.000000
vn 0.043420 -0.999057 0.000000
vn 0.043420 -0.999057 0.000000
vn 0.043420 -0.999057 0.000000
vn 0.043420 -0.999057 0.000000
vn 0.157361 0.987541 0.000000
vn 0.157361 0.987541 0.000000
vn 0.157361 0.987541 0.000000
vn 0.157361 0.987541 0.000000
vn -0.948218 -0.317620 0.000000
vn -0.948218 -0.317620 0.000000
vn -0.948218 -0.317620 0.000000
vn -0.948218 -0.317620 0.000000
vn -0.007855 -0.061815 0.998057
vn 0.005541 -0.059095 0.998237
vn 0.008980 -0.053046 0.998552
vn 0.028589 -0.066251 0.997393
vn 0.056742 -0.091746 0.994164
vn 0.010019 -0.056282 0.998365
vn 0.006885 0.054171 -0.998508
vn 0.031907 -0.067354 0.997219
vn -0.007978 0.046360 -0.998893
vn -0.050209 0.080576 -0.995483
vn -0.008915 0.049251 -0.998747
vn -0.028264 0.059027 -0.997856
vn -0.004955 0.051765 -0.998647
vn -0.025326 0.058032 -0.997994
vn -0.715730 -0.698377 0.000000
vn -0.715730 -0.698377 0.000000
vn -0.138660 -0.990340 0.000000
vn -0.451449 -0.892297 0.000000
vn -0.451449 -0.892297 0.000000
vn -0.138660 -0.990340 0.000000
vn 0.043420 -0.999057 0.000000
vn 0.043420 -0.999057 0.000000
vn 0.043420 -0.999057 0.000000
vn 0.043420 -0.999057 0.000000
vn 0.157361 0.987541 0.000000
vn 0.157361 0.987541 0.000000
vn 0.157361 0.987541 0.000000
vn 0.157361 0.987541 0.000000
vn -0.948218 -0.317620 0.000000
vn -0.948218 -0.317620 0.000000
vn -0.948218 -0.317620 0.000000
vn -0.948218 -0.317620 0.000000
vn -0.175744 -0.984436 0.000000
vn -0.175744 -0.984436 0.000000
vn -0.128726 -0.991680 0.000000
vn -0.160112 -0.987099 0.000000
vn -0.144435 -0.989514 0.000000
vn -0.128726 -0.991680 0.000000
vn -0.173793 -0.984782 0.000000
vn -0.173793 -0.984782 0.000000
vn -0.144026 -0.989574 0.000000
vn -0.129094 -0.991632 0.000000
vn -0.158930 -0.987290 0.000000
vn -0.186394 -0.982475 -0.000872
vn -0.129094 -0.991632 0.000000
vn -0.186394 -0.982475 -0.000872
vn -0.186399 -0.982474 -0.000875
vn -0.186399 -0.982474 -0.000875
vn -0.186394 -0.982475 -0.000872
vn -0.041544 -0.331284 -0.942616
vn -0.113332 0.638576 -0.761168
vn -0.419366 0.892754 -0.164690
vn -0.120813 0.264128 0.956891
vn -0.096762 0.138780 0.985585
vn 0.103009 -0.668549 -0.736500
vn -0.014463 0.000766 -0.999895
vn -0.014463 0.000767 -0.999895
vn 0.002944 0.866021 0.499999
vn 0.002944 0.866020 0.500000
vn -0.015391 0.900225 -0.435152
vn 0.063466 0.997934 -0.009980
vn 0.047222 0.998872 -0.004971
vn 0.030655 0.999483 0.009676
vn 0.046976 0.998884 0.004879
vn 0.172696 -0.973564 -0.149499
vn -0.003043 -0.179835 -0.983692
vn 0.002545 0.179846 0.983692
vn -0.004266 -0.176192 -0.984347
vn 0.004288 0.174544 0.984640
vn 0.924718 -0.380511 0.010407
vn 0.995018 -0.094720 -0.031116
vn 0.995017 -0.094720 -0.031118
vn 0.073724 0.997021 -0.022652
vn 0.082780 -0.996243 -0.025434
vn 0.073763 0.997014 0.022868
vn 0.082824 -0.996233 0.025677
vn 0.000000 -1.000000 0.000000
vn 0.041429 -0.999060 -0.012729
vn 0.000000 1.000000 0.000000
vn 0.041429 -0.999060 -0.012729
vn 0.036890 0.999255 -0.011334
vn 0.000000 -1.000000 0.000000
vn 0.041451 -0.999058 0.012851
vn 0.036890 0.999255 -0.011334
vn 0.041451 -0.999058 0.012851
vn 0.000000 1.000000 0.000000
vn 0.036909 0.999253 0.011443
vn 0.036909 0.999253 0.011443
vn 0.471149 0.567269 -0.675444
vn 0.045186 0.696517 -0.716116
vn -0.005440 -0.642782 0.766030
vn -0.001265 0.000000 0.999999
vn 0.001265 0.000000 -0.999999
vn 0.001265 0.000000 -0.999999
vn 0.001265 0.000000 -0.999999
vn -0.001265 0.000000 0.999999
vn -0.001265 0.000000 0.999999
vn 0.001265 0.000000 -0.999999
vn -0.001265 0.000000 0.999999
vn 0.994936 -0.094722 0.033631
vn 0.994936 -0.094719 0.033632
vn 0.990615 -0.136467 -0.007701
vn 0.591898 -0.793638 0.140696
vn 0.991088 -0.133146 -0.004107
vn 0.991537 -0.129823 -0.000513
vn -0.014037 0.996802 0.078668
vn 0.991088 -0.133146 -0.004107
vn 0.235531 -0.487751 -0.840609
vn 0.249215 0.498673 -0.830191
vn -0.041616 -0.173505 0.983953
vn -0.071818 -0.020879 0.997199
vn 0.031591 0.467146 -0.883616
vn 0.010840 0.584885 -0.811044
vn 0.026476 0.782506 -0.622080
vn 0.023383 0.417030 0.908592
vn -0.554180 -0.827098 -0.093773
vn -0.999765 0.020216 -0.007807
vn 0.006261 0.439308 0.898315
vn 0.008419 0.430317 0.902639
vn 0.010703 0.430316 -0.902615
vn 0.008534 0.439307 -0.898296
vn -0.067860 0.261609 -0.962785
vn -0.085344 0.364956 -0.927105
vn 0.025297 0.452543 0.891384
vn 0.016546 0.293149 0.955924
vn -0.508645 -0.848006 0.148882
vn -0.508267 -0.848006 -0.150167
vn 0.104445 -0.993786 -0.038479
vn 0.197994 -0.491696 0.847958
vn 0.008506 0.992589 0.121224
vn -0.149237 0.973811 0.171522
vn -0.149787 0.974619 0.166376
vn 0.149237 -0.973811 -0.171522
vn 0.440179 0.884173 0.156461
vn 0.371427 -0.908690 -0.190588
vn -0.844054 -0.536255 -0.001637
vn 0.010308 -0.257589 -0.966200
vn 0.014378 -0.282084 -0.959282
vn -0.861005 -0.508490 0.010396
vn -0.018974 -0.104521 0.994342
vn 0.005787 -0.256617 0.966496
vn -0.469603 0.688850 -0.552231
vn 0.285071 0.483716 -0.827498
vn 0.244565 0.484538 0.839887
vn -0.999999 0.000000 -0.001249
vn -0.999999 0.000000 -0.001249
vn -0.999999 0.000002 -0.001266
vn -0.999999 0.000000 -0.001249
vn -0.999999 -0.000002 -0.001266
vn -0.999999 0.000004 -0.001260
vn -0.999999 0.000002 -0.001266
vn -0.999999 -0.000002 -0.001266
vn -0.999999 -0.000004 -0.001260
vn -0.999999 0.000004 -0.001260
vn -0.633682 0.769638 0.078130
vn -0.039126 -0.173506 -0.984055
vn 0.008788 0.584886 0.811068
vn 0.051592 0.325210 0.944233
vn -0.739108 -0.653972 0.161369
vn -0.749943 -0.641885 -0.159904
vn 0.139779 -0.975170 -0.171769
vn 0.145901 -0.956900 -0.251109
vn -0.765809 0.643067 -0.000965
vn -0.765809 0.643067 -0.000965
vn -0.765809 0.643067 -0.000965
vn -0.765811 0.643065 -0.000978
vn -0.490817 0.649178 -0.581091
vn 0.335574 0.942014 0.000421
vn 0.986606 -0.163119 0.001238
vn 0.335575 0.942013 0.000426
vn 0.986606 -0.163119 0.001252
vn -0.373889 -0.545239 0.750281
vn -0.344443 -0.938807 -0.000436
vn -0.344443 -0.938807 -0.000436
vn 0.016116 0.981980 -0.188295
vn 0.014230 0.980271 -0.197148
vn -0.999765 0.020216 -0.007807
vn -0.999765 0.020216 -0.007807
vn -0.999765 0.020216 -0.007807
vn 0.995018 -0.094720 -0.031116
vn 0.995018 -0.094719 -0.031117
vn 0.032931 0.409729 0.911613
vn -0.680754 0.045877 0.731074
vn 0.248712 -0.485716 0.837987
vn 0.246130 -0.489772 0.836387
vn 0.194849 -0.492227 -0.848379
vn 0.986606 -0.163118 0.001247
vn 0.986606 -0.163118 0.001256
vn 0.986606 -0.163118 0.001247
vn -0.003181 -0.999995 -0.000004
vn -0.003181 -0.999995 -0.000004
vn 0.986606 -0.163118 0.001240
vn 0.986606 -0.163117 0.001228
vn 0.986606 -0.163118 0.001240
vn -0.003180 -0.999995 -0.000004
vn -0.003180 -0.999995 -0.000001
vn -0.542691 -0.834771 -0.092972
vn -0.009317 0.856655 -0.515805
vn 0.149787 -0.974619 -0.166376
vn -0.826990 0.447064 -0.340913
vn -0.826990 0.447064 -0.340913
vn -0.826990 0.447064 -0.340913
vn 0.008508 0.992591 0.121203
vn 0.450376 0.772975 0.446846
vn 0.084978 0.995449 0.043139
vn -0.344443 -0.938807 -0.000436
vn -0.344443 -0.938807 -0.000436
vn -0.139555 -0.858786 -0.492962
vn -0.050134 0.983996 -0.170991
vn 0.947674 -0.317383 -0.034382
vn 0.936960 -0.349232 -0.011997
vn 0.936960 -0.349232 -0.011997
vn 0.034607 0.327565 0.944195
vn 0.155004 -0.976465 -0.149968
vn -0.375789 -0.860743 -0.343372
vn 0.500812 0.646967 -0.574996
vn 0.002297 -0.521940 0.852979
vn -0.298069 0.145380 0.943409
vn -0.204849 0.216942 0.954449
vn 0.027159 0.341908 -0.939341
vn 0.027159 0.341908 -0.939341
vn 0.027159 0.341908 -0.939341
vn 0.114597 0.992436 -0.044034
vn 0.083879 -0.340782 0.936393
vn 0.073429 0.996424 -0.041797
vn 0.092119 0.959956 -0.264574
vn 0.203167 -0.963355 0.175130
vn 0.008815 0.992590 -0.121195
vn -0.999999 0.000007 -0.001259
vn 0.034607 0.327563 0.944195
vn 0.036995 0.327562 -0.944105
vn 0.084400 -0.433211 0.897332
vn 0.999905 0.000089 -0.013797
vn 0.018667 0.000002 -0.999826
vn 0.971214 -0.237811 0.013739
vn 0.052782 -0.291557 -0.955096
vn 0.122976 -0.560878 -0.818714
vn 0.207814 -0.961269 -0.181039
vn 0.994936 -0.094721 0.033632
vn 0.265535 -0.963984 -0.015015
vn 0.971628 -0.236511 -0.000982
vn 0.995454 -0.094764 -0.009537
vn 0.995427 -0.094765 0.012055
vn 0.992859 -0.119062 -0.007443
vn 0.995454 -0.094763 -0.009538
vn 0.032160 0.021372 0.999254
vn 0.992859 -0.119062 -0.007443
vn 0.994936 -0.094719 0.033633
vn 0.041488 0.000003 0.999139
vn 0.995427 -0.094763 0.012055
vn 0.992777 -0.119733 0.007569
vn 0.999999 0.000074 0.001289
vn 0.992777 -0.119733 0.007569
vn 0.054678 0.916676 -0.395872
vn 0.069570 -0.997577 0.000088
vn -0.999961 0.008724 -0.001265
vn 0.999961 -0.008728 0.001260
vn -0.875052 0.484028 -0.001106
vn -0.875053 0.484025 -0.001107
vn 0.092104 0.621998 0.777583
vn -0.696996 -0.425918 0.576880
vn -0.014286 0.001116 -0.999897
vn -0.999999 -0.000002 -0.001267
vn -0.014287 0.001114 -0.999897
vn 0.231483 -0.510845 -0.827921
vn 0.217382 -0.528515 -0.820620
vn 0.373282 -0.895635 -0.241865
vn -0.526622 -0.839085 -0.136403
vn 0.226213 -0.713338 -0.663307
vn -0.006470 -0.759365 0.650632
vn -0.999999 -0.000002 -0.001271
vn -0.023383 -0.417030 -0.908592
vn -0.032499 -0.374571 -0.926628
vn -0.032499 -0.374571 -0.926628
vn -0.999999 -0.000024 -0.001265
vn -0.999999 -0.000024 -0.001265
vn -0.999999 -0.000024 -0.001265
vn 0.262560 -0.947746 -0.181219
vn 0.809091 0.587676 0.003001
vn -0.999999 0.000001 -0.001267
vn 0.087416 0.547873 -0.831982
vn -0.999999 0.000001 -0.001261
vn -0.999999 0.000001 -0.001261
vn -0.999999 0.000001 -0.001268
vn -0.005441 -0.642782 0.766030
vn -0.100512 0.696172 0.710803
vn -0.100512 0.696172 0.710803
vn -0.100512 0.696172 0.710803
vn -0.999022 0.044184 -0.001835
vn -0.998721 0.048713 -0.013552
vn -0.998945 0.045316 -0.007407
vn -0.999022 0.044182 -0.001833
vn -0.998721 0.048713 -0.013552
vn -0.998945 0.045315 -0.007405
vn -0.054872 -0.007048 0.998469
vn -0.999999 -0.000007 -0.001266
vn -0.999999 -0.000005 -0.001266
vn -0.209974 -0.441649 0.872271
vn -0.999999 0.000005 -0.001265
vn -0.999999 0.000001 -0.001265
vn 0.051862 0.643607 -0.763597
vn -0.016738 0.000755 0.999860
vn 0.092800 0.944593 0.314854
vn 0.074902 0.928452 0.363823
vn -0.016739 0.000756 0.999860
vn -0.016811 0.001122 0.999858
vn 0.215345 0.963792 -0.157263
vn 0.215346 0.963792 -0.157264
vn 0.152154 -0.443832 -0.883098
vn -0.016811 0.001120 0.999858
vn 0.108643 -0.393052 -0.913075
vn 0.152154 -0.443832 -0.883098
vn -0.761981 -0.403711 -0.506362
vn 0.095210 0.941980 -0.321882
vn 0.871380 0.485166 -0.072875
vn 0.085128 0.994355 -0.063338
vn -0.470010 -0.833844 0.289474
vn -0.370122 -0.928885 -0.013521
vn 0.071340 0.962307 -0.262443
vn -0.078789 -0.320980 -0.943803
vn 0.084787 0.961028 -0.263128
vn 0.091203 0.994683 0.047824
vn 0.021209 -0.324427 -0.945673
vn -0.391617 -0.011715 0.920054
vn -0.389717 0.030065 0.920444
vn 0.053676 0.916676 0.396009
vn -0.330650 0.093124 0.939148
vn 0.273677 -0.787433 -0.552314
vn 0.999961 -0.008727 0.001265
vn 0.999961 -0.008727 0.001262
vn 0.999961 -0.008727 0.001262
vn 0.069570 -0.997577 0.000088
vn 0.069570 -0.997577 0.000088
vn 0.069570 -0.997577 0.000088
vn -0.999961 0.008727 -0.001276
vn -0.999961 0.008726 -0.001271
vn -0.999961 0.008726 -0.001271
vn -0.008523 -0.181677 -0.983321
vn -0.017036 -0.192621 -0.981125
vn -0.011263 -0.182596 -0.983124
vn 0.073660 0.984714 -0.157839
vn -0.951606 -0.278502 0.129931
vn 0.022117 -0.939454 0.341962
vn 0.003191 -0.831959 0.554828
vn 0.007432 -0.901870 0.431944
vn 0.015478 -0.765961 -0.642700
vn 0.378101 -0.913676 0.149115
vn 0.451507 0.772976 -0.445701
vn -0.173815 0.984778 -0.000220
vn 0.001264 -0.000004 -0.999999
vn 0.001264 -0.000004 -0.999999
vn -0.173815 0.984778 -0.000220
vn 0.220585 -0.908081 0.355994
vn -0.771377 0.619331 0.146311
vn -0.778106 0.624817 0.064458
vn -0.771009 0.619325 -0.148261
vn -0.630532 0.772103 -0.079292
vn -0.777945 0.624811 -0.066426
vn -0.836389 0.476102 -0.271627
vn -0.634075 0.773271 -0.000583
vn -0.634075 0.773271 -0.000583
vn -0.437347 -0.880062 -0.184984
vn -0.151297 0.988488 -0.000190
vn 0.304437 0.703473 -0.642218
vn 0.035316 -0.939907 0.339599
vn -0.714958 -0.687903 -0.125002
vn 0.300464 -0.696014 0.652140
vn -0.478676 0.877925 -0.010777
vn -0.707539 -0.695450 0.125452
vn -0.437810 -0.880063 0.183878
vn -0.478702 0.877925 0.009570
vn -0.530785 0.619353 0.578506
vn -0.946747 -0.321976 -0.001197
vn -0.946748 -0.321973 -0.001198
vn -0.011128 0.484291 0.874836
vn 0.016026 0.301663 -0.953280
vn 0.013615 0.301666 0.953317
vn 0.013615 0.301663 0.953317
vn -0.380620 0.867065 0.321445
vn 0.002951 0.274657 0.961538
vn -0.356515 0.934290 -0.000450
vn -0.477924 0.787071 0.390009
vn -0.151297 0.988488 -0.000190
vn 0.068192 0.725346 0.684998
vn 0.303882 0.711930 -0.633096
vn 0.351345 0.471316 0.808961
vn -0.150347 0.629321 -0.762464
vn 0.069925 0.725346 -0.684824
vn 0.089540 0.446639 0.890223
vn 0.380082 0.158417 -0.911286
vn 0.091792 0.446638 -0.889994
vn -0.957881 0.287162 -0.001207
vn -0.105369 -0.546805 -0.830603
vn -0.301418 0.945270 -0.124947
vn 0.001561 0.028857 -0.999582
vn 0.143883 -0.228474 -0.962859
vn -0.001535 0.005732 0.999982
vn -0.880027 0.474923 -0.001123
vn -0.111072 -0.445582 0.888324
vn -0.106547 0.647680 0.754426
vn 0.141447 -0.228475 0.963220
vn -0.107470 -0.546806 0.830333
vn -0.000968 0.028858 0.999583
vn 0.001025 0.199205 0.979957
vn -0.400517 0.774666 -0.489366
vn -0.134572 0.896470 -0.422175
vn 0.003505 0.199204 -0.979952
vn 0.432706 -0.453496 -0.779171
vn 0.000995 0.005730 -0.999983
vn -0.091894 -0.954049 -0.285211
vn -0.089428 -0.980843 -0.173062
vn -0.092615 -0.954049 0.284978
vn -0.093147 -0.913963 -0.394963
vn -0.136371 0.698313 -0.702682
vn -0.089866 -0.980843 0.172835
vn -0.094145 -0.913963 0.394726
vn 0.117515 0.115033 -0.986386
vn 0.160151 -0.442347 -0.882429
vn 0.126970 -0.062122 -0.989959
vn -0.118709 -0.229520 0.966038
vn 0.157918 -0.442346 0.882832
vn 0.097172 0.189920 -0.976979
vn -0.112547 0.278124 0.953929
vn 0.405516 -0.161145 0.899772
vn 0.350894 0.466096 0.812175
vn 0.408060 -0.154042 -0.899866
vn 0.405782 -0.154042 0.900895
vn 0.098184 0.279711 0.955051
vn 0.132650 -0.114225 0.984559
vn 0.184685 -0.788375 0.586818
vn -0.101138 -0.723323 0.683063
vn -0.099410 -0.723323 -0.683317
vn -0.119876 -0.128026 -0.984499
vn 0.186169 -0.788375 -0.586350
vn 0.115019 0.115033 0.986680
vn 0.224941 -0.968843 -0.103656
vn -0.089865 -0.980843 0.172835
vn 0.068497 -0.982480 0.173325
vn 0.130125 -0.932368 0.337278
vn 0.224678 -0.968843 0.104228
vn 0.130978 -0.932368 -0.336949
vn 0.068935 -0.982480 -0.173152
vn -0.098407 -0.798585 0.593783
vn 0.193460 -0.900518 0.389410
vn 0.194445 -0.900518 -0.388919
vn 0.180692 -0.714985 -0.675387
vn 0.178984 -0.714986 0.675840
vn -0.096905 -0.798584 -0.594031
vn 0.450713 -0.685659 0.571602
vn -0.089428 -0.980843 -0.173062
vn 0.464332 -0.833710 -0.298871
vn 0.165609 -0.542007 0.823894
vn 0.081131 0.535571 -0.840584
vn 0.167693 -0.542007 -0.823473
vn 0.330027 0.721892 -0.608239
vn 0.452220 -0.680468 -0.576593
vn 0.072600 0.503855 0.860732
vn 0.592253 -0.793640 -0.139186
vn 0.322684 -0.932197 -0.163961
vn 0.322685 -0.932197 -0.163963
vn 0.591898 -0.793640 0.140685
vn 0.489594 -0.804967 0.335150
vn 0.440438 -0.897457 0.024206
vn 0.322267 -0.932198 0.164777
vn 0.591900 -0.793638 0.140689
vn 0.322268 -0.932197 0.164779
vn 0.999999 0.000000 0.001265
vn 0.999999 0.000000 0.001265
vn 0.999999 0.000000 0.001265
vn 0.313786 0.891288 0.327328
vn 0.063939 0.800900 -0.595375
vn 0.340245 0.342611 0.875700
vn 0.062432 0.800900 0.595535
vn 0.121096 -0.000514 0.992641
vn 0.322144 -0.049299 0.945406
vn 0.427754 0.621351 0.656467
vn 0.202520 0.404046 0.892038
vn 0.239361 0.937613 -0.252167
vn 0.309006 0.951057 -0.002245
vn 0.051404 0.956906 -0.285812
vn 0.168952 0.923100 -0.345459
vn 0.050681 0.956906 0.285941
vn 0.047833 0.997131 0.058668
vn 0.263397 0.964687 0.000152
vn 0.278208 0.689933 0.668275
vn 0.238721 0.937613 0.252772
vn -0.108824 -0.445582 -0.888602
vn -0.120250 -0.114699 -0.986095
vn 0.047982 0.997131 -0.058546
vn 0.536750 0.639749 0.550110
vn 0.581722 0.638567 0.503817
vn 0.458717 0.734350 0.500309
vn 0.018808 0.975882 -0.217486
vn -0.193032 -0.449602 -0.872122
vn -0.000427 -0.273558 0.961855
vn 0.092936 -0.365886 -0.926008
vn -0.273409 -0.570064 -0.774774
vn -0.003181 -0.039929 0.999197
vn 0.003168 -0.273452 0.961881
vn 0.131144 -0.989547 0.059985
vn 0.206416 -0.976375 -0.063904
vn -0.331949 -0.650577 -0.683051
vn -0.331948 -0.650578 -0.683051
vn 0.177015 -0.982201 -0.062824
vn -0.333675 -0.650577 0.682210
vn -0.333675 -0.650578 0.682209
vn 0.033963 0.238567 -0.970532
vn 0.007892 -0.999885 -0.012967
vn 0.138268 -0.990032 -0.026791
vn 0.008508 0.992589 0.121221
vn 0.007859 -0.999885 0.012987
vn -0.052183 -0.997439 0.048912
vn 0.177650 -0.938804 -0.295106
vn 0.150378 -0.722539 -0.674777
vn -0.134321 0.213294 0.967710
vn -0.048903 0.447872 0.892759
vn -0.011044 0.872127 -0.489155
vn -0.065581 0.344647 -0.936439
vn -0.834941 0.439257 0.331553
vn 0.095596 -0.941816 -0.322247
vn -0.082775 0.706338 -0.703018
vn -0.034259 0.140328 -0.989512
vn -0.155253 -0.274423 -0.948994
vn -0.839127 0.453995 0.299592
vn -0.157653 -0.274420 0.948599
vn -0.161404 -0.388155 -0.907350
vn -0.275447 -0.415898 -0.866694
vn -0.239978 -0.342142 -0.908487
vn 0.378481 -0.913674 -0.148163
vn -0.088404 -0.962931 -0.254850
vn -0.089048 -0.962931 0.254626
vn -0.060865 -0.900725 -0.430105
vn -0.052021 -0.939869 -0.337550
vn -0.049446 -0.947183 0.316859
vn -0.051962 -0.897248 0.438459
vn -0.155253 -0.274422 -0.948994
vn -0.368682 -0.881100 0.296204
vn -0.157653 -0.274424 0.948597
vn -0.367935 -0.881751 -0.295193
vn -0.284414 0.479356 0.830257
vn -0.134735 0.229053 0.964044
vn 0.020609 0.995056 0.097153
vn -0.122744 -0.114699 0.985788
vn -0.235990 -0.142725 0.961217
vn -0.093468 -0.447891 0.889189
vn -0.092566 -0.441170 -0.892637
vn -0.122524 -0.047943 -0.991307
vn 0.109797 0.165227 -0.980125
vn 0.085310 0.547873 0.832200
vn -0.167087 0.791125 0.588390
vn 0.073064 0.915510 0.395605
vn 0.074065 0.915510 -0.395419
vn 0.079337 0.724645 0.684540
vn 0.081069 0.724645 -0.684337
vn -0.324573 0.889097 0.322736
vn 0.071810 0.955637 0.285660
vn -0.267135 0.190959 -0.944549
vn 0.091023 0.446484 -0.890150
vn -0.124766 0.272609 -0.954001
vn -0.165598 0.791125 -0.588812
vn -0.219528 -0.169811 0.960714
vn 0.837345 0.216482 0.501986
vn -0.184724 -0.491551 -0.851032
vn -0.124162 0.229123 0.965446
vn -0.086004 -0.230457 -0.969274
vn 0.072532 0.955637 -0.285477
vn -0.110280 -0.027195 0.993528
vn -0.088457 -0.230455 0.969054
vn 0.837345 0.216482 0.501986
vn 0.837345 0.216482 0.501986
vn -0.999021 0.044181 0.002263
vn -0.998812 0.048714 -0.001264
vn -0.251024 0.167714 -0.953341
vn -0.138421 0.443694 -0.885424
vn 0.287565 0.957761 0.000363
vn -0.999021 0.044182 0.002262
vn -0.112805 0.114551 -0.986992
vn 0.214947 0.963792 0.157808
vn -0.998812 0.048712 -0.001260
vn -0.998965 0.045314 0.004024
vn -0.148317 0.543727 0.826052
vn 0.287564 0.957761 0.000363
vn -0.140661 0.443694 0.885071
vn -0.998965 0.045315 0.004024
vn -0.115301 0.114551 0.986703
vn -0.285777 0.478174 0.830470
vn 0.214947 0.963792 0.157807
vn -0.181074 0.981788 0.057478
vn -0.159806 0.717409 -0.678075
vn 0.999999 -0.000003 0.001259
vn -0.175501 0.903788 0.390343
vn 0.070701 0.995774 0.058617
vn -0.180928 0.981789 -0.057934
vn 0.070850 0.995774 -0.058437
vn -0.307414 0.728818 -0.611818
vn 0.078335 0.800002 -0.594862
vn 0.076829 0.800002 0.595059
vn -0.174513 0.903788 -0.390785
vn -0.161521 0.717409 0.677669
vn -0.146227 0.543727 -0.826425
vn 0.999999 -0.000003 0.001259
vn 0.999999 -0.000003 0.001259
vn -0.178364 0.942802 0.281620
vn -0.329817 0.944045 0.000364
vn -0.324246 0.888421 -0.324919
vn -0.177650 0.942802 -0.282072
vn -0.063423 -0.548999 0.833413
vn 0.096227 0.230020 0.968417
vn 0.108256 -0.114860 0.987465
vn -0.052673 -0.745635 0.664270
vn -0.125623 -0.870761 0.475389
vn 0.098679 0.230020 -0.968170
vn 0.110755 -0.114860 -0.987188
vn -0.061313 -0.548999 -0.833571
vn -0.050561 -0.756901 -0.651571
vn -0.195895 -0.495566 -0.846191
vn -0.159749 -0.756424 0.634274
vn -0.386729 -0.704617 0.594941
vn -0.336563 -0.927428 0.163104
vn -0.273706 0.128646 -0.953171
vn -0.385228 -0.708739 -0.591006
vn -0.424519 -0.891572 -0.157743
vn -0.336149 -0.927428 -0.163956
vn 0.440572 0.884174 -0.155348
vn 0.445145 0.893883 0.053101
vn 0.308999 0.951058 0.003027
vn 0.434696 0.280055 -0.855926
vn 0.012083 0.419417 -0.907713
vn 0.088771 0.446485 0.890377
vn -0.084051 0.280851 -0.956064
vn 0.046622 0.680713 -0.731065
vn -0.242273 -0.342142 0.907878
vn 0.115428 0.173995 0.977958
vn -0.277635 -0.415894 0.865997
vn -0.424916 -0.891572 0.156670
vn 0.091450 0.959956 0.264806
vn -0.172189 -0.362940 0.915765
vn 0.087817 0.962111 0.258130
vn 0.450375 0.772975 0.446847
vn 0.450375 0.772975 0.446846
vn -0.033992 -0.917503 0.396273
vn -0.614055 -0.158784 -0.773126
vn -0.664806 0.071207 -0.743614
vn -0.032990 -0.917503 -0.396358
vn 0.450375 0.772975 0.446846
vn -0.027099 -0.997909 -0.058687
vn 0.122159 -0.000716 -0.992510
vn 0.198870 -0.920163 -0.337269
vn 0.131186 -0.991358 0.000140
vn 0.353391 0.471314 -0.808070
vn -0.027247 -0.997909 0.058618
vn -0.142459 -0.930254 0.338131
vn -0.029970 -0.957709 -0.286172
vn 0.169482 0.390391 -0.904915
vn -0.135464 -0.990782 -0.000081
vn -0.041820 -0.801758 -0.596184
vn -0.140941 -0.930273 -0.338714
vn -0.043328 -0.801758 0.596076
vn -0.030694 -0.957710 0.286095
vn 0.484602 0.482240 -0.729798
vn 0.115930 -0.269156 0.956094
vn -0.132295 0.229052 -0.964382
vn 0.198046 -0.381571 -0.902874
vn 0.433971 -0.200057 -0.878434
vn 0.349406 -0.116763 -0.929668
vn 0.172600 0.969506 0.173975
vn 0.162499 0.832772 0.529230
vn -0.040489 0.944074 0.327239
vn 0.430872 -0.446819 0.784029
vn 0.559311 -0.370360 0.741623
vn 0.099082 0.732744 0.673253
vn 0.071647 0.838350 0.540403
vn -0.200819 0.214270 -0.955908
vn -0.012201 -0.295425 -0.955288
vn -0.115201 0.699286 0.705499
vn -0.863856 -0.503738 -0.001077
vn -0.292426 0.104502 -0.950561
vn 0.001264 -0.000001 -0.999999
vn 0.000856 -0.011116 -0.999938
vn 0.000719 -0.008492 -0.999964
vn -0.211136 0.203706 -0.955995
vn -0.863859 -0.503732 -0.001075
vn -0.001810 -0.008495 0.999962
vn -0.001266 -0.000006 0.999999
vn -0.256983 -0.135697 -0.956842
vn 0.082249 -0.606581 -0.790755
vn 0.221722 -0.650401 -0.726511
vn 0.157305 -0.858239 -0.488550
vn -0.001674 -0.011118 0.999937
vn -0.997287 0.073606 -0.001266
vn 0.028250 0.345645 0.937940
vn -0.997287 0.073603 -0.001261
vn -0.997287 0.073603 -0.001255
vn -0.957881 0.287163 -0.001208
vn 0.004022 0.315399 0.948951
vn 0.070740 -0.924008 -0.375773
vn -0.910558 0.413379 -0.001160
vn 0.006423 0.315398 -0.948938
vn -0.997287 0.073604 -0.001258
vn 0.732145 -0.591471 0.337825
vn 0.404474 -0.385963 0.829116
vn 0.909974 -0.369236 0.188710
vn -0.298447 -0.137935 0.944406
vn -0.145585 0.544153 0.826258
vn -0.152499 0.792942 -0.589904
vn -0.143494 0.544153 -0.826624
vn -0.256628 0.193914 0.946858
vn 0.153980 -0.857533 0.490843
vn 0.217022 -0.651231 0.727187
vn 0.221096 -0.919125 0.326076
vn 0.240589 -0.480073 0.843592
vn 0.244287 -0.486549 0.838805
vn 0.073456 -0.565161 0.821704
vn -0.157717 0.906581 0.391455
vn 0.081263 0.996520 0.018581
vn 0.242073 -0.486961 0.839208
vn 0.083934 0.996295 -0.018720
vn 0.331169 0.885706 0.325349
vn -0.156725 0.906581 -0.391853
vn -0.295421 -0.953917 0.052625
vn -0.551552 -0.832454 0.053015
vn -0.295287 -0.953917 -0.053372
vn -0.551417 -0.832453 -0.054410
vn 0.331984 0.887351 -0.319991
vn 0.330814 0.724250 0.604999
vn 0.330403 0.166194 0.929093
vn 0.249430 -0.792034 0.557195
vn -0.386380 0.865772 0.318039
vn -0.141603 -0.930254 -0.338491
vn -0.138407 -0.319154 0.937542
vn 0.041035 0.347329 0.936845
vn -0.059634 0.536654 0.841693
vn -0.151165 -0.947127 -0.283017
vn -0.031660 -0.281862 0.958933
vn 0.019788 0.192789 0.981041
vn 0.029021 0.742430 0.669295
vn -0.128849 -0.415570 0.900389
vn -0.153991 0.792942 0.589516
vn -0.765385 -0.643572 -0.000969
vn 0.012911 0.181031 0.983393
vn -0.283675 0.478174 -0.831191
vn -0.159905 0.985420 -0.058121
vn 0.009455 0.180638 0.983504
vn 0.046547 0.982743 -0.179026
vn -0.310218 0.425315 -0.850219
vn 0.049121 0.982358 -0.180443
vn 0.076932 0.982510 -0.169575
vn 0.391197 -0.919413 -0.040565
vn -0.160972 -0.756456 0.633927
vn -0.170804 -0.790967 0.587535
vn -0.158957 0.946008 0.282491
vn -0.160052 0.985420 0.057716
vn -0.158243 0.946008 -0.282892
vn 0.305849 -0.951997 0.012561
vn 0.336578 -0.891408 0.303493
vn -0.001672 -0.011115 0.999937
vn 0.050680 -0.373748 0.926145
vn -0.001264 0.000001 0.999999
vn 0.119931 -0.445002 0.887463
vn 0.221922 -0.919125 -0.325514
vn -0.001809 -0.008491 0.999962
vn 0.122176 -0.445002 -0.887156
vn 0.200792 -0.979577 -0.010536
vn 0.088859 -0.354212 0.930934
vn 0.073320 -0.923764 0.375879
vn -0.863856 -0.503738 -0.001081
vn -0.325018 -0.945708 -0.000403
vn -0.325017 -0.945708 -0.000403
vn -0.325021 -0.945707 -0.000407
vn -0.863858 -0.503734 -0.001084
vn 0.001266 -0.000004 -0.999999
vn -0.325018 -0.945708 -0.000410
vn 0.000857 -0.011116 -0.999938
vn 0.000721 -0.008493 -0.999964
vn 0.268794 0.832482 -0.484483
vn 0.287227 0.817524 -0.499155
vn 0.267479 0.830582 0.488455
vn 0.157767 0.478077 -0.864033
vn 0.248750 -0.787587 0.563765
vn -0.309921 0.727706 0.611876
vn -0.972942 0.230930 -0.007449
vn -0.341336 0.683116 0.645633
vn -0.972942 0.230930 -0.007449
vn -0.972942 0.230930 -0.007449
vn -0.060559 0.271082 0.960649
vn -0.972958 0.230928 0.004988
vn -0.972958 0.230928 0.004988
vn -0.972958 0.230928 0.004988
vn -0.384963 -0.458475 -0.801002
vn -0.392050 -0.919883 0.010559
vn -0.385223 -0.704617 -0.595918
vn -0.514551 0.384682 0.766327
vn -0.672973 -0.739600 0.009922
vn 0.817395 0.553401 -0.160039
vn -0.387126 0.157034 0.908556
vn -0.385229 0.708739 -0.591006
vn -0.514232 0.688524 0.511371
vn -0.385574 0.865772 -0.319015
vn -0.386985 -0.464029 0.796818
vn -0.384829 -0.163349 -0.908418
vn -0.386989 0.458475 0.800025
vn -0.512506 0.099160 -0.852939
vn -0.384827 0.157033 -0.909532
vn -0.512837 -0.623803 -0.589804
vn -0.386373 0.867965 0.312013
vn -0.386726 0.708739 0.590028
vn -0.514661 -0.099160 0.851640
vn -0.341985 0.217133 0.914275
vn -0.514488 -0.471881 0.715982
vn 0.351995 -0.491319 0.796684
vn -0.392022 -0.919883 -0.011551
vn -0.482655 -0.873464 0.064068
vn -0.482490 -0.873465 -0.065289
vn -0.386722 -0.708738 0.590031
vn -0.385581 0.867966 -0.312990
vn -0.387126 -0.157033 0.908556
vn 0.174570 -0.575507 -0.798948
vn -0.513152 0.787686 -0.340919
vn -0.672948 -0.739599 -0.011625
vn -0.512935 0.688525 -0.512670
vn 0.154625 -0.161582 -0.974670
vn 0.154941 -0.199480 0.967575
vn -0.131540 -0.262342 -0.955967
vn -0.385224 0.704617 -0.595918
vn 0.814724 0.579088 -0.029689
vn -0.131540 -0.262342 -0.955967
vn -0.131540 -0.262342 -0.955967
vn 0.030166 -0.105200 0.993993
vn -0.335815 0.891849 -0.303041
vn 0.030166 -0.105200 0.993993
vn 0.030166 -0.105200 0.993993
vn -0.063820 0.997959 0.002344
vn -0.381542 0.878663 0.287015
vn -0.055660 0.998450 -0.000070
vn -0.173815 0.984778 -0.000220
vn -0.001265 0.000000 0.999999
vn 0.071918 0.989597 -0.124601
vn 0.071603 0.989599 0.124765
vn -0.322345 0.935454 -0.144984
vn 0.227261 -0.973802 -0.007833
vn 0.218419 -0.964475 0.148595
vn -0.322710 0.935454 0.144168
vn -0.373763 0.915941 0.146130
vn -0.279616 0.954549 0.103200
vn -0.025138 0.999220 -0.030460
vn -0.075251 0.995607 -0.055714
vn -0.279352 0.954550 -0.103908
vn -0.075392 0.995607 0.055523
vn -0.373388 0.915942 -0.147074
vn -0.005735 0.983925 0.178490
vn -0.197917 0.956796 0.213004
vn -0.182002 0.957184 -0.225111
vn 0.239755 -0.956651 0.165336
vn -0.058026 0.996907 0.053013
vn 0.052183 0.997439 -0.048912
vn 0.332611 -0.473793 -0.815408
vn -0.136729 0.980881 -0.138484
vn -0.214981 0.976618 -0.000351
vn 0.131562 -0.720751 -0.680595
vn -0.160018 0.945737 0.282801
vn -0.092715 0.995627 -0.011405
vn 0.423739 0.901641 0.086537
vn 0.330546 -0.473795 0.816246
vn 0.136798 -0.909304 0.393004
vn 0.129839 -0.720751 0.680926
vn 0.212428 -0.973535 -0.084282
vn 0.262180 0.000019 0.965019
vn 0.018767 0.665936 -0.745773
vn 0.306903 -0.941412 -0.139835
vn 0.214982 -0.975361 0.049529
vn 0.233372 -0.950454 -0.205364
vn 0.287973 -0.957189 0.029341
vn 0.288045 -0.957189 -0.028613
vn 0.041231 0.999150 0.000114
vn 0.281988 -0.950852 0.127917
vn 0.262180 0.000019 0.965019
vn 0.262180 0.000019 0.965019
vn -0.999999 -0.000074 -0.001239
vn -0.999999 -0.000074 -0.001239
vn -0.999999 -0.000074 -0.001239
vn 0.260460 0.000023 -0.965485
vn 0.260460 0.000023 -0.965485
vn 0.260460 0.000023 -0.965485
vn -0.999999 -0.000089 -0.001291
vn -0.999999 -0.000089 -0.001291
vn -0.999999 -0.000089 -0.001291
vn 0.005441 0.642782 -0.766030
vn 0.155698 -0.986239 0.055589
vn 0.191092 -0.981572 -0.000244
vn 0.162155 -0.986678 -0.013100
vn 0.129653 -0.605497 0.785216
vn 0.005441 0.642782 -0.766030
vn 0.005441 0.642782 -0.766030
vn 0.098380 -0.350744 -0.931289
vn -0.002530 0.911600 0.411070
vn 0.000067 0.900341 0.435185
vn -0.999999 0.000009 -0.001256
vn -0.999999 0.000009 -0.001256
vn -0.999999 0.000009 -0.001256
vn 0.067860 -0.261609 0.962785
vn 0.085344 -0.364956 0.927105
vn 0.111086 -0.555873 -0.823811
vn 0.080895 0.401515 0.912273
vn 0.048158 0.000607 0.998840
vn -0.023851 0.984533 0.173570
vn -0.006070 0.917983 0.396572
vn -0.030269 0.992192 -0.120994
vn -0.010616 0.939636 0.342012
vn -0.030575 0.992192 0.120917
vn 0.083179 0.396113 -0.914427
vn -0.103461 -0.021030 -0.994411
vn -0.658917 0.752215 -0.000833
vn -0.658917 0.752215 -0.000833
vn 0.291028 -0.749854 -0.594156
vn 0.100653 0.729778 -0.676235
vn 0.272568 -0.631394 -0.725981
vn 0.067305 0.425612 -0.902399
vn 0.137792 -0.909304 -0.392656
vn 0.139038 -0.948877 -0.283373
vn 0.139989 -0.988437 0.058273
vn 0.332613 0.469629 -0.817812
vn 0.134652 -0.830591 -0.540359
vn 0.448010 0.206766 -0.869790
vn 0.330403 0.161454 0.929928
vn 0.332754 0.161455 -0.929089
vn 0.138320 -0.948877 0.283724
vn 0.331991 0.885705 -0.324513
vn 0.446977 0.893037 -0.051923
vn 0.331582 0.943424 -0.001985
vn 0.331582 -0.943424 -0.001986
vn 0.331166 -0.885707 0.325349
vn 0.447692 -0.650365 -0.613675
vn 0.332753 0.166193 -0.928254
vn 0.332611 0.473796 -0.815406
vn 0.355322 -0.734951 -0.577576
vn 0.446586 -0.857133 0.256678
vn 0.445899 0.401062 0.800202
vn 0.132559 -0.795259 0.591600
vn 0.389167 -0.444580 -0.806783
vn 0.140136 -0.988437 -0.057918
vn 0.331174 -0.887352 0.320828
vn 0.447920 0.401062 -0.799073
vn 0.330543 0.469629 0.818651
vn 0.331985 -0.887352 -0.319989
vn 0.254619 -0.598246 -0.759784
vn -0.408188 -0.675214 0.614385
vn -0.236147 -0.139939 -0.961588
vn -0.108463 -0.464261 0.879032
vn -0.513986 -0.149459 -0.844678
vn 0.177325 -0.593197 0.785285
vn 0.178092 -0.927751 0.327966
vn -0.471126 -0.573673 -0.670029
vn 0.123618 -0.652059 0.748022
vn 0.072347 -0.226309 0.971365
vn 0.061486 0.002312 0.998105
vn -0.001097 0.930679 -0.365835
vn -0.001096 0.930679 -0.365836
vn 0.061486 0.002316 0.998105
vn 0.009552 0.494751 -0.868982
vn 0.012376 0.508071 -0.861226
vn 0.007164 0.355782 -0.934542
vn 0.346828 0.937929 0.000441
vn -0.512506 -0.099161 -0.852939
vn -0.514015 -0.787685 0.339620
vn -0.512613 -0.384680 -0.767626
vn -0.386380 -0.865772 0.318039
vn -0.999999 -0.000004 -0.001262
vn -0.508645 -0.848006 0.148881
vn -0.339081 -0.107273 -0.934621
vn -0.999999 -0.000001 -0.001271
vn -0.630540 -0.175075 0.756153
vn -0.826583 0.033475 0.561818
vn -0.766490 -0.252458 0.590557
vn 0.010197 0.508071 0.861255
vn 0.004799 0.355781 0.934557
vn 0.007353 0.494751 0.869004
vn 0.346829 0.937928 0.000437
vn -0.514229 -0.688525 0.511373
vn -0.384968 -0.464028 -0.797795
vn -0.513895 0.822123 0.245002
vn -0.386371 -0.867966 0.312015
vn -0.386989 -0.458475 0.800025
vn -0.514328 -0.623803 0.588503
vn -0.385581 -0.867966 -0.312991
vn -0.512674 -0.471882 -0.717282
vn -0.512526 0.198321 -0.835456
vn -0.999999 -0.000005 -0.001260
vn -0.385981 0.922503 0.002719
vn -0.512838 0.623803 -0.589803
vn -0.513273 0.822123 -0.246302
vn -0.512527 -0.198320 -0.835455
vn -0.514662 0.099160 0.851640
vn -0.512933 -0.688525 -0.512672
vn -0.173248 0.617103 0.767573
vn -0.513895 -0.822123 0.245002
vn -0.356790 0.455839 -0.815421
vn -0.385574 -0.865772 -0.319016
vn 0.126334 -0.623125 -0.771852
vn -0.133298 0.981285 -0.138963
vn -0.292016 0.434162 0.852191
vn -0.911485 -0.023779 -0.410646
vn -0.929559 0.118282 -0.349185
vn -0.513274 -0.822123 -0.246301
vn -0.513154 -0.787685 -0.340919
vn -0.999999 0.000005 -0.001262
vn -0.999999 0.000000 -0.001268
vn 0.169224 -0.910095 -0.378272
vn -0.999999 -0.000002 -0.001262
vn -0.999999 0.000000 -0.001264
vn -0.384964 0.458475 -0.801002
vn -0.441812 -0.619584 0.648782
vn -0.999999 0.000003 -0.001265
vn -0.387126 -0.163349 0.907442
vn -0.920923 0.389740 -0.001680
vn -0.514328 0.623802 0.588504
vn -0.386730 0.704616 0.594942
vn -0.514554 -0.384680 0.766326
vn -0.744886 -0.243594 -0.621134
vn -0.999999 -0.000004 -0.001267
vn -0.512675 0.471881 -0.717282
vn -0.508267 -0.848006 -0.150169
vn -0.999999 0.000000 -0.001266
vn 0.093967 -0.270506 -0.958121
vn -0.133616 0.981291 0.138616
vn -0.513520 0.856561 -0.050994
vn -0.004603 0.998123 -0.061061
vn -0.385974 0.922502 -0.003695
vn 0.157199 -0.664530 -0.730540
vn -0.915328 0.389579 -0.101990
vn -0.991928 0.119639 0.042016
vn -0.999999 0.000009 -0.001264
vn -0.811605 0.061987 -0.580909
vn -0.513648 0.856560 0.049696
vn -0.938062 -0.156130 -0.309295
vn -0.173248 0.617103 0.767573
vn -0.512612 0.384681 -0.767626
vn -0.103478 0.992717 -0.061690
vn -0.999999 -0.000003 -0.001263
vn -0.171307 0.617103 -0.768009
vn -0.999999 0.000005 -0.001261
vn -0.970931 -0.044075 -0.235267
vn -0.514014 0.787685 0.339621
vn -0.514493 0.471880 0.715979
vn -0.999999 0.000000 -0.001263
vn -0.514640 -0.198321 0.834155
vn -0.999999 0.000000 -0.001266
vn -0.514641 0.198320 0.834155
vn -0.040517 0.998857 0.025370
vn -0.415378 -0.840039 0.348993
vn -0.999999 -0.000005 -0.001268
vn 0.064076 0.008496 -0.997909
vn -0.367120 -0.735072 0.569993
vn 0.008817 0.992590 -0.121190
vn 0.064077 0.008494 -0.997909
vn -0.403165 -0.868774 0.287558
vn 0.008816 0.992590 -0.121192
vn 0.008816 0.992590 -0.121192
vn 0.051309 -0.691182 0.720857
vn 0.037151 -0.361076 0.931796
vn 0.025902 -0.001090 0.999664
vn 0.496318 -0.051769 -0.866596
vn 0.508063 -0.166052 -0.845162
vn 0.328487 0.721892 0.609071
vn 0.468078 0.642690 0.606509
vn 0.545730 -0.192608 -0.815525
vn 0.454398 -0.061721 -0.888658
vn 0.352948 0.466098 -0.811283
vn 0.407791 -0.161145 -0.898743
vn 0.493096 0.391241 -0.777037
vn 0.469612 0.642690 -0.605322
vn 0.519663 0.100049 -0.848493
vn 0.451864 0.818896 0.353877
vn 0.050505 0.998724 0.000064
vn 0.017865 0.998575 0.050289
vn 0.164812 -0.980239 -0.109399
vn 0.050505 0.998724 0.000064
vn -0.765386 -0.643571 -0.000967
vn 0.200765 -0.979577 0.011043
vn 0.517516 0.100049 0.849805
vn 0.451505 0.772976 -0.445704
vn -0.493766 -0.599619 0.629804
vn -0.433426 -0.451300 0.780045
vn 0.377776 0.158416 0.912244
vn -0.512496 -0.442862 0.735677
vn 0.491129 0.391240 0.778283
vn -0.135082 0.758639 -0.637353
vn 0.451503 0.772975 -0.445707
vn -0.003503 -0.642780 -0.766043
vn 0.451505 0.772976 -0.445704
vn 0.187740 -0.973927 0.127357
vn 0.107327 -0.993975 -0.022233
vn 0.482753 0.482240 0.731023
vn 0.469437 0.567264 0.676639
vn 0.314614 0.891288 -0.326534
vn -0.530328 -0.541602 -0.652242
vn -0.392088 -0.444240 -0.805555
vn 0.452758 0.818895 -0.352734
vn 0.190227 -0.980606 -0.047186
vn 0.445278 0.893883 -0.051975
vn -0.485140 -0.418224 -0.767937
vn 0.720467 -0.298153 0.626124
vn 0.838427 0.233485 0.492468
vn 0.190107 -0.980605 0.047668
vn 0.448012 -0.206765 -0.869789
vn 0.332755 -0.166192 -0.928253
vn -0.999999 -0.000001 -0.001274
vn -0.697989 -0.159664 -0.698082
vn -0.699753 -0.159663 0.696314
vn -0.999999 0.000001 -0.001273
vn -0.697989 -0.159661 -0.698083
vn -0.699755 -0.159662 0.696313
vn -0.999999 0.000001 -0.001271
vn 0.107271 -0.993975 0.022504
vn 0.585148 -0.650582 -0.484092
vn 0.568278 -0.451919 -0.687626
vn 0.447234 0.857133 -0.255548
vn 0.446846 0.893036 0.053054
vn 0.448034 0.103382 -0.888019
vn 0.161469 -0.982338 -0.094548
vn 0.302278 0.711929 0.633865
vn 0.452159 -0.685658 -0.570460
vn 0.331577 0.943424 0.002826
vn -0.999999 -0.000004 -0.001267
vn -0.999999 -0.000002 -0.001265
vn -0.999999 -0.000007 -0.001263
vn -0.999999 0.000001 -0.001263
vn -0.999999 -0.000002 -0.001264
vn -0.999999 0.000002 -0.001274
vn 0.050732 0.745652 -0.664401
vn -0.038210 0.689842 -0.722951
vn 0.566536 -0.451919 0.689062
vn 0.537156 -0.096303 -0.837967
vn 0.446461 0.821229 0.355324
vn -0.063696 0.997966 -0.002612
vn 0.018623 -0.199236 -0.979775
vn 0.447857 -0.491973 -0.746584
vn -0.000661 0.816653 -0.577129
vn -0.071804 0.997419 -0.000091
vn 0.447589 -0.717844 -0.533258
vn 0.332345 -0.724251 -0.604159
vn -0.999999 -0.000001 -0.001266
vn 0.543665 -0.192607 0.816903
vn -0.999999 0.000000 -0.001271
vn -0.999999 -0.000004 -0.001265
vn -0.053252 -0.476864 -0.877362
vn 0.330809 0.721159 0.608684
vn -0.173815 0.984778 -0.000220
vn 0.447855 0.491977 -0.746582
vn 0.446133 0.650367 0.614807
vn 0.068947 -0.508412 -0.858349
vn 0.555311 -0.037147 0.830813
vn -0.999999 -0.000001 -0.001263
vn -0.999999 0.000000 -0.001268
vn -0.999999 -0.000003 -0.001267
vn 0.380469 0.164942 -0.909966
vn 0.430734 -0.453496 0.780263
vn 0.037660 -0.922345 -0.384528
vn 0.447585 0.717845 -0.533260
vn 0.592252 -0.793639 -0.139194
vn 0.510542 0.200094 -0.836247
vn 0.595014 -0.770153 -0.229831
vn 0.332344 0.724251 -0.604159
vn 0.592509 -0.739609 -0.319236
vn 0.099546 -0.009359 -0.994989
vn 0.440498 -0.897457 -0.023089
vn 0.490440 -0.804967 -0.333911
vn 0.592254 -0.793638 -0.139190
vn 0.140658 -0.013274 -0.989969
vn 0.140659 -0.013274 -0.989969
vn 0.594430 -0.770153 0.231336
vn 0.445785 -0.103382 0.889150
vn 0.374255 -0.132085 0.917871
vn 0.098464 0.995141 0.000123
vn -0.999999 0.000002 -0.001262
vn 0.463573 -0.833710 0.300047
vn -0.999999 0.000004 -0.001260
vn -0.999999 -0.000001 -0.001258
vn 0.446237 0.717844 0.534390
vn -0.999999 0.000000 -0.001265
vn 0.446588 0.857132 0.256679
vn 0.445900 -0.401062 0.800201
vn 0.583919 -0.650583 0.485572
vn -0.999999 -0.000002 -0.001259
vn 0.058731 0.983633 0.170344
vn -0.002022 0.930679 0.365832
vn 0.331175 0.887351 0.320830
vn -0.999999 -0.000003 -0.001267
vn 0.247517 0.952781 -0.175906
vn 0.319633 0.864233 -0.388505
vn 0.359079 0.927795 0.101287
vn 0.099548 -0.009356 -0.994989
vn 0.236660 0.970311 -0.049897
vn 0.384930 0.922703 0.021192
vn 0.315973 0.948761 -0.003661
vn 0.140663 -0.013270 -0.989969
vn 0.140662 -0.013270 -0.989969
vn -0.999999 0.000002 -0.001262
vn 0.332348 0.721158 -0.607845
vn 0.446976 -0.893038 -0.051924
vn 0.330546 0.473796 0.816245
vn 0.508424 0.200096 0.837536
vn -0.999999 0.000001 -0.001266
vn 0.446132 -0.650367 0.614808
vn 0.447683 0.650369 -0.613678
vn 0.448035 -0.103383 -0.888018
vn 0.330808 -0.721160 0.608683
vn -0.999999 0.000001 -0.001265
vn -0.999999 0.000002 -0.001266
vn 0.445965 -0.491975 0.747714
vn 0.535035 -0.096304 0.839323
vn 0.445806 0.206766 0.870922
vn -0.999999 0.000000 -0.001266
vn -0.999999 -0.000004 -0.001262
vn -0.999999 0.000004 -0.001258
vn 0.447926 -0.401062 -0.799069
vn -0.999999 0.000001 -0.001263
vn 0.353354 -0.147746 -0.923749
vn -0.999999 0.000010 -0.001264
vn -0.999999 0.000001 -0.001267
vn 0.446235 -0.717845 0.534390
vn -0.999999 0.000011 -0.001265
vn -0.002023 0.930679 0.365831
vn -0.999999 -0.000001 -0.001263
vn 0.447360 -0.821228 -0.354195
vn 0.378165 0.164942 0.910926
vn -0.999999 0.000005 -0.001264
vn -0.999999 0.000001 -0.001264
vn -0.999999 0.000004 -0.001264
vn -0.999999 -0.000005 -0.001262
vn 0.045002 -0.671568 -0.739575
vn 0.446841 -0.893039 0.053054
vn 0.446458 -0.821230 0.355325
vn -0.999999 -0.000002 -0.001265
vn 0.445966 0.491976 0.747713
vn 0.331989 -0.885707 -0.324511
vn 0.447235 -0.857133 -0.255547
vn -0.999999 -0.000004 -0.001269
vn -0.999999 0.000005 -0.001265
vn 0.331576 -0.943424 0.002826
vn -0.999999 -0.000001 -0.001269
vn 0.330814 -0.724251 0.604998
vn 0.447357 0.821228 -0.354198
vn -0.999999 -0.000007 -0.001262
vn 0.168370 0.470194 0.866354
vn 0.445788 0.103382 0.889149
vn 0.432855 -0.446819 -0.782936
vn 0.056121 0.358226 0.931947
vn 0.591699 -0.739610 0.320732
vn 0.064234 0.358020 0.931502
vn 0.066590 0.358016 -0.931338
vn 0.174761 0.448298 0.876634
vn 0.330403 -0.166192 0.929093
vn 0.561185 -0.370362 -0.740205
vn -0.082725 0.941252 0.327415
vn 0.191739 0.470670 -0.861223
vn 0.445808 -0.206765 0.870921
vn 0.450760 -0.680469 0.577735
vn -0.999999 0.000001 -0.001263
vn 0.580167 -0.591946 -0.559470
vn -0.999999 -0.000002 -0.001265
vn -0.999999 -0.000003 -0.001268
vn 0.578748 -0.591946 0.560937
vn 0.015488 0.690007 0.723637
vn -0.068801 0.679740 0.730219
vn 0.126905 -0.991915 0.000160
vn -0.033154 0.942150 -0.333549
vn 0.007756 -0.745721 0.666213
vn 0.038684 0.685157 0.727368
vn 0.009606 -0.745159 -0.666817
vn 0.014896 -0.736133 -0.676673
vn 0.018144 -0.999835 0.000022
vn 0.016723 0.886586 0.462261
vn 0.018144 -0.999835 0.000023
vn 0.011750 -0.732166 0.681025
vn 0.126905 -0.991915 0.000160
vn -0.003061 -0.005129 0.999982
vn -0.493787 -0.858281 -0.139743
vn 0.102341 -0.009864 0.994700
vn -0.763879 -0.645104 -0.018177
vn 0.138148 -0.013270 0.990323
vn -0.026145 -0.242109 0.969897
vn -0.763926 -0.645099 0.016244
vn -0.723934 -0.594866 -0.349363
vn -0.146646 -0.987474 -0.058225
vn 0.197588 -0.980103 0.018891
vn -0.030476 -0.205952 0.978087
vn -0.135463 -0.990782 -0.000261
vn -0.046563 -0.297134 0.953700
vn -0.724812 -0.594871 0.347529
vn -0.494136 -0.858283 0.138492
vn -0.151880 -0.947127 0.282635
vn 0.201412 -0.973561 0.107762
vn 0.138151 -0.013272 0.990322
vn -0.248315 -0.112654 -0.962106
vn -0.217097 -0.169813 -0.961266
vn -0.210450 -0.438685 -0.873651
vn -0.086315 0.996268 -0.000109
vn -0.071976 0.940979 0.330723
vn -0.071138 0.940979 -0.330904
vn -0.046727 0.998908 -0.000059
vn -0.086315 0.996268 -0.000108
vn -0.071976 0.940979 0.330724
vn -0.071140 0.940979 -0.330904
vn -0.046728 0.998908 -0.000059
vn 0.182655 0.705647 -0.684616
vn 0.248826 0.968548 0.000314
vn 0.255431 0.966818 -0.004138
vn 0.163206 0.700253 0.694989
vn 0.175639 0.705795 0.686298
vn 0.248824 0.968549 0.000314
vn 0.138151 -0.013267 0.990322
vn 0.102341 -0.009860 0.994701
vn 0.261000 0.965339 0.000330
vn 0.189558 0.726268 -0.660759
vn -0.286748 0.220518 -0.932281
vn -0.282313 0.479357 -0.830973
vn -0.146793 -0.987474 0.057854
vn 0.266243 0.764032 0.587682
vn -0.141797 -0.930273 0.338357
vn 0.190176 -0.981733 -0.005845
vn 0.073988 -0.729677 -0.679778
vn -0.158143 -0.756424 -0.634676
vn 0.171560 -0.985174 0.000217
vn 0.344710 0.474356 0.810038
vn -0.178139 -0.715516 -0.675502
vn -0.156821 -0.906787 0.391337
vn 0.327589 0.476367 0.815941
vn -0.155830 -0.906787 -0.391732
vn 0.060194 -0.933964 -0.352260
vn 0.310645 0.949853 -0.035760
vn 0.074418 0.960451 0.268320
vn 0.278718 0.951553 0.129857
vn 0.138152 -0.013268 0.990322
vn -0.321075 0.519961 -0.791550
vn -0.352132 0.666615 -0.656983
vn -0.213120 0.230666 0.949407
vn -0.308371 0.727707 -0.612658
vn 0.335575 0.942013 0.000426
vn -0.179848 -0.715516 0.675049
vn -0.363719 0.892289 -0.267450
vn -0.292982 0.956118 -0.000370
vn -0.262207 0.299533 -0.917348
vn -0.262208 0.299529 -0.917349
vn -0.264526 0.299532 0.916682
vn -0.264527 0.299531 0.916682
vn -0.212659 -0.438684 0.873117
vn -0.353791 0.666616 0.656091
vn 0.003366 0.187067 -0.982341
vn 0.000881 0.187068 0.982347
vn -0.542006 0.631391 0.554594
vn -0.540600 0.631393 -0.555963
vn -0.359544 0.856309 -0.370760
vn -0.084238 -0.047163 0.995329
vn -0.025937 -0.246355 -0.968833
vn -0.323757 0.889098 -0.323553
vn 0.085541 0.960475 0.264898
vn -0.542004 0.631392 0.554595
vn -0.339700 0.683117 -0.646495
vn -0.008392 -0.292784 -0.956142
vn -0.352130 0.666617 -0.656982
vn -0.540599 0.631393 -0.555964
vn 0.341208 0.939988 0.000430
vn -0.186877 -0.491551 0.850561
vn -0.159367 -0.756455 -0.634332
vn -0.353792 0.666616 0.656090
vn 0.339331 0.940667 0.000431
vn 0.341207 0.939988 0.000434
vn -0.292981 0.956118 -0.000371
vn -0.006191 -0.233176 -0.972415
vn -0.198699 -0.539343 -0.818308
vn -0.347573 0.751812 -0.560332
vn 0.001412 0.017756 -0.999841
vn 0.339331 0.940667 0.000427
vn 0.335575 0.942013 0.000422
vn 0.001213 0.017256 -0.999850
vn -0.001316 0.017257 0.999850
vn -0.169316 -0.790966 -0.587966
vn -0.001118 0.017755 0.999842
vn -0.276450 0.110258 0.954682
vn -0.312369 0.425316 0.849430
vn 0.055053 0.970728 0.233786
vn -0.344489 -0.938790 -0.000435
vn 0.036722 0.976337 0.213116
vn -0.171156 -0.160078 0.972153
vn -0.237630 -0.225307 0.944864
vn -0.894806 -0.088058 0.437685
vn -0.274034 0.110258 -0.955379
vn -0.868166 -0.333219 0.367767
vn -0.245803 -0.170922 -0.954131
vn -0.948865 -0.165189 0.269012
vn -0.937508 0.249569 0.242475
vn -0.253434 0.167713 0.952703
vn -0.179812 0.956110 0.231345
vn -0.255080 0.166777 0.952428
vn -0.235239 -0.225307 -0.945463
vn -0.344489 -0.938790 -0.000436
vn -0.329815 0.944045 -0.001198
vn -0.368141 0.928195 0.054089
vn -0.011156 0.982535 0.185744
vn -0.360481 0.856309 0.369849
vn -0.021699 -0.031505 0.999268
vn -0.207517 -0.500793 0.840323
vn 0.024731 0.534080 0.845072
vn -0.364393 0.892288 0.266534
vn -0.200770 -0.539344 0.817802
vn -0.250748 -0.112653 0.961475
vn -0.289105 0.220517 0.931553
vn -0.368004 0.928195 -0.055022
vn -0.325067 0.888422 0.324095
vn -0.224459 -0.974483 -0.000285
vn -0.224460 -0.974483 -0.000283
vn -0.444609 -0.894578 -0.045306
vn -0.426359 -0.260713 0.866168
vn 0.029564 0.690701 0.722536
vn -0.380431 -0.856216 -0.349523
vn -0.052758 -0.105667 -0.993001
vn -0.424166 -0.260714 -0.867244
vn 0.034641 0.882017 0.469943
vn 0.036462 0.985184 0.167580
vn -0.427040 -0.818714 -0.383854
vn -0.502265 -0.611774 0.611115
vn -0.694715 -0.451622 -0.559828
vn -0.500718 -0.611774 -0.612384
vn -0.520102 -0.854104 -0.000658
vn 0.014765 0.287696 0.957608
vn -0.308962 0.728819 0.611037
vn -0.003370 0.276367 0.961046
vn -0.323077 0.519962 0.790734
vn 0.038096 0.999254 0.006377
vn -0.348990 0.751812 0.559450
vn -0.404312 -0.653990 -0.639397
vn -0.696130 -0.451622 0.558069
vn 0.040031 0.984459 0.170991
vn -0.003273 -0.766038 -0.642787
vn -0.694715 -0.451621 -0.559829
vn -0.500717 -0.611775 -0.612384
vn -0.502266 -0.611775 0.611114
vn -0.426360 -0.260714 0.866167
vn 0.010420 -0.853752 -0.520575
vn -0.424166 -0.260713 -0.867244
vn 0.018525 -0.997002 0.075127
vn 0.021883 -0.933617 -0.357604
vn -0.003173 -0.802434 -0.596732
vn -0.520102 -0.854104 -0.000658
vn 0.036083 0.982572 -0.182344
vn -0.696131 -0.451621 0.558069
vn 0.049297 0.991287 -0.122147
vn 0.080461 -0.982879 0.165759
vn -0.077550 0.995329 0.057496
vn -0.100674 -0.364715 0.925661
vn 0.057689 -0.949960 -0.306998
vn 0.075126 0.996682 0.031333
vn 0.009370 0.700265 0.713822
vn 0.203076 -0.973548 -0.104715
vn -0.074493 0.989899 0.120628
vn -0.077404 0.995329 -0.057691
vn 0.023684 0.902762 0.429487
vn 0.040442 0.674000 -0.737624
vn -0.074188 0.989899 -0.120816
vn 0.288759 -0.922668 -0.255542
vn -0.062280 0.533227 -0.843676
vn -0.030857 0.999475 0.009831
vn 0.181750 -0.983340 0.002998
vn 0.077302 0.997007 -0.001012
vn 0.023984 0.812991 -0.581782
vn 0.118919 0.985313 0.122546
vn 0.192314 -0.959257 0.206982
vn 0.169062 -0.984080 0.054810
vn 0.020330 0.653635 0.756537
vn -0.092500 -0.351510 -0.931603
vn 0.038393 0.999263 -0.000476
vn 0.058713 -0.948651 0.310829
vn -0.132240 -0.361764 -0.922843
vn 0.034732 0.921336 -0.387212
vn -0.004389 0.484168 0.874964
vn -0.022264 0.382337 -0.923755
vn 0.176977 -0.983323 -0.041891
vn 0.136863 -0.928727 -0.344579
vn 0.130746 -0.968313 -0.212781
vn 0.044258 -0.966428 0.253099
vn -0.030832 0.999475 -0.009909
vn 0.008948 0.292109 -0.956343
vn -0.009215 -0.353680 -0.935321
vn -0.017664 -0.413831 0.910182
vn 0.072361 -0.997379 -0.000090
vn -0.021235 -0.335774 0.941703
vn 0.036579 0.371747 -0.927613
vn 0.005440 0.642782 -0.766030
vn 0.060166 -0.998188 0.000144
vn 0.065567 -0.000414 -0.997848
vn -0.125050 0.738590 -0.662455
vn 0.006470 0.759365 -0.650632
vn 0.121249 -0.739168 0.662517
vn 0.019514 0.739030 -0.673390
vn 0.000523 0.837211 -0.546879
vn 0.108789 -0.567887 0.815885
vn 0.100122 -0.497210 0.861834
vn 0.004209 0.866021 -0.499990
vn 0.140143 -0.921883 -0.361237
vn -0.004796 0.859836 -0.510548
vn 0.123031 -0.815011 -0.566234
vn 0.138272 -0.881480 -0.451525
vn 0.032499 0.374571 0.926628
vn 0.041544 0.331284 0.942616
vn 0.072161 0.972615 -0.220936
vn 0.032499 0.374571 0.926628
vn 0.003503 0.642780 0.766043
vn 0.027528 -0.308030 -0.950978
vn 0.029382 0.000100 -0.999568
vn 0.013021 0.986525 -0.163090
vn -0.150840 0.954420 -0.257546
vn 0.003503 0.642780 0.766043
vn 0.003503 0.642780 0.766043
vn -0.999999 -0.000016 -0.001284
vn -0.999999 -0.000016 -0.001284
vn -0.999999 -0.000016 -0.001284
vn 0.146203 -0.959059 -0.242548
vn -0.250593 -0.370478 0.894399
vn -0.359734 -0.680025 0.638871
vn 0.048090 0.376301 -0.925249
vn 0.034221 0.327162 -0.944348
vn 0.018420 0.765992 0.642586
vn 0.022785 0.609231 -0.792666
vn -0.351151 -0.380857 0.855360
vn 0.010118 0.830442 0.557014
vn -0.001614 0.934087 0.357043
vn -0.184841 -0.073253 0.980035
vn 0.033768 0.694312 -0.718881
vn -0.017805 0.711448 -0.702513
vn 0.023620 0.814012 -0.580368
vn 0.144913 -0.766098 -0.626174
vn 0.127962 -0.935186 0.330232
vn 0.126714 -0.913103 0.387539
vn 0.127703 -0.976717 0.172385
vn 0.130380 -0.733424 -0.667151
vn -0.999999 0.000001 -0.001260
vn -0.999999 0.000001 -0.001260
vn -0.999999 0.000001 -0.001260
vn -0.999999 0.000013 -0.001260
vn 0.044453 0.234136 -0.971187
vn -0.999999 0.000013 -0.001260
vn -0.999999 0.000013 -0.001260
vn -0.024001 0.994603 0.100945
vn -0.024001 0.994603 0.100945
vn -0.024001 0.994603 0.100945
vn 0.071055 -0.011057 -0.997411
vn -0.999999 -0.000009 -0.001307
vn -0.999999 -0.000009 -0.001307
vn -0.999999 -0.000009 -0.001307
vn 0.081405 -0.271299 0.959046
vn 0.064475 0.125595 0.989984
vn 0.035849 -0.916959 0.397367
vn 0.006763 0.014247 0.999876
vn 0.043849 -0.000044 -0.999038
vn 0.116058 0.985821 -0.121190
vn -0.129797 -0.991541 -0.000164
vn 0.056752 -0.367038 -0.928473
vn 0.113194 0.993367 -0.020248
vn -0.239243 -0.970960 -0.000303
vn 0.115418 -0.760735 0.638718
vn 0.013337 -0.999911 0.000017
vn -0.129797 -0.991541 -0.000164
vn 0.067452 -0.997717 0.003169
vn 0.033980 -0.999423 0.000043
vn 0.070179 0.996970 -0.033555
vn 0.107406 0.993126 0.046532
vn 0.040975 -0.362510 -0.931079
vn -0.001265 0.000000 0.999999
vn 0.086710 -0.118467 0.989165
vn 0.080155 -0.996739 0.009332
vn 0.116927 -0.729225 0.674209
vn 0.052554 -0.729524 -0.681934
vn 0.038477 -0.999259 -0.000031
vn 0.141270 -0.935348 0.324294
vn 0.145995 -0.987800 -0.054189
vn 0.037541 -0.917125 -0.396829
vn 0.022772 -0.999741 0.000077
vn 0.021020 0.014249 0.999678
vn 0.129752 -0.931659 0.339376
vn -0.239243 -0.970960 -0.000303
vn 0.092832 -0.462069 0.881972
vn 0.111056 -0.993803 0.004758
vn 0.142164 -0.989802 -0.008977
vn 0.067563 -0.997711 -0.002974
vn -0.027368 -0.005662 -0.999609
vn 0.121146 0.992217 -0.028785
vn 0.050229 0.998594 0.016920
vn 0.184618 -0.982810 0.000233
vn 0.043045 0.999057 0.005593
vn 0.093742 -0.501830 -0.859872
vn 0.065456 -0.944225 0.322731
vn 0.014630 -0.999589 0.024650
vn 0.008508 0.992590 0.121216
vn 0.151811 -0.831657 0.534135
vn 0.058288 -0.998300 0.000194
vn 0.008509 0.992591 0.121204
vn 0.067370 -0.997728 -0.000311
vn 0.030877 -0.367322 -0.929581
vn 0.084053 -0.990254 0.111052
vn 0.023827 0.024592 -0.999414
vn 0.028700 -0.369773 0.928679
vn 0.154613 -0.935286 -0.318331
vn 0.098722 -0.941262 0.322924
vn 0.155175 -0.447308 -0.880816
vn 0.015124 0.024591 -0.999583
vn 0.012546 0.012294 -0.999846
vn 0.083490 -0.427480 -0.900161
vn 0.019665 -0.319377 0.947424
vn 0.008509 0.992591 0.121209
vn -0.224744 0.963207 0.147388
vn -0.155888 0.983752 0.089060
vn -0.326863 0.934335 0.142051
vn -0.129576 0.931492 -0.339902
vn -0.224370 0.963207 -0.147956
vn -0.320077 0.930547 -0.177854
vn -0.101417 0.992486 0.068460
vn 0.067270 0.934354 -0.349939
vn -0.158579 0.958534 0.236781
vn 0.158841 -0.838223 0.521682
vn 0.073112 -0.208813 -0.975219
vn 0.171561 -0.985173 0.000217
vn -0.054256 0.997476 0.045793
vn -0.155663 0.983751 -0.089454
vn 0.054975 0.969409 -0.239217
vn -0.007483 0.984583 -0.174755
vn -0.013565 0.668044 0.743998
vn -0.035594 0.947700 0.317173
vn -0.004410 0.361976 -0.932177
vn 0.010066 0.277146 0.960775
vn -0.100960 0.618451 0.779311
vn 0.058163 0.990593 0.123864
vn 0.111223 -0.993786 -0.004440
vn 0.138079 -0.430187 0.892117
vn 0.014692 -0.999589 -0.024613
vn 0.003436 0.980815 -0.194911
vn 0.113976 -0.429717 0.895741
vn 0.058261 0.732028 -0.678779
vn 0.120338 -0.992713 0.006359
vn 0.120354 -0.992713 -0.006055
vn 0.084334 -0.990254 -0.110839
vn 0.080185 0.937122 -0.339665
vn 0.065254 -0.729143 0.681244
vn -0.002683 -0.022571 -0.999742
vn 0.086422 -0.996258 0.000616
vn 0.167581 -0.838024 -0.519262
vn -0.054163 0.997475 -0.045936
vn -0.054810 -0.264214 -0.962905
vn -0.097024 0.987756 -0.122162
vn 0.013744 0.634724 0.772617
vn 0.039019 0.945007 -0.324713
vn 0.019080 -0.993387 -0.113220
vn 0.018794 -0.993387 0.113268
vn -0.171747 -0.712696 0.680123
vn -0.063043 -0.668610 0.740936
vn -0.031410 0.251501 -0.967347
vn -0.029156 -0.261579 -0.964742
vn 0.036588 0.151717 -0.987747
vn -0.061328 -0.997810 -0.024795
vn -0.010804 0.310036 0.950664
vn -0.061390 -0.997810 0.024640
vn -0.008397 0.310035 -0.950688
vn -0.084974 0.995196 -0.048620
vn -0.033325 -0.263925 0.963967
vn -0.357273 0.639505 0.680727
vn -0.382419 -0.222096 -0.896900
vn -0.335057 0.150179 -0.930152
vn -0.039668 0.305969 0.951215
vn -0.170026 -0.712697 -0.680555
vn -0.317547 0.650520 -0.689918
vn -0.037259 0.305968 -0.951312
vn -0.071362 0.614476 -0.785702
vn 0.001105 0.310278 -0.950645
vn -0.379535 0.135368 0.915221
vn -0.515906 0.855923 0.035154
vn -0.416792 0.908182 -0.038597
vn -0.048937 -0.997266 -0.055379
vn -0.109694 0.286096 -0.951901
vn -0.550007 0.142267 0.822954
vn -0.170026 -0.712696 -0.680555
vn -0.515812 0.855926 -0.036458
vn -0.422795 -0.229289 0.876739
vn -0.416885 0.908184 0.037543
vn -0.171747 -0.712697 0.680122
vn -0.082019 0.919329 -0.384846
vn -0.112105 0.286097 0.951620
vn -0.130605 -0.989955 0.054136
vn -0.512025 0.153286 -0.845183
vn -0.037128 0.605242 -0.795175
vn -0.061168 -0.668611 -0.741093
vn -0.049077 -0.997266 0.055255
vn -0.090810 -0.995868 -0.000115
vn -0.130467 -0.989956 -0.054466
vn -0.040647 -0.273829 0.960919
vn -0.063042 -0.668611 0.740935
vn -0.037914 -0.273422 -0.961147
vn -0.061168 -0.668610 -0.741093
vn -0.090810 -0.995868 -0.000115
vn -0.085097 0.995196 0.048405
vn -0.098380 0.350744 0.931289
vn 0.036588 0.151717 -0.987747
vn -0.082066 0.105713 0.991005
vn -0.099961 0.243047 0.964850
vn 0.028205 0.924069 0.381183
vn 0.031419 0.977459 -0.208773
vn 0.021274 0.999774 -0.000028
vn -0.027159 -0.341908 0.939341
vn 0.033273 0.999446 0.000063
vn -0.049924 -0.168178 0.984492
vn -0.077956 0.314557 -0.946032
vn -0.009189 0.292772 -0.956138
vn -0.075457 -0.022987 0.996884
vn -0.008632 0.303316 -0.952851
vn -0.318761 -0.385384 -0.865951
vn 0.229216 -0.880300 0.415369
vn -0.112104 0.286098 0.951620
vn -0.234809 -0.372158 -0.897977
vn 0.013329 0.006889 0.999888
vn 0.006576 0.321472 0.946896
vn 0.010616 -0.939636 -0.342011
vn -0.010802 0.310036 0.950664
vn 0.016510 0.310060 0.950574
vn -0.005991 0.006479 0.999961
vn -0.011455 0.000972 0.999934
vn -0.002185 -0.779814 0.626007
vn 0.232366 -0.972211 -0.028480
vn 0.014324 -0.925515 0.378439
vn 0.260963 -0.866917 -0.424679
vn -0.323171 -0.642887 -0.694447
vn 0.021139 0.654910 0.755412
vn -0.039667 0.305969 0.951215
vn 0.023851 -0.984533 -0.173570
vn -0.131522 -0.055748 -0.989744
vn 0.265547 -0.964098 0.000336
vn 0.008930 0.018393 0.999791
vn -0.004899 -0.766039 0.642775
vn -0.144178 0.921265 0.361225
vn 0.006070 -0.917983 -0.396572
vn -0.123031 0.815011 0.566234
vn 0.013327 0.006885 0.999888
vn -0.011457 0.000967 0.999934
vn -0.005992 0.006476 0.999961
vn 0.164727 -0.980337 0.108650
vn 0.035002 0.689155 0.723768
vn 0.105100 0.926798 0.360555
vn 0.035697 0.871413 0.489249
vn 0.105100 0.926797 0.360556
vn 0.128305 0.991735 0.000162
vn -0.134385 0.870354 -0.473734
vn 0.005900 0.001556 -0.999981
vn 0.128305 0.991735 0.000162
vn 0.147339 -0.989077 0.004183
vn 0.201301 0.979529 0.000254
vn -0.083879 0.340782 -0.936393
vn 0.010576 0.293888 -0.955781
vn 0.041951 0.396858 0.916921
vn -0.145995 0.987800 0.054189
vn 0.002557 -0.273585 -0.961845
vn -0.139980 0.955399 -0.260036
vn 0.058368 0.737065 0.673296
vn -0.146384 0.914417 0.377376
vn 0.106012 0.926797 -0.360289
vn 0.106011 0.926798 -0.360288
vn 0.001451 -0.026158 -0.999657
vn 0.201301 0.979529 0.000254
vn 0.008408 0.010159 -0.999913
vn 0.202422 -0.919402 0.337233
vn 0.008408 0.010161 -0.999913
vn -0.146658 -0.988932 0.022491
vn -0.064345 -0.991696 -0.111352
vn -0.153812 -0.982576 0.104333
vn 0.129422 -0.989716 0.060937
vn -0.118708 -0.992815 0.015054
vn 0.064060 -0.909355 0.411059
vn -0.146600 -0.988932 -0.022862
vn 0.052702 -0.694795 -0.717274
vn 0.064181 -0.909139 -0.411517
vn 0.007080 0.290253 -0.956924
vn 0.027718 -0.623965 -0.780961
vn 0.648346 0.759476 -0.053323
vn 0.441423 0.897299 -0.000098
vn 0.015469 0.020330 -0.999674
vn -0.076423 0.154601 -0.985017
vn 0.126919 -0.723556 0.678498
vn 0.028037 -0.997963 -0.057306
vn 0.027892 -0.997963 0.057377
vn 0.022397 -0.331612 -0.943150
vn -0.119079 0.800431 -0.587477
vn -0.127870 0.931915 -0.339388
vn 0.020396 0.343895 -0.938787
vn 0.109796 -0.993875 -0.012545
vn 0.443944 0.876492 0.186213
vn -0.092832 0.462069 -0.881972
vn 0.014620 -0.000538 -0.999893
vn 0.085820 -0.996055 0.022571
vn 0.099615 -0.993287 -0.058812
vn 0.207549 -0.381614 0.900719
vn 0.019311 0.646565 -0.762615
vn 0.028181 -0.327599 0.944396
vn 0.025779 -0.620120 0.784084
vn 0.015469 0.020330 -0.999674
vn 0.056072 -0.693123 0.718635
vn -0.010690 0.000895 -0.999942
vn -0.064628 0.044408 -0.996921
vn -0.064626 -0.991696 0.111188
vn -0.136813 0.966439 -0.217436
vn -0.010691 0.000893 -0.999943
vn 0.441185 0.840577 -0.314301
vn -0.146776 0.982823 0.111874
vn 0.230220 -0.709800 0.665720
vn -0.118668 -0.992815 -0.015354
vn -0.113123 0.676473 -0.727727
vn -0.153547 -0.982577 -0.104722
vn -0.112700 0.294417 0.949009
vn 0.001190 -0.000092 -0.999999
vn 0.001147 -0.000162 -0.999999
vn -0.001150 0.000158 0.999999
vn -0.001192 0.000089 0.999999
vn -0.000816 0.051552 0.998670
vn -0.012013 -0.025265 -0.999609
vn -0.011565 0.026334 -0.999586
vn -0.001265 0.000000 0.999999
vn -0.007794 0.999969 -0.001149
vn -0.001264 0.000031 0.999999
vn 0.001254 -0.000017 -0.999999
vn 0.001264 0.000000 -0.999999
vn -0.001255 0.000016 0.999999
vn -0.019291 0.011639 -0.999746
vn -0.001265 0.000000 0.999999
vn -0.015186 0.024258 0.999590
vn -0.005374 -0.012633 -0.999906
vn -0.007841 0.999969 -0.000676
vn -0.007889 0.999969 -0.000202
vn -0.007841 0.999969 -0.000676
vn 0.001264 0.000000 -0.999999
vn -0.001265 -0.000001 0.999999
vn -0.001264 0.000000 0.999999
vn 0.001264 0.000000 -0.999999
vn 0.001264 0.000000 -0.999999
vn -0.001264 0.000000 0.999999
vn -0.031152 0.037519 0.998810
vn -0.001264 0.000001 0.999999
vn 0.001264 0.000000 -0.999999
vn -0.001266 0.000000 0.999999
vn -0.001265 0.000000 0.999999
vn 0.001265 0.000000 -0.999999
vn -0.001265 0.000000 0.999999
vn 0.001265 0.000000 -0.999999
vn 0.001265 0.000000 -0.999999
vn -0.001265 0.000000 0.999999
vn -0.001266 -0.000001 0.999999
vn -0.001265 0.000000 0.999999
vn 0.001264 0.000000 -0.999999
vn 0.001264 0.000000 -0.999999
vn 0.001264 0.000000 -0.999999
vn 0.001204 0.308935 -0.951082
vn 0.152922 0.070142 -0.985746
vn -0.001262 0.000001 0.999999
vn 0.001269 0.000000 -0.999999
vn 0.150436 0.070141 0.986129
vn -0.001263 0.000000 0.999999
vn -0.001264 0.000000 0.999999
vn 0.001264 0.000000 -0.999999
vn -0.001264 0.000000 0.999999
vn 0.001263 0.000000 -0.999999
vn 0.001264 -0.000001 -0.999999
vn 0.001264 0.000000 -0.999999
vn 0.001264 -0.000001 -0.999999
vn -0.001263 0.000002 0.999999
vn -0.001264 0.000001 0.999999
vn 0.001264 -0.000001 -0.999999
vn -0.001264 0.000001 0.999999
vn 0.019158 -0.308957 -0.950883
vn 0.019158 -0.308957 -0.950883
vn 0.019158 -0.308957 -0.950883
vn -0.001265 0.000000 0.999999
vn 0.001265 0.000000 -0.999999
vn -0.000745 0.809018 0.587783
vn 0.008331 0.453989 0.890968
vn 0.001263 -0.000001 -0.999999
vn 0.001264 0.000000 -0.999999
vn -0.001265 0.000000 0.999999
vn 0.001264 0.000000 -0.999999
vn -0.001264 0.000000 0.999999
vn -0.001265 0.000000 0.999999
vn -0.026144 0.040333 -0.998844
vn -0.053378 0.036042 -0.997924
vn -0.025598 0.026890 -0.999311
vn -0.054773 0.037001 0.997813
vn -0.053374 0.036043 -0.997924
vn -0.026142 0.040334 -0.998844
vn -0.040973 0.039178 0.998392
vn -0.027694 0.026127 0.999275
vn -0.025597 0.026890 -0.999311
vn -0.054776 0.037004 0.997813
vn -0.053373 0.036044 -0.997924
vn -0.026142 0.040335 -0.998844
vn -0.040975 0.039181 0.998392
vn -0.027695 0.026129 0.999275
vn -0.025597 0.026891 -0.999311
vn -0.054774 0.037000 0.997813
vn -0.040973 0.039177 0.998392
vn -0.027695 0.026127 0.999275
vn -0.026142 0.040335 -0.998844
vn -0.053373 0.036044 -0.997924
vn -0.054775 0.037000 0.997813
vn -0.025597 0.026891 -0.999311
vn -0.027695 0.026127 0.999275
vn -0.040974 0.039177 0.998392
vn -0.053375 0.036043 -0.997924
vn -0.026142 0.040334 -0.998844
vn -0.054776 0.037000 0.997813
vn -0.025598 0.026890 -0.999311
vn -0.026142 0.040334 -0.998844
vn -0.053374 0.036043 -0.997924
vn -0.040975 0.039177 0.998392
vn -0.027696 0.026126 0.999275
vn -0.054777 0.037003 0.997813
vn -0.025597 0.026891 -0.999311
vn -0.040975 0.039180 0.998392
vn -0.027695 0.026129 0.999275
vn -0.026142 0.040335 -0.998844
vn -0.053373 0.036044 -0.997924
vn -0.054775 0.037001 0.997813
vn -0.025597 0.026891 -0.999311
vn -0.027695 0.026127 0.999275
vn -0.026143 0.040332 -0.998844
vn -0.040974 0.039178 0.998392
vn -0.053376 0.036041 -0.997924
vn -0.054775 0.037000 0.997813
vn -0.025598 0.026889 -0.999311
vn -0.040973 0.039177 0.998392
vn -0.027695 0.026128 0.999275
vn -0.190791 -0.099017 0.976624
vn 0.190105 0.038119 -0.981023
vn -0.002837 -0.062395 0.998048
vn 0.001267 0.000001 -0.999999
vn -0.999999 0.000001 -0.001259
vn -0.999999 0.000001 -0.001262
vn -0.999999 0.000001 -0.001264
vn -0.999999 0.000001 -0.001262
vn 0.008800 0.587748 0.808996
vn -0.478927 0.835068 0.270723
vn -0.478925 -0.835070 0.270720
vn -0.000745 0.809015 0.587787
vn -0.000745 0.809017 0.587785
vn -0.000745 0.809017 0.587785
vn -0.001024 -0.587777 0.809022
vn -0.057451 -0.027148 -0.997979
vn -0.264730 -0.122975 -0.956449
vn -0.001268 -0.000001 0.999999
vn -0.001265 0.000000 0.999999
vn -0.057451 -0.027148 -0.997979
vn -0.000390 -0.951060 0.309007
vn -0.001265 0.000000 0.999999
vn -0.264724 -0.122977 -0.956451
vn -0.133197 -0.062174 -0.989137
vn 0.074850 0.035194 0.996574
vn -0.001264 -0.000001 0.999999
vn -0.133197 -0.062174 -0.989137
vn 0.074850 0.035194 0.996574
vn 0.166916 0.000000 -0.985971
vn 0.164421 0.000000 0.986390
vn -0.008418 0.587742 -0.809005
vn -0.001265 0.000000 0.999999
vn 0.007841 0.156423 0.987659
vn 0.365792 -0.930697 0.000462
vn -0.000390 -0.951058 0.309012
vn 0.999999 0.000000 0.001262
vn 0.001204 -0.000105 -0.999999
vn -0.012440 0.007760 -0.999893
vn -0.003162 -0.008422 -0.999960
vn 0.001264 0.000001 -0.999999
vn 0.055053 0.011744 -0.998414
vn 0.126795 -0.013873 0.991832
vn 0.180310 -0.001990 0.983608
vn 0.001265 0.000001 -0.999999
vn 0.096135 0.019149 -0.995184
vn -0.015516 -0.623405 -0.781745
vn 0.054439 -0.531624 -0.845229
vn -0.027007 0.555766 -0.830900
vn 0.999999 -0.000003 0.001283
vn 0.018700 -0.808888 -0.587666
vn -0.128060 -0.991766 -0.000162
vn -0.469203 0.883090 -0.001250
vn -0.469203 0.883090 -0.001247
vn -0.469203 0.883089 -0.001242
vn -0.469202 0.883090 -0.001260
vn -0.469203 0.883089 -0.001255
vn -0.469203 0.883090 -0.001257
vn -0.469203 0.883089 -0.001245
vn -0.469203 0.883089 -0.001242
vn 0.297256 -0.916771 -0.266778
vn -0.176623 0.777399 0.603702
vn 0.109530 0.000000 0.993984
vn 0.054131 0.000000 0.998534
vn -0.098307 -0.854080 0.510767
vn 0.056656 0.000000 -0.998394
vn 0.164422 0.000000 0.986390
vn 0.166916 0.000000 -0.985971
vn -0.001234 0.000026 0.999999
vn 0.112043 0.000000 -0.993703
vn -0.052672 -0.970641 -0.234696
vn 0.000000 1.000000 0.000000
vn -0.001023 -0.587782 0.809019
vn -0.899390 0.135420 0.415643
vn 0.999822 -0.015791 -0.010312
vn -0.999638 0.026856 -0.001270
vn -0.999656 0.025707 0.005214
vn 0.999852 -0.016607 -0.004524
vn -0.947297 0.320306 0.005730
vn 0.000000 1.000000 0.000000
vn -0.001216 0.000089 0.999999
vn -0.001242 0.000059 0.999999
vn -0.791175 0.611522 0.009121
vn -0.001252 0.000059 0.999999
vn -0.853870 0.520306 0.013699
vn 0.999999 -0.000007 0.001274
vn 0.999999 0.000006 0.001270
vn 0.837106 0.408563 -0.363771
vn 0.897237 -0.072110 -0.435621
vn 0.003431 -0.111601 -0.993747
vn 0.018215 0.713408 -0.700512
vn -0.402195 0.865104 0.299723
vn 0.996835 0.079452 -0.002742
vn -0.007312 0.836388 0.548090
vn -0.024439 -0.488336 0.872313
vn -0.024439 -0.488336 0.872313
vn -0.024439 -0.488336 0.872313
vn -0.899192 0.354516 0.256462
vn 0.999999 -0.000009 0.001265
vn 0.999999 -0.000010 0.001265
vn 0.680882 -0.732393 0.000860
vn 0.680881 -0.732394 0.000859
vn 0.680881 -0.732394 0.000859
vn -0.999999 0.000002 -0.001264
vn -0.996289 0.085748 0.007421
vn -0.005933 0.848705 -0.528833
vn 0.279033 0.844935 -0.456317
vn 0.159642 -0.877309 -0.452596
vn 0.013244 -0.789575 -0.613511
vn 0.159642 -0.877309 -0.452596
vn 0.012419 -0.983981 0.177839
vn -0.999999 0.000012 -0.001264
vn -0.290026 0.276196 0.916297
vn -0.287262 0.548171 -0.785486
vn 0.141529 -0.048663 0.988737
vn 0.141530 -0.048665 0.988737
vn 0.142796 0.048693 -0.988554
vn 0.141529 -0.048663 0.988737
vn 0.142799 0.048692 -0.988553
vn 0.142799 0.048694 -0.988553
vn 0.142799 0.048693 -0.988553
vn 0.142797 0.048692 -0.988554
vn 0.142795 0.048691 -0.988554
vn 0.141530 -0.048663 0.988737
vn 0.141530 -0.048663 0.988737
vn 0.141529 -0.048665 0.988737
vn 0.141531 -0.048664 0.988737
vn 0.142797 0.048693 -0.988553
vn 0.141531 -0.048664 0.988737
vn -0.111093 -0.993810 -0.000295
vn 0.142797 0.048691 -0.988554
vn -0.018700 -0.808879 0.587677
vn -0.009986 -0.707072 0.707071
vn -0.031578 -0.700538 0.712916
vn -0.303793 -0.112947 0.946019
vn -0.019234 -0.338020 -0.940942
vn -0.999999 0.000007 -0.001262
vn -0.999999 0.000003 -0.001267
vn -0.999999 0.000002 -0.001264
vn -0.999999 0.000000 -0.001258
vn -0.999999 0.000000 -0.001265
vn 0.998360 -0.057237 0.001291
vn -0.989445 0.144901 -0.001263
vn 0.000000 1.000000 0.000000
vn 0.930265 -0.366886 0.001171
vn 0.999999 -0.000007 0.001283
vn 0.916754 0.399451 0.001160
vn 0.355864 0.882208 -0.308335
vn 0.000391 0.951062 -0.309001
vn 0.999999 0.000005 0.001274
vn 0.998809 0.048770 0.001292
vn 0.999999 0.000015 0.001272
vn 0.999999 0.000009 0.001271
vn 0.004776 0.587778 -0.809008
vn 0.999999 0.000017 0.001269
vn 0.003361 0.951049 0.309022
vn -0.991253 0.131966 -0.001249
vn -0.000001 1.000000 0.000000
vn 0.000391 -0.951056 -0.309017
vn 0.001025 -0.587766 -0.809030
vn 0.000391 -0.951056 -0.309019
vn 0.864568 0.502514 0.001093
vn 0.001236 -0.000059 -0.999999
vn 0.001240 -0.000063 -0.999999
vn 0.001251 -0.000020 -0.999999
vn 0.001024 -0.587781 -0.809020
vn 0.928095 0.372341 0.001173
vn 0.927940 0.372724 -0.001967
vn 0.999999 -0.000003 0.001260
vn 0.000739 0.109886 -0.993944
vn 0.999999 -0.000001 0.001261
vn 0.006392 -0.900946 0.433885
vn -0.044021 -0.999031 -0.000054
vn 0.001203 -0.309013 -0.951057
vn 0.007487 -0.900945 -0.433869
vn 0.006222 -0.156434 -0.987669
vn -0.999635 -0.025935 0.007507
vn -0.017956 -0.999839 -0.000023
vn -0.009288 -0.987646 0.156427
vn 0.004243 -0.977655 0.210175
vn 0.999999 0.000000 0.001264
vn -0.043033 -0.622889 -0.781126
vn -0.061793 0.282558 -0.957258
vn 0.999999 0.000000 0.001264
vn 0.008181 -0.222522 -0.974893
vn 0.000000 1.000000 0.000000
vn 0.000000 1.000000 0.000000
vn 0.967920 0.251257 0.001223
vn -0.989286 0.139675 0.042473
vn -0.853089 0.521389 0.019828
vn 0.000000 1.000000 0.000000
vn -0.989982 0.138005 0.029830
vn 0.004005 -0.981463 -0.191612
vn 0.018310 0.982484 0.185445
vn 0.995123 -0.098157 -0.009809
vn -0.033886 0.000000 0.999426
vn 0.000000 1.000000 0.000001
vn -0.031358 0.000000 -0.999508
vn -0.069391 -0.621943 -0.779982
vn -0.038803 -0.636258 0.770500
vn -0.124694 -0.664207 -0.737076
vn -0.077255 -0.432607 0.898266
vn -0.018990 -0.433797 0.900811
vn -0.027727 -0.126978 0.991518
vn 0.016991 -0.330284 0.943729
vn -0.634014 -0.766121 -0.105281
vn -0.456825 0.777874 -0.431536
vn -0.501191 0.731630 0.462087
vn -0.509367 -0.857979 -0.066459
vn -0.768679 0.581751 -0.265894
vn -0.509532 0.857980 0.065173
vn -0.056522 0.433218 0.899515
vn 0.999999 0.000008 0.001251
vn -0.001204 -0.308989 0.951065
vn -0.406000 0.261648 0.875617
vn 0.008557 -0.000006 0.999963
vn -0.994982 -0.100044 -0.001244
vn -0.000170 -1.000000 0.000000
vn 0.999978 0.006561 0.001283
vn -0.000170 -1.000000 0.000000
vn 0.924255 0.381773 0.001156
vn -0.779803 -0.626024 -0.000983
vn -0.994492 0.094773 0.044766
vn 0.000635 -0.117965 0.993018
vn -0.634605 -0.681220 0.364988
vn 0.999999 0.000009 0.001271
vn -0.994013 0.106256 -0.025462
vn -0.994360 0.105928 -0.005250
vn 0.998072 0.061162 -0.010610
vn 0.998135 0.044183 -0.042135
vn 0.000720 0.119602 -0.992822
vn 0.998186 0.042081 0.043068
vn -0.001954 0.111985 0.993708
vn -0.836460 0.169032 -0.521309
vn 0.012939 -0.981531 -0.190865
vn -0.295567 -0.824249 0.482963
vn 0.930264 -0.366888 0.001187
vn 0.241792 0.970328 0.000309
vn -0.162305 0.525447 0.835202
vn -0.217875 -0.528279 -0.820641
vn -0.472872 0.000000 -0.881131
vn -0.440200 0.368348 0.818867
vn -0.596250 -0.354196 -0.720439
vn 0.930264 -0.366889 0.001203
vn -0.473642 0.837436 -0.272698
vn -0.438599 -0.779645 -0.446973
vn -0.295075 0.950930 0.093078
vn -0.879262 0.017027 -0.476034
vn -0.160943 0.956891 -0.241778
vn -0.162206 -0.632148 0.757679
vn -0.217957 0.616966 -0.756206
vn -0.474886 -0.517564 0.711766
vn 0.191452 -0.793937 0.577071
vn 0.930264 -0.366888 0.001187
vn -0.000001 1.000000 0.000000
vn -0.291280 0.956638 -0.000367
vn -0.991254 0.131965 -0.001266
vn -0.991254 0.131965 -0.001258
vn -0.000001 1.000000 0.000000
vn 0.998360 -0.057236 0.001283
vn 0.998360 -0.057234 0.001275
vn -0.991254 0.131965 -0.001258
vn 0.998360 -0.057236 0.001283
vn 0.000000 1.000000 0.000000
vn 0.000000 1.000000 0.000000
vn -0.074868 0.000000 -0.997193
vn 0.000000 1.000000 0.000000
vn -0.989445 0.144904 -0.001247
vn -0.065360 -0.360377 -0.930514
vn -0.989445 0.144903 -0.001255
vn -0.989445 0.144903 -0.001255
vn 0.998809 0.048770 0.001292
vn 0.998809 0.048770 0.001292
vn -0.000001 1.000000 0.000000
vn -0.000001 1.000000 0.000000
vn 0.998809 0.048770 0.001292
vn -0.794046 0.607856 -0.000990
vn -0.582559 0.812788 -0.000730
vn -0.000001 1.000000 0.000000
vn 0.999982 -0.004431 -0.004136
vn 0.999699 0.021627 -0.011620
vn 0.999851 0.013389 0.010919
vn -0.794047 0.607856 -0.000995
vn 0.240994 -0.514382 0.823002
vn -0.220145 -0.054812 0.973926
vn 0.007177 -0.521115 0.853456
vn 0.009998 -0.705689 0.708452
vn 0.317486 0.056208 0.946596
vn 0.613813 -0.326413 0.718810
vn 0.555618 0.257141 -0.790675
vn 0.012783 -0.929499 0.368604
vn 0.243075 0.514380 -0.822391
vn 0.319882 -0.056207 -0.945789
vn -0.160002 0.065945 -0.984912
vn -0.128798 0.802356 0.582783
vn 0.289023 0.774317 0.562938
vn 0.241093 0.623482 0.743737
vn 0.613813 0.326415 0.718809
vn 0.555237 -0.673187 -0.488396
vn -0.320077 0.744155 -0.586331
vn -0.635968 -0.662465 0.395835
vn 0.001203 0.308974 -0.951070
vn 0.242976 -0.623480 -0.743125
vn 0.000894 0.707095 -0.707118
vn -0.160783 -0.916135 -0.367213
vn 0.273518 -0.932009 -0.237795
vn -0.837786 -0.169004 0.519185
vn 0.998264 0.052658 0.026396
vn 0.998960 0.043655 0.013151
vn -0.685308 -0.644060 0.339912
vn 0.997551 0.069620 0.006702
vn -0.003513 0.703740 -0.710449
vn -0.004823 0.842744 -0.538292
vn -0.002268 0.523122 -0.852255
vn 0.999999 0.000002 0.001274
vn 0.000000 1.000000 -0.000001
vn -0.000001 1.000000 -0.000002
vn 0.060774 0.351155 0.934343
vn -0.000001 1.000000 -0.000001
vn -0.060616 0.590499 0.804759
vn -0.060616 0.590499 0.804759
vn 0.999884 0.013222 0.007582
vn 0.999884 0.013222 0.007582
vn 0.999884 0.013222 0.007582
vn 0.000000 1.000000 0.000000
vn 0.999999 0.000001 0.001265
vn 0.110293 -0.024351 0.993601
vn 0.073245 -0.016253 0.997182
vn 0.999999 0.000002 0.001270
vn 0.000000 1.000000 0.000000
vn 0.000000 1.000000 0.000000
vn 0.016889 0.013801 0.999762
vn 0.000000 1.000000 0.000000
vn 0.999999 0.000002 0.001270
vn 0.000000 1.000000 0.000000
vn 0.111538 0.024365 -0.993461
vn 0.110295 -0.024350 0.993601
vn 0.000000 1.000000 0.000001
vn 0.016890 0.013800 0.999762
vn 0.000000 1.000000 0.000000
vn 0.066311 0.016273 -0.997666
vn 0.073246 -0.016252 0.997181
vn 0.018929 0.014882 -0.999710
vn 0.000000 1.000000 0.000001
vn 0.066313 0.016275 -0.997666
vn 0.110294 -0.024351 0.993601
vn 0.000000 1.000000 0.000002
vn 0.073245 -0.016253 0.997182
vn 0.016889 0.013799 0.999762
vn 0.018929 0.014883 -0.999710
vn 0.000000 1.000000 0.000000
vn 0.111540 0.024366 -0.993461
vn 0.000000 1.000000 0.000000
vn 0.066312 0.016272 -0.997666
vn 0.000000 1.000000 0.000001
vn 0.018929 0.014881 -0.999710
vn 0.000000 1.000000 0.000000
vn 0.073245 -0.016251 0.997182
vn 0.110293 -0.024350 0.993601
vn 0.111539 0.024364 -0.993461
vn 0.016888 0.013801 0.999762
vn 0.111537 0.024365 -0.993462
vn 0.016889 0.013800 0.999762
vn 0.066310 0.016273 -0.997666
vn 0.110293 -0.024350 0.993601
vn 0.000000 1.000000 0.000000
vn 0.073245 -0.016252 0.997182
vn 0.018928 0.014881 -0.999710
vn 0.000000 1.000000 0.000001
vn 0.000000 1.000000 0.000001
vn 0.066312 0.016273 -0.997666
vn 0.018929 0.014882 -0.999710
vn 0.111539 0.024365 -0.993461
vn 0.000000 1.000000 0.000000
vn 0.000000 1.000000 0.000000
vn 0.016889 0.013801 0.999762
vn 0.073245 -0.016253 0.997182
vn 0.000000 1.000000 0.000001
vn 0.110293 -0.024351 0.993601
vn 0.110294 -0.024350 0.993601
vn 0.000000 1.000000 0.000000
vn 0.073246 -0.016252 0.997181
vn 0.000000 1.000000 0.000001
vn 0.016890 0.013800 0.999762
vn 0.000000 1.000000 0.000001
vn 0.000000 1.000000 0.000000
vn 0.000000 -1.000000 0.000000
vn 0.000000 1.000000 0.000000
vn 0.066312 0.016273 -0.997666
vn 0.018929 0.014881 -0.999710
vn 0.016889 0.013800 0.999762
vn 0.000000 -1.000000 0.000000
vn 0.111539 0.024365 -0.993461
vn 0.000000 -1.000000 0.000000
vn 0.110295 -0.024350 0.993601
vn 0.073246 -0.016252 0.997181
vn -0.062621 0.622227 -0.780328
vn 0.005005 0.044278 -0.999007
vn 0.999999 0.000015 0.001318
vn -0.995248 0.097370 0.000245
vn 0.999999 0.000008 0.001284
vn -0.994259 0.106401 0.011266
vn -0.995010 0.099445 -0.008130
vn 0.001022 -0.587781 -0.809019
vn 0.009984 -0.707067 -0.707076
vn -0.501893 0.795966 -0.338439
vn 0.111539 0.024365 -0.993461
vn -0.004607 0.529220 0.848472
vn 0.066312 0.016273 -0.997666
vn 0.066311 0.016273 -0.997666
vn -0.005468 0.708195 0.705996
vn 0.018929 0.014882 -0.999710
vn -0.006255 0.842615 0.538480
vn -0.231474 0.186850 -0.954729
vn -0.360987 0.834041 -0.417209
vn 0.111539 0.024364 -0.993461
vn 0.018929 0.014882 -0.999710
vn 0.009984 -0.707067 -0.707076
vn -0.991751 0.127432 -0.013785
vn -0.125289 -0.919086 0.373609
vn -0.985518 0.169568 0.000753
vn 0.013988 -0.929678 -0.368107
vn -0.066507 0.000000 0.997786
vn 0.012213 -0.711142 -0.702942
vn -0.992263 0.123829 0.008973
vn -0.099022 0.000000 0.995085
vn 0.009903 -0.533028 -0.846040
vn 0.000000 1.000000 0.000000
vn 0.000000 1.000000 0.000000
vn 0.000000 1.000000 0.000001
vn -0.096503 0.000000 -0.995333
vn -0.063982 0.000000 -0.997951
vn -0.099022 0.000000 0.995085
vn -0.836449 -0.169034 -0.521326
vn -0.096503 0.000000 -0.995333
vn -0.128608 0.912787 0.387659
vn -0.352493 0.739017 0.574111
vn -0.276162 -0.760688 0.587443
vn -0.596682 -0.709568 -0.374812
vn -0.018642 -0.781703 0.623372
vn -0.879360 -0.265357 -0.395362
vn -0.392820 -0.897436 0.200751
vn -0.044629 -0.884367 0.464653
vn -0.067398 -0.687631 0.722925
vn -0.001225 -0.107729 -0.994180
vn 0.995674 -0.084878 0.037794
vn -0.999810 -0.013182 -0.014394
vn -0.999853 -0.015041 -0.008248
vn -0.999843 -0.017651 0.001429
vn 0.015779 0.978806 -0.204183
vn 0.995320 -0.096308 -0.007892
vn 0.000761 0.111394 0.993776
vn -0.005249 -0.116990 0.993119
vn -0.138441 -0.572968 0.807801
vn -0.361204 -0.794842 0.487605
vn -0.368271 -0.579878 0.726717
vn 0.994842 -0.100466 -0.013973
vn -0.999934 -0.011494 0.000196
vn -0.999972 -0.004261 0.006105
vn -0.999589 -0.020115 -0.020445
vn -0.999920 -0.012297 -0.002917
vn -0.999748 -0.015905 -0.015864
vn 0.015463 0.920968 0.389332
vn 0.008859 0.684434 0.729021
vn 0.003249 0.502982 0.864291
vn -0.000818 -0.918821 -0.394674
vn -0.999810 -0.018729 -0.005491
vn -0.828696 0.559694 -0.002201
vn -0.828696 0.559694 -0.002203
vn -0.003368 -0.683366 -0.730069
vn -0.004942 -0.501695 -0.865030
vn -0.469203 0.883089 -0.001246
vn -0.993254 -0.115948 -0.001332
vn -0.993254 -0.115948 -0.001332
vn -0.993254 -0.115948 -0.001332
vn -0.994982 -0.100046 -0.001271
vn -0.994982 -0.100045 -0.001258
vn -0.994982 -0.100045 -0.001258
vn -0.000170 -1.000000 0.000000
vn -0.000170 -1.000000 0.000000
vn -0.000170 -1.000000 0.000000
vn 0.999978 0.006562 0.001267
vn 0.999978 0.006561 0.001275
vn 0.000000 -1.000000 0.000000
vn 0.999978 0.006561 0.001275
vn 0.000000 -1.000000 0.000000
vn 0.000000 -1.000000 0.000000
vn 0.987040 -0.160473 0.001204
vn 0.987040 -0.160473 0.001204
vn 0.987040 -0.160473 0.001204
vn -0.000170 -1.000000 0.000000
vn -0.779804 -0.626023 -0.000977
vn 0.924255 0.381773 0.001157
vn -0.284781 -0.958593 -0.000355
vn 0.924255 0.381773 0.001158
vn -0.569375 -0.822078 -0.000713
vn -0.828696 0.559694 -0.002198
vn -0.828696 0.559694 -0.002203
vn 0.924255 0.381773 0.001157
vn -0.828697 0.559693 -0.002191
vn -0.828697 0.559694 -0.002206
vn -0.469203 0.883089 -0.001245
vn -0.828696 0.559695 -0.002207
vn -0.469203 0.883089 -0.001249
vn -0.828696 0.559695 -0.002207
vn -0.469203 0.883090 -0.001248
vn -0.828696 0.559694 -0.002191
vn -0.828696 0.559694 -0.002192
vn -0.469203 0.883089 -0.001241
vn -0.510013 -0.732806 0.450424
vn -0.442968 -0.527240 0.725119
vn -0.828697 0.559694 -0.002210
vn -0.582434 -0.478154 0.657373
vn -0.828697 0.559693 -0.002203
vn -0.329128 -0.944285 -0.000875
vn -0.469203 0.883089 -0.001251
vn -0.329128 -0.944285 -0.000875
vn -0.222187 -0.975004 -0.000591
vn -0.828697 0.559693 -0.002194
vn -0.828696 0.559694 -0.002210
vn -0.828696 0.559694 -0.002198
vn -0.469203 0.883089 -0.001251
vn -0.828696 0.559695 -0.002203
vn 0.000004 -1.000000 0.000015
vn -0.469203 0.883090 -0.001247
vn 0.999999 0.000011 0.001260
vn -0.077379 0.898158 0.432811
vn 0.999999 0.000011 0.001264
vn -0.125633 0.663729 0.737347
vn -0.057791 0.622479 0.780500
vn 0.000004 -1.000000 0.000015
vn 0.000004 -1.000000 0.000015
vn 0.987041 -0.160461 0.001236
vn 0.987041 -0.160461 0.001236
vn 0.987041 -0.160461 0.001236
vn -0.017579 -0.974774 -0.222500
vn -0.086874 -0.900472 -0.426149
vn -0.056259 0.899517 -0.433249
vn -0.084508 0.147697 0.985416
vn -0.056259 0.899510 -0.433262
vn 0.999999 0.000001 0.001275
vn -0.094573 -0.068875 0.993133
vn -0.133035 0.930297 -0.341831
vn 0.999999 0.000001 0.001267
vn 0.999999 0.000000 0.001253
vn 0.999999 0.000014 0.001262
vn 0.999999 -0.000002 0.001264
vn 0.999999 -0.000005 0.001274
vn -0.070418 0.823450 0.563002
vn 0.999999 0.000002 0.001270
vn 0.999999 0.000006 0.001265
vn 0.999999 0.000012 0.001259
vn -0.063608 0.997975 -0.000078
vn 0.999999 -0.000023 0.001265
vn -0.077818 0.621387 0.779630
vn 0.999999 0.000009 0.001257
vn 0.999999 -0.000003 0.001265
vn -0.119566 0.380722 0.916927
vn -0.040264 -0.311072 0.949533
vn 0.999999 0.000004 0.001265
vn -0.083360 0.993678 0.075199
vn -0.071889 -0.996321 -0.046652
vn -0.993256 -0.115937 -0.001211
vn -0.993256 -0.115937 -0.001211
vn -0.993256 -0.115937 -0.001211
vn -0.000002 1.000000 0.000000
vn -0.000002 1.000000 0.000000
vn -0.000002 1.000000 0.000000
vn 0.003196 0.511345 -0.859370
vn 0.995314 -0.096568 0.005018
vn 0.010377 0.920773 -0.389961
vn 0.995688 -0.092733 0.002565
vn 0.006332 0.688897 -0.724832
vn 0.993891 -0.110117 -0.007447
vn -0.012268 -0.516930 0.855940
vn 0.992633 -0.120971 -0.006739
vn 0.994102 -0.108165 0.007859
vn -0.003520 -0.915276 0.402811
vn 0.995717 -0.092340 -0.004480
vn -0.010363 -0.684932 0.728533
vn 0.944824 -0.327576 0.001207
vn 0.464646 -0.083334 0.881567
vn 0.577119 -0.162219 0.800387
vn 0.458569 -0.068635 0.886004
vn 0.625788 -0.138412 0.767614
vn 0.944822 -0.327583 0.001197
vn 0.008726 0.999962 0.000016
vn 0.008726 0.999962 0.000016
vn 0.008726 0.999962 0.000016
vn 0.886356 0.463004 0.001121
vn 0.886356 0.463004 0.001121
vn 0.886356 0.463004 0.001121
vn 0.008726 0.999962 0.000016
vn 0.008726 0.999962 0.000016
vn 0.008726 0.999962 0.000016
vn 0.886357 0.463000 0.001121
vn 0.886357 0.463000 0.001121
vn 0.886357 0.463000 0.001121
vn -0.999999 0.000018 -0.001246
vn -0.124813 0.905688 -0.405155
vn -0.366427 -0.579916 -0.727619
vn -0.672888 -0.708496 -0.212733
vn 0.001022 0.587789 -0.809014
vn -0.400994 0.825166 -0.397876
vn -0.278913 -0.891771 -0.356302
vn -0.667121 0.742978 0.054149
vn -0.366210 -0.206959 -0.907226
vn -0.358944 0.826977 0.432745
vn -0.650713 -0.759324 -0.000809
vn -0.999999 0.000002 -0.001264
vn -0.999999 0.000002 -0.001264
vn 0.001023 0.587795 -0.809009
vn -0.441115 0.527243 -0.726245
vn -0.999708 -0.019939 -0.013659
vn -0.999999 0.000002 -0.001264
vn -0.132903 0.314314 -0.939970
vn -0.397117 0.304889 -0.865645
vn -0.307496 -0.123561 -0.943493
vn -0.794727 0.581574 -0.173728
vn -0.078192 0.535482 -0.840919
vn -0.999756 -0.018887 -0.011496
vn -0.999797 -0.017834 -0.009332
vn -0.059355 -0.900926 0.429894
vn -0.999810 -0.019451 -0.000833
vn -0.999756 -0.018887 -0.011496
vn -0.347307 -0.636755 -0.688420
vn -0.136184 -0.165677 -0.976732
vn -0.117158 -0.656628 -0.745060
vn -0.079838 0.940742 -0.329590
vn -0.150302 -0.982967 0.105763
vn 0.999772 0.018254 0.011066
vn -0.999753 -0.022209 0.000128
vn 0.062199 -0.346339 0.936045
vn -0.149589 0.708971 0.689190
vn -0.999783 -0.020830 -0.000353
vn -0.180001 0.386533 0.904540
vn 0.080214 -0.899479 -0.429538
vn -0.065218 -0.332634 -0.940798
vn -0.058364 -0.942310 0.329615
vn 0.064783 0.434452 -0.898362
vn -0.999783 -0.020830 -0.000353
vn 0.999728 0.023299 0.000786
vn 0.999774 0.021264 -0.000176
vn -0.072899 0.331015 0.940805
vn 0.059704 0.901040 0.429608
vn 0.074525 -0.432896 0.898358
vn 0.999752 0.022282 0.000305
vn 0.999752 0.022282 0.000305
vn 0.999793 0.019220 0.006732
vn 0.080460 -0.940867 -0.329083
vn 0.999785 0.018737 0.008899
vn 0.999785 0.018737 0.008899
vn 0.007679 0.235119 -0.971936
vn -0.063720 -0.435130 -0.898110
vn -0.999852 -0.017086 -0.001990
vn -0.999827 -0.014698 0.011388
vn -0.057035 -0.848002 0.526915
vn -0.999831 -0.014560 0.011252
vn -0.058288 -0.708102 0.703700
vn -0.999834 -0.014422 0.011116
vn -0.079058 0.706138 -0.703646
vn -0.999831 -0.014560 0.011252
vn -0.999866 -0.016323 -0.000792
vn -0.999860 -0.016705 -0.001391
vn -0.999860 -0.016705 -0.001391
vn -0.080478 0.846061 -0.526976
vn 0.999712 0.018642 0.015095
vn 0.081525 -0.846522 -0.526075
vn 0.999757 0.016959 0.014062
vn 0.999735 0.017801 0.014578
vn 0.999735 0.017801 0.014578
vn 0.057523 0.848413 0.526200
vn -0.999778 -0.014992 -0.014791
vn -0.082228 0.971302 -0.223184
vn 0.062366 0.532904 -0.843874
vn -0.065026 -0.225629 -0.972041
vn -0.999743 -0.017689 -0.014174
vn -0.999762 -0.016341 -0.014482
vn -0.072240 0.223663 0.971986
vn 0.076259 -0.531006 0.843930
vn -0.055398 -0.973211 0.223140
vn -0.999762 -0.016341 -0.014482
vn -0.076191 0.531693 0.843503
vn 0.072098 -0.223164 0.972111
vn 0.056268 0.973412 0.222045
vn 0.999836 0.017890 0.002896
vn -0.055607 -0.784591 0.617515
vn -0.999943 -0.008234 -0.006833
vn -0.078564 0.707873 0.701957
vn 0.069268 0.001711 0.997597
vn 0.055405 0.998462 -0.001776
vn 0.999832 0.014372 -0.011399
vn 0.083184 -0.971475 -0.222074
vn -0.061271 -0.533602 -0.843513
vn 0.999827 0.018580 -0.000077
vn 0.066037 0.225023 -0.972113
vn -0.999943 -0.008061 -0.006968
vn 0.999833 0.018235 0.001409
vn -0.999944 -0.007888 -0.007103
vn 0.999833 0.018235 0.001409
vn -0.081099 0.782328 -0.617564
vn -0.058729 -0.709866 -0.701884
vn 0.068614 0.000234 -0.997643
vn -0.999943 -0.008061 -0.006968
vn 0.083892 -0.996473 0.001755
vn 0.999778 0.017695 -0.011407
vn -0.999917 -0.003018 0.012549
vn 0.999807 0.016034 -0.011403
vn 0.999807 0.016034 -0.011403
vn -0.055691 -0.708868 0.703139
vn -0.999923 -0.002626 0.012164
vn -0.999920 -0.002822 0.012356
vn -0.080711 0.706529 -0.703067
vn -0.999920 -0.002822 0.012356
vn -0.999931 -0.007813 -0.008818
vn -0.010565 0.629839 -0.776654
vn -0.999901 -0.008124 -0.011517
vn 0.138319 0.759825 -0.635244
vn 0.138319 0.759825 -0.635244
vn -0.999917 -0.007969 -0.010167
vn -0.363290 -0.590993 0.720242
vn -0.999917 -0.007969 -0.010167
vn -0.363290 -0.590993 0.720242
vn -0.363290 -0.590993 0.720242
vn 0.999944 0.008068 0.006913
vn 0.053053 0.992245 0.112410
vn 0.070180 -0.112250 0.991199
vn 0.999913 0.010993 0.007243
vn -0.078782 0.623436 0.777895
vn -0.057866 -0.625687 -0.777925
vn 0.068698 0.002148 0.997635
vn 0.051959 0.998647 -0.002295
vn 0.085603 -0.989970 -0.112388
vn 0.066910 0.114506 -0.991167
vn -0.080175 0.708767 0.700872
vn 0.999930 0.009530 0.007078
vn 0.999930 0.009530 0.007078
vn 0.999918 0.002912 -0.012455
vn 0.067990 0.000265 -0.997686
vn 0.999907 0.005523 -0.012464
vn -0.056148 -0.711136 -0.700809
vn 0.086360 -0.996262 0.002258
vn -0.003216 0.951048 -0.309026
vn 0.002186 0.486970 0.873416
vn 0.999914 0.004218 -0.012460
vn -0.556770 0.740497 0.376392
vn 0.999914 0.004218 -0.012460
vn -0.999999 -0.000008 -0.001273
vn -0.999999 0.000008 -0.001251
vn -0.999999 0.000009 -0.001255
vn -1.000000 0.000000 0.000000
vn -0.770869 -0.481436 -0.417110
vn -0.770868 -0.144319 -0.620430
vn -0.770869 0.247923 -0.586767
vn -0.770869 0.545467 -0.328978
vn -0.770870 0.634660 0.054468
vn -0.770870 0.481435 0.417109
vn -0.770870 0.144318 0.620429
vn -0.770869 -0.634661 -0.054468
vn -0.770869 -0.247924 0.586766
vn -0.770869 -0.545467 0.328978
vn -0.155547 -0.857044 -0.491203
vn -0.384397 -0.741432 -0.550017
vn -0.155548 -0.404640 -0.901150
vn -0.384397 -0.276539 -0.880775
vn -0.155550 0.202321 -0.966887
vn -0.155546 0.732003 -0.663308
vn -0.384396 0.293981 -0.875109
vn -0.155544 0.982086 -0.106367
vn -0.384395 0.752211 -0.535181
vn -0.384396 0.923123 0.009169
vn -0.155546 0.857044 0.491204
vn -0.155545 0.404640 0.901150
vn -0.384398 0.741431 0.550016
vn -0.384397 0.276539 0.880775
vn -0.155543 -0.202321 0.966888
vn -0.384397 -0.752212 0.535179
vn -0.384396 -0.923123 -0.009169
vn -0.155547 -0.982085 0.106366
vn -0.155547 -0.732004 0.663307
vn -0.384396 -0.293982 0.875108
vn 0.999983 0.004659 0.003383
vn 0.999983 0.001777 0.005470
vn 0.999983 -0.001781 0.005475
vn 0.999983 -0.004671 0.003390
vn 0.999983 -0.005789 -0.000001
vn 0.999983 -0.004692 -0.003411
vn 0.999983 -0.001794 -0.005525
vn 0.999983 0.005771 -0.000003
vn 1.000000 -0.000005 -0.000015
vn 0.999983 0.001792 -0.005520
vn 0.999983 0.004682 -0.003405
vn 1.000000 0.000000 0.000000
vn 1.000000 0.000000 0.000000
vn 1.000000 0.000000 0.000000
vn 1.000000 0.000000 0.000000
vn 1.000000 0.000000 0.000000
vn 1.000000 0.000000 0.000000
vn 1.000000 0.000000 0.000000
vn 1.000000 0.000000 0.000000
vn 1.000000 0.000000 0.000000
vn 1.000000 0.000000 0.000000
vn 1.000000 0.000000 0.000000
vn 1.000000 0.000000 0.000000
vn 1.000000 0.000000 0.000000
vn 1.000000 0.000000 0.000000
vn 1.000000 0.000000 0.000000
vn 1.000000 0.000000 0.000000
vn 1.000000 0.000000 0.000000
vn -0.999998 0.000738 -0.001782
vn -0.999998 0.001365 -0.001364
vn -0.999998 0.001784 -0.000739
vn -0.999998 0.001932 0.000000
vn -0.999998 0.001786 0.000740
vn -0.999998 0.001367 0.001368
vn -0.999998 0.000740 0.001787
vn -0.999998 0.000000 0.001934
vn -0.999998 -0.000740 0.001786
vn -0.999998 -0.001366 0.001367
vn -0.999998 -0.001784 0.000739
vn -0.999998 -0.001930 0.000000
vn -0.999998 -0.001782 -0.000738
vn -0.999998 -0.001364 -0.001363
vn -0.999998 0.000000 -0.001928
vn -1.000000 0.000001 0.000002
vn -0.999998 -0.000738 -0.001781
vn -1.000000 0.000000 0.000000
vn -0.770869 -0.481436 0.417110
vn -0.770869 -0.144318 0.620430
vn -0.770869 0.247923 0.586766
vn -0.770869 0.545467 0.328978
vn -0.770870 0.634660 -0.054467
vn -0.770870 0.481434 -0.417109
vn -0.770870 0.144317 -0.620429
vn -0.770869 -0.634661 0.054468
vn -0.770869 -0.247923 -0.586767
vn -0.770869 -0.545467 -0.328979
vn -0.155547 -0.857044 0.491203
vn -0.384397 -0.741432 0.550016
vn -0.155548 -0.404641 0.901149
vn -0.384397 -0.276540 0.880775
vn -0.155548 0.202321 0.966887
vn -0.155548 0.732003 0.663307
vn -0.384398 0.293981 0.875108
vn -0.384396 0.752211 0.535180
vn -0.155544 0.982086 0.106367
vn -0.155546 0.857044 -0.491203
vn -0.384396 0.923123 -0.009168
vn -0.155546 0.404640 -0.901150
vn -0.384399 0.741431 -0.550016
vn -0.384398 0.276538 -0.880775
vn -0.155546 -0.202321 -0.966888
vn -0.155547 -0.732004 -0.663307
vn -0.384397 -0.752212 -0.535179
vn -0.384397 -0.293982 -0.875108
vn -0.384396 -0.923123 0.009169
vn -0.155547 -0.982085 -0.106366
vn 0.999983 0.004659 -0.003383
vn 0.999983 0.001777 -0.005470
vn 0.999983 -0.001781 -0.005475
vn 0.999983 -0.004671 -0.003390
vn 0.999983 -0.005789 0.000001
vn 0.999983 -0.004692 0.003411
vn 0.999983 -0.001794 0.005525
vn 1.000000 -0.000005 0.000015
vn 0.999983 0.001792 0.005520
vn 0.999983 0.004682 0.003405
vn 0.999983 0.005771 0.000003
vn 1.000000 0.000000 0.000000
vn 1.000000 0.000000 0.000000
vn 1.000000 0.000000 0.000000
vn 1.000000 0.000000 0.000000
vn 1.000000 0.000000 0.000000
vn 1.000000 0.000000 0.000000
vn 1.000000 0.000000 0.000000
vn 1.000000 0.000000 0.000000
vn 1.000000 0.000000 0.000000
vn 1.000000 0.000000 0.000000
vn 1.000000 0.000000 0.000000
vn 1.000000 0.000000 0.000000
vn 1.000000 0.000000 0.000000
vn 1.000000 0.000000 0.000000
vn 1.000000 0.000000 0.000000
vn 1.000000 0.000000 0.000000
vn 1.000000 0.000000 0.000000
vn -0.999998 0.000738 0.001782
vn -0.999998 0.001365 0.001364
vn -0.999998 0.001784 0.000739
vn -0.999998 0.001932 0.000000
vn -0.999998 0.001786 -0.000740
vn -0.999998 0.001367 -0.001368
vn -0.999998 0.000740 -0.001787
vn -0.999998 0.000000 -0.001934
vn -0.999998 -0.000740 -0.001786
vn -0.999998 -0.001366 -0.001367
vn -0.999998 -0.001784 -0.000739
vn -0.999998 -0.001930 0.000000
vn -0.999998 -0.001782 0.000738
vn -0.999998 -0.001364 0.001363
vn -0.999998 0.000000 0.001928
vn -1.000000 0.000001 -0.000002
vn -0.999998 -0.000738 0.001781
vn 0.000170 0.130770 0.991413
vn 0.951031 -0.243618 0.190239
vn -0.321427 -0.110192 -0.940501
vn -0.030181 -0.999398 0.017119
vn 0.005209 0.048152 -0.998826
vn -0.021797 -0.999284 0.030917
vn -0.021797 -0.999284 0.030917
vn -0.021797 -0.999284 0.030917
vn 0.148331 0.087984 0.985016
vn -0.662765 0.105056 0.741421
vn -0.021539 -0.999286 -0.031039
vn -0.996112 0.087221 -0.012406
vn -0.941051 0.176983 0.288272
vn -0.985368 0.170435 -0.000996
vn -0.985368 0.170418 -0.002679
vn -0.996112 0.087221 -0.012406
vn -0.996112 0.087221 -0.012406
vn -0.996207 0.086750 0.006734
vn -0.996207 0.086750 0.006734
vn -0.996207 0.086750 0.006734
vn 0.904015 -0.385376 -0.185048
vn 0.008855 0.107869 0.994126
vn 0.943638 -0.318290 -0.090771
vn 0.004513 0.119329 0.992845
vn -0.324769 -0.108928 0.939500
vn 0.004513 0.119329 0.992845
vn -0.324736 -0.009231 0.945760
vn -0.167395 -0.086138 0.982120
vn -0.020126 -0.994039 -0.107148
vn -0.025697 -0.998468 -0.049000
vn 0.974389 -0.224787 -0.006030
vn 0.967489 -0.235365 0.092562
vn 0.967489 -0.235365 0.092562
vn 0.251437 0.193321 0.948370
vn 0.288099 0.103824 -0.951956
vn 0.288099 0.103824 -0.951956
vn 0.288099 0.103824 -0.951956
vn 0.145983 0.154061 0.977218
vn -0.340371 -0.054459 -0.938713
vn 0.092377 0.133598 0.986721
vn -0.489504 -0.132304 -0.861906
vn -0.333894 -0.073932 -0.939707
vn -0.029501 -0.996538 -0.077727
vn 0.144557 0.187041 0.971658
vn -0.029501 -0.996538 -0.077727
vn -0.029501 -0.996538 -0.077727
vn 0.026289 0.081878 -0.996296
vn 0.026289 0.081878 -0.996296
vn -0.025022 -0.993943 0.107011
vn -0.025022 -0.993943 0.107011
vn -0.025022 -0.993943 0.107011
vn -0.025862 -0.997942 -0.058669
vn -0.027291 -0.999414 -0.020667
vn -0.026130 -0.999428 -0.021474
vn 0.964929 -0.167733 -0.201936
vn 0.973012 -0.208368 -0.099146
vn 0.019265 0.105365 -0.994247
vn 0.954550 -0.268918 -0.128521
vn 0.019265 0.105365 -0.994247
vn 0.026289 0.081878 -0.996296
vn -0.032160 -0.999174 0.024826
vn -0.032160 -0.999174 0.024826
vn -0.032160 -0.999174 0.024826
vn -0.985278 0.170718 -0.009048
vn -0.985278 0.170718 -0.009048
vn -0.985341 0.170412 -0.007925
vn 0.319949 0.420444 -0.849035
vn 0.469706 0.527839 -0.707646
vn -0.037298 -0.253618 -0.966585
vn -0.141552 -0.360354 -0.922013
vn -0.073801 -0.247814 0.965993
vn -0.179589 -0.359262 0.915794
vn -0.882488 -0.248294 -0.399455
vn -0.585539 -0.457958 0.668894
vn -0.493637 -0.371081 0.786525
vn 0.884509 0.267779 -0.382018
vn 0.060339 -0.771102 -0.633846
vn 0.754716 -0.655995 -0.008678
vn 0.134940 -0.981977 0.132338
vn 0.677372 0.559336 -0.477819
vn 0.704338 0.595084 -0.387018
vn -0.955680 -0.283413 -0.079700
vn 0.959855 0.276198 -0.048926
vn 0.023553 0.700085 0.713671
vn 0.754717 -0.655989 -0.008992
vn 0.754716 -0.655992 -0.008835
vn 0.754716 -0.655992 -0.008835
vn 0.124611 -0.977757 0.168713
vn -0.000003 0.017440 -0.999848
vn -0.000003 0.017458 -0.999848
vn -0.000003 0.017458 -0.999848
vn 0.446228 0.522592 0.726483
vn 0.554616 0.622206 0.552503
vn 0.727573 0.685428 0.028728
vn 0.033614 0.024419 0.999137
vn -0.621017 -0.663143 -0.417826
vn -0.681947 -0.608379 -0.405984
vn -0.421023 -0.292505 -0.858592
vn -0.164120 0.985648 0.039535
vn -0.694703 -0.705432 -0.140548
vn -0.664887 -0.691597 -0.282169
vn -0.130948 0.984635 0.115531
vn 0.727502 0.685502 0.028783
vn -0.100422 0.988295 -0.114841
vn -0.664887 -0.691597 -0.282169
vn -0.164843 0.986302 -0.005893
vn -0.132953 0.987634 -0.083083
vn 0.727538 0.685465 0.028755
vn 0.727538 0.685465 0.028755
vn 0.112964 0.113657 -0.987077
vn -0.620306 -0.213722 0.754681
vn -0.126736 -0.076038 0.989018
vn 0.525824 0.182439 -0.830798
vn -0.311290 -0.950224 -0.013140
vn -0.826626 -0.266803 0.495486
vn 0.640935 0.156231 0.751528
vn 0.990602 0.000990 -0.136776
vn 0.126208 0.988838 -0.079186
vn -0.282884 -0.046933 -0.958005
vn 0.246901 0.108101 -0.962992
vn -0.022509 0.984243 0.175382
vn -0.990602 -0.000990 0.136776
vn -0.536745 -0.127683 -0.834028
vn 0.161202 0.008773 0.986882
vn 0.094462 0.985301 0.142337
vn 0.155054 0.987159 0.038417
vn 0.155607 0.987809 -0.004450
vn 0.124469 0.985899 0.111847
vn -0.098430 0.984361 0.146102
vn 0.020987 0.984493 0.174161
vn 0.828550 0.217662 0.515876
vn 0.754695 -0.656018 -0.008745
vn 0.754771 -0.655932 -0.008660
vn 0.754744 -0.655962 -0.008685
vn 0.030900 0.970979 0.237161
vn 0.313818 -0.846161 -0.430731
vn 0.024580 0.976677 0.213304
vn 0.136518 0.238863 0.961409
vn -0.084203 0.030630 -0.995978
vn 0.438958 0.492129 -0.751748
vn -0.035456 -0.235361 0.971261
vn 0.031176 0.871306 0.489749
vn 0.113995 -0.099209 0.988515
vn 0.004011 -0.237699 -0.971331
vn 0.348047 0.415675 -0.840284
vn 0.703322 0.635413 0.318731
vn 0.687106 0.592996 0.419811
vn 0.447115 0.259350 0.856052
vn 0.612260 0.476067 0.631267
vn -0.687203 -0.702062 0.186712
vn -0.697497 -0.707624 0.112989
vn 0.155638 -0.100214 -0.982718
vn 0.220532 0.321286 0.920946
vn -0.716405 -0.687612 -0.118125
vn -0.348897 -0.224214 0.909944
vn -0.151557 -0.035371 0.987815
vn 0.611720 0.427412 -0.665671
vn 0.572711 0.376650 -0.728105
vn -0.990598 0.005615 -0.136693
vn -0.797167 0.004371 -0.603743
vn -0.990602 0.000990 -0.136774
vn 0.495784 -0.485617 0.719983
vn -0.603737 0.005772 -0.797163
vn 0.981165 0.193153 0.002671
vn -0.557189 -0.830307 -0.011481
vn 0.440673 -0.432751 0.786469
vn 0.000000 0.017455 -0.999848
vn 0.000000 0.017452 -0.999848
vn 0.000001 0.017452 -0.999848
vn 0.561286 -0.497167 0.661652
vn 0.000002 0.017454 -0.999848
vn -0.000001 0.017445 -0.999848
vn 0.459918 -0.351085 -0.815607
vn 0.021560 0.989336 -0.144050
vn 0.603670 0.032714 -0.796563
vn -0.023171 0.989109 -0.145349
vn -0.001585 0.866253 -0.499603
vn 0.096222 0.989154 -0.110977
vn -0.020626 0.830669 -0.556384
vn 0.124617 -0.909188 0.397301
vn -0.034566 0.632823 -0.773524
vn 0.034906 0.180092 0.983030
vn 0.136766 -0.007172 0.990578
vn 0.797116 0.024777 -0.603318
vn 0.095216 -0.730342 0.676413
vn 0.062102 -0.209793 0.975772
vn 0.990597 -0.005615 0.136697
vn -0.056887 0.317348 -0.946601
vn 0.398339 -0.583124 -0.708021
vn -0.136769 0.007172 -0.990577
vn 0.010149 -0.599113 -0.800600
vn 0.990597 0.005613 -0.136695
vn -0.748957 0.662517 0.011564
vn -0.748958 0.662517 0.011563
vn -0.754582 0.656105 0.011451
vn 0.595976 -0.421265 -0.683629
vn 0.311295 0.950223 0.013139
vn 0.603673 -0.032715 0.796560
vn 0.990602 -0.000990 0.136775
vn 0.557194 0.830303 0.011481
vn 0.136738 -0.040650 0.989773
vn 0.603734 -0.005772 0.797165
vn 0.892119 0.451758 0.006247
vn 0.797166 -0.004371 0.603744
vn 0.797117 -0.024778 0.603316
vn -0.762866 0.646271 0.019221
vn -0.758273 0.651724 0.016669
vn 0.603015 -0.460707 -0.651247
vn -0.760002 0.649350 0.027216
vn -0.950297 0.311314 0.004304
vn 0.830400 -0.557115 -0.007704
vn -0.136738 -0.040649 0.989773
vn 0.950307 -0.311284 -0.004305
vn -0.603671 -0.032714 0.796562
vn -0.136737 0.040650 -0.989773
vn 0.193238 -0.981058 -0.013567
vn -0.830363 0.557170 0.007704
vn -0.981165 -0.193153 -0.002671
vn -0.892117 -0.451762 -0.006247
vn 0.451864 -0.892002 -0.012336
vn -0.451804 0.892032 0.012333
vn -0.193206 0.981064 0.013565
vn 0.136735 0.040649 -0.989773
vn -0.990597 -0.005613 0.136700
vn 0.586444 -0.449097 -0.674088
vn 0.733618 -0.662262 -0.152362
vn 0.136764 0.007172 -0.990578
vn -0.797116 0.024779 -0.603317
vn -0.136769 -0.007172 0.990577
vn -0.797168 -0.004371 0.603742
vn -0.603670 0.032715 -0.796563
vn -0.797114 -0.024777 0.603320
vn -0.603737 -0.005772 0.797162
vn 0.797166 0.004371 -0.603744
vn 0.603733 0.005772 -0.797166
vn 0.541650 -0.521802 0.659044
vn 0.000000 0.000000 -1.000000
vn 0.133943 0.121373 -0.983528
vn 0.258922 0.148397 -0.954431
vn 0.122246 0.272246 -0.954431
vn 0.037021 0.176922 -0.983528
vn -0.061123 0.292106 -0.954431
vn -0.074042 0.164894 -0.983528
vn -0.156824 0.089881 -0.983528
vn -0.221147 0.200392 -0.954430
vn -0.296699 0.032134 -0.954430
vn -0.179705 -0.019464 -0.983528
vn -0.133944 -0.121373 -0.983528
vn -0.258922 -0.148398 -0.954430
vn -0.037022 -0.176923 -0.983528
vn -0.122247 -0.272247 -0.954430
vn 0.156823 -0.089881 -0.983528
vn 0.074042 -0.164893 -0.983528
vn 0.296698 -0.032134 -0.954431
vn 0.061123 -0.292107 -0.954431
vn 0.221146 -0.200391 -0.954431
vn 0.179704 0.019463 -0.983528
vn 0.741023 0.671479 -0.000001
vn 0.867605 0.497254 0.000000
vn 0.409627 0.912253 -0.000001
vn 0.204813 0.978801 -0.000001
vn -0.204814 0.978801 0.000000
vn -0.409628 0.912253 0.000001
vn -0.867604 0.497255 0.000002
vn -0.741023 0.671480 0.000002
vn -0.994186 -0.107678 0.000000
vn -0.994186 0.107677 0.000001
vn -0.741022 -0.671481 0.000000
vn -0.867604 -0.497256 0.000000
vn -0.409627 -0.912253 0.000000
vn -0.204813 -0.978801 0.000001
vn 0.000000 -1.000000 0.000002
vn 0.000001 -1.000000 0.000001
vn 0.587785 -0.809017 0.000001
vn 0.587786 -0.809017 0.000001
vn 0.741023 -0.671479 0.000000
vn 0.994186 -0.107676 0.000000
vn 0.994186 0.107676 0.000000
vn 0.867605 -0.497254 0.000000
vn 0.221147 0.200392 0.954430
vn 0.061123 0.292106 0.954431
vn -0.122246 0.272246 0.954431
vn -0.258923 0.148398 0.954430
vn -0.296699 -0.032135 0.954430
vn -0.221146 -0.200393 0.954430
vn -0.061123 -0.292106 0.954431
vn 0.122246 -0.272246 0.954431
vn 0.258922 -0.148396 0.954431
vn 0.296699 0.032135 0.954430
vn 0.179704 -0.019463 0.983528
vn -0.156823 -0.089882 0.983528
vn 0.156824 0.089881 0.983528
vn -0.074041 -0.164894 0.983528
vn -0.179704 0.019464 0.983528
vn 0.000001 0.000000 1.000000
vn 0.037021 -0.176922 0.983528
vn -0.133943 0.121374 0.983528
vn 0.133943 -0.121373 0.983528
vn -0.037021 0.176922 0.983528
vn 0.074042 0.164894 0.983528
vn 0.319956 0.420449 -0.849029
vn 0.469706 0.527840 -0.707645
vn -0.037299 -0.253620 -0.966585
vn -0.073801 -0.247814 0.965993
vn -0.141551 -0.360353 -0.922014
vn -0.179588 -0.359262 0.915794
vn -0.882480 -0.248290 -0.399475
vn -0.585544 -0.457964 0.668885
vn -0.493634 -0.371079 0.786528
vn 0.884513 0.267779 -0.382009
vn 0.060339 -0.771105 -0.633843
vn 0.754717 -0.655993 -0.008674
vn 0.134940 -0.981977 0.132337
vn 0.704337 0.595081 -0.387026
vn 0.677368 0.559332 -0.477829
vn -0.955680 -0.283412 -0.079702
vn 0.959855 0.276198 -0.048918
vn 0.023554 0.700085 0.713671
vn 0.754718 -0.655988 -0.008996
vn 0.754717 -0.655991 -0.008835
vn 0.754717 -0.655991 -0.008835
vn 0.124611 -0.977757 0.168712
vn 0.000003 0.017453 -0.999848
vn -0.000011 0.017459 -0.999848
vn -0.000004 0.017456 -0.999848
vn 0.554619 0.622208 0.552499
vn 0.446231 0.522594 0.726480
vn 0.727570 0.685431 0.028728
vn 0.033612 0.024420 0.999137
vn -0.621010 -0.663138 -0.417846
vn -0.681947 -0.608380 -0.405983
vn -0.421019 -0.292501 -0.858595
vn -0.130947 0.984635 0.115528
vn -0.164118 0.985648 0.039535
vn -0.694704 -0.705433 -0.140541
vn -0.664885 -0.691596 -0.282176
vn -0.132952 0.987634 -0.083081
vn -0.100421 0.988295 -0.114841
vn -0.164840 0.986303 -0.005891
vn -0.664885 -0.691596 -0.282176
vn 0.727500 0.685503 0.028782
vn 0.727535 0.685467 0.028755
vn 0.727535 0.685467 0.028755
vn 0.112967 0.113653 -0.987077
vn -0.126734 -0.076037 0.989018
vn 0.525826 0.182439 -0.830797
vn -0.826625 -0.266801 0.495488
vn -0.620308 -0.213721 0.754680
vn -0.311293 -0.950223 -0.013140
vn -0.990601 -0.000991 0.136782
vn -0.282879 -0.046932 -0.958007
vn 0.161209 0.008775 0.986881
vn 0.990601 0.000990 -0.136777
vn 0.640943 0.156233 0.751521
vn 0.094461 0.985301 0.142334
vn 0.126207 0.988838 -0.079185
vn 0.155605 0.987809 -0.004451
vn 0.754694 -0.656019 -0.008748
vn -0.536732 -0.127679 -0.834036
vn 0.246904 0.108101 -0.962992
vn 0.828545 0.217660 0.515886
vn 0.155052 0.987159 0.038415
vn -0.022509 0.984243 0.175381
vn 0.124468 0.985900 0.111843
vn 0.020986 0.984494 0.174160
vn -0.098430 0.984361 0.146100
vn 0.313817 -0.846162 -0.430730
vn 0.754743 -0.655963 -0.008687
vn 0.754770 -0.655933 -0.008663
vn 0.030900 0.970980 0.237157
vn 0.438956 0.492128 -0.751749
vn 0.687104 0.592994 0.419817
vn 0.136517 0.238861 0.961410
vn 0.348048 0.415676 -0.840283
vn 0.113996 -0.099208 0.988515
vn 0.703321 0.635412 0.318735
vn 0.031177 0.871306 0.489748
vn 0.024580 0.976677 0.213302
vn -0.084197 0.030635 -0.995978
vn 0.004006 -0.237704 -0.971329
vn -0.035457 -0.235362 0.971261
vn 0.447114 0.259349 0.856053
vn 0.612259 0.476067 0.631268
vn -0.697496 -0.707624 0.112994
vn -0.687202 -0.702062 0.186716
vn -0.716405 -0.687613 -0.118120
vn -0.151550 -0.035366 0.987817
vn 0.611719 0.427411 -0.665673
vn 0.572707 0.376645 -0.728111
vn 0.155633 -0.100218 -0.982718
vn 0.220535 0.321288 0.920944
vn -0.348891 -0.224210 0.909948
vn -0.990597 0.005615 -0.136695
vn -0.797162 0.004372 -0.603749
vn -0.603732 0.005772 -0.797166
vn 0.495787 -0.485616 0.719981
vn -0.990602 0.000990 -0.136775
vn 0.000002 0.017451 -0.999848
vn 0.981166 0.193149 0.002671
vn -0.557195 -0.830302 -0.011481
vn 0.561287 -0.497166 0.661652
vn -0.000002 0.017453 -0.999848
vn 0.000001 0.017447 -0.999848
vn 0.440672 -0.432751 0.786470
vn -0.000001 0.017453 -0.999848
vn -0.000001 0.017456 -0.999848
vn 0.459917 -0.351085 -0.815607
vn 0.124617 -0.909188 0.397301
vn 0.021560 0.989336 -0.144049
vn -0.020626 0.830668 -0.556386
vn -0.034566 0.632823 -0.773524
vn 0.096221 0.989154 -0.110976
vn -0.023171 0.989109 -0.145349
vn -0.001585 0.866252 -0.499604
vn 0.603671 0.032714 -0.796562
vn 0.010149 -0.599113 -0.800600
vn 0.797117 0.024777 -0.603316
vn 0.095215 -0.730345 0.676410
vn 0.990597 -0.005615 0.136694
vn 0.062102 -0.209796 0.975771
vn -0.056887 0.317350 -0.946601
vn -0.136770 0.007173 -0.990577
vn 0.034907 0.180089 0.983031
vn -0.748958 0.662516 0.011564
vn 0.398338 -0.583122 -0.708022
vn 0.990597 0.005613 -0.136694
vn 0.136767 -0.007172 0.990577
vn 0.595975 -0.421265 -0.683629
vn -0.754583 0.656105 0.011451
vn -0.748959 0.662515 0.011563
vn 0.990601 -0.000990 0.136779
vn 0.797161 -0.004372 0.603750
vn 0.311296 0.950222 0.013139
vn -0.760002 0.649351 0.027216
vn 0.557193 0.830303 0.011482
vn 0.603671 -0.032715 0.796562
vn 0.797117 -0.024779 0.603316
vn 0.892119 0.451757 0.006247
vn 0.136736 -0.040650 0.989773
vn -0.762865 0.646272 0.019221
vn -0.758273 0.651724 0.016669
vn 0.603731 -0.005772 0.797167
vn 0.603014 -0.460706 -0.651248
vn -0.136767 -0.007172 0.990577
vn -0.603669 -0.032714 0.796564
vn -0.136738 0.040650 -0.989773
vn -0.136736 -0.040650 0.989773
vn -0.981166 -0.193149 -0.002671
vn -0.830363 0.557170 0.007703
vn 0.950306 -0.311287 -0.004305
vn -0.950297 0.311314 0.004304
vn 0.830400 -0.557114 -0.007704
vn 0.586444 -0.449098 -0.674088
vn 0.451866 -0.892000 -0.012336
vn 0.541648 -0.521802 0.659045
vn -0.892121 -0.451754 -0.006247
vn -0.797164 -0.004372 0.603747
vn -0.603734 -0.005772 0.797165
vn 0.193240 -0.981058 -0.013567
vn 0.733618 -0.662262 -0.152362
vn 0.797164 0.004371 -0.603747
vn -0.797117 0.024779 -0.603316
vn -0.451804 0.892032 0.012333
vn -0.193206 0.981064 0.013565
vn -0.603671 0.032715 -0.796562
vn 0.603729 0.005772 -0.797169
vn 0.136735 0.040649 -0.989773
vn -0.990597 -0.005613 0.136697
vn -0.797115 -0.024777 0.603319
vn 0.136760 0.007173 -0.990578
vn 0.000000 0.000000 -1.000000
vn 0.133943 0.121373 -0.983528
vn 0.258921 0.148397 -0.954431
vn 0.122246 0.272246 -0.954431
vn 0.037021 0.176922 -0.983528
vn -0.061124 0.292106 -0.954431
vn -0.074042 0.164893 -0.983528
vn -0.156824 0.089881 -0.983528
vn -0.221146 0.200392 -0.954431
vn -0.296699 0.032134 -0.954430
vn -0.179704 -0.019463 -0.983528
vn -0.133944 -0.121374 -0.983528
vn -0.258923 -0.148399 -0.954430
vn -0.122247 -0.272248 -0.954430
vn -0.037021 -0.176923 -0.983528
vn 0.296697 -0.032134 -0.954431
vn 0.156823 -0.089881 -0.983528
vn 0.061123 -0.292107 -0.954431
vn 0.074042 -0.164893 -0.983528
vn 0.221146 -0.200391 -0.954431
vn 0.179703 0.019463 -0.983528
vn 0.867604 0.497255 0.000000
vn 0.741023 0.671480 0.000000
vn 0.409627 0.912253 0.000000
vn 0.204813 0.978801 0.000000
vn -0.409627 0.912253 0.000000
vn -0.204814 0.978801 0.000000
vn -0.741022 0.671480 0.000001
vn -0.867604 0.497255 0.000001
vn -0.994186 0.107677 0.000002
vn -0.994186 -0.107677 0.000001
vn -0.741022 -0.671481 0.000000
vn -0.867604 -0.497256 0.000001
vn -0.204813 -0.978801 0.000000
vn 0.000000 -1.000000 0.000001
vn -0.409626 -0.912253 0.000000
vn 0.000000 -1.000000 0.000001
vn 0.587785 -0.809017 0.000001
vn 0.587786 -0.809017 0.000000
vn 0.741023 -0.671480 0.000000
vn 0.994186 -0.107676 -0.000001
vn 0.867605 -0.497254 -0.000001
vn 0.994186 0.107677 -0.000001
vn 0.221145 0.200391 0.954431
vn 0.061124 0.292106 0.954431
vn -0.122246 0.272247 0.954430
vn -0.258921 0.148397 0.954431
vn -0.296697 -0.032134 0.954431
vn -0.221145 -0.200391 0.954431
vn -0.061122 -0.292106 0.954431
vn 0.122248 -0.272246 0.954430
vn 0.296698 0.032135 0.954431
vn 0.258921 -0.148397 0.954431
vn -0.037020 0.176923 0.983528
vn -0.156823 -0.089881 0.983528
vn 0.074044 0.164894 0.983528
vn -0.074042 -0.164893 0.983528
vn -0.133943 0.121373 0.983528
vn 0.156824 0.089882 0.983528
vn 0.037023 -0.176922 0.983528
vn -0.179703 0.019463 0.983528
vn 0.133945 -0.121373 0.983528
vn 0.179704 -0.019463 0.983528
vn 0.000001 0.000000 1.000000
vn 0.319944 0.420439 0.849039
vn 0.469700 0.527835 0.707653
vn -0.037304 -0.253625 0.966583
vn -0.073806 -0.247820 -0.965991
vn -0.141553 -0.360355 0.922013
vn -0.179591 -0.359264 -0.915793
vn -0.882483 -0.248292 0.399468
vn -0.585542 -0.457961 -0.668889
vn -0.493633 -0.371078 -0.786529
vn 0.884511 0.267779 0.382015
vn 0.060339 -0.771105 0.633843
vn 0.754717 -0.655993 0.008674
vn 0.134940 -0.981977 -0.132337
vn 0.704338 0.595083 0.387021
vn 0.677370 0.559334 0.477823
vn -0.955681 -0.283412 0.079699
vn 0.959855 0.276198 0.048917
vn 0.023554 0.700083 -0.713673
vn 0.754718 -0.655988 0.008996
vn 0.754718 -0.655990 0.008835
vn 0.124611 -0.977757 -0.168712
vn 0.754718 -0.655990 0.008835
vn -0.000008 0.017443 0.999848
vn 0.000002 0.017453 0.999848
vn 0.000000 0.017454 0.999848
vn 0.446229 0.522593 -0.726482
vn 0.554615 0.622206 -0.552505
vn 0.727570 0.685431 -0.028728
vn 0.033613 0.024421 -0.999137
vn -0.621010 -0.663138 0.417846
vn -0.421017 -0.292499 0.858597
vn -0.681946 -0.608379 0.405987
vn -0.164118 0.985648 -0.039535
vn -0.694704 -0.705433 0.140540
vn -0.130947 0.984635 -0.115528
vn -0.132952 0.987634 0.083081
vn 0.727535 0.685467 -0.028755
vn -0.100422 0.988295 0.114842
vn -0.664885 -0.691596 0.282175
vn -0.664885 -0.691596 0.282175
vn -0.164840 0.986303 0.005891
vn 0.727500 0.685503 -0.028782
vn 0.727535 0.685467 -0.028755
vn 0.112968 0.113654 0.987077
vn -0.620305 -0.213721 -0.754682
vn -0.311293 -0.950223 0.013140
vn 0.525818 0.182438 0.830802
vn -0.126736 -0.076038 -0.989018
vn -0.826623 -0.266801 -0.495491
vn -0.990601 -0.000990 -0.136781
vn 0.754694 -0.656019 0.008748
vn 0.990601 0.000990 0.136777
vn 0.828545 0.217660 -0.515885
vn 0.246897 0.108100 0.962993
vn 0.640938 0.156231 -0.751526
vn -0.536734 -0.127680 0.834035
vn 0.126208 0.988838 0.079185
vn 0.020986 0.984494 -0.174161
vn 0.155605 0.987809 0.004451
vn 0.124468 0.985900 -0.111844
vn -0.098430 0.984361 -0.146100
vn 0.155052 0.987159 -0.038415
vn -0.022509 0.984243 -0.175382
vn 0.161205 0.008774 -0.986882
vn 0.754769 -0.655933 0.008663
vn 0.094461 0.985301 -0.142335
vn -0.282883 -0.046933 0.958005
vn 0.754743 -0.655963 0.008687
vn 0.030900 0.970979 -0.237159
vn 0.031175 0.871307 -0.489746
vn 0.313817 -0.846162 0.430731
vn -0.035457 -0.235362 -0.971261
vn 0.004006 -0.237704 0.971329
vn 0.348046 0.415674 0.840285
vn 0.438952 0.492125 0.751754
vn 0.703322 0.635413 -0.318731
vn 0.024580 0.976677 -0.213303
vn 0.136514 0.238860 -0.961410
vn -0.084199 0.030634 0.995978
vn 0.447116 0.259351 -0.856052
vn 0.113996 -0.099208 -0.988515
vn -0.697496 -0.707624 -0.112992
vn 0.612260 0.476067 -0.631267
vn 0.687106 0.592995 -0.419812
vn -0.716405 -0.687613 0.118123
vn -0.348891 -0.224209 -0.909948
vn 0.611720 0.427412 0.665671
vn -0.151552 -0.035367 -0.987816
vn 0.572709 0.376647 0.728108
vn 0.155635 -0.100216 0.982718
vn 0.220532 0.321287 -0.920945
vn -0.687202 -0.702061 -0.186716
vn -0.990601 0.000990 0.136779
vn -0.797162 0.004371 0.603750
vn -0.603734 0.005772 0.797165
vn -0.990597 0.005615 0.136694
vn 0.561287 -0.497166 -0.661652
vn 0.495785 -0.485616 -0.719982
vn -0.000001 0.017455 0.999848
vn -0.000004 0.017451 0.999848
vn -0.000002 0.017452 0.999848
vn 0.440672 -0.432750 -0.786470
vn 0.981166 0.193149 -0.002671
vn -0.000002 0.017455 0.999848
vn -0.000002 0.017453 0.999848
vn -0.557195 -0.830302 0.011481
vn 0.459918 -0.351085 0.815607
vn -0.001585 0.866253 0.499602
vn -0.020626 0.830669 0.556384
vn -0.034566 0.632822 0.773525
vn -0.023171 0.989109 0.145350
vn 0.096222 0.989154 0.110977
vn 0.021560 0.989336 0.144050
vn 0.603670 0.032714 0.796563
vn 0.124617 -0.909187 -0.397303
vn 0.095216 -0.730343 -0.676412
vn -0.748959 0.662516 -0.011564
vn 0.062103 -0.209797 -0.975771
vn 0.990597 -0.005615 -0.136695
vn -0.748959 0.662515 -0.011563
vn 0.136765 -0.007171 -0.990578
vn -0.136772 0.007172 0.990577
vn 0.797117 0.024777 0.603317
vn 0.010150 -0.599114 0.800600
vn 0.034908 0.180086 -0.983031
vn -0.056886 0.317346 0.946602
vn 0.398338 -0.583124 0.708021
vn 0.990597 0.005613 0.136695
vn 0.603015 -0.460707 0.651247
vn -0.754583 0.656105 -0.011451
vn 0.595976 -0.421266 0.683628
vn 0.311295 0.950223 -0.013139
vn 0.990602 -0.000990 -0.136775
vn 0.136736 -0.040650 -0.989773
vn 0.603671 -0.032715 -0.796562
vn 0.797117 -0.024779 -0.603316
vn 0.557193 0.830303 -0.011481
vn 0.892119 0.451757 -0.006247
vn -0.760002 0.649351 -0.027216
vn 0.797163 -0.004371 -0.603748
vn 0.603733 -0.005771 -0.797166
vn -0.762865 0.646272 -0.019221
vn -0.758273 0.651724 -0.016669
vn 0.136762 0.007172 0.990578
vn -0.797164 -0.004371 -0.603747
vn -0.136769 -0.007171 -0.990577
vn -0.136737 -0.040649 -0.989773
vn -0.603670 -0.032714 -0.796563
vn -0.830363 0.557170 -0.007704
vn 0.586445 -0.449098 0.674088
vn 0.830400 -0.557114 0.007704
vn -0.603734 -0.005771 -0.797165
vn 0.603732 0.005772 0.797166
vn 0.541649 -0.521801 -0.659045
vn -0.981166 -0.193149 0.002671
vn -0.950297 0.311314 -0.004304
vn -0.797117 0.024779 0.603316
vn 0.950306 -0.311287 0.004305
vn -0.892121 -0.451754 0.006247
vn 0.733618 -0.662262 0.152361
vn -0.990597 -0.005613 -0.136696
vn -0.797116 -0.024777 -0.603317
vn 0.193240 -0.981058 0.013567
vn -0.451804 0.892032 -0.012333
vn -0.603671 0.032715 0.796562
vn 0.451866 -0.892000 0.012336
vn -0.193206 0.981064 -0.013565
vn 0.136735 0.040649 0.989773
vn -0.136738 0.040650 0.989773
vn 0.797164 0.004371 0.603746
vn 0.000000 0.000000 1.000000
vn 0.133943 0.121373 0.983528
vn 0.258922 0.148398 0.954430
vn 0.122246 0.272247 0.954431
vn 0.037021 0.176923 0.983528
vn -0.074042 0.164894 0.983528
vn -0.061124 0.292107 0.954430
vn -0.156824 0.089881 0.983528
vn -0.221146 0.200392 0.954430
vn -0.179704 -0.019463 0.983528
vn -0.296699 0.032134 0.954430
vn -0.258923 -0.148399 0.954430
vn -0.133944 -0.121374 0.983528
vn -0.037021 -0.176923 0.983528
vn -0.122247 -0.272248 0.954430
vn 0.296698 -0.032134 0.954431
vn 0.156824 -0.089881 0.983528
vn 0.074042 -0.164894 0.983528
vn 0.061123 -0.292107 0.954431
vn 0.221146 -0.200392 0.954431
vn 0.179704 0.019463 0.983528
vn 0.867604 0.497255 0.000000
vn 0.741023 0.671480 0.000000
vn 0.409627 0.912253 0.000000
vn 0.204813 0.978801 0.000000
vn -0.204814 0.978801 0.000000
vn -0.409627 0.912253 0.000000
vn -0.741022 0.671480 -0.000001
vn -0.867604 0.497255 -0.000001
vn -0.994186 0.107677 -0.000002
vn -0.994186 -0.107677 -0.000001
vn -0.867604 -0.497256 -0.000001
vn -0.741022 -0.671481 0.000000
vn -0.409626 -0.912253 0.000000
vn 0.000000 -1.000000 -0.000001
vn -0.204813 -0.978801 0.000000
vn 0.000000 -1.000000 -0.000001
vn 0.587785 -0.809017 -0.000001
vn 0.994186 0.107677 0.000001
vn 0.741023 -0.671480 0.000000
vn 0.587786 -0.809017 0.000000
vn 0.867605 -0.497254 0.000001
vn 0.994186 -0.107676 0.000001
vn 0.295480 0.096008 -0.950513
vn 0.221145 0.200391 -0.954431
vn 0.061124 0.292106 -0.954431
vn -0.122246 0.272247 -0.954431
vn -0.258922 0.148398 -0.954430
vn -0.296698 -0.032134 -0.954431
vn -0.221146 -0.200392 -0.954431
vn -0.061123 -0.292107 -0.954431
vn 0.295480 -0.096007 -0.950513
vn 0.122248 -0.272246 -0.954430
vn 0.258921 -0.148397 -0.954431
vn -0.156823 -0.089881 -0.983528
vn -0.037020 0.176923 -0.983528
vn 0.156824 0.089882 -0.983528
vn -0.133943 0.121373 -0.983528
vn 0.037023 -0.176923 -0.983528
vn -0.179704 0.019463 -0.983528
vn 0.179704 -0.019463 -0.983528
vn 0.133945 -0.121373 -0.983528
vn 0.074044 0.164894 -0.983528
vn -0.074042 -0.164894 -0.983528
vn 0.000001 0.000000 -1.000000
vn 0.460917 -0.826325 -0.323638
vn -0.709409 -0.562336 -0.424873
vn -0.283209 -0.423952 -0.860266
vn -0.094070 -0.211005 -0.972948
vn -0.054810 -0.192329 -0.979799
vn -0.770546 -0.597393 -0.222218
vn -0.578009 -0.611277 -0.540598
vn -0.678373 -0.717824 -0.156650
vn -0.165428 -0.290211 -0.942556
vn -0.567806 -0.641116 -0.516301
vn -0.344424 -0.444022 -0.827174
vn -0.661282 -0.730018 -0.172567
vn -0.575710 -0.649885 -0.496193
vn -0.372630 -0.454036 -0.809320
vn -0.211714 -0.310160 -0.926811
vn -0.096735 -0.242417 -0.965337
vn -0.433516 -0.520686 -0.735493
vn -0.608114 -0.704556 -0.365783
vn -0.652766 -0.748178 -0.118852
vn -0.632804 -0.765778 -0.114647
vn -0.586229 -0.740466 -0.328704
vn -0.478149 -0.652516 -0.587874
vn -0.230762 -0.379488 -0.895956
vn -0.548214 -0.827094 -0.124006
vn -0.366862 -0.613142 -0.699621
vn -0.548157 -0.752822 -0.364393
vn -0.397915 -0.894264 -0.204832
vn -0.322744 -0.738535 -0.591949
vn -0.192594 -0.626781 -0.755019
vn 0.420554 -0.899323 -0.119806
vn 0.314055 -0.890716 -0.328625
vn 0.262363 -0.728765 -0.632508
vn 0.216639 -0.614644 -0.758472
vn 0.100583 -0.550278 -0.828901
vn 0.220634 -0.693949 -0.685387
vn 0.309364 -0.874348 -0.373912
vn 0.358023 -0.921185 -0.152437
vn 0.333276 -0.931018 -0.148772
vn 0.313351 -0.896843 -0.312223
vn 0.320034 -0.931256 -0.174186
vn 0.221793 -0.781810 -0.582736
vn 0.289868 -0.872890 -0.392480
vn 0.229399 -0.948258 -0.219505
vn 0.207818 -0.844069 -0.494328
vn 0.030919 -0.485042 -0.873944
vn 0.089429 -0.577644 -0.811375
vn 0.145274 -0.638485 -0.755799
vn 0.017382 -0.393217 -0.919281
vn 0.050739 -0.385848 -0.921166
vn 0.073670 -0.584774 -0.807844
vn 0.119209 -0.954320 -0.273977
vn 0.101413 -0.812379 -0.574243
vn -0.086332 -0.306488 -0.947951
vn -0.166810 -0.462234 -0.870927
vn -0.088044 -0.438811 -0.894256
vn -0.190014 -0.918344 -0.347187
vn -0.006417 -0.821415 -0.570295
vn -0.188127 -0.701128 -0.687770
vn -0.140005 -0.734685 -0.663804
vn -0.005475 -0.529970 -0.847999
vn -0.248406 -0.888487 -0.385857
vn -0.075522 -0.491245 -0.867741
vn 0.008729 -0.958859 -0.283749
vn 0.592307 -0.805712 0.000847
vn 0.481450 -0.809513 0.335998
vn 0.457123 -0.889403 0.000000
vn 0.350508 -0.936560 0.000000
vn 0.338170 -0.941085 0.000000
vn 0.318123 -0.948049 0.000000
vn 0.210721 -0.977546 0.000000
vn 0.116945 -0.993138 0.000000
vn -0.053088 -0.998590 0.000000
vn -0.254785 -0.966998 0.000000
vn -0.299416 -0.954123 0.000000
vn -0.448222 -0.893922 0.000000
vn -0.585321 -0.810802 0.000000
vn -0.647041 -0.762455 0.000000
vn -0.662451 -0.749105 0.000000
vn -0.677953 -0.735106 0.000000
vn -0.685514 -0.728059 0.000000
vn -0.761712 -0.647913 0.002010
vn -0.738705 -0.535600 0.409204
vn -0.267934 -0.450870 0.851427
vn 0.005003 0.229775 0.973231
vn -0.022138 0.024971 0.999443
vn -0.785656 -0.577186 0.222712
vn -0.678373 -0.717824 0.156650
vn -0.591649 -0.624199 0.510222
vn -0.138737 -0.208071 0.968224
vn -0.567806 -0.641116 0.516301
vn -0.348771 -0.507295 0.788042
vn -0.661282 -0.730018 0.172567
vn -0.372630 -0.454035 0.809320
vn -0.575710 -0.649885 0.496193
vn -0.211714 -0.310160 0.926811
vn -0.096735 -0.242417 0.965337
vn -0.433516 -0.520686 0.735493
vn -0.608114 -0.704556 0.365783
vn -0.652766 -0.748178 0.118852
vn -0.632804 -0.765778 0.114647
vn -0.586229 -0.740466 0.328704
vn -0.478149 -0.652516 0.587874
vn -0.230762 -0.379488 0.895956
vn -0.548214 -0.827094 0.124006
vn -0.548157 -0.752822 0.364393
vn -0.366862 -0.613142 0.699621
vn -0.322744 -0.738535 0.591949
vn -0.397915 -0.894264 0.204832
vn -0.192594 -0.626781 0.755019
vn 0.422326 -0.898319 0.121091
vn 0.319325 -0.889013 0.328157
vn 0.283899 -0.702060 0.653080
vn 0.257780 -0.529387 0.808269
vn 0.115628 -0.504119 0.855859
vn 0.220634 -0.693949 0.685387
vn 0.358023 -0.921185 0.152437
vn 0.309364 -0.874348 0.373912
vn 0.313351 -0.896843 0.312223
vn 0.333276 -0.931018 0.148772
vn 0.320034 -0.931256 0.174186
vn 0.289868 -0.872890 0.392480
vn 0.221793 -0.781810 0.582736
vn 0.229399 -0.948258 0.219505
vn 0.207818 -0.844069 0.494328
vn 0.145274 -0.638485 0.755799
vn 0.051820 -0.374752 0.925676
vn 0.089429 -0.577644 0.811375
vn 0.022239 -0.342043 0.939421
vn 0.050739 -0.385848 0.921166
vn 0.073670 -0.584774 0.807844
vn 0.119209 -0.954320 0.273977
vn -0.166810 -0.462234 0.870927
vn -0.086332 -0.306488 0.947951
vn 0.101413 -0.812379 0.574243
vn -0.088044 -0.438811 0.894256
vn -0.248406 -0.888487 0.385857
vn -0.188127 -0.701128 0.687770
vn -0.865555 -0.500093 0.026860
vn -0.140005 -0.734685 0.663805
vn -0.005475 -0.529970 0.847999
vn -0.190014 -0.918344 0.347187
vn 0.008729 -0.958859 0.283749
vn -0.075522 -0.491245 0.867741
vn -0.006417 -0.821415 0.570295
vn -0.865474 -0.500236 -0.026799
vn -0.865051 -0.501316 0.019233
vn -0.863967 -0.503386 0.012822
vn -0.863586 -0.504201 0.000004
vn -0.864993 -0.501416 -0.019197
vn -0.863928 -0.503453 -0.012798
vn 0.865555 0.500093 -0.026860
vn 0.865474 0.500236 0.026799
vn 0.000857 -0.328872 -0.944374
vn 0.000805 -0.226563 -0.973996
vn -0.008923 -0.157035 -0.987553
vn 0.022770 0.049493 0.998515
vn 0.000857 -0.328872 0.944374
vn -0.020285 -0.179557 0.983538
vn -0.034542 -0.314105 0.948760
vn -0.034542 -0.314105 -0.948760
vn -0.028398 -0.210879 -0.977100
vn 0.006596 -0.168249 0.985723
vn 0.863967 0.503386 -0.012822
vn 0.863928 0.503453 0.012798
vn 0.863586 0.504201 -0.000004
vn 0.865051 0.501316 -0.019233
vn 0.864993 0.501416 0.019197
vn 0.000000 0.000000 1.000000
vn 0.000000 0.000000 1.000000
vn 0.000000 0.000000 1.000000
vn 0.000000 0.000000 1.000000
vn 0.000000 0.000000 -1.000000
vn 0.000000 0.000000 -1.000000
vn 0.000000 0.000000 -1.000000
vn 0.000000 0.000000 -1.000000
vt 0.633209 0.919240
vt 0.885473 0.791365
vt 0.892586 0.775609
vt 0.894752 0.749541
vt 0.785955 0.622717
vt 0.808942 0.618147
vt 0.903914 0.647706
vt 0.824890 0.606217
vt 0.974521 0.548131
vt 0.955126 0.626023
vt 0.909603 0.628265
vt 0.839617 0.548142
vt 0.928134 0.626035
vt 0.836814 0.578195
vt 0.269287 0.948644
vt 0.102850 0.646379
vt 0.083197 0.605902
vt 0.137389 0.441053
vt 0.012711 0.471069
vt 0.012711 0.409281
vt 0.068379 0.473661
vt 0.072568 0.484954
vt 0.132823 0.429993
vt 0.131137 0.409281
vt 0.139959 0.445571
vt 0.194121 0.636541
vt 0.060952 0.470937
vt 0.139898 0.471400
vt 0.210755 0.650385
vt 0.081100 0.582711
vt 0.087050 0.627972
vt 0.252525 0.948410
vt 0.194330 0.712841
vt 0.194429 0.836136
vt 0.231963 0.656028
vt 0.167962 0.857228
vt 0.140209 0.646416
vt 0.148396 0.836099
vt 0.194047 0.662175
vt 0.140128 0.522438
vt 0.412661 0.986350
vt 0.585779 0.856022
vt 0.412632 0.856018
vt 0.585277 0.986576
vt 0.388230 0.739534
vt 0.633880 0.707372
vt 0.365443 0.643806
vt 0.388202 0.636432
vt 0.388223 0.733690
vt 0.401604 0.839800
vt 0.598540 0.841309
vt 0.634003 0.702190
vt 0.634367 0.602852
vt 0.655891 0.609713
vt 0.402177 0.739416
vt 0.598878 0.538674
vt 0.528148 0.485059
vt 0.472153 0.485059
vt 0.388269 0.948318
vt 0.768317 0.919175
vt 0.344367 0.655900
vt 0.343406 0.948459
vt 0.378743 0.948376
vt 0.650319 0.919224
vt 0.676111 0.622587
vt 0.685855 0.919212
vt 0.931312 0.920395
vt 0.931447 0.969984
vt 0.907865 0.970054
vt 0.907731 0.920465
vt 0.973274 0.920523
vt 0.947990 0.970119
vt 0.973290 0.970112
vt 0.401585 0.634833
vt 0.472138 0.538189
vt 0.578213 0.509112
vt 0.503280 0.635963
vt 0.598895 0.739398
vt 0.528141 0.509112
vt 0.401585 0.538088
vt 0.947975 0.920530
vt 0.472184 0.509024
vt 0.567598 0.635963
vt 0.598878 0.635963
vt 0.905867 0.844401
vt 0.899594 0.819070
vt 0.902758 0.793319
vt 0.913173 0.827282
vt 0.915398 0.798961
vt 0.918657 0.685373
vt 0.924810 0.688321
vt 0.977417 0.664764
vt 0.930654 0.667201
vt 0.942193 0.658681
vt 0.977973 0.659233
vt 0.949690 0.664777
vt 0.926755 0.662317
vt 0.244839 0.989989
vt 0.227832 0.989733
vt 0.142032 0.890144
vt 0.097611 0.823065
vt 0.094989 0.797869
vt 0.009871 0.668718
vt 0.091155 0.686204
vt 0.084321 0.691798
vt 0.076634 0.668578
vt 0.009489 0.676748
vt 0.085203 0.673962
vt 0.079086 0.679556
vt 0.069801 0.676607
vt 0.244974 0.970580
vt 0.245145 0.978532
vt 0.153200 0.871438
vt 0.111503 0.840823
vt 0.123563 0.836613
vt 0.106944 0.796452
vt 0.109966 0.821130
vt 0.121193 0.819724
vt 0.118530 0.795761
vt 0.191065 0.902617
vt 0.162044 0.871189
vt 0.156813 0.875684
vt 0.760771 0.936539
vt 0.760771 0.958750
vt 0.646449 0.958632
vt 0.646449 0.936420
vt 0.646727 0.983331
vt 0.890580 0.830036
vt 0.854902 0.854915
vt 0.797435 0.935647
vt 0.789123 0.929497
vt 0.185994 0.907285
vt 0.862688 0.861661
vt 0.241101 0.956805
vt 0.227230 0.969848
vt 0.235870 0.961300
vt 0.102428 0.847051
vt 0.144426 0.886787
vt 0.140680 0.882437
vt 0.204633 0.917310
vt 0.199094 0.921473
vt 0.320220 0.989850
vt 0.365560 0.989632
vt 0.785518 0.983260
vt 0.365396 0.978514
vt 0.354762 0.989748
vt 0.777044 0.958767
vt 0.701195 0.983305
vt 0.664114 0.983314
vt 0.092989 0.386001
vt 0.093061 0.388377
vt 0.042504 0.357692
vt 0.062623 0.346723
vt 0.043514 0.369655
vt 0.102437 0.370653
vt 0.102576 0.368277
vt 0.042504 0.367288
vt 0.042504 0.365617
vt 0.102523 0.364604
vt 0.043606 0.363292
vt 0.102568 0.366984
vt 0.084171 0.342319
vt 0.042504 0.346723
vt 0.084171 0.339939
vt 0.092890 0.339822
vt 0.080106 0.388526
vt 0.093057 0.342203
vt 0.079868 0.386150
vt 0.084074 0.386150
vt 0.050196 0.342751
vt 0.055135 0.342751
vt 0.062623 0.357692
vt 0.084353 0.388526
vt 0.824166 0.374561
vt 0.954894 0.372413
vt 0.954879 0.372412
vt 0.852182 0.371550
vt 0.855635 0.371170
vt 0.887892 0.368157
vt 0.894064 0.368157
vt 0.925754 0.370378
vt 0.897589 0.530074
vt 0.886857 0.529953
vt 0.853796 0.497738
vt 0.898052 0.530038
vt 0.929886 0.496610
vt 0.929878 0.496611
vt 0.898052 0.530038
vt 0.868717 0.497757
vt 0.887304 0.529972
vt 0.870553 0.497756
vt 0.887855 0.497774
vt 0.887855 0.529989
vt 0.887356 0.529970
vt 0.897589 0.530074
vt 0.897107 0.530110
vt 0.897641 0.497853
vt 0.897641 0.497853
vt 0.914430 0.497208
vt 0.897589 0.530074
vt 0.075166 0.357929
vt 0.075166 0.358556
vt 0.075166 0.356592
vt 0.076254 0.342751
vt 0.086923 0.352046
vt 0.087196 0.343083
vt 0.075981 0.351714
vt 0.086981 0.357274
vt 0.086902 0.358377
vt 0.075981 0.357615
vt 0.075221 0.352927
vt 0.064281 0.351724
vt 0.075228 0.351821
vt 0.064299 0.349896
vt 0.075306 0.342848
vt 0.064359 0.342751
vt 0.075246 0.349992
vt 0.042504 0.359084
vt 0.053451 0.359008
vt 0.053463 0.360372
vt 0.042516 0.360448
vt 0.088138 0.356079
vt 0.099006 0.357767
vt 0.099023 0.356080
vt 0.099025 0.357080
vt 0.088140 0.357079
vt 0.088121 0.357766
vt 0.054125 0.395456
vt 0.053388 0.392542
vt 0.053389 0.391935
vt 0.042504 0.392544
vt 0.095079 0.338982
vt 0.084963 0.328794
vt 0.084171 0.338052
vt 0.095871 0.329724
vt 0.086888 0.356934
vt 0.076251 0.352813
vt 0.075981 0.356004
vt 0.054125 0.385575
vt 0.087019 0.355378
vt 0.087159 0.353743
vt 0.076111 0.354448
vt 0.090875 0.378671
vt 0.090815 0.385578
vt 0.079868 0.385485
vt 0.101802 0.346580
vt 0.112739 0.347470
vt 0.112749 0.346673
vt 0.101793 0.347377
vt 0.105056 0.386332
vt 0.094172 0.386333
vt 0.094149 0.386002
vt 0.084724 0.331590
vt 0.095632 0.332520
vt 0.105033 0.386001
vt 0.095760 0.331023
vt 0.753045 0.546471
vt 0.752971 0.554249
vt 0.754971 0.546289
vt 0.754897 0.554207
vt 0.758576 0.545928
vt 0.758502 0.554108
vt 0.752184 0.554264
vt 0.752259 0.546544
vt 0.747684 0.554327
vt 0.747759 0.546933
vt 0.717127 0.553748
vt 0.717208 0.548573
vt 0.738785 0.554341
vt 0.738862 0.547594
vt 0.736053 0.478628
vt 0.719185 0.474424
vt 0.719072 0.478110
vt 0.736166 0.474942
vt 0.688649 0.575077
vt 0.705334 0.579285
vt 0.705576 0.576524
vt 0.705443 0.578011
vt 0.688407 0.577838
vt 0.688515 0.576564
vt 0.648746 0.584874
vt 0.665727 0.585392
vt 0.740182 0.529627
vt 0.723255 0.528180
vt 0.740031 0.531389
vt 0.723255 0.528180
vt 0.723104 0.529942
vt 0.740182 0.529627
vt 0.740659 0.524047
vt 0.723732 0.522599
vt 0.723957 0.519892
vt 0.724285 0.516053
vt 0.740884 0.521340
vt 0.741212 0.517500
vt 0.068327 0.356731
vt 0.075161 0.357145
vt 0.075166 0.356731
vt 0.068322 0.357145
vt 0.734313 0.569822
vt 0.717816 0.563338
vt 0.717385 0.568374
vt 0.734743 0.564785
vt 0.734249 0.570570
vt 0.717385 0.568374
vt 0.717321 0.569122
vt 0.665651 0.587899
vt 0.734313 0.569822
vt 0.648670 0.587381
vt 0.648692 0.586658
vt 0.665673 0.587177
vt 0.723104 0.532654
vt 0.739998 0.542836
vt 0.739996 0.532654
vt 0.723106 0.542836
vt 0.705334 0.585190
vt 0.688407 0.583743
vt 0.688708 0.580213
vt 0.705635 0.581660
vt 0.734019 0.547562
vt 0.717127 0.547562
vt 0.717127 0.546113
vt 0.734019 0.546113
vt 0.735660 0.491498
vt 0.718680 0.490980
vt 0.719042 0.479090
vt 0.736023 0.479608
vt 0.101384 0.352432
vt 0.108263 0.352950
vt 0.108263 0.352432
vt 0.101384 0.352950
vt 0.736023 0.479608
vt 0.719072 0.478110
vt 0.719042 0.479090
vt 0.736053 0.478628
vt 0.734054 0.572843
vt 0.717321 0.569122
vt 0.717127 0.571396
vt 0.734249 0.570570
vt 0.705638 0.575804
vt 0.689252 0.568028
vt 0.688711 0.574357
vt 0.706179 0.569475
vt 0.705576 0.576524
vt 0.688711 0.574357
vt 0.688649 0.575077
vt 0.705638 0.575804
vt 0.110336 0.378942
vt 0.103458 0.378989
vt 0.103456 0.378718
vt 0.110334 0.378671
vt 0.098428 0.380208
vt 0.091549 0.380148
vt 0.091552 0.379865
vt 0.098430 0.379924
vt 0.648670 0.526953
vt 0.685380 0.527273
vt 0.685476 0.530979
vt 0.648819 0.529860
vt 0.679657 0.564979
vt 0.679657 0.562849
vt 0.688407 0.566753
vt 0.688407 0.545934
vt 0.695168 0.545928
vt 0.114685 0.370026
vt 0.106252 0.370041
vt 0.106253 0.367288
vt 0.683360 0.537959
vt 0.673590 0.559034
vt 0.648670 0.560946
vt 0.670247 0.583603
vt 0.648845 0.539292
vt 0.648670 0.564712
vt 0.648670 0.581734
vt 0.670247 0.562849
vt 0.695168 0.545928
vt 0.715471 0.564884
vt 0.715471 0.547810
vt 0.649066 0.517525
vt 0.695205 0.566754
vt 0.649746 0.495881
vt 0.674604 0.498773
vt 0.683483 0.520245
vt 0.053389 0.389246
vt 0.055812 0.395457
vt 0.054125 0.394223
vt 0.065009 0.393839
vt 0.061115 0.395460
vt 0.065009 0.395464
vt 0.065009 0.394184
vt 0.042505 0.389253
vt 0.749254 0.563338
vt 0.054125 0.393838
vt 0.055811 0.394215
vt 0.749295 0.566442
vt 0.061098 0.394203
vt 0.736197 0.566436
vt 0.042505 0.391937
vt 0.051702 0.389247
vt 0.046399 0.389250
vt 0.736195 0.563368
vt 0.064281 0.353550
vt 0.732139 0.573626
vt 0.735572 0.577344
vt 0.731757 0.576907
vt 0.735952 0.574074
vt 0.751034 0.487853
vt 0.073611 0.356594
vt 0.737607 0.491134
vt 0.751069 0.491125
vt 0.737608 0.487842
vt 0.068160 0.357924
vt 0.073611 0.357927
vt 0.064281 0.358555
vt 0.111413 0.363298
vt 0.068175 0.356599
vt 0.075166 0.353551
vt 0.064281 0.356605
vt 0.107519 0.363292
vt 0.111413 0.364614
vt 0.107533 0.364617
vt 0.758839 0.576752
vt 0.749322 0.575638
vt 0.759020 0.575197
vt 0.753926 0.545208
vt 0.742716 0.542087
vt 0.742705 0.545191
vt 0.753937 0.542104
vt 0.756749 0.517167
vt 0.755792 0.528412
vt 0.742705 0.527298
vt 0.743663 0.516053
vt 0.717127 0.584907
vt 0.730643 0.574033
vt 0.717475 0.573626
vt 0.730295 0.585314
vt 0.752024 0.475575
vt 0.737607 0.485669
vt 0.751062 0.486820
vt 0.738569 0.474424
vt 0.761642 0.499155
vt 0.750419 0.495881
vt 0.750421 0.499153
vt 0.761640 0.495883
vt 0.742705 0.540712
vt 0.756581 0.529842
vt 0.743048 0.529431
vt 0.756238 0.541123
vt 0.066197 0.395808
vt 0.073738 0.395809
vt 0.067067 0.395808
vt 0.066197 0.391999
vt 0.677225 0.053233
vt 0.677225 0.149274
vt 0.712943 0.494247
vt 0.707385 0.494247
vt 0.707445 0.486787
vt 0.713005 0.486787
vt 0.710967 0.474424
vt 0.713348 0.480105
vt 0.759651 0.474424
vt 0.753212 0.479983
vt 0.759651 0.479983
vt 0.753212 0.474424
vt 0.713804 0.573177
vt 0.707644 0.573263
vt 0.708383 0.568114
vt 0.714542 0.568028
vt 0.758568 0.555035
vt 0.757771 0.561143
vt 0.712943 0.486638
vt 0.707385 0.482179
vt 0.707385 0.486638
vt 0.712943 0.482179
vt 0.746392 0.561447
vt 0.752571 0.561282
vt 0.753368 0.555174
vt 0.747188 0.555339
vt 0.707769 0.175719
vt 0.707768 0.266577
vt 0.013738 0.148435
vt 0.013738 0.013949
vt 0.507119 0.175719
vt 0.507118 0.313506
vt 0.781917 0.457085
vt 0.783392 0.496552
vt 0.800549 0.497951
vt 0.809556 0.462585
vt 0.799262 0.463544
vt 0.808207 0.496989
vt 0.826914 0.456158
vt 0.825365 0.495621
vt 0.948933 0.769706
vt 0.979136 0.721766
vt 0.979136 0.770023
vt 0.948933 0.721449
vt 0.648670 0.482960
vt 0.651239 0.476088
vt 0.690704 0.512766
vt 0.688407 0.505799
vt 0.703548 0.495881
vt 0.707831 0.511248
vt 0.746842 0.509297
vt 0.707355 0.481582
vt 0.704978 0.475892
vt 0.694053 0.494247
vt 0.687662 0.480138
vt 0.663475 0.493471
vt 0.668357 0.478284
vt 0.727193 0.510152
vt 0.744244 0.514889
vt 0.734132 0.496305
vt 0.775831 0.515646
vt 0.779041 0.510023
vt 0.801032 0.511205
vt 0.800654 0.542175
vt 0.807785 0.541129
vt 0.807357 0.512933
vt 0.827994 0.511702
vt 0.832757 0.514575
vt 0.948993 0.831653
vt 0.979136 0.792400
vt 0.948993 0.788295
vt 0.979136 0.831865
vt 0.978674 0.878673
vt 0.948530 0.878780
vt 0.948530 0.840323
vt 0.978674 0.840111
vt 0.107720 0.339219
vt 0.096835 0.339211
vt 0.107720 0.342509
vt 0.096836 0.342507
vt 0.096835 0.338081
vt 0.107777 0.338418
vt 0.108061 0.329131
vt 0.097118 0.328794
vt 0.112835 0.343087
vt 0.101793 0.345952
vt 0.101893 0.342751
vt 0.112735 0.346288
vt 0.054185 0.386508
vt 0.065132 0.386601
vt 0.054125 0.393415
vt 0.054335 0.378671
vt 0.065278 0.379007
vt 0.065067 0.385911
vt 0.112269 0.352245
vt 0.101384 0.349191
vt 0.112269 0.349190
vt 0.101384 0.352232
vt 0.053454 0.388633
vt 0.053452 0.378671
vt 0.042504 0.378673
vt 0.042507 0.388636
vt 0.102549 0.379774
vt 0.091549 0.379412
vt 0.102471 0.378671
vt 0.053389 0.393379
vt 0.053389 0.392745
vt 0.042504 0.392753
vt 0.042504 0.393380
vt 0.717127 0.555224
vt 0.734167 0.562589
vt 0.744163 0.555035
vt 0.717179 0.562706
vt -0.348292 -0.423136
vt 0.080998 0.341536
vt -0.348292 -0.423136
vt -0.348292 -0.423136
vt -0.348292 -0.423136
vt 0.042504 0.341671
vt 0.049902 0.341688
vt 0.046240 0.328794
vt 0.076627 0.329035
vt 0.073419 0.341582
vt 0.696114 0.516266
vt 0.695196 0.543449
vt 0.721103 0.517022
vt 0.699301 0.543568
vt 0.700219 0.516385
vt 0.720185 0.544205
vt 0.717427 0.516916
vt 0.716510 0.544100
vt 0.694366 0.516206
vt 0.693448 0.543389
vt 0.688407 0.543236
vt 0.689324 0.516053
vt 0.735425 0.231538
vt 0.728973 0.260916
vt 0.723774 0.271696
vt 0.731640 0.307051
vt 0.731640 0.307051
vt 0.237284 0.013949
vt 0.510079 0.013949
vt 0.731640 0.307051
vt 0.510079 0.148435
vt 0.725189 0.277673
vt 0.724901 0.277244
vt 0.724901 0.290593
vt 0.743399 0.229229
vt 0.743399 0.229229
vt 0.753277 0.256973
vt 0.753246 0.267435
vt 0.739614 0.306423
vt 0.739614 0.306423
vt 0.010777 0.313506
vt 0.749492 0.278679
vt 0.010778 0.175719
vt 0.749492 0.278679
vt 0.243057 0.313506
vt 0.749905 0.278539
vt 0.739614 0.306423
vt 0.747664 0.295485
vt 0.106490 0.358924
vt 0.106392 0.361403
vt 0.057882 0.362959
vt 0.042504 0.362218
vt 0.057979 0.360480
vt 0.042540 0.361311
vt 0.042504 0.371013
vt 0.042694 0.373487
vt 0.091628 0.370859
vt 0.109507 0.371931
vt 0.109438 0.371026
vt 0.091818 0.373334
vt 0.042504 0.374178
vt 0.042504 0.374691
vt 0.090917 0.373796
vt 0.106311 0.376266
vt 0.106311 0.373704
vt 0.090917 0.376359
vt 0.042504 0.377725
vt 0.042504 0.378428
vt 0.109240 0.378547
vt 0.091496 0.378414
vt 0.109240 0.376654
vt 0.091496 0.376521
vt 0.163934 0.329927
vt 0.160461 0.382966
vt 0.744579 0.383744
vt 0.604044 0.377537
vt 0.157449 0.447421
vt 0.748052 0.330705
vt 0.606934 0.333416
vt 0.160922 0.394382
vt 0.606412 0.440817
vt 0.771866 0.395007
vt 0.609302 0.396696
vt 0.768393 0.448046
vt 0.972535 0.180060
vt 0.972535 0.207578
vt 0.810052 0.226658
vt 0.972535 0.236973
vt 0.810052 0.236973
vt 0.810052 0.242396
vt 0.972535 0.242396
vt 0.810052 0.251280
vt 0.972535 0.251280
vt 0.972535 0.274348
vt 0.810052 0.274348
vt 0.972535 0.294993
vt 0.810052 0.318373
vt 0.718472 0.201663
vt 0.772424 0.032241
vt 0.772424 0.032241
vt 0.941650 0.207578
vt 0.972535 0.207578
vt 0.941650 0.213677
vt 0.972535 0.215437
vt 0.941650 0.207578
vt 0.972535 0.213677
vt 0.941650 0.214969
vt 0.810052 0.207578
vt 0.837081 0.207578
vt 0.810052 0.207578
vt 0.837081 0.200119
vt 0.837081 0.207578
vt 0.837081 0.213677
vt 0.837081 0.214969
vt 0.837081 0.200119
vt 0.810052 0.213677
vt 0.972535 0.227126
vt 0.810052 0.214969
vt 0.941650 0.214969
vt 0.837081 0.204965
vt 0.880450 0.204956
vt 0.837081 0.207578
vt 0.837081 0.200119
vt 0.837081 0.214969
vt 0.837081 0.204965
vt 0.941649 0.200119
vt 0.837081 0.213677
vt 0.941650 0.207578
vt 0.941650 0.213677
vt 0.941650 0.214969
vt 0.941649 0.204940
vt 0.928495 0.318373
vt 0.928495 0.336344
vt 0.852936 0.342543
vt 0.810052 0.294525
vt 0.972535 0.318373
vt 0.810052 0.304986
vt 0.928495 0.342543
vt 0.852702 0.336344
vt 0.972535 0.304986
vt 0.852936 0.318373
vt 0.928495 0.305869
vt 0.928495 0.336344
vt 0.928495 0.342543
vt 0.852685 0.304986
vt 0.928495 0.318373
vt 0.928495 0.336344
vt 0.852702 0.336344
vt 0.928495 0.305869
vt 0.852936 0.318373
vt 0.852702 0.336344
vt 0.852936 0.342543
vt 0.852685 0.304986
vt 0.869583 0.104249
vt 0.869583 0.104249
vt 0.843996 0.088955
vt 0.843996 0.088955
vt 0.799575 0.073855
vt 0.799575 0.073855
vt 0.786739 0.084911
vt 0.786739 0.084911
vt 0.783931 0.094367
vt 0.783931 0.094367
vt 0.785335 0.114371
vt 0.785335 0.114371
vt 0.778315 0.132556
vt 0.778315 0.132556
vt 0.768488 0.151105
vt 0.768488 0.151105
vt 0.756139 0.207782
vt 0.756139 0.207782
vt 0.719638 0.203781
vt 0.719638 0.203781
vt 0.894014 0.032793
vt 0.894014 0.032793
vt 0.869583 0.104249
vt 0.869583 0.104249
vt 0.756139 0.207782
vt 0.764760 0.192505
vt 0.764760 0.192505
vt 0.756139 0.207782
vt 0.894014 0.032793
vt 0.869583 0.104249
vt 0.894014 0.032793
vt 0.869583 0.104249
vt 0.869583 0.104249
vt 0.869583 0.104249
vt 0.799575 0.073855
vt 0.799575 0.073855
vt 0.786739 0.084911
vt 0.786739 0.084911
vt 0.783931 0.094367
vt 0.783931 0.094367
vt 0.785335 0.114371
vt 0.785335 0.114371
vt 0.778315 0.132556
vt 0.778315 0.132556
vt 0.756139 0.207782
vt 0.768488 0.151105
vt 0.768488 0.151105
vt 0.756139 0.207782
vt 0.764760 0.192505
vt 0.764760 0.192505
vt 0.719638 0.203781
vt 0.719638 0.203781
vt 0.756139 0.207782
vt 0.756139 0.207782
vt 0.894014 0.032793
vt 0.868290 0.032790
vt 0.861901 0.088045
vt 0.851254 0.091756
vt 0.854405 0.103560
vt 0.843996 0.088955
vt 0.868290 0.032790
vt 0.854405 0.103560
vt 0.851254 0.091756
vt 0.869583 0.104249
vt 0.861901 0.088045
vt 0.869583 0.104249
vt 0.894014 0.032793
vt 0.842830 0.086837
vt 0.843996 0.088955
vt 0.843996 0.088955
vt 0.854405 0.103560
vt 0.843996 0.088955
vt 0.854405 0.103560
vt 0.854405 0.103560
vt 0.854405 0.103560
vt 0.842830 0.086837
vt 0.843996 0.088955
vt 0.798409 0.071736
vt 0.799575 0.073855
vt 0.799575 0.073855
vt 0.785573 0.082792
vt 0.786739 0.084911
vt 0.786739 0.084911
vt 0.785573 0.082792
vt 0.783931 0.094367
vt 0.782765 0.092249
vt 0.782765 0.092249
vt 0.783931 0.094367
vt 0.785335 0.114371
vt 0.785335 0.114371
vt 0.778315 0.132556
vt 0.778315 0.132556
vt 0.768488 0.151105
vt 0.767322 0.148987
vt 0.768488 0.151105
vt 0.767322 0.148987
vt 0.764760 0.192505
vt 0.718472 0.201663
vt 0.756139 0.207782
vt 0.754973 0.205664
vt 0.719638 0.203781
vt 0.754973 0.205664
vt 0.756139 0.207782
vt 0.754973 0.205664
vt 0.719638 0.203781
vt 0.785335 0.114371
vt 0.756139 0.207782
vt 0.764760 0.192505
vt 0.754973 0.205664
vt 0.768488 0.151105
vt 0.786739 0.084911
vt 0.767322 0.148987
vt 0.778315 0.132556
vt 0.782765 0.092249
vt 0.783931 0.094367
vt 0.718472 0.201663
vt 0.756139 0.207782
vt 0.783931 0.094367
vt 0.785335 0.114371
vt 0.768488 0.151105
vt 0.756139 0.207782
vt 0.767322 0.148987
vt 0.778315 0.132556
vt 0.763594 0.190386
vt 0.754973 0.205664
vt 0.764760 0.192505
vt 0.782765 0.092249
vt 0.754973 0.205664
vt 0.756139 0.207782
vt 0.843996 0.088955
vt 0.763594 0.190386
vt 0.764760 0.192505
vt 0.843996 0.088955
vt 0.842830 0.086837
vt 0.718472 0.201663
vt 0.719638 0.203781
vt 0.718472 0.201663
vt 0.718472 0.201663
vt 0.719638 0.203781
vt 0.719638 0.203781
vt 0.719638 0.203781
vt 0.718472 0.201663
vt 0.941649 0.204940
vt 0.941649 0.204940
vt 0.897875 0.204950
vt 0.941649 0.200119
vt 0.968980 0.150215
vt 0.880450 0.204956
vt 0.837081 0.214969
vt 0.897875 0.204950
vt 0.810052 0.180060
vt 0.896954 0.150392
vt 0.880628 0.200119
vt 0.897787 0.200119
vt 0.897618 0.203752
vt 0.837081 0.204965
vt 0.967920 0.150382
vt 0.897132 0.150230
vt 0.880407 0.203763
vt 0.897787 0.200119
vt 0.880628 0.200119
vt 0.941649 0.200119
vt 0.916538 0.035946
vt 0.916445 0.036144
vt 0.953447 0.036134
vt 0.954000 0.035932
vt 0.916445 0.036144
vt 0.953447 0.036134
vt 0.954042 0.064551
vt 0.953489 0.064753
vt 0.954042 0.064551
vt 0.916580 0.064566
vt 0.916487 0.064763
vt 0.916487 0.064763
vt 0.967570 0.076300
vt 0.968547 0.076098
vt 0.902355 0.076112
vt 0.902192 0.076310
vt 0.902192 0.076310
vt 0.897132 0.150230
vt 0.892082 0.140340
vt 0.972865 0.140492
vt 0.967920 0.150382
vt 0.968980 0.150215
vt 0.892082 0.140340
vt 0.974074 0.140326
vt 0.896954 0.150392
vt 0.897132 0.150230
vt 0.891879 0.140502
vt 0.891879 0.140502
vt 0.967920 0.150382
vt 0.972865 0.140492
vt 0.956716 0.140494
vt 0.967570 0.076300
vt 0.954771 0.076302
vt 0.938542 0.140496
vt 0.912831 0.076308
vt 0.927510 0.076306
vt 0.907088 0.140500
vt 0.924795 0.140498
vt 0.953489 0.064753
vt 0.896954 0.150392
vt 0.941490 0.076304
vt 0.974074 0.140326
vt 0.968547 0.076098
vt 0.956169 0.076101
vt 0.957182 0.140329
vt 0.913949 0.076110
vt 0.968980 0.150215
vt 0.902355 0.076112
vt 0.916580 0.064566
vt 0.943121 0.076103
vt 0.908952 0.140337
vt 0.939707 0.140332
vt 0.928209 0.076107
vt 0.926659 0.140334
vt 0.956169 0.076101
vt 0.957182 0.140329
vt 0.956716 0.140494
vt 0.954771 0.076302
vt 0.941490 0.076304
vt 0.943121 0.076103
vt 0.954771 0.076302
vt 0.956169 0.076101
vt 0.939707 0.140332
vt 0.943121 0.076103
vt 0.938542 0.140496
vt 0.941490 0.076304
vt 0.928209 0.076107
vt 0.926659 0.140334
vt 0.924795 0.140498
vt 0.927510 0.076306
vt 0.928209 0.076107
vt 0.913949 0.076110
vt 0.927510 0.076306
vt 0.912831 0.076308
vt 0.908952 0.140337
vt 0.913949 0.076110
vt 0.907088 0.140500
vt 0.912831 0.076308
vt 0.057811 0.395464
vt 0.061012 0.394915
vt 0.057811 0.395021
vt 0.061012 0.395344
vt 0.054125 0.396029
vt 0.054143 0.395563
vt 0.060481 0.395615
vt 0.060463 0.396056
vt 0.065097 0.357798
vt 0.068298 0.357464
vt 0.065097 0.357355
vt 0.068298 0.357892
vt 0.088138 0.358380
vt 0.088121 0.357914
vt 0.094459 0.357870
vt 0.094475 0.358312
vt 0.079080 0.383476
vt 0.078427 0.382072
vt 0.075457 0.383431
vt 0.069155 0.384739
vt 0.075187 0.382379
vt 0.066197 0.378671
vt 0.088121 0.355429
vt 0.072174 0.378836
vt 0.091715 0.354972
vt 0.100374 0.349190
vt 0.091864 0.353896
vt 0.094455 0.350034
vt 0.098125 0.355555
vt 0.088610 0.353959
vt 0.113157 0.370723
vt 0.113140 0.370269
vt 0.106268 0.370753
vt 0.106252 0.370325
vt 0.107798 0.370268
vt 0.107814 0.370696
vt 0.056716 0.394863
vt 0.056716 0.394422
vt 0.057793 0.394425
vt 0.057793 0.394867
vt 0.068433 0.357892
vt 0.068433 0.357395
vt 0.075166 0.357159
vt 0.075166 0.357625
vt 0.093616 0.349432
vt 0.088159 0.349972
vt 0.093651 0.349885
vt 0.088121 0.349476
vt 0.101004 0.347556
vt 0.100352 0.346152
vt 0.097382 0.347511
vt 0.091079 0.348819
vt 0.088121 0.342751
vt 0.097111 0.346459
vt 0.066197 0.391349
vt 0.094098 0.342916
vt 0.069791 0.390892
vt 0.078450 0.385110
vt 0.069940 0.389816
vt 0.072531 0.385954
vt 0.066685 0.389879
vt 0.076201 0.391475
vt 0.073083 0.396636
vt 0.073101 0.396182
vt 0.066197 0.396551
vt 0.067759 0.396183
vt 0.067742 0.396612
vt 0.066214 0.396123
vt 0.059936 0.394867
vt 0.061012 0.394421
vt 0.059936 0.394425
vt 0.061012 0.394863
vt 0.079868 0.389232
vt 0.079868 0.388734
vt 0.086602 0.389001
vt 0.086602 0.389467
vt 0.066197 0.385892
vt 0.066215 0.385437
vt 0.071707 0.385300
vt 0.071687 0.385797
vt 0.366539 0.463923
vt 0.366539 0.450977
vt 0.601873 0.457182
vt 0.539301 0.463837
vt 0.539301 0.453333
vt 0.601873 0.464684
vt 0.592191 0.465814
vt 0.592191 0.473659
vt 0.420818 0.476097
vt 0.366539 0.476686
vt 0.420818 0.468252
vt 0.748217 0.512045
vt 0.366539 0.470945
vt 0.663060 0.525602
vt 0.663060 0.523438
vt 0.662077 0.481890
vt 0.748206 0.512762
vt 0.626413 -0.090454
vt 0.649224 -0.077284
vt 0.571699 -0.269448
vt 0.629419 -0.085236
vt 0.624848 -0.081582
vt 0.626026 -0.088006
vt 0.842756 -0.367743
vt 0.842756 -0.367743
vt 0.648270 -0.096325
vt 0.645515 -0.099257
vt 0.637818 -0.100129
vt 0.335012 -0.205067
vt 0.189595 -0.205067
vt 0.163982 -0.205067
vt 0.018565 -0.205067
vt 0.841997 -0.364675
vt 0.851629 -0.363211
vt 0.851627 -0.362535
vt 0.851613 -0.368890
vt 0.851612 -0.368214
vt 0.319281 -0.991258
vt 0.847033 -0.370160
vt 0.847033 -0.370160
vt 0.020387 -0.205069
vt 0.328342 -0.089559
vt 0.333530 -0.205069
vt 0.015199 -0.089559
vt 0.200293 -0.126267
vt 0.200293 -0.089559
vt 0.148436 -0.241778
vt 0.319231 -0.126267
vt 0.029498 -0.241778
vt 0.143248 -0.126267
vt 0.024310 -0.126267
vt 0.148436 -0.205069
vt 0.143248 -0.089559
vt 0.205481 -0.241778
vt 0.205481 -0.205069
vt 0.324419 -0.241778
vt 0.825375 -0.260316
vt 0.632257 -0.099149
vt 0.626413 -0.090454
vt 0.234626 -0.884603
vt 0.234626 -0.884603
vt 0.224795 -0.888176
vt 0.224808 -0.873597
vt 0.234639 -0.870024
vt 0.224808 -0.873597
vt 0.234639 -0.870024
vt 0.224795 -0.888176
vt 0.847096 -0.365779
vt 0.847096 -0.365779
vt 0.856007 -0.363058
vt 0.976812 -0.260630
vt 0.855992 -0.368737
vt 0.859668 -0.367031
vt 0.594672 -0.331733
vt 0.859684 -0.361352
vt 0.842231 -0.365761
vt 0.725195 -0.759981
vt 0.649224 -0.090454
vt 0.647369 -0.091769
vt 0.649610 -0.092164
vt 0.651900 -0.091999
vt 0.633723 -0.101337
vt 0.626026 -0.092164
vt 0.422321 -0.246342
vt 0.851612 -0.368214
vt 0.894072 -0.691973
vt 0.861508 -0.692551
vt 0.861508 -0.692551
vt 0.894072 -0.691973
vt 0.624848 -0.081582
vt 0.628267 -0.088401
vt 0.568014 -0.434525
vt 0.546183 -0.483394
vt 0.718294 -0.002796
vt 0.718294 -0.002796
vt 0.841277 -0.365062
vt 0.842231 -0.365761
vt 0.737331 -0.286653
vt 0.633314 -0.071494
vt 0.634501 -0.080972
vt 0.632257 -0.068590
vt 0.836550 -0.260285
vt 0.352586 -0.989606
vt 0.883580 -0.771671
vt 0.882031 -0.780089
vt 0.886513 -0.782629
vt 0.982684 -0.771671
vt 0.984234 -0.780089
vt 0.979751 -0.782629
vt 0.343670 -0.247632
vt 0.699706 -0.534459
vt 0.699706 -0.743779
vt 0.601707 -0.080306
vt 0.608358 -0.059836
vt 0.625771 -0.047185
vt 0.608358 -0.100775
vt 0.625771 -0.113426
vt 0.664707 -0.100775
vt 0.647294 -0.047185
vt 0.647294 -0.113426
vt 0.664707 -0.059836
vt 0.671358 -0.080306
vt 0.549290 -0.257850
vt 0.649224 -0.090454
vt 0.651900 -0.091999
vt 0.649610 -0.092164
vt 0.885383 -0.777897
vt 0.980881 -0.777897
vt 0.637818 -0.067609
vt 0.637818 -0.078111
vt 0.376910 -0.011125
vt 0.376910 -0.011125
vt 0.366259 -0.019988
vt 0.449833 -0.731739
vt 0.353450 -0.253559
vt 0.436648 -0.697877
vt 0.436648 -0.697877
vt 0.454605 -0.703412
vt 0.454605 -0.703412
vt 0.484312 -0.353342
vt 0.159134 -0.025684
vt 0.330164 -0.025684
vt 0.851627 -0.362535
vt 0.851629 -0.363211
vt 0.851629 -0.363211
vt 0.851627 -0.362535
vt 0.851613 -0.368890
vt 0.847096 -0.365779
vt 0.847096 -0.365779
vt 0.623736 -0.091999
vt 0.535687 -0.263416
vt 0.842230 -0.364476
vt 0.842383 -0.365695
vt 0.842382 -0.364082
vt 0.440154 -0.483773
vt 0.452045 -0.483773
vt 0.455551 -0.697877
vt 0.440154 -0.483773
vt 0.452045 -0.483773
vt 0.440253 -0.703412
vt 0.442915 -0.483203
vt 0.451943 -0.483203
vt 0.451943 -0.483203
vt 0.442915 -0.483203
vt 0.449623 -0.252351
vt 0.641913 -0.101337
vt 0.633723 -0.078833
vt 0.365288 -0.238214
vt 0.345890 -0.246163
vt 0.355219 -0.249178
vt 0.655135 -0.287633
vt 0.594213 -0.135116
vt 0.770085 -0.652127
vt 0.013717 -0.025684
vt 0.184746 -0.025684
vt 0.148258 -0.972497
vt 0.594595 -0.320458
vt 0.319870 -0.991921
vt 0.330983 -0.991905
vt 0.310254 -0.992503
vt 0.804647 -0.519154
vt 0.103711 -0.746311
vt 0.419914 -0.350626
vt 0.324829 -0.987106
vt 0.092074 -0.281549
vt 0.767973 -0.290059
vt 0.737331 -0.286653
vt 0.621805 -0.086693
vt 0.623736 -0.091999
vt 0.627448 -0.096072
vt 0.687293 -0.623345
vt 0.653831 -0.081046
vt 0.765810 -0.623346
vt 0.991977 -0.492549
vt 0.947570 -0.993935
vt 0.737330 -0.991492
vt 0.676454 -0.016910
vt 0.804647 -0.740789
vt 0.804647 -0.537451
vt 0.475194 -0.458424
vt 0.335012 -0.205067
vt 0.013717 -0.089539
vt 0.163982 -0.205067
vt 0.422221 -0.481939
vt 0.427311 -0.457211
vt 0.110384 -0.747123
vt 0.847033 -0.370160
vt 0.110375 -0.739657
vt 0.189595 -0.205106
vt 0.847034 -0.370994
vt 0.847097 -0.366613
vt 0.189595 -0.205067
vt 0.847034 -0.370994
vt 0.330164 -0.089539
vt 0.335012 -0.205106
vt 0.847033 -0.370160
vt 0.330164 -0.089578
vt 0.847097 -0.366613
vt 0.018565 -0.205067
vt 0.018565 -0.205106
vt 0.163982 -0.205106
vt 0.834570 -0.206244
vt 0.234639 -0.870024
vt 0.234639 -0.870024
vt 0.224795 -0.888176
vt 0.906401 -0.528303
vt 0.906401 -0.749938
vt 0.691751 -0.988932
vt 0.167157 -0.288612
vt 0.842819 -0.363362
vt 0.637057 -0.012706
vt 0.842819 -0.363362
vt 0.842231 -0.365761
vt 0.842230 -0.364476
vt 0.379290 -0.983172
vt 0.427128 -0.251654
vt 0.367284 -0.983159
vt 0.629419 -0.094934
vt 0.583977 -0.094508
vt 0.628267 -0.088401
vt 0.629419 -0.094934
vt 0.624848 -0.086156
vt 0.633314 -0.096245
vt 0.637818 -0.100129
vt 0.643379 -0.099149
vt 0.114731 -0.528065
vt 0.319870 -0.991921
vt 0.583977 -0.033217
vt 0.581887 -0.032188
vt 0.697417 -0.053219
vt 0.687436 -0.054979
vt 0.592754 -0.038284
vt 0.649224 -0.090454
vt 0.626413 -0.077284
vt 0.633314 -0.071494
vt 0.629419 -0.085236
vt 0.842756 -0.368438
vt 0.842756 -0.367743
vt 0.842819 -0.363362
vt 0.842756 -0.368438
vt 0.842756 -0.367743
vt 0.842819 -0.363362
vt 0.536481 -0.335833
vt 0.669939 -0.103050
vt 0.676454 -0.110814
vt 0.512887 -0.349406
vt 0.619560 -0.111933
vt 0.616094 -0.121457
vt 0.691752 -0.289211
vt 0.842819 -0.363362
vt 0.748332 -0.982136
vt 0.698600 -0.983556
vt 0.842819 -0.363362
vt 0.842756 -0.367743
vt 0.842819 -0.363362
vt 0.842819 -0.363362
vt 0.842753 -0.363575
vt 0.842756 -0.367743
vt 0.842754 -0.365659
vt 0.842231 -0.365761
vt 0.422321 -0.246342
vt 0.748333 -0.296009
vt 0.306356 -0.991286
vt 0.770739 -0.762789
vt 0.475335 -0.249916
vt 0.451791 -0.348627
vt 0.949865 -0.543660
vt 0.413444 -0.377067
vt 0.970177 -0.511283
vt 0.768076 -0.513691
vt 0.125405 -0.531311
vt 0.781735 -0.293876
vt 0.788787 -0.294781
vt 0.834570 -0.206244
vt 0.761612 -0.288613
vt 0.110384 -0.747123
vt 0.224808 -0.873597
vt 0.224808 -0.873597
vt 0.224795 -0.888176
vt 0.224808 -0.873597
vt 0.224808 -0.873597
vt 0.234639 -0.870024
vt 0.234626 -0.884603
vt 0.234626 -0.884603
vt 0.234639 -0.870024
vt 0.857891 -0.361132
vt 0.859684 -0.361352
vt 0.859668 -0.367031
vt 0.859684 -0.361352
vt 0.451710 -0.239610
vt 0.637818 -0.097039
vt 0.629353 -0.093958
vt 0.634501 -0.099198
vt 0.626413 -0.090454
vt 0.989682 -0.942825
vt 0.594213 -0.135116
vt 0.335012 -0.141197
vt 0.013717 -0.025669
vt 0.013717 -0.047002
vt 0.163982 -0.141197
vt 0.841437 -0.364899
vt 0.811184 -0.402049
vt 0.828474 -0.513692
vt 0.811184 -0.876097
vt 0.558037 -0.258005
vt 0.828473 -0.764454
vt 0.558037 -0.258005
vt 0.556581 -0.258257
vt 0.557231 -0.268240
vt 0.947571 -0.770940
vt 0.879335 -0.528303
vt 0.325655 -0.977313
vt 0.100373 -0.286584
vt 0.961335 -0.767734
vt 0.530750 -0.983199
vt 0.920988 -0.317703
vt 0.904929 -0.767734
vt 0.918693 -0.770940
vt 0.949866 -0.317703
vt 0.544675 -0.265658
vt 0.272108 -0.520026
vt 0.272108 -0.739659
vt 0.553419 -0.348796
vt 0.832432 -0.540609
vt 0.832432 -0.515996
vt 0.832432 -0.737631
vt 0.562169 -0.278038
vt 0.546357 -0.482230
vt 0.557231 -0.268240
vt 0.551380 -0.266982
vt 0.879334 -0.749938
vt 0.821463 -0.206290
vt 0.822930 -0.235696
vt 0.810213 -0.235758
vt 0.879316 -0.757502
vt 0.821463 -0.206290
vt 0.808107 -0.206361
vt 0.898121 -0.235833
vt 0.808107 -0.206361
vt 0.453967 -0.721144
vt 0.937366 -0.033907
vt 0.576382 -0.279608
vt 0.388396 -0.110210
vt 0.780184 -0.206540
vt 0.514350 -0.121614
vt 0.437488 -0.715118
vt 0.757740 -0.033907
vt 0.879385 -0.033571
vt 0.780184 -0.206540
vt 0.937366 -0.033907
vt 0.513933 -0.227788
vt 0.524832 -0.124578
vt 0.337133 -0.252177
vt 0.323158 -0.280501
vt 0.377488 -0.009643
vt 0.926884 -0.235989
vt 0.387976 -0.006754
vt 0.963829 -0.034024
vt 0.976812 -0.034040
vt 0.963829 -0.034024
vt 0.731277 -0.034024
vt 0.879385 -0.033571
vt 0.976812 -0.034040
vt 0.731277 -0.034024
vt 0.794384 -0.206447
vt 0.929672 -0.206626
vt 0.914922 -0.206540
vt 0.923643 -0.033821
vt 0.929672 -0.206626
vt 0.900722 -0.206447
vt 0.552894 -0.316975
vt 0.912056 -0.235913
vt 0.884893 -0.235758
vt 0.783050 -0.235913
vt 0.783050 -0.235913
vt 0.900722 -0.206447
vt 0.914922 -0.206540
vt 0.750126 -0.206697
vt 0.744384 -0.033978
vt 0.744384 -0.033978
vt 0.923643 -0.033821
vt 0.750126 -0.206697
vt 0.794384 -0.206447
vt 0.976812 -0.206759
vt 0.718294 -0.034040
vt 0.718294 -0.206759
vt 0.734346 -0.206743
vt 0.976812 -0.206759
vt 0.734346 -0.206743
vt 0.718294 -0.206759
vt 0.950722 -0.033978
vt 0.960760 -0.206743
vt 0.960760 -0.206743
vt 0.944980 -0.206697
vt 0.944980 -0.206697
vt 0.950722 -0.033978
vt 0.942715 -0.236051
vt 0.718294 -0.034040
vt 0.959474 -0.236091
vt 0.765434 -0.206626
vt 0.886999 -0.206361
vt 0.765434 -0.206626
vt 0.872176 -0.235696
vt 0.752391 -0.236051
vt 0.886999 -0.206361
vt 0.718294 -0.236105
vt 0.994150 -0.236091
vt 0.992865 -0.206743
vt 0.718294 -0.236105
vt 0.735632 -0.236091
vt 0.976812 -0.236105
vt 0.994150 -0.236091
vt 0.718294 -0.260630
vt 0.992865 -0.206743
vt 0.630121 -0.080912
vt 0.626026 -0.088006
vt 0.628267 -0.091769
vt 0.859785 -0.235656
vt 0.873643 -0.206290
vt 0.566023 -0.983185
vt 0.873643 -0.206290
vt 0.545348 -0.957348
vt 0.552112 -0.977403
vt 0.694580 -0.525224
vt 0.561434 -0.969452
vt 0.835321 -0.235656
vt 0.847553 -0.235642
vt 0.860536 -0.206244
vt 0.314842 -0.969383
vt 0.860536 -0.206244
vt 0.847553 -0.206228
vt 0.302872 -0.977331
vt 0.574683 -0.977367
vt 0.835321 -0.235656
vt 0.757740 -0.033907
vt 0.771463 -0.033821
vt 0.847553 -0.206228
vt 0.577915 -0.987122
vt 0.589674 -0.989621
vt 0.587040 -0.983161
vt 0.614557 -0.433437
vt 0.417595 -0.361742
vt 0.496535 -0.508668
vt 0.370709 -0.938995
vt 0.419163 -0.352196
vt 0.521759 -0.482446
vt 0.500766 -0.458119
vt 0.014943 -0.614208
vt 0.014943 -0.645377
vt 0.237628 -0.748126
vt 0.237629 -0.528493
vt 0.045103 -0.645378
vt 0.237629 -0.511558
vt 0.237628 -0.731191
vt 0.683479 -0.287368
vt 0.103268 -0.296140
vt 0.841222 -0.364975
vt 0.723539 -0.288933
vt 0.103268 -0.963447
vt 0.841221 -0.365404
vt 0.841437 -0.364899
vt 0.383516 -0.957366
vt 0.909443 -0.033728
vt 0.894693 -0.033642
vt 0.318508 -0.331437
vt 0.894693 -0.033642
vt 0.541935 -0.257365
vt 0.409480 -0.939037
vt 0.335472 -0.299513
vt 0.909443 -0.033728
vt 0.237689 -0.531315
vt 0.549290 -0.257850
vt 0.237689 -0.508735
vt 0.384490 -0.352152
vt 0.876580 -0.942825
vt 0.879599 -0.937464
vt 0.876580 -0.942825
vt 0.947571 -0.794270
vt 0.918693 -0.794270
vt 0.979751 -0.782629
vt 0.962539 -0.792103
vt 0.903725 -0.792103
vt 0.886513 -0.782629
vt 0.237689 -0.750948
vt 0.904473 -0.775387
vt 0.237689 -0.728369
vt 0.961791 -0.775387
vt 0.588878 -0.056242
vt 0.785663 -0.033728
vt 0.599449 -0.433401
vt 0.771463 -0.033821
vt 0.691843 -0.093717
vt 0.692227 -0.112376
vt 0.692227 -0.112376
vt 0.699794 -0.091586
vt 0.699794 -0.052978
vt 0.581887 -0.032188
vt 0.678006 -0.031723
vt 0.658845 -0.004178
vt 0.658845 -0.004178
vt 0.678006 -0.015240
vt 0.678006 -0.015240
vt 0.618030 -0.031781
vt 0.615268 -0.004178
vt 0.691843 -0.074397
vt 0.692227 -0.032188
vt 0.699794 -0.069461
vt 0.678006 -0.031723
vt 0.582270 -0.093717
vt 0.589905 -0.991902
vt 0.588878 -0.111873
vt 0.699794 -0.069461
vt 0.574320 -0.091586
vt 0.615268 -0.004178
vt 0.699794 -0.091586
vt 0.574320 -0.091586
vt 0.589674 -0.989621
vt 0.572366 -0.989611
vt 0.842819 -0.364057
vt 0.842819 -0.363362
vt 0.582270 -0.074397
vt 0.581887 -0.048671
vt 0.842819 -0.364057
vt 0.842819 -0.364057
vt 0.574320 -0.069461
vt 0.842819 -0.363362
vt 0.842819 -0.363362
vt 0.842756 -0.367743
vt 0.692227 -0.048671
vt 0.842819 -0.364057
vt 0.581887 -0.048671
vt 0.842756 -0.367743
vt 0.574320 -0.069461
vt 0.685235 -0.056242
vt 0.842819 -0.363362
vt 0.637057 -0.016819
vt 0.596108 -0.031723
vt 0.646217 -0.085236
vt 0.615268 -0.020661
vt 0.637057 -0.000336
vt 0.637057 -0.016819
vt 0.637057 -0.000336
vt 0.601297 -0.041441
vt 0.596108 -0.015240
vt 0.596108 -0.015240
vt 0.615268 -0.020661
vt 0.596108 -0.031723
vt 0.692227 -0.048671
vt 0.649610 -0.088006
vt 0.649610 -0.092164
vt 0.658845 -0.020661
vt 0.637057 -0.028426
vt 0.656084 -0.031781
vt 0.658845 -0.020661
vt 0.581887 -0.112376
vt 0.574320 -0.052978
vt 0.574320 -0.075102
vt 0.678006 -0.129324
vt 0.148259 -0.287092
vt 0.574320 -0.052978
vt 0.574320 -0.075102
vt 0.581887 -0.112376
vt 0.678006 -0.129324
vt 0.685235 -0.111873
vt 0.601297 -0.126673
vt 0.950992 -0.013566
vt 0.976812 -0.013622
vt 0.909948 -0.013338
vt 0.744114 -0.013566
vt 0.718294 -0.013622
vt 0.976812 -0.013622
vt 0.836550 -0.260285
vt 0.847553 -0.260274
vt 0.847553 -0.235642
vt 0.335093 -0.983134
vt 0.344259 -0.350506
vt 0.692227 -0.032188
vt 0.343436 -0.324155
vt 0.332277 -0.335028
vt 0.986664 -0.937465
vt 0.699794 -0.052978
vt 0.989682 -0.942825
vt 0.718294 -0.013622
vt 0.878875 -0.492549
vt 0.985965 -0.927410
vt 0.882593 -0.477134
vt 0.619520 -0.136290
vt 0.604098 -0.127386
vt 0.658845 -0.140386
vt 0.368691 -0.261990
vt 0.361627 -0.259449
vt 0.658845 -0.140386
vt 0.614260 -0.146690
vt 0.637057 -0.144228
vt 0.352613 -0.957313
vt 0.398071 -0.969477
vt 0.441109 -0.957395
vt 0.810213 -0.235758
vt 0.637057 -0.144228
vt 0.656084 -0.136333
vt 0.615268 -0.140386
vt 0.337819 -0.969393
vt 0.637057 -0.139688
vt 0.596108 -0.129324
vt 0.618030 -0.136333
vt 0.596108 -0.129324
vt 0.615268 -0.140386
vt 0.813829 -0.260363
vt 0.047892 -0.281528
vt 0.785663 -0.033728
vt 0.363380 -0.969433
vt 0.356012 -0.983148
vt 0.347429 -0.977328
vt 0.290039 -0.969409
vt 0.585046 -0.969409
vt 0.576788 -0.316548
vt 0.768222 -0.235989
vt 0.773976 -0.260541
vt 0.571375 -0.957296
vt 0.583083 -0.938890
vt 0.125324 -0.978130
vt 0.882738 -0.906424
vt 0.563621 -0.304017
vt 0.451943 -0.489931
vt 0.148194 -0.976335
vt 0.523936 -0.030283
vt 0.523855 -0.089872
vt 0.519716 -0.025146
vt 0.351192 -0.285278
vt 0.440154 -0.490315
vt 0.383523 -0.140497
vt 0.379325 -0.145770
vt 0.363139 -0.298957
vt 0.422172 -0.482031
vt 0.432481 -0.469358
vt 0.438476 -0.476529
vt 0.379406 -0.206925
vt 0.455551 -0.698541
vt 0.548257 -0.696091
vt 0.436648 -0.698541
vt 0.454605 -0.704095
vt 0.440890 -0.721144
vt 0.854576 -0.684220
vt 0.431761 -0.624346
vt 0.454711 -0.715118
vt 0.854576 -0.684220
vt 0.440253 -0.704095
vt 0.553334 -0.989479
vt 0.543872 -0.983199
vt 0.586015 -0.991886
vt 0.534835 -0.300941
vt 0.800412 -0.033642
vt 0.815721 -0.033571
vt 0.800412 -0.033642
vt 0.545170 -0.291033
vt 0.464189 -0.477162
vt 0.470290 -0.470424
vt 0.047634 -0.288681
vt 0.841277 -0.365062
vt 0.841997 -0.364675
vt 0.479542 -0.482804
vt 0.863605 -0.033525
vt 0.753984 -0.975767
vt 0.841437 -0.365449
vt 0.753985 -0.302378
vt 0.617190 -0.009342
vt 0.863605 -0.033525
vt 0.193711 -0.614210
vt 0.203646 -0.614210
vt 0.193711 -0.645379
vt 0.203646 -0.645379
vt 0.656923 -0.009342
vt 0.674393 -0.019428
vt 0.694260 -0.053837
vt 0.114730 -0.731616
vt 0.831287 -0.013153
vt 0.656084 -0.136333
vt 0.512423 -0.349541
vt 0.715713 -0.989347
vt 0.740266 -0.989337
vt 0.651694 -0.128322
vt 0.502138 -0.380198
vt 0.856007 -0.363058
vt 0.733542 -0.987739
vt 0.481152 -0.363829
vt 0.815721 -0.033571
vt 0.268958 -0.520026
vt 0.855992 -0.368737
vt 0.685235 -0.056242
vt 0.847553 -0.033509
vt 0.854167 -0.362857
vt 0.857891 -0.361132
vt 0.674119 -0.066710
vt 0.854167 -0.362857
vt 0.856007 -0.363058
vt 0.363742 -0.987181
vt 0.672816 -0.126673
vt 0.664566 -0.120891
vt 0.831501 -0.033525
vt 0.847553 -0.033509
vt 0.831501 -0.033525
vt 0.430837 -0.977400
vt 0.512519 -0.983194
vt 0.922633 -0.568261
vt 0.518116 -0.875229
vt 0.872084 -0.568197
vt 0.581887 -0.095892
vt 0.047633 -0.970905
vt 0.867726 -0.571540
vt 0.581887 -0.095892
vt 0.046837 -0.963447
vt 0.525360 -0.938996
vt 0.467528 -0.624641
vt 0.442915 -0.489931
vt 0.442915 -0.483071
vt 0.451943 -0.483071
vt 0.440154 -0.483645
vt 0.452045 -0.490315
vt 0.872084 -0.568197
vt 0.452045 -0.483645
vt 0.922633 -0.568261
vt 0.867726 -0.571540
vt 0.725224 -0.757470
vt 0.725224 -0.535835
vt 0.725224 -0.742403
vt 0.730073 -0.760756
vt 0.114731 -0.511983
vt 0.672816 -0.041441
vt 0.830495 -0.623346
vt 0.664566 -0.055325
vt 0.829679 -0.623346
vt 0.827711 -0.513692
vt 0.655134 -0.990510
vt 0.827711 -0.764454
vt 0.829679 -0.654799
vt 0.830495 -0.654799
vt 0.937750 -0.013501
vt 0.192613 -0.754043
vt 0.950992 -0.013566
vt 0.799239 -0.002477
vt 0.201890 -0.505546
vt 0.315227 -0.989622
vt 0.785158 -0.013338
vt 0.879767 -0.013195
vt 0.880325 -0.002420
vt 0.831287 -0.013153
vt 0.757356 -0.013501
vt 0.770997 -0.013422
vt 0.799932 -0.013260
vt 0.784438 -0.002547
vt 0.785158 -0.013338
vt 0.951368 -0.002747
vt 0.863819 -0.013153
vt 0.879767 -0.013195
vt 0.924769 -0.002620
vt 0.909948 -0.013338
vt 0.756819 -0.002690
vt 0.687360 -0.092966
vt 0.192614 -0.505546
vt 0.178664 -0.864678
vt 0.178664 -0.394911
vt 0.744114 -0.013566
vt 0.863819 -0.013153
vt 0.924109 -0.013422
vt 0.692227 -0.095892
vt 0.830973 -0.002383
vt 0.201890 -0.754044
vt 0.880325 -0.002420
vt 0.699794 -0.075102
vt 0.699794 -0.075102
vt 0.882812 -0.773480
vt 0.815339 -0.013195
vt 0.294666 -0.989621
vt 0.882031 -0.780089
vt 0.885383 -0.777897
vt 0.983452 -0.773480
vt 0.985747 -0.323205
vt 0.980881 -0.777897
vt 0.984234 -0.780089
vt 0.163982 -0.162479
vt 0.885107 -0.323204
vt 0.018565 -0.162479
vt 0.018565 -0.141197
vt 0.330164 -0.025669
vt 0.759760 -0.876096
vt 0.759761 -0.402048
vt 0.794535 -0.975767
vt 0.103704 -0.739657
vt 0.103711 -0.733003
vt 0.794536 -0.302378
vt 0.907178 -0.319248
vt 0.920988 -0.328595
vt 0.652303 -0.764452
vt 0.630262 -0.764452
vt 0.949866 -0.328595
vt 0.630262 -0.513690
vt 0.963676 -0.319248
vt 0.920987 -0.483709
vt 0.906815 -0.326805
vt 0.964038 -0.326805
vt 0.114730 -0.731616
vt 0.622486 -0.652126
vt 0.692795 -0.532148
vt 0.586753 -0.092966
vt 0.580444 -0.295103
vt 0.573104 -0.287400
vt 0.596108 -0.112841
vt 0.570009 -0.295147
vt 0.578500 -0.305289
vt 0.692795 -0.746090
vt 0.586753 -0.092966
vt 0.615268 -0.123903
vt 0.596108 -0.112841
vt 0.898536 -0.950763
vt 0.020387 -0.205069
vt 0.335624 -0.533686
vt 0.898380 -0.961559
vt 0.967727 -0.950763
vt 0.918692 -0.993935
vt 0.879599 -0.937464
vt 0.986664 -0.937465
vt 0.303776 -0.623384
vt 0.967882 -0.961559
vt 0.020387 -0.205087
vt 0.029498 -0.241795
vt 0.328342 -0.089559
vt 0.328342 -0.089541
vt 0.200293 -0.089541
vt 0.324419 -0.241795
vt 0.333530 -0.205087
vt 0.333530 -0.205069
vt 0.143248 -0.089541
vt 0.015199 -0.089541
vt 0.015199 -0.089559
vt 0.648188 -0.096072
vt 0.841997 -0.364675
vt 0.841997 -0.364342
vt 0.841222 -0.364975
vt 0.692227 -0.095892
vt 0.651900 -0.091999
vt 0.648270 -0.096325
vt 0.651900 -0.075739
vt 0.637818 -0.102059
vt 0.637818 -0.100129
vt 0.623736 -0.075739
vt 0.627366 -0.071413
vt 0.633314 -0.071494
vt 0.621805 -0.081046
vt 0.626026 -0.088006
vt 0.623736 -0.075739
vt 0.556524 -0.938933
vt 0.535994 -0.875185
vt 0.637818 -0.100129
vt 0.643379 -0.099149
vt 0.661189 -0.876096
vt 0.641913 -0.101337
vt 0.661189 -0.402047
vt 0.341693 -0.938932
vt 0.113066 -0.979657
vt 0.902932 -0.749938
vt 0.902932 -0.528303
vt 0.841277 -0.365062
vt 0.327670 -0.957271
vt 0.841437 -0.365449
vt 0.770628 -0.761808
vt 0.615268 -0.123903
vt 0.658845 -0.123903
vt 0.637057 -0.127745
vt 0.586753 -0.034881
vt 0.678006 -0.112841
vt 0.687436 -0.054979
vt 0.579854 -0.053837
vt 0.579854 -0.053837
vt 0.658845 -0.123903
vt 0.617190 -0.009342
vt 0.637057 -0.012706
vt 0.637057 -0.005839
vt 0.637057 -0.122008
vt 0.656923 -0.118506
vt 0.669939 -0.103050
vt 0.694260 -0.053837
vt 0.687360 -0.034881
vt 0.674393 -0.108419
vt 0.619560 -0.111933
vt 0.592754 -0.038284
vt 0.678006 -0.112841
vt 0.687360 -0.092966
vt 0.637057 -0.127745
vt 0.617190 -0.118506
vt 0.592754 -0.038284
vt 0.586753 -0.034881
vt 0.617190 -0.118506
vt 0.841997 -0.364675
vt 0.160864 -0.287715
vt 0.142906 -0.977089
vt 0.132315 -0.281976
vt 0.167156 -0.970977
vt 0.047756 -0.283312
vt 0.066737 -0.287587
vt 0.160863 -0.971874
vt 0.072433 -0.282009
vt 0.066902 -0.279970
vt 0.846740 -0.365822
vt 0.846740 -0.365822
vt 0.846740 -0.365822
vt 0.846740 -0.365822
vt 0.366972 -0.017816
vt 0.367702 -0.056204
vt 0.378053 -0.082707
vt 0.449398 -0.737052
vt 0.924769 -0.002620
vt 0.964161 -0.002784
vt 0.938287 -0.002690
vt 0.963968 -0.013608
vt 0.658020 -0.006267
vt 0.976812 -0.002796
vt 0.924109 -0.013422
vt 0.697417 -0.053219
vt 0.524361 -0.260112
vt 0.532999 -0.254666
vt 0.507775 -0.250028
vt 0.534923 -0.172364
vt 0.524270 -0.199562
vt 0.535649 -0.132967
vt 0.443506 -0.730585
vt 0.743738 -0.002747
vt 0.757356 -0.013501
vt 0.864133 -0.002383
vt 0.731138 -0.013608
vt 0.937750 -0.013501
vt 0.951368 -0.002747
vt 0.731138 -0.013608
vt 0.756819 -0.002690
vt 0.910668 -0.002547
vt 0.690137 -0.094508
vt 0.847553 -0.013139
vt 0.814781 -0.002420
vt 0.864133 -0.002383
vt 0.770337 -0.002620
vt 0.784438 -0.002547
vt 0.743738 -0.002747
vt 0.879316 -0.520739
vt 0.730945 -0.002784
vt 0.895174 -0.013260
vt 0.963968 -0.013608
vt 0.063808 -0.977195
vt 0.799583 -0.876097
vt 0.895174 -0.013260
vt 0.382269 -0.244619
vt 0.365288 -0.238214
vt 0.730945 -0.002784
vt 0.964161 -0.002784
vt 0.592754 -0.038284
vt 0.576696 -0.053219
vt 0.066736 -0.972000
vt 0.658020 -0.121457
vt 0.690137 -0.033217
vt 0.799932 -0.013260
vt 0.494503 -0.301114
vt 0.616094 -0.006267
vt 0.770997 -0.013422
vt 0.451512 -0.232800
vt 0.814781 -0.002420
vt 0.815339 -0.013195
vt 0.938287 -0.002690
vt 0.378309 -0.256712
vt 0.616094 -0.121457
vt 0.895867 -0.002477
vt 0.976812 -0.002796
vt 0.583977 -0.094508
vt 0.047891 -0.978058
vt 0.799584 -0.402049
vt 0.847553 -0.002371
vt 0.655058 -0.623345
vt 0.847553 -0.013139
vt 0.047755 -0.976275
vt 0.451512 -0.232800
vt 0.448268 -0.232503
vt 0.637057 -0.125153
vt 0.368679 -0.252481
vt 0.847553 -0.002371
vt 0.418311 -0.241164
vt 0.879316 -0.742374
vt 0.799239 -0.002477
vt 0.618211 -0.623344
vt 0.616094 -0.006267
vt 0.879316 -0.535867
vt 0.576696 -0.053219
vt 0.448268 -0.232503
vt 0.830973 -0.002383
vt 0.895867 -0.002477
vt 0.583977 -0.033217
vt 0.770337 -0.002620
vt 0.690137 -0.094508
vt 0.910668 -0.002547
vt 0.652303 -0.513690
vt 0.474520 -0.295273
vt 0.637057 -0.002571
vt 0.846677 -0.370203
vt 0.484785 -0.353499
vt 0.684504 -0.992434
vt 0.846677 -0.370203
vt 0.473161 -0.351776
vt 0.715713 -0.989347
vt 0.704189 -0.992669
vt 0.487595 -0.658891
vt 0.509292 -0.696385
vt 0.530935 -0.737745
vt 0.334655 -0.991289
vt 0.342959 -0.987170
vt 0.872176 -0.235696
vt 0.869731 -0.260316
vt 0.906577 -0.260483
vt 0.347330 -0.989616
vt 0.884893 -0.235758
vt 0.912056 -0.235913
vt 0.881277 -0.260363
vt 0.869731 -0.260316
vt 0.893445 -0.260421
vt 0.858556 -0.260285
vt 0.845638 -0.366767
vt 0.674300 -0.652126
vt 0.060525 -0.394910
vt 0.845638 -0.366766
vt 0.268958 -0.739659
vt 0.046838 -0.296140
vt 0.893445 -0.260421
vt 0.614260 -0.146690
vt 0.498078 -0.249675
vt 0.515450 -0.287867
vt 0.898121 -0.235833
vt 0.509364 -0.260114
vt 0.881277 -0.260363
vt 0.646284 -0.073780
vt 0.619520 -0.136290
vt 0.649224 -0.090454
vt 0.604098 -0.127386
vt 0.947570 -0.966161
vt 0.947571 -0.941344
vt 0.813829 -0.260363
vt 0.825375 -0.260316
vt 0.859785 -0.235656
vt 0.399343 -0.252107
vt 0.379076 -0.284948
vt 0.858556 -0.260285
vt 0.966097 -0.926172
vt 0.847553 -0.260274
vt 0.378985 -0.266183
vt 0.557636 -0.989606
vt 0.573554 -0.991255
vt 0.900166 -0.926172
vt 0.586678 -0.072745
vt 0.579854 -0.074010
vt 0.586678 -0.072745
vt 0.268985 -0.524730
vt 0.268985 -0.515321
vt 0.576696 -0.074505
vt 0.268985 -0.744363
vt 0.268985 -0.734954
vt 0.586678 -0.054979
vt 0.918692 -0.941344
vt 0.937628 -0.260589
vt 0.921130 -0.260541
vt 0.654553 -0.015791
vt 0.637057 -0.012706
vt 0.586678 -0.054979
vt 0.918692 -0.966161
vt 0.822930 -0.235696
vt 0.942715 -0.236051
vt 0.637057 -0.005839
vt 0.637057 -0.002571
vt 0.637057 -0.012706
vt 0.654553 -0.015791
vt 0.597659 -0.110814
vt 0.604174 -0.024675
vt 0.676454 -0.016910
vt 0.314379 -0.353478
vt 0.326930 -0.364155
vt 0.921130 -0.260541
vt 0.788529 -0.260483
vt 0.619560 -0.015791
vt 0.335012 -0.162479
vt 0.082038 -0.980167
vt 0.592754 -0.089440
vt 0.314820 -0.378893
vt 0.189595 -0.162479
vt 0.604174 -0.103050
vt 0.599720 -0.108419
vt 0.592754 -0.089440
vt 0.906577 -0.260483
vt 0.681360 -0.038284
vt 0.619560 -0.015791
vt 0.118753 -0.977929
vt 0.599720 -0.019428
vt 0.189595 -0.141197
vt 0.681360 -0.038284
vt 0.604174 -0.024675
vt 0.092073 -0.978038
vt 0.559383 -0.987189
vt 0.604174 -0.103050
vt 0.669939 -0.024675
vt 0.597659 -0.016910
vt 0.796985 -0.235833
vt 0.926884 -0.235989
vt 0.100372 -0.973004
vt 0.669939 -0.024675
vt 0.976812 -0.260630
vt 0.801661 -0.260421
vt 0.956376 -0.260620
vt 0.674393 -0.019428
vt 0.738730 -0.260620
vt 0.846740 -0.365822
vt 0.976812 -0.236105
vt 0.735632 -0.236091
vt 0.718294 -0.260630
vt 0.847096 -0.365779
vt 0.847033 -0.370160
vt 0.956376 -0.260620
vt 0.687436 -0.072745
vt 0.694260 -0.074010
vt 0.302247 -0.957266
vt 0.658020 -0.006267
vt 0.959474 -0.236091
vt 0.669939 -0.024675
vt 0.697417 -0.074505
vt 0.669939 -0.024675
vt 0.687436 -0.072745
vt 0.654553 -0.015791
vt 0.681360 -0.089440
vt 0.937628 -0.260589
vt 0.681360 -0.089440
vt 0.288075 -0.938890
vt 0.846740 -0.365822
vt 0.656923 -0.009342
vt 0.654553 -0.015791
vt 0.699704 -0.532920
vt 0.699704 -0.754555
vt 0.699704 -0.745318
vt 0.846740 -0.365822
vt 0.692780 -0.528301
vt 0.692780 -0.749936
vt 0.708832 -0.749936
vt 0.847096 -0.365779
vt 0.847033 -0.370160
vt 0.687436 -0.072745
vt 0.599720 -0.019428
vt 0.637057 -0.115018
vt 0.687360 -0.034881
vt 0.801661 -0.260421
vt 0.597659 -0.016910
vt 0.669939 -0.103050
vt 0.604174 -0.024675
vt 0.687436 -0.072745
vt 0.674393 -0.108419
vt 0.592754 -0.089440
vt 0.597659 -0.110814
vt 0.592754 -0.089440
vt 0.788529 -0.260483
vt 0.687436 -0.054979
vt 0.604174 -0.024675
vt 0.654553 -0.111933
vt 0.681360 -0.038284
vt 0.681360 -0.089440
vt 0.690137 -0.033217
vt 0.694260 -0.074010
vt 0.658020 -0.121457
vt 0.604174 -0.103050
vt 0.604174 -0.103050
vt 0.637057 -0.115018
vt 0.846740 -0.365822
vt 0.637057 -0.115018
vt 0.654553 -0.111933
vt 0.796985 -0.235833
vt 0.681360 -0.089440
vt 0.654553 -0.111933
vt 0.697417 -0.074505
vt 0.676454 -0.110814
vt 0.411781 -0.658275
vt 0.637057 -0.115018
vt 0.654553 -0.111933
vt 0.637057 -0.125153
vt 0.681360 -0.038284
vt 0.656923 -0.118506
vt 0.619560 -0.111933
vt 0.619560 -0.111933
vt 0.619560 -0.015791
vt 0.637057 -0.122008
vt 0.687436 -0.054979
vt 0.599720 -0.108419
vt 0.619560 -0.015791
vt 0.669939 -0.103050
vt 0.730073 -0.739117
vt 0.586678 -0.054979
vt 0.768222 -0.235989
vt 0.741999 -0.738547
vt 0.738730 -0.260620
vt 0.741999 -0.516912
vt 0.741999 -0.539692
vt 0.730073 -0.517482
vt 0.579854 -0.074010
vt 0.773976 -0.260541
vt 0.654845 -0.983292
vt 0.730073 -0.539121
vt 0.586678 -0.072745
vt 0.752391 -0.236051
vt 0.586678 -0.054979
vt 0.757478 -0.260589
vt 0.576696 -0.074505
vt 0.586678 -0.072745
vt 0.757478 -0.260589
vt 0.572129 -0.349294
vt 0.569373 -0.362394
vt 0.150877 -0.520024
vt 0.669798 -0.294553
vt 0.181171 -0.510959
vt 0.569663 -0.336013
vt 0.181171 -0.748723
vt 0.181171 -0.529090
vt 0.181148 -0.520025
vt 0.583262 -0.351455
vt 0.181148 -0.739658
vt 0.181171 -0.730592
vt 0.150877 -0.739658
vt 0.521657 -0.482166
vt 0.167992 -0.963448
vt 0.846677 -0.370203
vt 0.186563 -0.394911
vt 0.847033 -0.370160
vt 0.500658 -0.413404
vt 0.186562 -0.864678
vt 0.174726 -0.963448
vt 0.637057 -0.130903
vt 0.025697 -0.754042
vt 0.500570 -0.458349
vt 0.637057 -0.139688
vt 0.475152 -0.457780
vt 0.174727 -0.296141
vt 0.167993 -0.296141
vt 0.651694 -0.128322
vt 0.036549 -0.864677
vt 0.847096 -0.365779
vt 0.594911 -0.095539
vt 0.582270 -0.093717
vt 0.599994 -0.109506
vt 0.847097 -0.366613
vt 0.847096 -0.365779
vt 0.847096 -0.365779
vt 0.846741 -0.366818
vt 0.847097 -0.366613
vt 0.847096 -0.365779
vt 0.847096 -0.365779
vt 0.846741 -0.366817
vt 0.742046 -0.536845
vt 0.742062 -0.528302
vt 0.730122 -0.528302
vt 0.742046 -0.519759
vt 0.742046 -0.741394
vt 0.742062 -0.749937
vt 0.847033 -0.370160
vt 0.846677 -0.370203
vt 0.730121 -0.749937
vt 0.742046 -0.758479
vt 0.594911 -0.080676
vt 0.588878 -0.056242
vt 0.637057 -0.130903
vt 0.730110 -0.520187
vt 0.618030 -0.136333
vt 0.114719 -0.739657
vt 0.391794 -0.912353
vt 0.601297 -0.126673
vt 0.125349 -0.739657
vt 0.708828 -0.522580
vt 0.609548 -0.120891
vt 0.622420 -0.128322
vt 0.699706 -0.522144
vt 0.622420 -0.128322
vt 0.416342 -0.875307
vt 0.708833 -0.528302
vt 0.920987 -0.543659
vt 0.708828 -0.522580
vt 0.847096 -0.365779
vt 0.599994 -0.066710
vt 0.892444 -0.534295
vt 0.121239 -0.280557
vt 0.672816 -0.041441
vt 0.440253 -0.703412
vt 0.609548 -0.120891
vt 0.622420 -0.047893
vt 0.892458 -0.528303
vt 0.892402 -0.757928
vt 0.892402 -0.536293
vt 0.892402 -0.520314
vt 0.892402 -0.741949
vt 0.599994 -0.109506
vt 0.892444 -0.522311
vt 0.916555 -0.683773
vt 0.916555 -0.683773
vt 0.900205 -0.746053
vt 0.900205 -0.532189
vt 0.651694 -0.047893
vt 0.113067 -0.279931
vt 0.391876 -0.417263
vt 0.618030 -0.031781
vt 0.900675 -0.511283
vt 0.900205 -0.524418
vt 0.664566 -0.055325
vt 0.427782 -0.456365
vt 0.892444 -0.755930
vt 0.900205 -0.753823
vt 0.454711 -0.714225
vt 0.588878 -0.111873
vt 0.672816 -0.126673
vt 0.892444 -0.743946
vt 0.453967 -0.720226
vt 0.440891 -0.720226
vt 0.892458 -0.749938
vt 0.400414 -0.457620
vt 0.674119 -0.109506
vt 0.609548 -0.055325
vt 0.939885 -0.675579
vt 0.437488 -0.714225
vt 0.455551 -0.697877
vt 0.852125 -0.675911
vt 0.852125 -0.675911
vt 0.664566 -0.120891
vt 0.939885 -0.675579
vt 0.679203 -0.080676
vt 0.674119 -0.066710
vt 0.920987 -0.519830
vt 0.237608 -0.739659
vt 0.885033 -0.456148
vt 0.142907 -0.282500
vt 0.679203 -0.095539
vt 0.516306 -0.245411
vt 0.679203 -0.080676
vt 0.474182 -0.244706
vt 0.691843 -0.093717
vt 0.503203 -0.237382
vt 0.531800 -0.242130
vt 0.582270 -0.074397
vt 0.884325 -0.329813
vt 0.691843 -0.074397
vt 0.679203 -0.095539
vt 0.237608 -0.520025
vt 0.637057 -0.028426
vt 0.637057 -0.045312
vt 0.903410 -0.452806
vt 0.651694 -0.047893
vt 0.526131 -0.367794
vt 0.685235 -0.111873
vt 0.570084 -0.361734
vt 0.622420 -0.047893
vt 0.674119 -0.109506
vt 0.594911 -0.095539
vt 0.594911 -0.080676
vt 0.637057 -0.045312
vt 0.656084 -0.031781
vt 0.224985 -0.520025
vt 0.224985 -0.739658
vt 0.452713 -0.275771
vt 0.259617 -0.512108
vt 0.565089 -0.658327
vt 0.430654 -0.318591
vt 0.647369 -0.091769
vt 0.259617 -0.527943
vt 0.581843 -0.623698
vt 0.287274 -0.737113
vt 0.426530 -0.276953
vt 0.259579 -0.514087
vt 0.266533 -0.523876
vt 0.259579 -0.525963
vt 0.259567 -0.520025
vt 0.552996 -0.376444
vt 0.601297 -0.041441
vt 0.553738 -0.348315
vt 0.599994 -0.066710
vt 0.304663 -0.736863
vt 0.609548 -0.055325
vt 0.401825 -0.297108
vt 0.266533 -0.516175
vt 0.286835 -0.623698
vt 0.644052 -0.097514
vt 0.266533 -0.743509
vt 0.259579 -0.745597
vt 0.259579 -0.733721
vt 0.259616 -0.731741
vt 0.634501 -0.099198
vt 0.259616 -0.747576
vt 0.637818 -0.099783
vt 0.633314 -0.096245
vt 0.646284 -0.093958
vt 0.259567 -0.739659
vt 0.615691 -0.623100
vt 0.266533 -0.735809
vt 0.697341 -0.876096
vt 0.900940 -0.909579
vt 0.653952 -0.975766
vt 0.981007 -0.918551
vt 0.425331 -0.737666
vt 0.694764 -0.513691
vt 0.568332 -0.377215
vt 0.036549 -0.394910
vt 0.642423 -0.402047
vt 0.653953 -0.302377
vt 0.583220 -0.412807
vt 0.733543 -0.290406
vt 0.642423 -0.876095
vt 0.981007 -0.918551
vt 0.740267 -0.288807
vt 0.669951 -0.975766
vt 0.025697 -0.505544
vt 0.700771 -0.975766
vt 0.319607 -0.561589
vt 0.712514 -0.402048
vt 0.885256 -0.918551
vt 0.045103 -0.614209
vt 0.567787 -0.434132
vt 0.885256 -0.918551
vt 0.598783 -0.623384
vt 0.470993 -0.737927
vt 0.880298 -0.927410
vt 0.320683 -0.623100
vt 0.552822 -0.377347
vt 0.723539 -0.288933
vt 0.053858 -0.505544
vt 0.979526 -0.911824
vt 0.965323 -0.909580
vt 0.886737 -0.911823
vt 0.669952 -0.302377
vt 0.832432 -0.762244
vt 0.886737 -0.911823
vt 0.979526 -0.911824
vt 0.449312 -0.658708
vt 0.983525 -0.906424
vt 0.804647 -0.759085
vt 0.623736 -0.091999
vt 0.447843 -0.737821
vt 0.358182 -0.912288
vt 0.644052 -0.082656
vt 0.630121 -0.099257
vt 0.648270 -0.071413
vt 0.627366 -0.096325
vt 0.645515 -0.099257
vt 0.648188 -0.084098
vt 0.651900 -0.075739
vt 0.648270 -0.096325
vt 0.643379 -0.068590
vt 0.643379 -0.099149
vt 0.648270 -0.071413
vt 0.645515 -0.080912
vt 0.627448 -0.096072
vt 0.623736 -0.091999
vt 0.988259 -0.477135
vt 0.621805 -0.086693
vt 0.648270 -0.096325
vt 0.390657 -0.695561
vt 0.370130 -0.736914
vt 0.985820 -0.456149
vt 0.986528 -0.329814
vt 0.651900 -0.091999
vt 0.648188 -0.096072
vt 0.626413 -0.090454
vt 0.627366 -0.096325
vt 0.632257 -0.099149
vt 0.632257 -0.068590
vt 0.512575 -0.335098
vt 0.492800 -0.335457
vt 0.345777 -0.875169
vt 0.350178 -0.783965
vt 0.627366 -0.096325
vt 0.334812 -0.434576
vt 0.513452 -0.319165
vt 0.630121 -0.099257
vt 0.632257 -0.099149
vt 0.536407 -0.335494
vt 0.337757 -0.736593
vt 0.329519 -0.378972
vt 0.319550 -0.433437
vt 0.627366 -0.071413
vt 0.633723 -0.078833
vt 0.632257 -0.068590
vt 0.637818 -0.067609
vt 0.630121 -0.080912
vt 0.649224 -0.090454
vt 0.653831 -0.086693
vt 0.653831 -0.081046
vt 0.637818 -0.100129
vt 0.653831 -0.086693
vt 0.632257 -0.099149
vt 0.629353 -0.093958
vt 0.632257 -0.099149
vt 0.637818 -0.100129
vt 0.637818 -0.102059
vt 0.621805 -0.086693
vt 0.653831 -0.081046
vt 0.653831 -0.086693
vt 0.649224 -0.090454
vt 0.653831 -0.081046
vt 0.653831 -0.086693
vt 0.464039 -0.508426
vt 0.330164 -0.046951
vt 0.363171 -0.831467
vt 0.712513 -0.876096
vt 0.013717 -0.047002
vt 0.377259 -0.875257
vt 0.713323 -0.763991
vt 0.159134 -0.047002
vt 0.627366 -0.071413
vt 0.159134 -0.068295
vt 0.184746 -0.047002
vt 0.184746 -0.068295
vt 0.330164 -0.068295
vt 0.694886 -0.764377
vt 0.710653 -0.652126
vt 0.383650 -0.784210
vt 0.330164 -0.047002
vt 0.649610 -0.088006
vt 0.184746 -0.089578
vt 0.630121 -0.080912
vt 0.398103 -0.831557
vt 0.451383 -0.476823
vt 0.641913 -0.078833
vt 0.637818 -0.067609
vt 0.436400 -0.508147
vt 0.450292 -0.508264
vt 0.330164 -0.068295
vt 0.643379 -0.068590
vt 0.330164 -0.047002
vt 0.623736 -0.075739
vt 0.330164 -0.089578
vt 0.013717 -0.089578
vt 0.013717 -0.068295
vt 0.362681 -0.363869
vt 0.713706 -0.302378
vt 0.700772 -0.302377
vt 0.114720 -0.520024
vt 0.301995 -0.912182
vt 0.648188 -0.084098
vt 0.477096 -0.912358
vt 0.104274 -0.753523
vt 0.716453 -0.285637
vt 0.125363 -0.731192
vt 0.449072 -0.535631
vt 0.693401 -0.285505
vt 0.443987 -0.912369
vt 0.150952 -0.751421
vt 0.087359 -0.864677
vt 0.013717 -0.089578
vt 0.150953 -0.508261
vt 0.125363 -0.528490
vt 0.480228 -0.939038
vt 0.114763 -0.750379
vt 0.013717 -0.068295
vt 0.013717 -0.046951
vt 0.653831 -0.081046
vt 0.150952 -0.727894
vt 0.683479 -0.287368
vt 0.807327 -0.402049
vt 0.787934 -0.302378
vt 0.786231 -0.296020
vt 0.765390 -0.290415
vt 0.807327 -0.876097
vt 0.786230 -0.982125
vt 0.780061 -0.981974
vt 0.315939 -0.938890
vt 0.765389 -0.987730
vt 0.125363 -0.511559
vt 0.649610 -0.088006
vt 0.125349 -0.520024
vt 0.814849 -0.513692
vt 0.787933 -0.975767
vt 0.949865 -0.511622
vt 0.949865 -0.483709
vt 0.674593 -0.989028
vt 0.669797 -0.983590
vt 0.345631 -0.379459
vt 0.683478 -0.990775
vt 0.654981 -0.988711
vt 0.697341 -0.402048
vt 0.159134 -0.089578
vt 0.114763 -0.509302
vt 0.103442 -0.505545
vt 0.967442 -0.452806
vt 0.114763 -0.728936
vt 0.330404 -0.912216
vt 0.078259 -0.963447
vt 0.078260 -0.296140
vt 0.087359 -0.394910
vt 0.698601 -0.294588
vt 0.501792 -0.912335
vt 0.369566 -0.400413
vt 0.449724 -0.592932
vt 0.125363 -0.748123
vt 0.814848 -0.764454
vt 0.388472 -0.380131
vt 0.780062 -0.296171
vt 0.565072 -0.534491
vt 0.317406 -0.875103
vt 0.102741 -0.394910
vt 0.102741 -0.864677
vt 0.225007 -0.511049
vt 0.206031 -0.730512
vt 0.655135 -0.287633
vt 0.206103 -0.532220
vt 0.626026 -0.092164
vt 0.150245 -0.505545
vt 0.853692 -0.516225
vt 0.152868 -0.752403
vt 0.853692 -0.540381
vt 0.815903 -0.623346
vt 0.206102 -0.727463
vt 0.557120 -0.282771
vt 0.367744 -0.272665
vt 0.353891 -0.274046
vt 0.867896 -0.519758
vt 0.225007 -0.748635
vt 0.345539 -0.270699
vt 0.867896 -0.536848
vt 0.654982 -0.289432
vt 0.626026 -0.088006
vt 0.542425 -0.281975
vt 0.825643 -0.654799
vt 0.823943 -0.764454
vt 0.148334 -0.645379
vt 0.867829 -0.539696
vt 0.537982 -0.271142
vt 0.225007 -0.529002
vt 0.825643 -0.623346
vt 0.529532 -0.278061
vt 0.823943 -0.513692
vt 0.225007 -0.730682
vt 0.654846 -0.294851
vt 0.867829 -0.516910
vt 0.173810 -0.614210
vt 0.357297 -0.266428
vt 0.667547 -0.289182
vt 0.206031 -0.748805
vt 0.148334 -0.614210
vt 0.206008 -0.739658
vt 0.173810 -0.645379
vt 0.206103 -0.507830
vt 0.206032 -0.510879
vt 0.206102 -0.751853
vt 0.206032 -0.529171
vt 0.206008 -0.520025
vt 0.815903 -0.654799
vt 0.649224 -0.077284
vt 0.621805 -0.081046
vt 0.650788 -0.081582
vt 0.646217 -0.085236
vt 0.581926 -0.562182
vt 0.614614 -0.561588
vt 0.597989 -0.481855
vt 0.626413 -0.090454
vt 0.598321 -0.533696
vt 0.624848 -0.086156
vt 0.867401 -0.766291
vt 0.853264 -0.766976
vt 0.628267 -0.091769
vt 0.832511 -0.759167
vt 0.376266 -0.321171
vt 0.842230 -0.364476
vt 0.867829 -0.738545
vt 0.382846 -0.336823
vt 0.845575 -0.369975
vt 0.545656 -0.562750
vt 0.642322 -0.096245
vt 0.853692 -0.737860
vt 0.546824 -0.624268
vt 0.844769 -0.365163
vt 0.844706 -0.369544
vt 0.644052 -0.097514
vt 0.841997 -0.364342
vt 0.642322 -0.096245
vt 0.842230 -0.364476
vt 0.408998 -0.334314
vt 0.565049 -0.592244
vt 0.867896 -0.741393
vt 0.637818 -0.097039
vt 0.361371 -0.337005
vt 0.842230 -0.364047
vt 0.524406 -0.592695
vt 0.646284 -0.093958
vt 0.641135 -0.080972
vt 0.641135 -0.099198
vt 0.646284 -0.073780
vt 0.845575 -0.369975
vt 0.844706 -0.369544
vt 0.844769 -0.365163
vt 0.060525 -0.864677
vt 0.565244 -0.831357
vt 0.844769 -0.365163
vt 0.582282 -0.737113
vt 0.844769 -0.365163
vt 0.844770 -0.366297
vt 0.642322 -0.071494
vt 0.376608 -0.591672
vt 0.844770 -0.366297
vt 0.068987 -0.754042
vt 0.843712 -0.365198
vt 0.649224 -0.077284
vt 0.355659 -0.507256
vt 0.551958 -0.875142
vt 0.637818 -0.070699
vt 0.402784 -0.508206
vt 0.641135 -0.080972
vt 0.568024 -0.912197
vt 0.642322 -0.071494
vt 0.844769 -0.365163
vt 0.844769 -0.365163
vt 0.379239 -0.482009
vt 0.843712 -0.365197
vt 0.844769 -0.365163
vt 0.489847 -0.969502
vt 0.844769 -0.365163
vt 0.177576 -0.751828
vt 0.142590 -0.394911
vt 0.162843 -0.864678
vt 0.078859 -0.614209
vt 0.154506 -0.296141
vt 0.463381 -0.535728
vt 0.174032 -0.505546
vt 0.416675 -0.592485
vt 0.434650 -0.535559
vt 0.354726 -0.623233
vt 0.419455 -0.535415
vt 0.304138 -0.987178
vt 0.303407 -0.983149
vt 0.845575 -0.369975
vt 0.647369 -0.088401
vt 0.510568 -0.957391
vt 0.098208 -0.645378
vt 0.098208 -0.614209
vt 0.395649 -0.623748
vt 0.629353 -0.073780
vt 0.633314 -0.071494
vt 0.354444 -0.694963
vt 0.085375 -0.505545
vt 0.292032 -0.983161
vt 0.626413 -0.077284
vt 0.372130 -0.695218
vt 0.085531 -0.753945
vt 0.078859 -0.645378
vt 0.533990 -0.969493
vt 0.337815 -0.657305
vt 0.504641 -0.624569
vt 0.478534 -0.535760
vt 0.845575 -0.369975
vt 0.483137 -0.593016
vt 0.844706 -0.369544
vt 0.650788 -0.081582
vt 0.142590 -0.864678
vt 0.634501 -0.080972
vt 0.844706 -0.369544
vt 0.314645 -0.983139
vt 0.637818 -0.070699
vt 0.516121 -0.969503
vt 0.154505 -0.963448
vt 0.631584 -0.082656
vt 0.162844 -0.394911
vt 0.825215 -0.873999
vt 0.979716 -0.562032
vt 0.948678 -0.560734
vt 0.947161 -0.744151
vt 0.978226 -0.744013
vt 0.263707 -0.904173
vt 0.263707 -0.904173
vt 0.263707 -0.904173
vt 0.263707 -0.904173
vt 0.201520 -0.276717
vt 0.950755 -0.706714
vt 0.950871 -0.598279
vt 0.975317 -0.599302
vt 0.975222 -0.706605
vt 0.259327 -0.914743
vt 0.259327 -0.914743
vt 0.259327 -0.914743
vt 0.259327 -0.914743
vt 0.190238 -0.276390
vt 0.190203 -0.277589
vt 0.201485 -0.277917
vt 0.261855 -0.866129
vt 0.261855 -0.866129
vt 0.222717 -0.901768
vt 0.222717 -0.901768
vt 0.225965 -0.904161
vt 0.225965 -0.904161
vt 0.796577 -0.872256
vt 0.256753 -0.872745
vt 0.256753 -0.872745
vt 0.257811 -0.859617
vt 0.258092 -0.872716
vt 0.256723 -0.859640
vt 0.256723 -0.859640
vt 0.257811 -0.859617
vt 0.258092 -0.872716
vt 0.224461 -0.904193
vt 0.224595 -0.916499
vt 0.225642 -0.916476
vt 0.225642 -0.916476
vt 0.224595 -0.916499
vt 0.224461 -0.904193
vt 0.797288 -0.307302
vt 0.525148 -0.045870
vt 0.381406 -0.160311
vt 0.525148 -0.045870
vt 0.381406 -0.160311
vt 0.219563 -0.915391
vt 0.220642 -0.901813
vt 0.220610 -0.915368
vt 0.220610 -0.915368
vt 0.219563 -0.915391
vt 0.261795 -0.852680
vt 0.220642 -0.901813
vt 0.260708 -0.852703
vt 0.261795 -0.852680
vt 0.264012 -0.866082
vt 0.264012 -0.866082
vt 0.260708 -0.852703
vt 0.228022 -0.299890
vt 0.228013 -0.299459
vt 0.253701 -0.299890
vt 0.218225 -0.900933
vt 0.218225 -0.900933
vt 0.856991 -0.972156
vt 0.797301 -0.304888
vt 0.217330 -0.908628
vt 0.218002 -0.908613
vt 0.217413 -0.900951
vt 0.217413 -0.900951
vt 0.217330 -0.908628
vt 0.218002 -0.908613
vt 0.893854 -0.636145
vt 0.904389 -0.639442
vt 0.904872 -0.650721
vt 0.904389 -0.639442
vt 0.904389 -0.639442
vt 0.893854 -0.636145
vt 0.904872 -0.650721
vt 0.893854 -0.636145
vt 0.904872 -0.650721
vt 0.904389 -0.639442
vt 0.904389 -0.639442
vt 0.893854 -0.636145
vt 0.904872 -0.650721
vt 0.893854 -0.636145
vt 0.904872 -0.650721
vt 0.904389 -0.639442
vt 0.904872 -0.650721
vt 0.893854 -0.636145
vt 0.893854 -0.636145
vt 0.904389 -0.639442
vt 0.904389 -0.639442
vt 0.904872 -0.650721
vt 0.893854 -0.636145
vt 0.904872 -0.650721
vt 0.904389 -0.639442
vt 0.893854 -0.636145
vt 0.904389 -0.639442
vt 0.904872 -0.650721
vt 0.893854 -0.636145
vt 0.904389 -0.639442
vt 0.904872 -0.650721
vt 0.893854 -0.636145
vt 0.904389 -0.639442
vt 0.904872 -0.650721
vt 0.904872 -0.650721
vt 0.893854 -0.636145
vt 0.893854 -0.636145
vt 0.904389 -0.639442
vt 0.904389 -0.639442
vt 0.904872 -0.650721
vt 0.893854 -0.636145
vt 0.893854 -0.636145
vt 0.904872 -0.650721
vt 0.904389 -0.639442
vt 0.904389 -0.639442
vt 0.904872 -0.650721
vt 0.904872 -0.650721
vt 0.893854 -0.636145
vt 0.254391 -0.905761
vt 0.254391 -0.905761
vt 0.254391 -0.905761
vt 0.254391 -0.905761
vt 0.913378 -0.642127
vt 0.913444 -0.661725
vt 0.913444 -0.661725
vt 0.913378 -0.642127
vt 0.797287 -0.971180
vt 0.943998 -0.601244
vt 0.944016 -0.707541
vt 0.885782 -0.973294
vt 0.856997 -0.973294
vt 0.885776 -0.972156
vt 0.174730 -0.960166
vt 0.540271 -0.043481
vt 0.540294 -0.038256
vt 0.366259 -0.152697
vt 0.381363 -0.150866
vt 0.525190 -0.036425
vt 0.174731 -0.299758
vt 0.366282 -0.157921
vt 0.540294 -0.038256
vt 0.540271 -0.043481
vt 0.381363 -0.150866
vt 0.366259 -0.152697
vt 0.525190 -0.036425
vt 0.366282 -0.157921
vt 0.862968 -0.657063
vt 0.862474 -0.642425
vt 0.885777 -0.306328
vt 0.885773 -0.304756
vt 0.856988 -0.304755
vt 0.978269 -0.597198
vt 0.174735 -0.297714
vt 0.980714 -0.599670
vt 0.947872 -0.579991
vt 0.255106 -0.903996
vt 0.255106 -0.903996
vt 0.254978 -0.905820
vt 0.255351 -0.914659
vt 0.255351 -0.914659
vt 0.255351 -0.914659
vt 0.255351 -0.914659
vt 0.254978 -0.905820
vt 0.803627 -0.876670
vt 0.796551 -0.876704
vt 0.796587 -0.405701
vt 0.796587 -0.405701
vt 0.228012 -0.960465
vt 0.947726 -0.595920
vt 0.904872 -0.650721
vt 0.904872 -0.650721
vt 0.904872 -0.650721
vt 0.904872 -0.650721
vt 0.904872 -0.650721
vt 0.904872 -0.650721
vt 0.904872 -0.650721
vt 0.904872 -0.650721
vt 0.543391 -0.185159
vt 0.547636 -0.190486
vt 0.870848 -0.642376
vt 0.871342 -0.657014
vt 0.180404 -0.393699
vt 0.870848 -0.642376
vt 0.862968 -0.657063
vt 0.862474 -0.642425
vt 0.978140 -0.724739
vt 0.871342 -0.657014
vt 0.180397 -0.396085
vt 0.871342 -0.657014
vt 0.174741 -0.958902
vt 0.856988 -0.304755
vt 0.979716 -0.562032
vt 0.950871 -0.598279
vt 0.950871 -0.598279
vt 0.979716 -0.562032
vt 0.951510 -0.583011
vt 0.950871 -0.598279
vt 0.947076 -0.724877
vt 0.975290 -0.721886
vt 0.951510 -0.583011
vt 0.950823 -0.721995
vt 0.947872 -0.579991
vt 0.797274 -0.972454
vt 0.797287 -0.971180
vt 0.980624 -0.601837
vt 0.980714 -0.599670
vt 0.249640 -0.698786
vt 0.575290 -0.216758
vt 0.577979 -0.216023
vt 0.190238 -0.276390
vt 0.233503 -0.697661
vt 0.856006 -0.971533
vt 0.856991 -0.972156
vt 0.797287 -0.971180
vt 0.856991 -0.972156
vt 0.796558 -0.872865
vt 0.796549 -0.875334
vt 0.980714 -0.599670
vt 0.980742 -0.599000
vt 0.978269 -0.597198
vt 0.885776 -0.972156
vt 0.260500 -0.370009
vt 0.235246 -0.580561
vt 0.544890 -0.190304
vt 0.545514 -0.183202
vt 0.550064 -0.185785
vt 0.550097 -0.185925
vt 0.268008 -0.576923
vt 0.885777 -0.306328
vt 0.825216 -0.401897
vt 0.825221 -0.404569
vt 0.853474 -0.636381
vt 0.853474 -0.636381
vt 0.853968 -0.651019
vt 0.853474 -0.636381
vt 0.853968 -0.651019
vt 0.853968 -0.651019
vt 0.853968 -0.651019
vt 0.853968 -0.651019
vt 0.853968 -0.651019
vt 0.853474 -0.636381
vt 0.853474 -0.636381
vt 0.853474 -0.636381
vt 0.853474 -0.636381
vt 0.853968 -0.651019
vt 0.853474 -0.636381
vt 0.893854 -0.636145
vt 0.853968 -0.651019
vt 0.253698 -0.960997
vt 0.253704 -0.959870
vt 0.796577 -0.872256
vt 0.825215 -0.873999
vt 0.803642 -0.878335
vt 0.944002 -0.704267
vt 0.944013 -0.706768
vt 0.943998 -0.703494
vt 0.944007 -0.705517
vt 0.944016 -0.707541
vt 0.217413 -0.900951
vt 0.218002 -0.908613
vt 0.218002 -0.908613
vt 0.220642 -0.901813
vt 0.797296 -0.306950
vt 0.980624 -0.601837
vt 0.977980 -0.604096
vt 0.797301 -0.304888
vt 0.797301 -0.304888
vt 0.224461 -0.904193
vt 0.797295 -0.974517
vt 0.797279 -0.974517
vt 0.797295 -0.974517
vt 0.797300 -0.972454
vt 0.797300 -0.972454
vt 0.225642 -0.916476
vt 0.225642 -0.916476
vt 0.174734 -0.962209
vt 0.174742 -0.301021
vt 0.174730 -0.960166
vt 0.975956 -0.584034
vt 0.978910 -0.581289
vt 0.951510 -0.583011
vt 0.975956 -0.584034
vt 0.174731 -0.299758
vt 0.978910 -0.581289
vt 0.978910 -0.581289
vt 0.796552 -0.401863
vt 0.247603 -0.561882
vt 0.796552 -0.404603
vt 0.796552 -0.401863
vt 0.803625 -0.403233
vt 0.855990 -0.974517
vt 0.796552 -0.404603
vt 0.797279 -0.974517
vt 0.551458 -0.172384
vt 0.253701 -0.299890
vt 0.253701 -0.298497
vt 0.260409 -0.562089
vt 0.975317 -0.599302
vt 0.803634 -0.405640
vt 0.803653 -0.406234
vt 0.975317 -0.599302
vt 0.796568 -0.406311
vt 0.975317 -0.599302
vt 0.950871 -0.598279
vt 0.975956 -0.584034
vt 0.948678 -0.560734
vt 0.947872 -0.579991
vt 0.975317 -0.599302
vt 0.948678 -0.560734
vt 0.260269 -0.580418
vt 0.235097 -0.582979
vt 0.235097 -0.582979
vt 0.902854 -0.642189
vt 0.913444 -0.661725
vt 0.903348 -0.656826
vt 0.180412 -0.866896
vt 0.803634 -0.400826
vt 0.191789 -0.866307
vt 0.180412 -0.860948
vt 0.803633 -0.872927
vt 0.803642 -0.872333
vt 0.796558 -0.872865
vt 0.228013 -0.299459
vt 0.856995 -0.306162
vt 0.856006 -0.971533
vt 0.227121 -0.299758
vt 0.856997 -0.973294
vt 0.856012 -0.304888
vt 0.796577 -0.872256
vt 0.796577 -0.872256
vt 0.855991 -0.303966
vt 0.855999 -0.303614
vt 0.797280 -0.303966
vt 0.258092 -0.872716
vt 0.256723 -0.859640
vt 0.256723 -0.859640
vt 0.260708 -0.852703
vt 0.260708 -0.852703
vt 0.264012 -0.866082
vt 0.240393 -0.345172
vt 0.251662 -0.579006
vt 0.228012 -0.960465
vt 0.797288 -0.307302
vt 0.272160 -0.354393
vt 0.269077 -0.364356
vt 0.190264 -0.275419
vt 0.190270 -0.275048
vt 0.251676 -0.579006
vt 0.190164 -0.278560
vt 0.249375 -0.698950
vt 0.227140 -0.300672
vt 0.261626 -0.701551
vt 0.947524 -0.708954
vt 0.220642 -0.901813
vt 0.977980 -0.604096
vt 0.947500 -0.703368
vt 0.947671 -0.597237
vt 0.944083 -0.599222
vt 0.944002 -0.704267
vt 0.227133 -0.301021
vt 0.219563 -0.915391
vt 0.943998 -0.601244
vt 0.944167 -0.597201
vt 0.947437 -0.602818
vt 0.228022 -0.299890
vt 0.947437 -0.602818
vt 0.947519 -0.707635
vt 0.947492 -0.601500
vt 0.944013 -0.706768
vt 0.978094 -0.708818
vt 0.219563 -0.915391
vt 0.219563 -0.915391
vt 0.220610 -0.915368
vt 0.225965 -0.904161
vt 0.225642 -0.916476
vt 0.219563 -0.915391
vt 0.217413 -0.900951
vt 0.217330 -0.908628
vt 0.225965 -0.904161
vt 0.217330 -0.908628
vt 0.217330 -0.908628
vt 0.218002 -0.908613
vt 0.180421 -0.399059
vt 0.217330 -0.908628
vt 0.218225 -0.900933
vt 0.180412 -0.399059
vt 0.218002 -0.908613
vt 0.218225 -0.900933
vt 0.224461 -0.904193
vt 0.224595 -0.916499
vt 0.224595 -0.916499
vt 0.225642 -0.916476
vt 0.224595 -0.916499
vt 0.222717 -0.901768
vt 0.220610 -0.915368
vt 0.224595 -0.916499
vt 0.190224 -0.276389
vt 0.190255 -0.275419
vt 0.190190 -0.277589
vt 0.222717 -0.901768
vt 0.978088 -0.707499
vt 0.947509 -0.705502
vt 0.259319 -0.699232
vt 0.262376 -0.577867
vt 0.978078 -0.705366
vt 0.980630 -0.706439
vt 0.980624 -0.601837
vt 0.265696 -0.699068
vt 0.978035 -0.602778
vt 0.978124 -0.600647
vt 0.947582 -0.599369
vt 0.947494 -0.702050
vt 0.978063 -0.701913
vt 0.978069 -0.703232
vt 0.980620 -0.704270
vt 0.980714 -0.599670
vt 0.856007 -0.306951
vt 0.227126 -0.297714
vt 0.855999 -0.307303
vt 0.978214 -0.598515
vt 0.797296 -0.306950
vt 0.947726 -0.595920
vt 0.978269 -0.597198
vt 0.227133 -0.297365
vt 0.190173 -0.278560
vt 0.190158 -0.278931
vt 0.228015 -0.298496
vt 0.190203 -0.277589
vt 0.241079 -0.580004
vt 0.233497 -0.697620
vt 0.239571 -0.698232
vt 0.862968 -0.657063
vt 0.871342 -0.657014
vt 0.862968 -0.657063
vt 0.543391 -0.185159
vt 0.862968 -0.657063
vt 0.543085 -0.187900
vt 0.544890 -0.190304
vt 0.543391 -0.185159
vt 0.550097 -0.185925
vt 0.544890 -0.190304
vt 0.853968 -0.651019
vt 0.862474 -0.642425
vt 0.853968 -0.651019
vt 0.861847 -0.636332
vt 0.862474 -0.642425
vt 0.862342 -0.650970
vt 0.862342 -0.650970
vt 0.862342 -0.650970
vt 0.853968 -0.651019
vt 0.862968 -0.657063
vt 0.862342 -0.650970
vt 0.853474 -0.636381
vt 0.853968 -0.651019
vt 0.853968 -0.651019
vt 0.862342 -0.650970
vt 0.862342 -0.650970
vt 0.862342 -0.650970
vt 0.861847 -0.636332
vt 0.861847 -0.636332
vt 0.862342 -0.650970
vt 0.862342 -0.650970
vt 0.853968 -0.651019
vt 0.862342 -0.650970
vt 0.861847 -0.636332
vt 0.862342 -0.650970
vt 0.861847 -0.636332
vt 0.853968 -0.651019
vt 0.853474 -0.636381
vt 0.862342 -0.650970
vt 0.862342 -0.650970
vt 0.853968 -0.651019
vt 0.861847 -0.636332
vt 0.862342 -0.650970
vt 0.861847 -0.636332
vt 0.853968 -0.651019
vt 0.853474 -0.636381
vt 0.862342 -0.650970
vt 0.853474 -0.636381
vt 0.862342 -0.650970
vt 0.862342 -0.650970
vt 0.853968 -0.651019
vt 0.853968 -0.651019
vt 0.861847 -0.636332
vt 0.861847 -0.636332
vt 0.862342 -0.650970
vt 0.862342 -0.650970
vt 0.862342 -0.650970
vt 0.861847 -0.636332
vt 0.853474 -0.636381
vt 0.862342 -0.650970
vt 0.862342 -0.650970
vt 0.862342 -0.650970
vt 0.861847 -0.636332
vt 0.853968 -0.651019
vt 0.853968 -0.651019
vt 0.853968 -0.651019
vt 0.853968 -0.651019
vt 0.861847 -0.636332
vt 0.862342 -0.650970
vt 0.862342 -0.650970
vt 0.862342 -0.650970
vt 0.862342 -0.650970
vt 0.861847 -0.636332
vt 0.862342 -0.650970
vt 0.862342 -0.650970
vt 0.861847 -0.636332
vt 0.862342 -0.650970
vt 0.861847 -0.636332
vt 0.853474 -0.636381
vt 0.853474 -0.636381
vt 0.853968 -0.651019
vt 0.861847 -0.636332
vt 0.796586 -0.877803
vt 0.796577 -0.878412
vt 0.796577 -0.878412
vt 0.249732 -0.370296
vt 0.796586 -0.877803
vt 0.237313 -0.355257
vt 0.240885 -0.365062
vt 0.253704 -0.961592
vt 0.253698 -0.960997
vt 0.856011 -0.973595
vt 0.853474 -0.636381
vt 0.241065 -0.580042
vt 0.862342 -0.650970
vt 0.862342 -0.650970
vt 0.239554 -0.698257
vt 0.861847 -0.636332
vt 0.235232 -0.580663
vt 0.855998 -0.974870
vt 0.825227 -0.875929
vt 0.853474 -0.636381
vt 0.861847 -0.636332
vt 0.228018 -0.961592
vt 0.268584 -0.344463
vt 0.191778 -0.862861
vt 0.259742 -0.339384
vt 0.263751 -0.579569
vt 0.903348 -0.656826
vt 0.255425 -0.701653
vt 0.248974 -0.339666
vt 0.913444 -0.661725
vt 0.258118 -0.580493
vt 0.903348 -0.656826
vt 0.903348 -0.656826
vt 0.913444 -0.661725
vt 0.913378 -0.642127
vt 0.902854 -0.642189
vt 0.913378 -0.642127
vt 0.227132 -0.962559
vt 0.913444 -0.661725
vt 0.816412 -0.874263
vt 0.825224 -0.874263
vt 0.199660 -0.395023
vt 0.227125 -0.962210
vt 0.174090 -0.861476
vt 0.228018 -0.961592
vt 0.199657 -0.395496
vt 0.174085 -0.862565
vt 0.180404 -0.861537
vt 0.247604 -0.581789
vt 0.255655 -0.581042
vt 0.587090 -0.208173
vt 0.538381 -0.200661
vt 0.540469 -0.184244
vt 0.234743 -0.561533
vt 0.239698 -0.582623
vt 0.247593 -0.581901
vt 0.247582 -0.561824
vt 0.191789 -0.861537
vt 0.199657 -0.863333
vt 0.199663 -0.862599
vt 0.247593 -0.581901
vt 0.545999 -0.215402
vt 0.560410 -0.222822
vt 0.581559 -0.177008
vt 0.576106 -0.220064
vt 0.589172 -0.191722
vt 0.234738 -0.561594
vt 0.239698 -0.582623
vt 0.239647 -0.561687
vt 0.260420 -0.562015
vt 0.567151 -0.169613
vt 0.904389 -0.639442
vt 0.904389 -0.639442
vt 0.255655 -0.581042
vt 0.255524 -0.562027
vt 0.904872 -0.650721
vt 0.540294 -0.038256
vt 0.525190 -0.036425
vt 0.525190 -0.036425
vt 0.257811 -0.859617
vt 0.258092 -0.872716
vt 0.257811 -0.859617
vt 0.257811 -0.859617
vt 0.256723 -0.859640
vt 0.257811 -0.859617
vt 0.256753 -0.872745
vt 0.256723 -0.859640
vt 0.540294 -0.038256
vt 0.256753 -0.872745
vt 0.540271 -0.043481
vt 0.540271 -0.043481
vt 0.381406 -0.160311
vt 0.366282 -0.157921
vt 0.366282 -0.157921
vt 0.260708 -0.852703
vt 0.264012 -0.866082
vt 0.260708 -0.852703
vt 0.261795 -0.852680
vt 0.261855 -0.866129
vt 0.261795 -0.852680
vt 0.904389 -0.639442
vt 0.904389 -0.639442
vt 0.261855 -0.866129
vt 0.904389 -0.639442
vt 0.904389 -0.639442
vt 0.904872 -0.650721
vt 0.904389 -0.639442
vt 0.904872 -0.650721
vt 0.904389 -0.639442
vt 0.904872 -0.650721
vt 0.904389 -0.639442
vt 0.904389 -0.639442
vt 0.904872 -0.650721
vt 0.227120 -0.960166
vt 0.227132 -0.958903
vt 0.904389 -0.639442
vt 0.228018 -0.959870
vt 0.904389 -0.639442
vt 0.904389 -0.639442
vt 0.904872 -0.650721
vt 0.904389 -0.639442
vt 0.893854 -0.636145
vt 0.904389 -0.639442
vt 0.904389 -0.639442
vt 0.904389 -0.639442
vt 0.904872 -0.650721
vt 0.904389 -0.639442
vt 0.540294 -0.038256
vt 0.904872 -0.650721
vt 0.796587 -0.400764
vt 0.796593 -0.401863
vt 0.796593 -0.401863
vt 0.816407 -0.401303
vt 0.796587 -0.400764
vt 0.540271 -0.043481
vt 0.540271 -0.043481
vt 0.381406 -0.160311
vt 0.366282 -0.157921
vt 0.366282 -0.157921
vt 0.174085 -0.865280
vt 0.180398 -0.865246
vt 0.796593 -0.876704
vt 0.796578 -0.400154
vt 0.796593 -0.404603
vt 0.796593 -0.404603
vt 0.816385 -0.401303
vt 0.816412 -0.876405
vt 0.796551 -0.876704
vt 0.796593 -0.876704
vt 0.796578 -0.400154
vt 0.796595 -0.875334
vt 0.796593 -0.873964
vt 0.796593 -0.873964
vt 0.796596 -0.403233
vt 0.796568 -0.406311
vt 0.796568 -0.400154
vt 0.796595 -0.875334
vt 0.797275 -0.304888
vt 0.796586 -0.872865
vt 0.796586 -0.872865
vt 0.797280 -0.306950
vt 0.816399 -0.872927
vt 0.796568 -0.400154
vt 0.797280 -0.303966
vt 0.796596 -0.403233
vt 0.174083 -0.863922
vt 0.540294 -0.038256
vt 0.525190 -0.036425
vt 0.525190 -0.036425
vt 0.525148 -0.045870
vt 0.525190 -0.036425
vt 0.525190 -0.036425
vt 0.239710 -0.582485
vt 0.247604 -0.581789
vt 0.235114 -0.582883
vt 0.239710 -0.582485
vt 0.239663 -0.561708
vt 0.255641 -0.581084
vt 0.255641 -0.581084
vt 0.260241 -0.580489
vt 0.260269 -0.580418
vt 0.260241 -0.580489
vt 0.235114 -0.582883
vt 0.255505 -0.561999
vt 0.255106 -0.903996
vt 0.255106 -0.903996
vt 0.254978 -0.905820
vt 0.255106 -0.903996
vt 0.254978 -0.905820
vt 0.255106 -0.903996
vt 0.259327 -0.914743
vt 0.255351 -0.914659
vt 0.255351 -0.914659
vt 0.254391 -0.905761
vt 0.255351 -0.914659
vt 0.255351 -0.914659
vt 0.259327 -0.914743
vt 0.255351 -0.914659
vt 0.255351 -0.914659
vt 0.254391 -0.905761
vt 0.255351 -0.914659
vt 0.255351 -0.914659
vt 0.885771 -0.305190
vt 0.816412 -0.404304
vt 0.199663 -0.865246
vt 0.202475 -0.396085
vt 0.885776 -0.973894
vt 0.825227 -0.403827
vt 0.199657 -0.864512
vt 0.828367 -0.403233
vt 0.199668 -0.397408
vt 0.825227 -0.402638
vt 0.202475 -0.863922
vt 0.885776 -0.973894
vt 0.885782 -0.973294
vt 0.885782 -0.973294
vt 0.856991 -0.973894
vt 0.578762 -0.210695
vt 0.885770 -0.972757
vt 0.816399 -0.877741
vt 0.825220 -0.876670
vt 0.825215 -0.876670
vt 0.828366 -0.875334
vt 0.577979 -0.216023
vt 0.573658 -0.209767
vt 0.572874 -0.215090
vt 0.573658 -0.209767
vt 0.560366 -0.219305
vt 0.577979 -0.216023
vt 0.199660 -0.397146
vt 0.191797 -0.398470
vt 0.191783 -0.397997
vt 0.560366 -0.219305
vt 0.191777 -0.396085
vt 0.572234 -0.212334
vt 0.556733 -0.212607
vt 0.572234 -0.212334
vt 0.575290 -0.216758
vt 0.561714 -0.214106
vt 0.572874 -0.215090
vt 0.559529 -0.212386
vt 0.561714 -0.214106
vt 0.556733 -0.212607
vt 0.562097 -0.217115
vt 0.555384 -0.217803
vt 0.559529 -0.212386
vt 0.557621 -0.219728
vt 0.555384 -0.217803
vt 0.557621 -0.219728
vt 0.555053 -0.214997
vt 0.562097 -0.217115
vt 0.555053 -0.214997
vt 0.579454 -0.213649
vt 0.576399 -0.209233
vt 0.576399 -0.209233
vt 0.575290 -0.216758
vt 0.579454 -0.213649
vt 0.578762 -0.210695
vt 0.581050 -0.199534
vt 0.560608 -0.194348
vt 0.581260 -0.194161
vt 0.561549 -0.199654
vt 0.560608 -0.194348
vt 0.566623 -0.198752
vt 0.566623 -0.198752
vt 0.565681 -0.193445
vt 0.586421 -0.194487
vt 0.586210 -0.199861
vt 0.581260 -0.194161
vt 0.586210 -0.199861
vt 0.547086 -0.201311
vt 0.547086 -0.201311
vt 0.544397 -0.208346
vt 0.542351 -0.203377
vt 0.549133 -0.206279
vt 0.544397 -0.208346
vt 0.547160 -0.208227
vt 0.547160 -0.208227
vt 0.549133 -0.206279
vt 0.549060 -0.203245
vt 0.544264 -0.201191
vt 0.549060 -0.203245
vt 0.542364 -0.206169
vt 0.542351 -0.203377
vt 0.544264 -0.201191
vt 0.542364 -0.206169
vt 0.581050 -0.199534
vt 0.584342 -0.194257
vt 0.587841 -0.198284
vt 0.584342 -0.194257
vt 0.574093 -0.179054
vt 0.574093 -0.179054
vt 0.561549 -0.199654
vt 0.560058 -0.197311
vt 0.564310 -0.200421
vt 0.564310 -0.200421
vt 0.583914 -0.193336
vt 0.586421 -0.194487
vt 0.587413 -0.197360
vt 0.587413 -0.197360
vt 0.574457 -0.184406
vt 0.583914 -0.193336
vt 0.579608 -0.184127
vt 0.587841 -0.198284
vt 0.579608 -0.184127
vt 0.565681 -0.193445
vt 0.567232 -0.196032
vt 0.579244 -0.178775
vt 0.562980 -0.192925
vt 0.562980 -0.192925
vt 0.557712 -0.174534
vt 0.560058 -0.197311
vt 0.567232 -0.196032
vt 0.557712 -0.174534
vt 0.563721 -0.178905
vt 0.558649 -0.179812
vt 0.563721 -0.178905
vt 0.562784 -0.173627
vt 0.550064 -0.185785
vt 0.550064 -0.185785
vt 0.543085 -0.187900
vt 0.550097 -0.185925
vt 0.547636 -0.190486
vt 0.547636 -0.190486
vt 0.543085 -0.187900
vt 0.545514 -0.183202
vt 0.545514 -0.183202
vt 0.543391 -0.185159
vt 0.577140 -0.185510
vt 0.577140 -0.185510
vt 0.573241 -0.181925
vt 0.576627 -0.177950
vt 0.574457 -0.184406
vt 0.579244 -0.178775
vt 0.557164 -0.177507
vt 0.561413 -0.180595
vt 0.576627 -0.177950
vt 0.580526 -0.181532
vt 0.558649 -0.179812
vt 0.573241 -0.181925
vt 0.580526 -0.181532
vt 0.561413 -0.180595
vt 0.564337 -0.176223
vt 0.560089 -0.173138
vt 0.562784 -0.173627
vt 0.560089 -0.173138
vt 0.885783 -0.305727
vt 0.885780 -0.304756
vt 0.564337 -0.176223
vt 0.856998 -0.305190
vt 0.557164 -0.177507
vt 0.885780 -0.304756
vt 0.885773 -0.304756
vt 0.885783 -0.305727
vt 0.431762 0.678141
vt 0.426127 0.685898
vt 0.422643 0.681104
vt 0.422643 0.675178
vt 0.426127 0.670384
vt 0.431762 0.668553
vt 0.437398 0.670384
vt 0.440881 0.675178
vt 0.431762 0.687729
vt 0.440881 0.681104
vt 0.437398 0.685898
vt 0.422174 0.691338
vt 0.422643 0.690692
vt 0.416248 0.683182
vt 0.417008 0.682935
vt 0.416248 0.673100
vt 0.422174 0.664944
vt 0.417008 0.673347
vt 0.431762 0.661829
vt 0.422643 0.665590
vt 0.431762 0.662627
vt 0.441350 0.664944
vt 0.447276 0.673100
vt 0.440881 0.665590
vt 0.446517 0.673347
vt 0.447276 0.683182
vt 0.440881 0.690692
vt 0.431762 0.693655
vt 0.431762 0.694453
vt 0.441350 0.691338
vt 0.446517 0.682935
vt 0.422174 0.691338
vt 0.416248 0.683182
vt 0.416248 0.673100
vt 0.422174 0.664944
vt 0.431762 0.661829
vt 0.441350 0.664944
vt 0.447276 0.673100
vt 0.431762 0.694453
vt 0.431762 0.678141
vt 0.447276 0.683182
vt 0.441350 0.691338
vt 0.299442 0.664832
vt 0.288525 0.681170
vt 0.272187 0.692086
vt 0.252915 0.695920
vt 0.233643 0.692086
vt 0.217305 0.681170
vt 0.206389 0.664832
vt 0.202555 0.645560
vt 0.206389 0.626288
vt 0.217305 0.609950
vt 0.233643 0.599034
vt 0.252915 0.595200
vt 0.272187 0.599034
vt 0.303275 0.645560
vt 0.288525 0.609950
vt 0.299442 0.626288
vt 0.252915 0.645560
vt 0.299442 0.664832
vt 0.288525 0.681170
vt 0.272187 0.692086
vt 0.252915 0.695920
vt 0.233643 0.692086
vt 0.217305 0.681170
vt 0.206389 0.664832
vt 0.202555 0.645560
vt 0.206389 0.626288
vt 0.217305 0.609950
vt 0.233643 0.599034
vt 0.252915 0.595200
vt 0.272187 0.599034
vt 0.288525 0.609950
vt 0.303275 0.645560
vt 0.252915 0.645560
vt 0.299442 0.626288
vt 0.431762 0.678141
vt 0.426127 0.685898
vt 0.422643 0.681104
vt 0.422643 0.675178
vt 0.426127 0.670384
vt 0.431762 0.668553
vt 0.437398 0.670384
vt 0.440881 0.675178
vt 0.431762 0.687729
vt 0.440881 0.681104
vt 0.437398 0.685898
vt 0.422174 0.691338
vt 0.422643 0.690692
vt 0.416248 0.683182
vt 0.417008 0.682935
vt 0.416248 0.673100
vt 0.422174 0.664944
vt 0.417008 0.673347
vt 0.422643 0.665590
vt 0.431762 0.661829
vt 0.441350 0.664944
vt 0.431762 0.662627
vt 0.447276 0.673100
vt 0.440881 0.665590
vt 0.446517 0.673347
vt 0.447276 0.683182
vt 0.441350 0.691338
vt 0.440881 0.690692
vt 0.446517 0.682935
vt 0.431762 0.693655
vt 0.431762 0.694453
vt 0.422174 0.691338
vt 0.416248 0.683182
vt 0.416248 0.673100
vt 0.422174 0.664944
vt 0.431762 0.661829
vt 0.441350 0.664944
vt 0.447276 0.673100
vt 0.431762 0.678141
vt 0.447276 0.683182
vt 0.441350 0.691338
vt 0.431762 0.694453
vt 0.299442 0.664832
vt 0.288525 0.681170
vt 0.272187 0.692086
vt 0.252915 0.695920
vt 0.233643 0.692086
vt 0.217305 0.681170
vt 0.206389 0.664832
vt 0.202555 0.645560
vt 0.206389 0.626288
vt 0.217305 0.609950
vt 0.233643 0.599034
vt 0.252915 0.595200
vt 0.272187 0.599034
vt 0.252915 0.645560
vt 0.288525 0.609950
vt 0.299442 0.626288
vt 0.303275 0.645560
vt 0.299442 0.664832
vt 0.288525 0.681170
vt 0.272187 0.692086
vt 0.252915 0.695920
vt 0.233643 0.692086
vt 0.217305 0.681170
vt 0.206389 0.664832
vt 0.202555 0.645560
vt 0.206389 0.626288
vt 0.217305 0.609950
vt 0.233643 0.599034
vt 0.252915 0.595200
vt 0.272187 0.599034
vt 0.288525 0.609950
vt 0.303275 0.645560
vt 0.252915 0.645560
vt 0.299442 0.626288
vt 0.853817 -0.361721
vt 0.858493 -0.349228
vt 0.852842 -0.346478
vt 0.856804 -0.359075
vt 0.852446 -0.358891
vt 0.852589 -0.358675
vt 0.852446 -0.358891
vt 0.854150 -0.358579
vt 0.854132 -0.351908
vt 0.852588 -0.358801
vt 0.852588 -0.358801
vt 0.852842 -0.346478
vt 0.853557 -0.344206
vt 0.852589 -0.358675
vt 0.853069 -0.344464
vt 0.853658 -0.359252
vt 0.854150 -0.358579
vt 0.850462 -0.360883
vt 0.850461 -0.361248
vt 0.850570 -0.347895
vt 0.858493 -0.349228
vt 0.852539 -0.350950
vt 0.855034 -0.361294
vt 0.853391 -0.351817
vt 0.850570 -0.347895
vt 0.850461 -0.361248
vt 0.850031 -0.347092
vt 0.850462 -0.360883
vt 0.850461 -0.361248
vt 0.850462 -0.360883
vt 0.855031 -0.361707
vt 0.855033 -0.361397
vt 0.858870 -0.349520
vt 0.858977 -0.350012
vt 0.857160 -0.350664
vt 0.857731 -0.350778
vt 0.858339 -0.359640
vt 0.854797 -0.352140
vt 0.852511 -0.344861
vt 0.853817 -0.361721
vt 0.852586 -0.345496
vt 0.854150 -0.358579
vt 0.854444 -0.361712
vt 0.854444 -0.361712
vt 0.853817 -0.361721
vt 0.854444 -0.361402
vt 0.857640 -0.359715
vt 0.855604 -0.350436
vt 0.856312 -0.359693
vt 0.857640 -0.359715
vt 0.858131 -0.359099
vt 0.853118 -0.361377
vt 0.852589 -0.358675
vt 0.853118 -0.361274
vt 0.857731 -0.350778
vt 0.858737 -0.359083
vt 0.853715 -0.348160
vt 0.857921 -0.350116
vt 0.854689 -0.349609
vt 0.856312 -0.359693
vt 0.854445 -0.361299
vt 0.858131 -0.359099
vt 0.858737 -0.359083
vt 0.853069 -0.347656
vt 0.852511 -0.344861
vt 0.852446 -0.358891
vt 0.557965 0.045084
vt 0.403667 0.135782
vt 0.577845 0.051836
vt 0.419074 0.146403
vt 0.576653 0.051836
vt 0.419200 0.146397
vt 0.619011 0.089548
vt 0.420224 0.147045
vt 0.578201 0.053623
vt 0.408374 0.138982
vt 0.274678 0.469332
vt 0.565032 0.615281
vt 0.489258 0.551568
vt 0.559412 0.045084
vt 0.403872 0.135771
vt 0.421705 0.148198
vt 0.615095 0.079670
vt 0.548683 0.551625
vt 0.525824 0.615361
vt 0.505435 0.615336
vt 0.546317 0.615337
vt 0.490533 0.465666
vt 0.572630 0.090005
vt 0.603674 0.081775
vt 0.615449 0.092022
vt 0.559412 0.045084
vt 0.403872 0.135771
vt 0.552797 0.043971
vt 0.552797 0.043971
vt 0.578201 0.053623
vt 0.576683 0.053623
vt 0.414720 0.143566
vt 0.406326 0.423544
vt 0.419074 0.146403
vt 0.420224 0.147045
vt 0.413841 0.429083
vt 0.570856 0.028692
vt 0.412949 0.429083
vt 0.577845 0.051836
vt 0.413397 0.439786
vt 0.406080 0.417597
vt 0.550473 0.043971
vt 0.573184 0.028692
vt 0.550473 0.043971
vt 0.420530 0.147296
vt 0.617195 0.084609
vt 0.616102 0.082411
vt 0.615250 0.105678
vt 0.618721 0.088570
vt 0.615581 0.080648
vt 0.589904 0.070277
vt 0.412948 0.377399
vt 0.617845 0.086807
vt 0.411956 0.141530
vt 0.414026 0.403241
vt 0.589904 0.129686
vt 0.417891 0.145632
vt 0.415245 0.143605
vt 0.413841 0.377399
vt 0.413397 0.366695
vt 0.406326 0.382938
vt 0.406577 0.388884
vt 0.406577 0.417597
vt 0.406680 0.403241
vt 0.409838 0.139905
vt 0.257028 0.482994
vt 0.253312 0.481442
vt 0.255419 0.482275
vt 0.562935 0.465667
vt 0.252439 0.481031
vt 0.567398 0.551569
vt 0.563419 0.048209
vt 0.570025 0.052009
vt 0.561695 0.048209
vt 0.569958 0.047993
vt 0.544620 0.465723
vt 0.413063 0.142077
vt 0.570978 0.047993
vt 0.407480 0.138547
vt 0.403667 0.135782
vt 0.557965 0.045084
vt 0.561640 0.044988
vt 0.406150 0.137353
vt 0.576653 0.051836
vt 0.419200 0.146397
vt 0.412728 0.142095
vt 0.408034 0.138518
vt 0.419939 0.147060
vt 0.415312 0.143535
vt 0.571783 0.052009
vt 0.405961 0.137363
vt 0.562777 0.044988
vt 0.730021 0.439786
vt 0.589429 0.120986
vt 0.746511 0.129686
vt 0.712576 0.154247
vt 0.746036 0.120985
vt 0.585940 0.080940
vt 0.614365 0.105678
vt 0.638395 0.102003
vt 0.614365 0.105678
vt 0.585940 0.080940
vt 0.583319 0.113909
vt 0.769535 0.152232
vt 0.601056 0.114744
vt 0.571546 0.103662
vt 0.637028 0.102003
vt 0.412764 0.403241
vt 0.412948 0.377399
vt 0.405977 0.403241
vt 0.257028 0.482994
vt 0.406080 0.388884
vt 0.279988 0.470830
vt 0.507802 0.551625
vt 0.255419 0.482275
vt 0.526650 0.465748
vt 0.590577 0.099981
vt 0.729575 0.377398
vt 0.508730 0.465723
vt 0.528190 0.551650
vt 0.730020 0.366694
vt 0.278180 0.470237
vt 0.253376 0.481401
vt 0.589231 0.099981
vt 0.275816 0.469570
vt 0.413397 0.366695
vt 0.711209 0.154247
vt 0.712576 0.154247
vt 0.637028 0.102003
vt 0.769535 0.152232
vt 0.573515 0.090005
vt 0.730466 0.377398
vt 0.746511 0.070276
vt 0.572630 0.090005
vt 0.414026 0.403241
vt 0.746993 0.078977
vt 0.586825 0.080940
vt 0.590379 0.078977
vt 0.413841 0.377399
vt 0.550473 0.043971
vt 0.638395 0.102003
vt 0.711209 0.154247
vt 0.552797 0.043971
vt 0.584204 0.113909
vt 0.603674 0.081775
vt 0.730651 0.403240
vt 0.604559 0.081775
vt 0.413841 0.429083
vt 0.412764 0.403241
vt 0.615449 0.092022
vt 0.583319 0.113909
vt 0.601056 0.114744
vt 0.601941 0.114744
vt 0.616334 0.092022
vt 0.572431 0.103662
vt 0.571546 0.103662
vt 0.729390 0.403240
vt 0.413397 0.439786
vt 0.570856 0.028692
vt 0.660076 0.085763
vt 0.745838 0.099981
vt 0.412949 0.429083
vt 0.747191 0.099981
vt 0.746993 0.120985
vt 0.729575 0.429082
vt 0.730466 0.429082
vt 0.590379 0.120986
vt 0.746036 0.078977
vt 0.589429 0.078977
vt 0.573184 0.028692
vt 0.138613 0.429854
vt 0.169692 0.472630
vt 0.200770 0.515406
vt 0.239186 0.462532
vt 0.188899 0.446193
vt 0.239185 0.397176
vt 0.188899 0.413515
vt 0.169692 0.387078
vt 0.200770 0.344302
vt 0.138613 0.324106
vt 0.138613 0.376980
vt 0.107534 0.387078
vt 0.076456 0.344302
vt 0.088327 0.413515
vt 0.038040 0.397176
vt 0.107534 0.472630
vt 0.088327 0.446193
vt 0.138613 0.535602
vt 0.038040 0.462532
vt 0.076456 0.515406
vt 0.138613 0.482728
vt 0.704328 0.543734
vt 0.628576 0.543735
vt 0.628576 0.567228
vt 0.704328 0.567228
vt 0.628576 0.590722
vt 0.704328 0.590722
vt 0.704328 0.614215
vt 0.628577 0.614216
vt 0.704328 0.637709
vt 0.628577 0.637710
vt 0.704328 0.661203
vt 0.628577 0.661204
vt 0.628577 0.684697
vt 0.704328 0.684697
vt 0.704328 0.708191
vt 0.628577 0.708191
vt 0.628576 0.473253
vt 0.704328 0.473253
vt 0.628576 0.496747
vt 0.628576 0.520241
vt 0.704328 0.520240
vt 0.704328 0.496747
vt 0.200770 0.515406
vt 0.239186 0.462532
vt 0.239185 0.397176
vt 0.200770 0.344302
vt 0.138613 0.324106
vt 0.076456 0.344302
vt 0.038040 0.397176
vt 0.038040 0.462532
vt 0.076456 0.515406
vt 0.138613 0.535602
vt 0.138613 0.482728
vt 0.107534 0.387078
vt 0.169692 0.472630
vt 0.088327 0.413515
vt 0.138613 0.376980
vt 0.138613 0.429854
vt 0.088327 0.446193
vt 0.169692 0.387078
vt 0.107534 0.472630
vt 0.188899 0.413515
vt 0.188899 0.446193
vt 0.557965 0.045084
vt 0.403667 0.135782
vt 0.577845 0.051836
vt 0.576653 0.051836
vt 0.419074 0.146403
vt 0.419200 0.146397
vt 0.619011 0.089548
vt 0.420224 0.147045
vt 0.578201 0.053623
vt 0.408374 0.138982
vt 0.274678 0.469332
vt 0.565032 0.615281
vt 0.489258 0.551568
vt 0.403872 0.135771
vt 0.559412 0.045084
vt 0.421705 0.148198
vt 0.615095 0.079670
vt 0.548683 0.551625
vt 0.525824 0.615361
vt 0.546317 0.615337
vt 0.505435 0.615336
vt 0.490533 0.465666
vt 0.572630 0.090005
vt 0.603674 0.081775
vt 0.615449 0.092022
vt 0.403872 0.135771
vt 0.559412 0.045084
vt 0.552797 0.043971
vt 0.552797 0.043971
vt 0.578201 0.053623
vt 0.576683 0.053623
vt 0.414720 0.143566
vt 0.413841 0.429083
vt 0.406326 0.423544
vt 0.419074 0.146403
vt 0.420224 0.147045
vt 0.406080 0.417597
vt 0.412949 0.429083
vt 0.413397 0.439786
vt 0.577845 0.051836
vt 0.570856 0.028692
vt 0.573184 0.028692
vt 0.550473 0.043971
vt 0.550473 0.043971
vt 0.617195 0.084609
vt 0.616102 0.082411
vt 0.618721 0.088570
vt 0.420530 0.147296
vt 0.615250 0.105678
vt 0.589904 0.129686
vt 0.617845 0.086807
vt 0.415245 0.143605
vt 0.589904 0.070277
vt 0.615581 0.080648
vt 0.413841 0.377399
vt 0.412948 0.377399
vt 0.406326 0.382938
vt 0.257028 0.482994
vt 0.417891 0.145632
vt 0.411956 0.141530
vt 0.409838 0.139905
vt 0.413397 0.366695
vt 0.414026 0.403241
vt 0.406577 0.388884
vt 0.406680 0.403241
vt 0.406577 0.417597
vt 0.252439 0.481031
vt 0.255419 0.482275
vt 0.253312 0.481442
vt 0.562935 0.465667
vt 0.561695 0.048209
vt 0.557965 0.045084
vt 0.563419 0.048209
vt 0.407480 0.138547
vt 0.413063 0.142077
vt 0.403667 0.135782
vt 0.544620 0.465723
vt 0.567398 0.551569
vt 0.570025 0.052009
vt 0.570978 0.047993
vt 0.569958 0.047993
vt 0.561640 0.044988
vt 0.406150 0.137353
vt 0.419200 0.146397
vt 0.576653 0.051836
vt 0.419939 0.147060
vt 0.571783 0.052009
vt 0.405961 0.137363
vt 0.562777 0.044988
vt 0.412728 0.142095
vt 0.408034 0.138518
vt 0.415312 0.143535
vt 0.730021 0.439786
vt 0.589429 0.120986
vt 0.746036 0.120985
vt 0.712576 0.154247
vt 0.746511 0.129686
vt 0.571546 0.103662
vt 0.585940 0.080940
vt 0.614365 0.105678
vt 0.769535 0.152232
vt 0.601056 0.114744
vt 0.583319 0.113909
vt 0.638395 0.102003
vt 0.585940 0.080940
vt 0.614365 0.105678
vt 0.637028 0.102003
vt 0.507802 0.551625
vt 0.412764 0.403241
vt 0.279988 0.470830
vt 0.255419 0.482275
vt 0.406080 0.388884
vt 0.405977 0.403241
vt 0.257028 0.482994
vt 0.412948 0.377399
vt 0.275816 0.469570
vt 0.729575 0.377398
vt 0.508730 0.465723
vt 0.730020 0.366694
vt 0.528190 0.551650
vt 0.278180 0.470237
vt 0.589231 0.099981
vt 0.526650 0.465748
vt 0.711209 0.154247
vt 0.253376 0.481401
vt 0.413397 0.366695
vt 0.590577 0.099981
vt 0.769535 0.152232
vt 0.637028 0.102003
vt 0.712576 0.154247
vt 0.746511 0.070276
vt 0.590379 0.078977
vt 0.573515 0.090005
vt 0.552797 0.043971
vt 0.572630 0.090005
vt 0.730466 0.377398
vt 0.413841 0.377399
vt 0.586825 0.080940
vt 0.414026 0.403241
vt 0.550473 0.043971
vt 0.638395 0.102003
vt 0.746993 0.078977
vt 0.711209 0.154247
vt 0.747191 0.099981
vt 0.413841 0.429083
vt 0.412764 0.403241
vt 0.730651 0.403240
vt 0.601056 0.114744
vt 0.583319 0.113909
vt 0.604559 0.081775
vt 0.584204 0.113909
vt 0.603674 0.081775
vt 0.570856 0.028692
vt 0.616334 0.092022
vt 0.573184 0.028692
vt 0.601941 0.114744
vt 0.746993 0.120985
vt 0.590379 0.120986
vt 0.615449 0.092022
vt 0.660076 0.085763
vt 0.746036 0.078977
vt 0.412949 0.429083
vt 0.572431 0.103662
vt 0.571546 0.103662
vt 0.729575 0.429082
vt 0.589429 0.078977
vt 0.729390 0.403240
vt 0.413397 0.439786
vt 0.730466 0.429082
vt 0.745838 0.099981
vt 0.138613 0.429854
vt 0.169692 0.472630
vt 0.200770 0.515406
vt 0.239186 0.462532
vt 0.188899 0.446193
vt 0.239185 0.397176
vt 0.188899 0.413515
vt 0.169692 0.387078
vt 0.200770 0.344302
vt 0.138613 0.324106
vt 0.138613 0.376980
vt 0.107534 0.387078
vt 0.076456 0.344302
vt 0.038040 0.397176
vt 0.088327 0.413515
vt 0.138613 0.535602
vt 0.107534 0.472630
vt 0.038040 0.462532
vt 0.088327 0.446193
vt 0.076456 0.515406
vt 0.138613 0.482728
vt 0.628576 0.543735
vt 0.704328 0.543734
vt 0.628576 0.567228
vt 0.704328 0.567228
vt 0.704328 0.590722
vt 0.628576 0.590722
vt 0.628577 0.614216
vt 0.704328 0.614215
vt 0.628577 0.637710
vt 0.704328 0.637709
vt 0.704328 0.661203
vt 0.628577 0.661204
vt 0.704328 0.684697
vt 0.704328 0.708191
vt 0.628577 0.684697
vt 0.628577 0.708191
vt 0.628576 0.473253
vt 0.704328 0.473253
vt 0.628576 0.496747
vt 0.628576 0.520241
vt 0.704328 0.496747
vt 0.704328 0.520240
vt 0.200770 0.515406
vt 0.239186 0.462532
vt 0.239185 0.397176
vt 0.200770 0.344302
vt 0.138613 0.324106
vt 0.076456 0.344302
vt 0.038040 0.397176
vt 0.038040 0.462532
vt 0.138613 0.535602
vt 0.076456 0.515406
vt 0.188899 0.413515
vt 0.107534 0.387078
vt 0.188899 0.446193
vt 0.088327 0.413515
vt 0.169692 0.387078
vt 0.169692 0.472630
vt 0.088327 0.446193
vt 0.138613 0.376980
vt 0.107534 0.472630
vt 0.138613 0.482728
vt 0.138613 0.429854
vt 0.557965 0.045084
vt 0.403667 0.135782
vt 0.577845 0.051836
vt 0.576653 0.051836
vt 0.419074 0.146403
vt 0.419200 0.146397
vt 0.619011 0.089548
vt 0.420224 0.147045
vt 0.578201 0.053623
vt 0.408374 0.138982
vt 0.274678 0.469332
vt 0.565032 0.615281
vt 0.489258 0.551568
vt 0.403872 0.135771
vt 0.559412 0.045084
vt 0.421705 0.148198
vt 0.615095 0.079670
vt 0.548683 0.551625
vt 0.525824 0.615361
vt 0.505435 0.615336
vt 0.490533 0.465666
vt 0.546317 0.615337
vt 0.572630 0.090005
vt 0.603674 0.081775
vt 0.615449 0.092022
vt 0.559412 0.045084
vt 0.403872 0.135771
vt 0.552797 0.043971
vt 0.552797 0.043971
vt 0.578201 0.053623
vt 0.414720 0.143566
vt 0.576683 0.053623
vt 0.406326 0.423544
vt 0.419074 0.146403
vt 0.413841 0.429083
vt 0.406080 0.417597
vt 0.550473 0.043971
vt 0.412949 0.429083
vt 0.577845 0.051836
vt 0.420224 0.147045
vt 0.413397 0.439786
vt 0.570856 0.028692
vt 0.573184 0.028692
vt 0.550473 0.043971
vt 0.420530 0.147296
vt 0.615250 0.105678
vt 0.616102 0.082411
vt 0.617195 0.084609
vt 0.618721 0.088570
vt 0.589904 0.129686
vt 0.257028 0.482994
vt 0.589904 0.070277
vt 0.409838 0.139905
vt 0.411956 0.141530
vt 0.615581 0.080648
vt 0.417891 0.145632
vt 0.412948 0.377399
vt 0.406680 0.403241
vt 0.406326 0.382938
vt 0.406577 0.388884
vt 0.406577 0.417597
vt 0.413397 0.366695
vt 0.414026 0.403241
vt 0.415245 0.143605
vt 0.253312 0.481442
vt 0.413841 0.377399
vt 0.617845 0.086807
vt 0.255419 0.482275
vt 0.562935 0.465667
vt 0.544620 0.465723
vt 0.252439 0.481031
vt 0.569958 0.047993
vt 0.570978 0.047993
vt 0.407480 0.138547
vt 0.561695 0.048209
vt 0.403667 0.135782
vt 0.567398 0.551569
vt 0.563419 0.048209
vt 0.570025 0.052009
vt 0.561640 0.044988
vt 0.413063 0.142077
vt 0.419200 0.146397
vt 0.406150 0.137353
vt 0.557965 0.045084
vt 0.419939 0.147060
vt 0.415312 0.143535
vt 0.405961 0.137363
vt 0.571783 0.052009
vt 0.562777 0.044988
vt 0.412728 0.142095
vt 0.408034 0.138518
vt 0.576653 0.051836
vt 0.746511 0.129686
vt 0.589429 0.120986
vt 0.746036 0.120985
vt 0.730021 0.439786
vt 0.769535 0.152232
vt 0.712576 0.154247
vt 0.583319 0.113909
vt 0.571546 0.103662
vt 0.585940 0.080940
vt 0.638395 0.102003
vt 0.585940 0.080940
vt 0.614365 0.105678
vt 0.601056 0.114744
vt 0.614365 0.105678
vt 0.637028 0.102003
vt 0.257028 0.482994
vt 0.279988 0.470830
vt 0.255419 0.482275
vt 0.405977 0.403241
vt 0.406080 0.388884
vt 0.412764 0.403241
vt 0.412948 0.377399
vt 0.507802 0.551625
vt 0.508730 0.465723
vt 0.711209 0.154247
vt 0.528190 0.551650
vt 0.730020 0.366694
vt 0.712576 0.154247
vt 0.590577 0.099981
vt 0.589231 0.099981
vt 0.729575 0.377398
vt 0.275816 0.469570
vt 0.526650 0.465748
vt 0.278180 0.470237
vt 0.253376 0.481401
vt 0.413397 0.366695
vt 0.711209 0.154247
vt 0.637028 0.102003
vt 0.769535 0.152232
vt 0.573515 0.090005
vt 0.746511 0.070276
vt 0.414026 0.403241
vt 0.730466 0.377398
vt 0.413841 0.377399
vt 0.572630 0.090005
vt 0.586825 0.080940
vt 0.552797 0.043971
vt 0.590379 0.078977
vt 0.746993 0.078977
vt 0.550473 0.043971
vt 0.638395 0.102003
vt 0.745838 0.099981
vt 0.746993 0.120985
vt 0.747191 0.099981
vt 0.730651 0.403240
vt 0.413841 0.429083
vt 0.583319 0.113909
vt 0.570856 0.028692
vt 0.603674 0.081775
vt 0.590379 0.120986
vt 0.589429 0.078977
vt 0.573184 0.028692
vt 0.601056 0.114744
vt 0.584204 0.113909
vt 0.412949 0.429083
vt 0.604559 0.081775
vt 0.601941 0.114744
vt 0.660076 0.085763
vt 0.413397 0.439786
vt 0.730466 0.429082
vt 0.615449 0.092022
vt 0.572431 0.103662
vt 0.729575 0.429082
vt 0.616334 0.092022
vt 0.571546 0.103662
vt 0.729390 0.403240
vt 0.412764 0.403241
vt 0.746036 0.078977
vt 0.138613 0.429854
vt 0.169692 0.472630
vt 0.200770 0.515406
vt 0.239186 0.462532
vt 0.188899 0.446193
vt 0.188899 0.413515
vt 0.239185 0.397176
vt 0.169692 0.387078
vt 0.200770 0.344302
vt 0.138613 0.376980
vt 0.138613 0.324106
vt 0.076456 0.344302
vt 0.107534 0.387078
vt 0.088327 0.413515
vt 0.038040 0.397176
vt 0.138613 0.535602
vt 0.107534 0.472630
vt 0.088327 0.446193
vt 0.038040 0.462532
vt 0.076456 0.515406
vt 0.138613 0.482728
vt 0.628576 0.543735
vt 0.704328 0.543734
vt 0.628576 0.567228
vt 0.704328 0.567228
vt 0.628576 0.590722
vt 0.704328 0.590722
vt 0.628577 0.614216
vt 0.704328 0.614215
vt 0.628577 0.637710
vt 0.704328 0.637709
vt 0.628577 0.661204
vt 0.704328 0.661203
vt 0.628577 0.684697
vt 0.704328 0.708191
vt 0.704328 0.684697
vt 0.628577 0.708191
vt 0.628576 0.473253
vt 0.704328 0.520240
vt 0.628576 0.496747
vt 0.704328 0.473253
vt 0.704328 0.496747
vt 0.628576 0.520241
vt 0.138613 0.535602
vt 0.200770 0.515406
vt 0.239186 0.462532
vt 0.239185 0.397176
vt 0.200770 0.344302
vt 0.138613 0.324106
vt 0.076456 0.344302
vt 0.038040 0.397176
vt 0.138613 0.531624
vt 0.038040 0.462532
vt 0.076456 0.515406
vt 0.107534 0.387078
vt 0.188899 0.413515
vt 0.169692 0.472630
vt 0.169692 0.387078
vt 0.088327 0.446193
vt 0.138613 0.376980
vt 0.138613 0.482728
vt 0.107534 0.472630
vt 0.188899 0.446193
vt 0.088327 0.413515
vt 0.138613 0.429854
vt 0.229938 -1.000000
vt 0.099086 -0.029640
vt 0.052345 -0.105494
vt 0.000000 -0.228584
vt 0.007110 -0.296774
vt 0.336187 -0.029025
vt 0.154845 -0.038147
vt 0.334335 -0.057237
vt 0.030424 -0.203696
vt 0.190526 -0.087219
vt 0.073785 -0.119953
vt 0.345373 -0.104517
vt 0.216881 -0.131119
vt 0.104884 -0.143107
vt 0.058603 -0.218704
vt 0.036796 -0.305504
vt 0.136675 -0.177563
vt 0.252782 -0.170595
vt 0.364992 -0.150312
vt 0.376838 -0.196373
vt 0.279660 -0.190652
vt 0.183161 -0.210439
vt 0.093519 -0.242138
vt 0.368473 -0.244696
vt 0.147039 -0.266592
vt 0.256405 -0.234651
vt 0.355409 -0.297732
vt 0.230542 -0.287004
vt 0.172321 -0.322316
vt 0.387899 -0.957338
vt 0.290940 -0.941555
vt 0.179022 -0.951583
vt 0.103692 -0.949740
vt 0.071766 -0.866506
vt 0.140648 -0.898191
vt 0.232286 -0.909564
vt 0.401202 -0.914833
vt 0.396561 -0.870649
vt 0.301456 -0.882729
vt 0.385702 -0.822114
vt 0.200771 -0.863766
vt 0.280008 -0.837117
vt 0.380349 -0.766554
vt 0.269502 -0.781571
vt 0.017323 -0.861053
vt 0.121375 -0.836530
vt 0.185232 -0.806557
vt 0.048828 -0.704061
vt 0.099316 -0.683955
vt 0.166040 -0.663852
vt 0.372486 -0.637005
vt 0.255071 -0.647089
vt 0.076180 -0.319938
vt 0.109791 -0.329032
vt 0.115642 -0.379751
vt 0.356892 -0.424431
vt 0.236771 -0.497510
vt 0.182565 -0.370172
vt 0.229200 -0.421229
vt 0.145108 -0.500359
vt 0.298854 -0.361984
vt 0.138018 -0.415270
vt 0.361770 -0.495672
vt 0.503555 -0.999684
vt 0.768257 -0.999397
vt 0.503555 -0.961154
vt 0.503555 -0.915581
vt 0.503555 -0.868277
vt 0.503555 -0.817500
vt 0.503555 -0.761513
vt 0.503555 -0.633606
vt 0.503555 -0.495206
vt 0.503555 -0.425921
vt 0.503555 -0.359150
vt 0.503555 -0.301734
vt 0.503555 -0.247176
vt 0.503555 -0.195926
vt 0.503555 -0.146460
vt 0.503555 -0.098176
vt 0.503555 -0.050620
vt 0.503555 -0.000000
vt 0.912534 -0.032909
vt 0.971705 -0.104843
vt 0.972671 -0.232168
vt 1.000000 -0.296774
vt 0.670923 -0.029025
vt 0.672775 -0.057237
vt 0.852265 -0.038147
vt 0.976686 -0.203696
vt 0.816584 -0.087219
vt 0.933325 -0.119953
vt 0.661737 -0.104517
vt 0.902226 -0.143107
vt 0.790229 -0.131119
vt 0.948507 -0.218704
vt 0.970314 -0.305504
vt 0.870435 -0.177563
vt 0.754328 -0.170595
vt 0.642118 -0.150312
vt 0.630272 -0.196373
vt 0.727450 -0.190652
vt 0.823949 -0.210439
vt 0.913590 -0.242138
vt 0.638637 -0.244696
vt 0.750705 -0.234651
vt 0.860071 -0.266592
vt 0.776568 -0.287004
vt 0.651701 -0.297732
vt 0.834789 -0.322316
vt 0.619211 -0.957338
vt 0.716169 -0.941555
vt 0.828088 -0.951583
vt 0.891753 -0.949021
vt 0.935344 -0.866506
vt 0.866462 -0.898191
vt 0.605908 -0.914833
vt 0.774824 -0.909564
vt 0.705654 -0.882729
vt 0.610549 -0.870649
vt 0.621408 -0.822114
vt 0.727102 -0.837117
vt 0.806339 -0.863766
vt 0.626761 -0.766554
vt 0.737608 -0.781571
vt 0.821878 -0.806557
vt 0.977433 -0.859958
vt 0.885735 -0.836530
vt 0.958282 -0.704061
vt 0.907794 -0.683955
vt 0.841070 -0.663852
vt 0.634624 -0.637005
vt 0.897319 -0.329032
vt 0.930929 -0.319938
vt 0.752039 -0.647089
vt 0.891468 -0.379751
vt 0.708256 -0.361984
vt 0.824545 -0.370172
vt -0.280844 -0.639246
vt 0.777910 -0.421229
vt 0.862002 -0.500359
vt 0.650218 -0.424431
vt 0.645340 -0.495672
vt 0.869092 -0.415270
vt 0.770339 -0.497510
vt -0.153105 -0.639246
vt -0.265439 -0.640339
vt -0.289480 -0.500333
vt -0.216973 -0.641778
vt -0.168509 -0.640339
vt -0.145270 -0.500333
vt -0.280844 -0.639246
vt -0.153105 -0.639246
vt 0.079366 -0.503851
vt 0.032126 -0.507960
vt 0.007782 -0.512713
vt 0.974717 -0.501946
vt 0.927744 -0.503851
vt 0.976350 -0.402710
vt 0.944011 -0.392001
vt 0.063099 -0.392001
vt 0.030760 -0.402710
vt 0.974984 -0.507960
vt -0.289480 -0.500333
vt -0.145270 -0.500333
vt -0.216973 -0.641778
vt -0.265439 -0.640339
vt -0.168509 -0.640339
vt 0.000000 -1.000000
vt 1.000000 -0.000000
vt 1.000000 -1.000000
vt 0.000000 -0.000000
vt 0.000000 -1.000000
vt 1.000000 -0.000000
vt 1.000000 -1.000000
vt 0.000000 -0.000000
g studio.a10.mesh_0
f 196/196/196 197/197/197 195/195/195
f 29/29/29 39/39/39 26/26/26
f 35/35/35 39/39/39 29/29/29
f 33/33/33 39/39/39 35/35/35
f 34/34/34 33/33/33 35/35/35
f 36/36/36 38/38/38 34/34/34
f 32/32/32 36/36/36 34/34/34
f 32/32/32 34/34/34 35/35/35
f 15/15/15 32/32/32 35/35/35
f 61/61/61 15/15/15 35/35/35
f 62/62/62 15/15/15 61/61/61
f 63/63/63 62/62/62 61/61/61
f 59/59/59 63/63/63 61/61/61
f 47/47/47 59/59/59 61/61/61
f 45/45/45 59/59/59 47/47/47
f 49/49/49 45/45/45 47/47/47
f 48/48/48 49/49/49 47/47/47
f 1054/1054/1054 1053/1053/1053 1052/1052/1052
f 1054/1054/1054 1051/1051/1051 1049/1049/1049
f 1014/1014/1014 1016/1016/1016 1019/1019/1019
f 1018/1018/1018 1016/1016/1016 1012/1012/1012
f 1016/1016/1016 1018/1018/1018 1017/1017/1017
f 1019/1019/1019 1016/1016/1016 1017/1017/1017
f 1015/1015/1015 1019/1019/1019 1017/1017/1017
f 1011/1011/1011 1008/1008/1008 1009/1009/1009
f 1007/1007/1007 1006/1006/1006 1011/1011/1011
f 1011/1011/1011 1013/1013/1013 1007/1007/1007
f 1013/1013/1013 1011/1011/1011 1009/1009/1009
f 1010/1010/1010 1013/1013/1013 1009/1009/1009
f 982/982/982 984/984/984 986/986/986
f 987/987/987 984/984/984 980/980/980
f 984/984/984 987/987/987 985/985/985
f 986/986/986 984/984/984 985/985/985
f 983/983/983 986/986/986 985/985/985
f 978/978/978 976/976/976 977/977/977
f 975/975/975 974/974/974 978/978/978
f 978/978/978 981/981/981 975/975/975
f 981/981/981 978/978/978 977/977/977
f 979/979/979 981/981/981 977/977/977
f 955/955/955 956/956/956 954/954/954
f 955/955/955 957/957/957 956/956/956
f 943/943/943 944/944/944 942/942/942
f 943/943/943 945/945/945 944/944/944
f 939/939/939 940/940/940 938/938/938
f 939/939/939 941/941/941 940/940/940
f 924/924/924 926/926/926 931/931/931
f 921/921/921 926/926/926 924/924/924
f 922/922/922 921/921/921 923/923/923
f 924/924/924 923/923/923 921/921/921
f 897/897/897 898/898/898 926/926/926
f 886/886/886 922/922/922 928/928/928
f 923/923/923 928/928/928 922/922/922
f 929/929/929 928/928/928 923/923/923
f 932/932/932 928/928/928 929/929/929
f 931/931/931 932/932/932 929/929/929
f 933/933/933 932/932/932 931/931/931
f 931/931/931 926/926/926 933/933/933
f 933/933/933 926/926/926 930/930/930
f 930/930/930 926/926/926 898/898/898
f 898/898/898 927/927/927 930/930/930
f 930/930/930 927/927/927 925/925/925
f 927/927/927 928/928/928 925/925/925
f 925/925/925 928/928/928 932/932/932
f 913/913/913 919/919/919 910/910/910
f 912/912/912 918/918/918 920/920/920
f 911/911/911 918/918/918 912/912/912
f 912/912/912 910/910/910 911/911/911
f 909/909/909 911/911/911 910/910/910
f 910/910/910 919/919/919 909/909/909
f 908/908/908 909/909/909 919/919/919
f 884/884/884 891/891/891 885/885/885
f 918/918/918 885/885/885 891/891/891
f 891/891/891 895/895/895 918/918/918
f 914/914/914 918/918/918 895/895/895
f 895/895/895 906/906/906 914/914/914
f 916/916/916 914/914/914 906/906/906
f 906/906/906 919/919/919 916/916/916
f 916/916/916 919/919/919 917/917/917
f 917/917/917 919/919/919 913/913/913
f 913/913/913 920/920/920 917/917/917
f 915/915/915 917/917/917 920/920/920
f 920/920/920 918/918/918 915/915/915
f 915/915/915 918/918/918 914/914/914
f 904/904/904 907/907/907 905/905/905
f 902/902/902 905/905/905 907/907/907
f 907/907/907 896/896/896 902/902/902
f 894/894/894 902/902/902 896/896/896
f 896/896/896 890/890/890 894/894/894
f 889/889/889 894/894/894 890/890/890
f 890/890/890 881/881/881 889/889/889
f 880/880/880 889/889/889 881/881/881
f 9/9/9 10/10/10 12/12/12
f 10/10/10 13/13/13 12/12/12
f 12/12/12 13/13/13 14/14/14
f 14/14/14 13/13/13 11/11/11
f 8/8/8 14/14/14 11/11/11
f 7/7/7 8/8/8 11/11/11
f 6/6/6 8/8/8 7/7/7
f 5/5/5 6/6/6 7/7/7
f 4/4/4 5/5/5 7/7/7
f 3/3/3 5/5/5 4/4/4
f 2/2/2 5/5/5 3/3/3
f 65/65/65 5/5/5 2/2/2
f 60/60/60 65/65/65 2/2/2
f 66/66/66 65/65/65 60/60/60
f 64/64/64 65/65/65 66/66/66
f 1/1/1 65/65/65 64/64/64
f 54/54/54 65/65/65 1/1/1
f 46/46/46 54/54/54 1/1/1
f 52/52/52 54/54/54 46/46/46
f 53/53/53 54/54/54 52/52/52
f 850/850/850 851/851/851 847/847/847
f 1047/1047/1047 1050/1050/1050 1046/1046/1046
f 1048/1048/1048 1046/1046/1046 1050/1050/1050
f 1046/1046/1046 1048/1048/1048 1045/1045/1045
f 1044/1044/1044 1045/1045/1045 1048/1048/1048
f 1038/1038/1038 1039/1039/1039 1041/1041/1041
f 1042/1042/1042 1041/1041/1041 1039/1039/1039
f 1041/1041/1041 1042/1042/1042 1043/1043/1043
f 1040/1040/1040 1043/1043/1043 1042/1042/1042
f 1037/1037/1037 1034/1034/1034 1035/1035/1035
f 1036/1036/1036 1037/1037/1037 1035/1035/1035
f 1033/1033/1033 1030/1030/1030 1031/1031/1031
f 1032/1032/1032 1033/1033/1033 1031/1031/1031
f 1029/1029/1029 1026/1026/1026 1028/1028/1028
f 1027/1027/1027 1029/1029/1029 1028/1028/1028
f 1021/1021/1021 1020/1020/1020 1024/1024/1024
f 1023/1023/1023 1021/1021/1021 1024/1024/1024
f 1023/1023/1023 1024/1024/1024 1025/1025/1025
f 1024/1024/1024 1022/1022/1022 1025/1025/1025
f 973/973/973 970/970/970 971/971/971
f 972/972/972 973/973/973 971/971/971
f 969/969/969 966/966/966 968/968/968
f 967/967/967 969/969/969 968/968/968
f 965/965/965 962/962/962 963/963/963
f 964/964/964 965/965/965 963/963/963
f 961/961/961 958/958/958 960/960/960
f 959/959/959 961/961/961 960/960/960
f 952/952/952 953/953/953 951/951/951
f 950/950/950 952/952/952 951/951/951
f 947/947/947 948/948/948 949/949/949
f 946/946/946 947/947/947 949/949/949
f 935/935/935 936/936/936 937/937/937
f 934/934/934 935/935/935 937/937/937
f 875/875/875 864/864/864 874/874/874
f 875/875/875 874/874/874 869/869/869
f 740/740/740 741/741/741 739/739/739
f 738/738/738 739/739/739 741/741/741
f 736/736/736 737/737/737 735/735/735
f 734/734/734 735/735/735 737/737/737
f 742/742/742 745/745/745 744/744/744
f 743/743/743 744/744/744 745/745/745
f 744/744/744 743/743/743 732/732/732
f 733/733/733 732/732/732 743/743/743
f 732/732/732 733/733/733 730/730/730
f 731/731/731 730/730/730 733/733/733
f 730/730/730 731/731/731 729/729/729
f 728/728/728 729/729/729 731/731/731
f 729/729/729 728/728/728 726/726/726
f 727/727/727 726/726/726 728/728/728
f 726/726/726 727/727/727 725/725/725
f 724/724/724 725/725/725 727/727/727
f 725/725/725 724/724/724 723/723/723
f 722/722/722 723/723/723 724/724/724
f 723/723/723 722/722/722 721/721/721
f 720/720/720 721/721/721 722/722/722
f 715/715/715 717/717/717 716/716/716
f 714/714/714 716/716/716 717/717/717
f 708/708/708 710/710/710 707/707/707
f 706/706/706 707/707/707 710/710/710
f 702/702/702 697/697/697 703/703/703
f 702/702/702 703/703/703 698/698/698
f 689/689/689 687/687/687 686/686/686
f 689/689/689 686/686/686 691/691/691
f 689/689/689 691/691/691 688/688/688
f 749/749/749 748/748/748 746/746/746
f 748/748/748 749/749/749 747/747/747
f 785/785/785 792/792/792 787/787/787
f 791/791/791 787/787/787 792/792/792
f 791/791/791 792/792/792 719/719/719
f 718/718/718 719/719/719 792/792/792
f 866/866/866 683/683/683 861/861/861
f 866/866/866 861/861/861 867/867/867
f 866/866/866 867/867/867 865/865/865
f 866/866/866 865/865/865 684/684/684
f 695/695/695 692/692/692 690/690/690
f 695/695/695 693/693/693 692/692/692
f 695/695/695 694/694/694 693/693/693
f 700/700/700 704/704/704 713/713/713
f 700/700/700 713/713/713 696/696/696
f 677/677/677 676/676/676 674/674/674
f 680/680/680 677/677/677 674/674/674
f 678/678/678 677/677/677 680/680/680
f 682/682/682 678/678/678 680/680/680
f 681/681/681 678/678/678 682/682/682
f 651/651/651 681/681/681 682/682/682
f 652/652/652 681/681/681 651/651/651
f 653/653/653 652/652/652 651/651/651
f 655/655/655 652/652/652 653/653/653
f 654/654/654 655/655/655 653/653/653
f 657/657/657 655/655/655 654/654/654
f 656/656/656 657/657/657 654/654/654
f 658/658/658 657/657/657 656/656/656
f 659/659/659 658/658/658 656/656/656
f 660/660/660 658/658/658 659/659/659
f 699/699/699 660/660/660 659/659/659
f 704/704/704 660/660/660 699/699/699
f 709/709/709 704/704/704 699/699/699
f 713/713/713 704/704/704 709/709/709
f 709/709/709 712/712/712 713/713/713
f 711/711/711 713/713/713 712/712/712
f 701/701/701 709/709/709 699/699/699
f 705/705/705 709/709/709 701/701/701
f 661/661/661 705/705/705 701/701/701
f 666/666/666 863/863/863 665/665/665
f 666/666/666 649/649/649 863/863/863
f 863/863/863 649/649/649 868/868/868
f 871/871/871 863/863/863 868/868/868
f 870/870/870 871/871/871 868/868/868
f 675/675/675 870/870/870 868/868/868
f 672/672/672 675/675/675 868/868/868
f 673/673/673 675/675/675 672/672/672
f 873/873/873 685/685/685 876/876/876
f 862/862/862 860/860/860 879/879/879
f 862/862/862 879/879/879 872/872/872
f 872/872/872 879/879/879 877/877/877
f 876/876/876 872/872/872 877/877/877
f 876/876/876 877/877/877 878/878/878
f 873/873/873 876/876/876 878/878/878
f 873/873/873 878/878/878 679/679/679
f 681/681/681 671/671/671 678/678/678
f 681/681/681 668/668/668 671/671/671
f 668/668/668 667/667/667 671/671/671
f 668/668/668 670/670/670 667/667/667
f 670/670/670 669/669/669 667/667/667
f 670/670/670 650/650/650 669/669/669
f 616/616/616 618/618/618 615/615/615
f 617/617/617 615/615/615 618/618/618
f 615/615/615 617/617/617 614/614/614
f 613/613/613 614/614/614 617/617/617
f 604/604/604 602/602/602 606/606/606
f 604/604/604 606/606/606 603/603/603
f 585/585/585 586/586/586 584/584/584
f 583/583/583 584/584/584 586/586/586
f 584/584/584 583/583/583 576/576/576
f 575/575/575 576/576/576 583/583/583
f 576/576/576 575/575/575 578/578/578
f 579/579/579 578/578/578 575/575/575
f 578/578/578 579/579/579 582/582/582
f 581/581/581 582/582/582 579/579/579
f 582/582/582 581/581/581 580/580/580
f 577/577/577 580/580/580 581/581/581
f 563/563/563 562/562/562 564/564/564
f 561/561/561 563/563/563 564/564/564
f 458/458/458 459/459/459 504/504/504
f 503/503/503 504/504/504 459/459/459
f 504/504/504 503/503/503 506/506/506
f 505/505/505 506/506/506 503/503/503
f 506/506/506 505/505/505 508/508/508
f 507/507/507 508/508/508 505/505/505
f 508/508/508 507/507/507 497/497/497
f 496/496/496 497/497/497 507/507/507
f 456/456/456 457/457/457 455/455/455
f 454/454/454 455/455/455 457/457/457
f 445/445/445 447/447/447 446/446/446
f 444/444/444 446/446/446 447/447/447
f 441/441/441 443/443/443 442/442/442
f 440/440/440 442/442/442 443/443/443
f 437/437/437 439/439/439 438/438/438
f 436/436/436 438/438/438 439/439/439
f 433/433/433 435/435/435 434/434/434
f 432/432/432 434/434/434 435/435/435
f 430/430/430 431/431/431 429/429/429
f 428/428/428 429/429/429 431/431/431
f 425/425/425 427/427/427 426/426/426
f 424/424/424 426/426/426 427/427/427
f 419/419/419 420/420/420 418/418/418
f 414/414/414 419/419/419 418/418/418
f 409/409/409 408/408/408 410/410/410
f 406/406/406 409/409/409 410/410/410
f 400/400/400 391/391/391 394/394/394
f 396/396/396 400/400/400 394/394/394
f 376/376/376 379/379/379 377/377/377
f 375/375/375 377/377/377 379/379/379
f 312/312/312 314/314/314 313/313/313
f 311/311/311 313/313/313 314/314/314
f 304/304/304 307/307/307 305/305/305
f 303/303/303 305/305/305 307/307/307
f 300/300/300 302/302/302 301/301/301
f 299/299/299 301/301/301 302/302/302
f 296/296/296 298/298/298 297/297/297
f 295/295/295 297/297/297 298/298/298
f 286/286/286 288/288/288 287/287/287
f 285/285/285 287/287/287 288/288/288
f 292/292/292 294/294/294 291/291/291
f 293/293/293 291/291/291 294/294/294
f 291/291/291 293/293/293 290/290/290
f 289/289/289 290/290/290 293/293/293
f 290/290/290 289/289/289 284/284/284
f 283/283/283 284/284/284 289/289/289
f 281/281/281 282/282/282 309/309/309
f 310/310/310 309/309/309 282/282/282
f 309/309/309 310/310/310 308/308/308
f 306/306/306 308/308/308 310/310/310
f 275/275/275 277/277/277 280/280/280
f 278/278/278 280/280/280 277/277/277
f 280/280/280 278/278/278 279/279/279
f 276/276/276 279/279/279 278/278/278
f 272/272/272 274/274/274 273/273/273
f 271/271/271 273/273/273 274/274/274
f 252/252/252 255/255/255 251/251/251
f 250/250/250 251/251/251 255/255/255
f 247/247/247 249/249/249 248/248/248
f 246/246/246 248/248/248 249/249/249
f 236/236/236 238/238/238 240/240/240
f 242/242/242 240/240/240 238/238/238
f 240/240/240 242/242/242 241/241/241
f 237/237/237 241/241/241 242/242/242
f 232/232/232 234/234/234 254/254/254
f 253/253/253 254/254/254 234/234/234
f 254/254/254 253/253/253 256/256/256
f 256/256/256 253/253/253 235/235/235
f 233/233/233 235/235/235 253/253/253
f 205/205/205 207/207/207 206/206/206
f 204/204/204 206/206/206 207/207/207
f 72/72/72 81/81/81 73/73/73
f 71/71/71 73/73/73 81/81/81
f 69/69/69 70/70/70 68/68/68
f 67/67/67 68/68/68 70/70/70
f 1005/1005/1005 1002/1002/1002 1004/1004/1004
f 1003/1003/1003 1005/1005/1005 1004/1004/1004
f 1001/1001/1001 998/998/998 999/999/999
f 1000/1000/1000 1001/1001/1001 999/999/999
f 997/997/997 994/994/994 995/995/995
f 996/996/996 997/997/997 995/995/995
f 776/776/776 793/793/793 783/783/783
f 775/775/775 783/783/783 793/793/793
f 782/782/782 783/783/783 775/775/775
f 783/783/783 782/782/782 784/784/784
f 778/778/778 784/784/784 782/782/782
f 803/803/803 802/802/802 806/806/806
f 802/802/802 803/803/803 799/799/799
f 798/798/798 799/799/799 803/803/803
f 799/799/799 798/798/798 796/796/796
f 795/795/795 796/796/796 798/798/798
f 796/796/796 795/795/795 794/794/794
f 793/793/793 794/794/794 795/795/795
f 808/808/808 811/811/811 806/806/806
f 810/810/810 811/811/811 808/808/808
f 811/811/811 810/810/810 848/848/848
f 849/849/849 848/848/848 810/810/810
f 848/848/848 849/849/849 842/842/842
f 838/838/838 842/842/842 849/849/849
f 842/842/842 838/838/838 815/815/815
f 645/645/645 644/644/644 641/641/641
f 644/644/644 645/645/645 647/647/647
f 648/648/648 647/647/647 645/645/645
f 647/647/647 648/648/648 646/646/646
f 640/640/640 642/642/642 639/639/639
f 642/642/642 640/640/640 643/643/643
f 638/638/638 643/643/643 640/640/640
f 643/643/643 638/638/638 637/637/637
f 634/634/634 635/635/635 633/633/633
f 635/635/635 634/634/634 636/636/636
f 632/632/632 636/636/636 634/634/634
f 636/636/636 632/632/632 631/631/631
f 627/627/627 626/626/626 625/625/625
f 626/626/626 627/627/627 630/630/630
f 629/629/629 630/630/630 627/627/627
f 630/630/630 629/629/629 628/628/628
f 621/621/621 620/620/620 619/619/619
f 620/620/620 621/621/621 624/624/624
f 623/623/623 624/624/624 621/621/621
f 624/624/624 623/623/623 622/622/622
f 610/610/610 611/611/611 608/608/608
f 610/610/610 612/612/612 611/611/611
f 600/600/600 601/601/601 599/599/599
f 777/777/777 779/779/779 780/780/780
f 781/781/781 780/780/780 779/779/779
f 780/780/780 781/781/781 774/774/774
f 774/774/774 781/781/781 773/773/773
f 772/772/772 773/773/773 781/781/781
f 770/770/770 771/771/771 769/769/769
f 768/768/768 769/769/769 771/771/771
f 530/530/530 531/531/531 529/529/529
f 528/528/528 530/530/530 529/529/529
f 525/525/525 526/526/526 527/527/527
f 524/524/524 525/525/525 527/527/527
f 498/498/498 499/499/499 501/501/501
f 500/500/500 501/501/501 499/499/499
f 501/501/501 500/500/500 509/509/509
f 511/511/511 509/509/509 500/500/500
f 509/509/509 511/511/511 510/510/510
f 502/502/502 510/510/510 511/511/511
f 484/484/484 488/488/488 485/485/485
f 486/486/486 485/485/485 488/488/488
f 485/485/485 486/486/486 513/513/513
f 514/514/514 513/513/513 486/486/486
f 514/514/514 515/515/515 513/513/513
f 512/512/512 513/513/513 515/515/515
f 591/591/591 596/596/596 590/590/590
f 594/594/594 596/596/596 591/591/591
f 594/594/594 598/598/598 596/596/596
f 598/598/598 597/597/597 596/596/596
f 588/588/588 589/589/589 587/587/587
f 471/471/471 473/473/473 472/472/472
f 470/470/470 472/472/472 473/473/473
f 474/474/474 477/477/477 475/475/475
f 476/476/476 475/475/475 477/477/477
f 475/475/475 476/476/476 469/469/469
f 468/468/468 469/469/469 476/476/476
f 466/466/466 467/467/467 465/465/465
f 464/464/464 465/465/465 467/467/467
f 461/461/461 463/463/463 462/462/462
f 460/460/460 462/462/462 463/463/463
f 353/353/353 354/354/354 352/352/352
f 351/351/351 352/352/352 354/354/354
f 349/349/349 350/350/350 348/348/348
f 347/347/347 348/348/348 350/350/350
f 344/344/344 346/346/346 345/345/345
f 343/343/343 345/345/345 346/346/346
f 340/340/340 342/342/342 341/341/341
f 339/339/339 341/341/341 342/342/342
f 336/336/336 338/338/338 337/337/337
f 335/335/335 337/337/337 338/338/338
f 332/332/332 334/334/334 333/333/333
f 331/331/331 333/333/333 334/334/334
f 328/328/328 330/330/330 329/329/329
f 327/327/327 329/329/329 330/330/330
f 325/325/325 326/326/326 324/324/324
f 323/323/323 324/324/324 326/326/326
f 321/321/321 322/322/322 320/320/320
f 319/319/319 320/320/320 322/322/322
f 315/315/315 316/316/316 318/318/318
f 317/317/317 318/318/318 316/316/316
f 399/399/399 397/397/397 390/390/390
f 398/398/398 397/397/397 399/399/399
f 383/383/383 397/397/397 398/398/398
f 230/230/230 397/397/397 383/383/383
f 397/397/397 230/230/230 231/231/231
f 229/229/229 231/231/231 230/230/230
f 222/222/222 224/224/224 226/226/226
f 225/225/225 226/226/226 224/224/224
f 226/226/226 225/225/225 227/227/227
f 223/223/223 227/227/227 225/225/225
f 220/220/220 221/221/221 219/219/219
f 218/218/218 219/219/219 221/221/221
f 191/191/191 189/189/189 177/177/177
f 191/191/191 177/177/177 178/178/178
f 184/184/184 174/174/174 177/177/177
f 184/184/184 177/177/177 189/189/189
f 189/189/189 190/190/190 184/184/184
f 190/190/190 189/189/189 194/194/194
f 191/191/191 194/194/194 189/189/189
f 194/194/194 191/191/191 193/193/193
f 192/192/192 193/193/193 191/191/191
f 191/191/191 178/178/178 192/192/192
f 178/178/178 179/179/179 192/192/192
f 183/183/183 184/184/184 190/190/190
f 199/199/199 200/200/200 198/198/198
f 199/199/199 198/198/198 180/180/180
f 181/181/181 199/199/199 180/180/180
f 176/176/176 199/199/199 181/181/181
f 176/176/176 187/187/187 199/199/199
f 187/187/187 176/176/176 175/175/175
f 187/187/187 175/175/175 186/186/186
f 186/186/186 185/185/185 187/187/187
f 188/188/188 187/187/187 185/185/185
f 187/187/187 188/188/188 199/199/199
f 182/182/182 199/199/199 188/188/188
f 165/165/165 167/167/167 164/164/164
f 162/162/162 164/164/164 167/167/167
f 160/160/160 159/159/159 161/161/161
f 158/158/158 160/160/160 161/161/161
f 150/150/150 151/151/151 169/169/169
f 173/173/173 169/169/169 151/151/151
f 169/169/169 173/173/173 168/168/168
f 166/166/166 168/168/168 173/173/173
f 120/120/120 132/132/132 121/121/121
f 122/122/122 121/121/121 132/132/132
f 134/134/134 136/136/136 140/140/140
f 141/141/141 140/140/140 136/136/136
f 136/136/136 135/135/135 141/141/141
f 141/141/141 135/135/135 132/132/132
f 132/132/132 135/135/135 122/122/122
f 138/138/138 122/122/122 135/135/135
f 111/111/111 112/112/112 136/136/136
f 135/135/135 136/136/136 112/112/112
f 106/106/106 107/107/107 103/103/103
f 107/107/107 106/106/106 110/110/110
f 108/108/108 110/110/110 106/106/106
f 110/110/110 108/108/108 109/109/109
f 104/104/104 109/109/109 108/108/108
f 109/109/109 104/104/104 105/105/105
f 116/116/116 105/105/105 104/104/104
f 105/105/105 116/116/116 102/102/102
f 117/117/117 102/102/102 116/116/116
f 102/102/102 117/117/117 101/101/101
f 114/114/114 101/101/101 117/117/117
f 101/101/101 114/114/114 137/137/137
f 139/139/139 137/137/137 114/114/114
f 138/138/138 137/137/137 139/139/139
f 137/137/137 138/138/138 100/100/100
f 135/135/135 100/100/100 138/138/138
f 100/100/100 135/135/135 99/99/99
f 112/112/112 99/99/99 135/135/135
f 113/113/113 139/139/139 115/115/115
f 114/114/114 115/115/115 139/139/139
f 115/115/115 114/114/114 118/118/118
f 117/117/117 118/118/118 114/114/114
f 118/118/118 117/117/117 119/119/119
f 116/116/116 119/119/119 117/117/117
f 99/99/99 112/112/112 98/98/98
f 145/145/145 98/98/98 112/112/112
f 98/98/98 145/145/145 142/142/142
f 142/142/142 145/145/145 146/146/146
f 146/146/146 145/145/145 143/143/143
f 663/663/663 662/662/662 826/826/826
f 663/663/663 826/826/826 829/829/829
f 663/663/663 829/829/829 831/831/831
f 829/829/829 823/823/823 831/831/831
f 832/832/832 831/831/831 823/823/823
f 831/831/831 832/832/832 828/828/828
f 823/823/823 829/829/829 830/830/830
f 830/830/830 829/829/829 827/827/827
f 827/827/827 829/829/829 825/825/825
f 826/826/826 825/825/825 829/829/829
f 825/825/825 826/826/826 824/824/824
f 824/824/824 826/826/826 822/822/822
f 19/19/19 20/20/20 27/27/27
f 20/20/20 24/24/24 27/27/27
f 27/27/27 24/24/24 21/21/21
f 21/21/21 24/24/24 23/23/23
f 18/18/18 21/21/21 23/23/23
f 22/22/22 21/21/21 18/18/18
f 25/25/25 22/22/22 18/18/18
f 28/28/28 22/22/22 25/25/25
f 30/30/30 22/22/22 28/28/28
f 30/30/30 28/28/28 40/40/40
f 17/17/17 30/30/30 40/40/40
f 31/31/31 17/17/17 40/40/40
f 31/31/31 40/40/40 37/37/37
f 16/16/16 31/31/31 37/37/37
f 574/574/574 573/573/573 566/566/566
f 574/574/574 572/572/572 573/573/573
f 574/574/574 571/571/571 572/572/572
f 570/570/570 572/572/572 571/571/571
f 560/560/560 558/558/558 557/557/557
f 560/560/560 559/559/559 558/558/558
f 555/555/555 556/556/556 554/554/554
f 762/762/762 765/765/765 766/766/766
f 767/767/767 766/766/766 765/765/765
f 766/766/766 767/767/767 763/763/763
f 764/764/764 763/763/763 767/767/767
f 763/763/763 764/764/764 760/760/760
f 761/761/761 760/760/760 764/764/764
f 760/760/760 761/761/761 759/759/759
f 758/758/758 759/759/759 761/761/761
f 759/759/759 758/758/758 756/756/756
f 757/757/757 756/756/756 758/758/758
f 756/756/756 757/757/757 754/754/754
f 755/755/755 754/754/754 757/757/757
f 754/754/754 755/755/755 753/753/753
f 752/752/752 753/753/753 755/755/755
f 753/753/753 752/752/752 786/786/786
f 789/789/789 786/786/786 752/752/752
f 789/789/789 788/788/788 786/786/786
f 790/790/790 786/786/786 788/788/788
f 790/790/790 788/788/788 751/751/751
f 750/750/750 751/751/751 788/788/788
f 553/553/553 551/551/551 550/550/550
f 553/553/553 552/552/552 551/551/551
f 549/549/549 548/548/548 546/546/546
f 549/549/549 547/547/547 548/548/548
f 541/541/541 542/542/542 540/540/540
f 261/261/261 262/262/262 259/259/259
f 260/260/260 259/259/259 262/262/262
f 259/259/259 260/260/260 257/257/257
f 258/258/258 257/257/257 260/260/260
f 257/257/257 258/258/258 264/264/264
f 263/263/263 264/264/264 258/258/258
f 264/264/264 263/263/263 266/266/266
f 265/265/265 266/266/266 263/263/263
f 266/266/266 265/265/265 270/270/270
f 269/269/269 270/270/270 265/265/265
f 270/270/270 269/269/269 268/268/268
f 267/267/267 268/268/268 269/269/269
f 901/901/901 903/903/903 900/900/900
f 899/899/899 900/900/900 903/903/903
f 903/903/903 893/893/893 899/899/899
f 892/892/892 899/899/899 893/893/893
f 893/893/893 888/888/888 892/892/892
f 887/887/887 892/892/892 888/888/888
f 888/888/888 883/883/883 887/887/887
f 882/882/882 887/887/887 883/883/883
f 833/833/833 664/664/664 845/845/845
f 845/845/845 846/846/846 833/833/833
f 846/846/846 845/845/845 843/843/843
f 841/841/841 843/843/843 845/845/845
f 843/843/843 841/841/841 837/837/837
f 839/839/839 837/837/837 841/841/841
f 837/837/837 839/839/839 840/840/840
f 844/844/844 840/840/840 839/839/839
f 840/840/840 844/844/844 836/836/836
f 836/836/836 844/844/844 835/835/835
f 839/839/839 664/664/664 844/844/844
f 845/845/845 664/664/664 839/839/839
f 841/841/841 845/845/845 839/839/839
f 989/989/989 988/988/988 993/993/993
f 992/992/992 989/989/989 993/993/993
f 992/992/992 993/993/993 991/991/991
f 993/993/993 990/990/990 991/991/991
f 452/452/452 593/593/593 453/453/453
f 595/595/595 453/453/453 593/593/593
f 593/593/593 592/592/592 595/595/595
f 592/592/592 481/481/481 595/595/595
f 480/480/480 595/595/595 481/481/481
f 450/450/450 451/451/451 449/449/449
f 448/448/448 451/451/451 450/450/450
f 422/422/422 423/423/423 421/421/421
f 402/402/402 423/423/423 405/405/405
f 404/404/404 402/402/402 405/405/405
f 404/404/404 405/405/405 403/403/403
f 412/412/412 413/413/413 411/411/411
f 202/202/202 413/413/413 201/201/201
f 365/365/365 366/366/366 364/364/364
f 43/43/43 44/44/44 41/41/41
f 42/42/42 44/44/44 43/43/43
f 57/57/57 79/79/79 58/58/58
f 82/82/82 58/58/58 79/79/79
f 79/79/79 83/83/83 82/82/82
f 82/82/82 83/83/83 75/75/75
f 75/75/75 83/83/83 77/77/77
f 80/80/80 75/75/75 77/77/77
f 74/74/74 80/80/80 77/77/77
f 74/74/74 77/77/77 78/78/78
f 55/55/55 74/74/74 78/78/78
f 55/55/55 78/78/78 51/51/51
f 55/55/55 51/51/51 50/50/50
f 76/76/76 83/83/83 79/79/79
f 83/83/83 78/78/78 77/77/77
f 84/84/84 78/78/78 83/83/83
f 76/76/76 84/84/84 83/83/83
f 56/56/56 84/84/84 76/76/76
f 362/362/362 363/363/363 361/361/361
f 153/153/153 172/172/172 171/171/171
f 171/171/171 172/172/172 170/170/170
f 170/170/170 172/172/172 163/163/163
f 152/152/152 163/163/163 172/172/172
f 244/244/244 245/245/245 243/243/243
f 157/157/157 155/155/155 154/154/154
f 157/157/157 156/156/156 155/155/155
f 387/387/387 395/395/395 388/388/388
f 395/395/395 389/389/389 388/388/388
f 389/389/389 395/395/395 392/392/392
f 395/395/395 393/393/393 392/392/392
f 393/393/393 385/385/385 392/392/392
f 385/385/385 393/393/393 384/384/384
f 228/228/228 385/385/385 384/384/384
f 392/392/392 386/386/386 389/389/389
f 381/381/381 382/382/382 380/380/380
f 378/378/378 380/380/380 382/382/382
f 382/382/382 356/356/356 378/378/378
f 355/355/355 378/378/378 356/356/356
f 543/543/543 545/545/545 239/239/239
f 543/543/543 544/544/544 545/545/545
f 217/217/217 216/216/216 215/215/215
f 216/216/216 217/217/217 214/214/214
f 213/213/213 214/214/214 217/217/217
f 214/214/214 213/213/213 212/212/212
f 211/211/211 212/212/212 213/213/213
f 369/369/369 371/371/371 368/368/368
f 367/367/367 368/368/368 371/371/371
f 371/371/371 358/358/358 367/367/367
f 357/357/357 367/367/367 358/358/358
f 209/209/209 210/210/210 208/208/208
f 372/372/372 374/374/374 373/373/373
f 370/370/370 373/373/373 374/374/374
f 374/374/374 360/360/360 370/370/370
f 359/359/359 370/370/370 360/360/360
f 407/407/407 416/416/416 203/203/203
f 415/415/415 416/416/416 407/407/407
f 417/417/417 416/416/416 415/415/415
f 416/416/416 417/417/417 401/401/401
f 128/128/128 144/144/144 133/133/133
f 144/144/144 128/128/128 85/85/85
f 86/86/86 85/85/85 128/128/128
f 85/85/85 86/86/86 88/88/88
f 87/87/87 88/88/88 86/86/86
f 88/88/88 87/87/87 89/89/89
f 90/90/90 89/89/89 87/87/87
f 89/89/89 90/90/90 91/91/91
f 97/97/97 91/91/91 90/90/90
f 91/91/91 97/97/97 93/93/93
f 94/94/94 93/93/93 97/97/97
f 93/93/93 94/94/94 96/96/96
f 95/95/95 96/96/96 94/94/94
f 96/96/96 95/95/95 92/92/92
f 129/129/129 133/133/133 131/131/131
f 130/130/130 131/131/131 133/133/133
f 133/133/133 144/144/144 130/130/130
f 130/130/130 144/144/144 147/147/147
f 148/148/148 147/147/147 144/144/144
f 149/149/149 147/147/147 148/148/148
f 127/127/127 147/147/147 149/149/149
f 147/147/147 127/127/127 124/124/124
f 124/124/124 127/127/127 125/125/125
f 125/125/125 126/126/126 124/124/124
f 123/123/123 124/124/124 126/126/126
f 854/854/854 857/857/857 817/817/817
f 857/857/857 854/854/854 858/858/858
f 859/859/859 858/858/858 854/854/854
f 858/858/858 859/859/859 834/834/834
f 853/853/853 852/852/852 816/816/816
f 852/852/852 853/853/853 855/855/855
f 856/856/856 855/855/855 853/853/853
f 855/855/855 856/856/856 819/819/819
f 821/821/821 820/820/820 814/814/814
f 820/820/820 821/821/821 818/818/818
f 813/813/813 809/809/809 807/807/807
f 809/809/809 813/813/813 812/812/812
f 812/812/812 813/813/813 814/814/814
f 801/801/801 800/800/800 797/797/797
f 800/800/800 801/801/801 805/805/805
f 804/804/804 805/805/805 801/801/801
f 805/805/805 804/804/804 807/807/807
f 478/478/478 482/482/482 479/479/479
f 483/483/483 479/479/479 482/482/482
f 482/482/482 607/607/607 483/483/483
f 609/609/609 483/483/483 607/607/607
f 605/605/605 609/609/609 607/607/607
f 539/539/539 538/538/538 536/536/536
f 539/539/539 537/537/537 538/538/538
f 535/535/535 533/533/533 532/532/532
f 535/535/535 534/534/534 533/533/533
f 568/568/568 567/567/567 565/565/565
f 565/565/565 568/568/568 567/567/567
f 568/568/568 565/565/565 569/569/569
f 565/565/565 569/569/569 568/568/568
f 520/520/520 522/522/522 523/523/523
f 521/521/521 523/523/523 522/522/522
f 521/521/521 522/522/522 492/492/492
f 494/494/494 521/521/521 492/492/492
f 495/495/495 494/494/494 492/492/492
f 495/495/495 493/493/493 494/494/494
f 516/516/516 517/517/517 519/519/519
f 518/518/518 519/519/519 517/517/517
f 518/518/518 517/517/517 491/491/491
f 489/489/489 491/491/491 517/517/517
f 491/491/491 489/489/489 490/490/490
f 487/487/487 490/490/490 489/489/489
g studio.a10.mesh_1
f 1150/1150/1150 1151/1151/1151 1153/1153/1153
f 1152/1152/1152 1156/1156/1156 1151/1151/1151
f 1158/1158/1158 1159/1159/1159 1156/1156/1156
f 1157/1157/1157 1154/1154/1154 1153/1153/1153
f 1155/1155/1155 1157/1157/1157 1159/1159/1159
f 2721/2721/2721 2718/2718/2718 2737/2737/2737
f 1690/1690/1690 2737/2737/2737 2718/2718/2718
f 1325/1325/1325 1499/1499/1499 2652/2652/2652
f 1531/1531/1531 2652/2652/2652 1499/1499/1499
f 1531/1531/1531 2590/2590/2590 2652/2652/2652
f 2737/2737/2737 2590/2590/2590 1531/1531/1531
f 2721/2721/2721 2737/2737/2737 1531/1531/1531
f 2721/2721/2721 1531/1531/1531 2733/2733/2733
f 2721/2721/2721 2733/2733/2733 2718/2718/2718
f 2436/2436/2436 2718/2718/2718 2733/2733/2733
f 2101/2101/2101 2718/2718/2718 2436/2436/2436
f 2101/2101/2101 1690/1690/1690 2718/2718/2718
f 2670/2670/2670 1690/1690/1690 2101/2101/2101
f 1502/1502/1502 2733/2733/2733 1531/1531/1531
f 1502/1502/1502 1531/1531/1531 1499/1499/1499
f 2420/2420/2420 1220/1220/1220 1323/1323/1323
f 2420/2420/2420 2733/2733/2733 1220/1220/1220
f 2436/2436/2436 2733/2733/2733 2420/2420/2420
f 1635/1635/1635 1636/1636/1636 1633/1633/1633
f 1526/1526/1526 1636/1636/1636 1635/1635/1635
f 1686/1686/1686 1526/1526/1526 1635/1635/1635
f 2674/2674/2674 1526/1526/1526 1686/1686/1686
f 2671/2671/2671 2674/2674/2674 1686/1686/1686
f 2671/2671/2671 2692/2692/2692 2674/2674/2674
f 2671/2671/2671 2670/2670/2670 2692/2692/2692
f 2671/2671/2671 1686/1686/1686 2670/2670/2670
f 2670/2670/2670 1686/1686/1686 1690/1690/1690
f 1686/1686/1686 1635/1635/1635 1690/1690/1690
f 1690/1690/1690 1635/1635/1635 2737/2737/2737
f 1635/1635/1635 1633/1633/1633 2737/2737/2737
f 2737/2737/2737 1633/1633/1633 2590/2590/2590
f 1633/1633/1633 2633/2633/2633 2590/2590/2590
f 2590/2590/2590 2633/2633/2633 2648/2648/2648
f 2590/2590/2590 2648/2648/2648 2652/2652/2652
f 2652/2652/2652 2648/2648/2648 2359/2359/2359
f 2652/2652/2652 2359/2359/2359 1325/1325/1325
f 2364/2364/2364 1325/1325/1325 2359/2359/2359
f 2359/2359/2359 2374/2374/2374 2364/2364/2364
f 2364/2364/2364 2374/2374/2374 1241/1241/1241
f 2359/2359/2359 2648/2648/2648 2374/2374/2374
f 1172/1172/1172 2674/2674/2674 2692/2692/2692
f 1522/1522/1522 2134/2134/2134 1636/1636/1636
f 1526/1526/1526 1522/1522/1522 1636/1636/1636
f 1411/1411/1411 1522/1522/1522 1526/1526/1526
f 2674/2674/2674 1411/1411/1411 1526/1526/1526
f 1410/1410/1410 1411/1411/1411 2674/2674/2674
f 1172/1172/1172 1410/1410/1410 2674/2674/2674
f 1147/1147/1147 1410/1410/1410 1172/1172/1172
f 2534/2534/2534 2633/2633/2633 2135/2135/2135
f 1633/1633/1633 2135/2135/2135 2633/2633/2633
f 2780/2780/2780 2235/2235/2235 1701/1701/1701
f 2780/2780/2780 2791/2791/2791 2235/2235/2235
f 2783/2783/2783 2791/2791/2791 2780/2780/2780
f 2762/2762/2762 2791/2791/2791 2783/2783/2783
f 1691/1691/1691 2762/2762/2762 2783/2783/2783
f 2374/2374/2374 2762/2762/2762 1691/1691/1691
f 2374/2374/2374 2768/2768/2768 2762/2762/2762
f 2648/2648/2648 2768/2768/2768 2374/2374/2374
f 2648/2648/2648 2759/2759/2759 2768/2768/2768
f 2633/2633/2633 2759/2759/2759 2648/2648/2648
f 2633/2633/2633 2528/2528/2528 2759/2759/2759
f 2528/2528/2528 2633/2633/2633 2534/2534/2534
f 2528/2528/2528 2534/2534/2534 2535/2535/2535
f 2142/2142/2142 2535/2535/2535 2534/2534/2534
f 2534/2534/2534 2135/2135/2135 2142/2142/2142
f 2134/2134/2134 2142/2142/2142 2135/2135/2135
f 2134/2134/2134 2135/2135/2135 1633/1633/1633
f 2134/2134/2134 1633/1633/1633 1636/1636/1636
f 2791/2791/2791 2513/2513/2513 2235/2235/2235
f 2791/2791/2791 2798/2798/2798 2513/2513/2513
f 2754/2754/2754 2798/2798/2798 2791/2791/2791
f 2754/2754/2754 2782/2782/2782 2798/2798/2798
f 2759/2759/2759 2782/2782/2782 2754/2754/2754
f 2768/2768/2768 2759/2759/2759 2754/2754/2754
f 2768/2768/2768 2754/2754/2754 2762/2762/2762
f 2762/2762/2762 2754/2754/2754 2791/2791/2791
f 2802/2802/2802 2533/2533/2533 2794/2794/2794
f 2802/2802/2802 2479/2479/2479 2533/2533/2533
f 2470/2470/2470 2479/2479/2479 2802/2802/2802
f 1873/1873/1873 2470/2470/2470 2802/2802/2802
f 2535/2535/2535 2470/2470/2470 1873/1873/1873
f 2528/2528/2528 2535/2535/2535 1873/1873/1873
f 2528/2528/2528 1873/1873/1873 2759/2759/2759
f 1873/1873/1873 2802/2802/2802 2759/2759/2759
f 2759/2759/2759 2802/2802/2802 2782/2782/2782
f 2782/2782/2782 2802/2802/2802 2794/2794/2794
f 2782/2782/2782 2794/2794/2794 2798/2798/2798
f 2798/2798/2798 2794/2794/2794 2514/2514/2514
f 2798/2798/2798 2514/2514/2514 2513/2513/2513
f 2513/2513/2513 2514/2514/2514 2572/2572/2572
f 2513/2513/2513 2572/2572/2572 2235/2235/2235
f 2577/2577/2577 2235/2235/2235 2572/2572/2572
f 2577/2577/2577 2456/2456/2456 2235/2235/2235
f 2334/2334/2334 2456/2456/2456 2577/2577/2577
f 2334/2334/2334 2602/2602/2602 2456/2456/2456
f 2602/2602/2602 2494/2494/2494 2456/2456/2456
f 2814/2814/2814 2801/2801/2801 2788/2788/2788
f 2814/2814/2814 1372/1372/1372 2801/2801/2801
f 2814/2814/2814 2771/2771/2771 1372/1372/1372
f 2814/2814/2814 2788/2788/2788 2771/2771/2771
f 2771/2771/2771 2788/2788/2788 2608/2608/2608
f 2771/2771/2771 2608/2608/2608 1654/1654/1654
f 1654/1654/1654 2608/2608/2608 2602/2602/2602
f 1654/1654/1654 2602/2602/2602 1525/1525/1525
f 1525/1525/1525 2602/2602/2602 2334/2334/2334
f 1525/1525/1525 2334/2334/2334 2326/2326/2326
f 2326/2326/2326 2334/2334/2334 2577/2577/2577
f 2326/2326/2326 2577/2577/2577 2562/2562/2562
f 2562/2562/2562 2577/2577/2577 2572/2572/2572
f 2562/2562/2562 2572/2572/2572 2559/2559/2559
f 2514/2514/2514 2559/2559/2559 2572/2572/2572
f 2514/2514/2514 2526/2526/2526 2559/2559/2559
f 2794/2794/2794 2526/2526/2526 2514/2514/2514
f 2794/2794/2794 2533/2533/2533 2526/2526/2526
f 1140/1140/1140 1753/1753/1753 1272/1272/1272
f 1753/1753/1753 1759/1759/1759 1272/1272/1272
f 1753/1753/1753 1760/1760/1760 1759/1759/1759
f 1760/1760/1760 2771/2771/2771 1759/1759/1759
f 1759/1759/1759 2771/2771/2771 1654/1654/1654
f 1759/1759/1759 1654/1654/1654 1653/1653/1653
f 1653/1653/1653 1654/1654/1654 1525/1525/1525
f 1653/1653/1653 1525/1525/1525 1519/1519/1519
f 1519/1519/1519 1525/1525/1525 2326/2326/2326
f 1519/1519/1519 2326/2326/2326 1501/1501/1501
f 1501/1501/1501 2326/2326/2326 2562/2562/2562
f 1501/1501/1501 2562/2562/2562 2495/2495/2495
f 2495/2495/2495 2562/2562/2562 2559/2559/2559
f 2495/2495/2495 2559/2559/2559 2525/2525/2525
f 2525/2525/2525 2559/2559/2559 2526/2526/2526
f 2525/2525/2525 2526/2526/2526 2533/2533/2533
f 2642/2642/2642 2525/2525/2525 2533/2533/2533
f 2642/2642/2642 2533/2533/2533 2655/2655/2655
f 1272/1272/1272 1759/1759/1759 1653/1653/1653
f 1519/1519/1519 1274/1274/1274 1653/1653/1653
f 1519/1519/1519 1668/1668/1668 1274/1274/1274
f 1668/1668/1668 1519/1519/1519 1501/1501/1501
f 1668/1668/1668 1501/1501/1501 1652/1652/1652
f 1652/1652/1652 1501/1501/1501 2495/2495/2495
f 1652/1652/1652 2495/2495/2495 1915/1915/1915
f 1915/1915/1915 2495/2495/2495 2525/2525/2525
f 1915/1915/1915 2525/2525/2525 2642/2642/2642
f 1920/1920/1920 1915/1915/1915 2642/2642/2642
f 1920/1920/1920 2642/2642/2642 2622/2622/2622
f 1486/1486/1486 1920/1920/1920 2622/2622/2622
f 1486/1486/1486 2622/2622/2622 2178/2178/2178
f 1489/1489/1489 1486/1486/1486 2178/2178/2178
f 2812/2812/2812 1486/1486/1486 1489/1489/1489
f 2785/2785/2785 2812/2812/2812 1489/1489/1489
f 2622/2622/2622 2642/2642/2642 2655/2655/2655
f 2622/2622/2622 2655/2655/2655 2594/2594/2594
f 2178/2178/2178 2622/2622/2622 2594/2594/2594
f 2178/2178/2178 2594/2594/2594 2189/2189/2189
f 1671/1671/1671 2178/2178/2178 2189/2189/2189
f 1489/1489/1489 2178/2178/2178 1671/1671/1671
f 2796/2796/2796 1489/1489/1489 1671/1671/1671
f 2785/2785/2785 1489/1489/1489 2796/2796/2796
f 2785/2785/2785 2796/2796/2796 2784/2784/2784
f 2785/2785/2785 2784/2784/2784 2812/2812/2812
f 1799/1799/1799 2812/2812/2812 2784/2784/2784
f 1799/1799/1799 2784/2784/2784 1830/1830/1830
f 1799/1799/1799 1830/1830/1830 1320/1320/1320
f 1284/1284/1284 1799/1799/1799 1320/1320/1320
f 1830/1830/1830 2784/2784/2784 2796/2796/2796
f 2655/2655/2655 2533/2533/2533 2479/2479/2479
f 2655/2655/2655 2479/2479/2479 2434/2434/2434
f 2594/2594/2594 2655/2655/2655 2434/2434/2434
f 2594/2594/2594 2434/2434/2434 2424/2424/2424
f 2189/2189/2189 2594/2594/2594 2424/2424/2424
f 1879/1879/1879 2434/2434/2434 2479/2479/2479
f 1879/1879/1879 2438/2438/2438 2434/2434/2434
f 2424/2424/2424 2434/2434/2434 2438/2438/2438
f 1669/1669/1669 1668/1668/1668 1670/1670/1670
f 1670/1670/1670 1668/1668/1668 1652/1652/1652
f 1670/1670/1670 1652/1652/1652 1659/1659/1659
f 1659/1659/1659 1652/1652/1652 1915/1915/1915
f 1659/1659/1659 1915/1915/1915 1920/1920/1920
f 1369/1369/1369 1659/1659/1659 1920/1920/1920
f 1369/1369/1369 1920/1920/1920 1486/1486/1486
f 2812/2812/2812 1369/1369/1369 1486/1486/1486
f 1221/1221/1221 1369/1369/1369 2812/2812/2812
f 1221/1221/1221 1632/1632/1632 1369/1369/1369
f 1632/1632/1632 1659/1659/1659 1369/1369/1369
f 1632/1632/1632 1670/1670/1670 1659/1659/1659
f 2067/2067/2067 1670/1670/1670 1632/1632/1632
f 2067/2067/2067 1669/1669/1669 1670/1670/1670
f 2071/2071/2071 1669/1669/1669 2067/2067/2067
f 2066/2066/2066 2071/2071/2071 2067/2067/2067
f 1273/1273/1273 1202/1202/1202 1121/1121/1121
f 1273/1273/1273 2425/2425/2425 2417/2417/2417
f 1202/1202/1202 1273/1273/1273 2417/2417/2417
f 1322/1322/1322 2417/2417/2417 2054/2054/2054
f 1648/1648/1648 2692/2692/2692 1647/1647/1647
f 1647/1647/1647 2692/2692/2692 2670/2670/2670
f 1647/1647/1647 2670/2670/2670 2105/2105/2105
f 2105/2105/2105 2670/2670/2670 2101/2101/2101
f 2105/2105/2105 2101/2101/2101 2100/2100/2100
f 2100/2100/2100 2101/2101/2101 2436/2436/2436
f 2100/2100/2100 2436/2436/2436 2425/2425/2425
f 2425/2425/2425 2436/2436/2436 2420/2420/2420
f 2425/2425/2425 2420/2420/2420 2417/2417/2417
f 2417/2417/2417 2420/2420/2420 1323/1323/1323
f 2417/2417/2417 1323/1323/1323 2054/2054/2054
f 2060/2060/2060 2054/2054/2054 1323/1323/1323
f 2060/2060/2060 2524/2524/2524 2054/2054/2054
f 2016/2016/2016 2054/2054/2054 2524/2524/2524
f 2016/2016/2016 2524/2524/2524 2529/2529/2529
f 2087/2087/2087 2016/2016/2016 2529/2529/2529
f 2087/2087/2087 2529/2529/2529 1708/1708/1708
f 2686/2686/2686 2087/2087/2087 1708/1708/1708
f 2086/2086/2086 2054/2054/2054 2016/2016/2016
f 2086/2086/2086 2016/2016/2016 2087/2087/2087
f 2089/2089/2089 2086/2086/2086 2087/2087/2087
f 2089/2089/2089 2087/2087/2087 2686/2686/2686
f 1976/1976/1976 2089/2089/2089 2686/2686/2686
f 1976/1976/1976 2686/2686/2686 2683/2683/2683
f 1188/1188/1188 1976/1976/1976 2683/2683/2683
f 2678/2678/2678 2683/2683/2683 2686/2686/2686
f 2057/2057/2057 2524/2524/2524 2060/2060/2060
f 2057/2057/2057 1303/1303/1303 2524/2524/2524
f 2523/2523/2523 2524/2524/2524 1303/1303/1303
f 2523/2523/2523 2529/2529/2529 2524/2524/2524
f 2523/2523/2523 2532/2532/2532 2529/2529/2529
f 1708/1708/1708 2529/2529/2529 2532/2532/2532
f 1708/1708/1708 2532/2532/2532 1428/1428/1428
f 1712/1712/1712 1708/1708/1708 1428/1428/1428
f 1712/1712/1712 1428/1428/1428 1680/1680/1680
f 2669/2669/2669 1712/1712/1712 1680/1680/1680
f 2669/2669/2669 1680/1680/1680 1865/1865/1865
f 1384/1384/1384 2669/2669/2669 1865/1865/1865
f 1384/1384/1384 1865/1865/1865 1863/1863/1863
f 1863/1863/1863 1865/1865/1865 1866/1866/1866
f 1865/1865/1865 1673/1673/1673 1866/1866/1866
f 1865/1865/1865 1680/1680/1680 1673/1673/1673
f 1680/1680/1680 2273/2273/2273 1673/1673/1673
f 1680/1680/1680 1428/1428/1428 2273/2273/2273
f 1428/1428/1428 1380/1380/1380 2273/2273/2273
f 1428/1428/1428 2532/2532/2532 1380/1380/1380
f 2523/2523/2523 1303/1303/1303 2532/2532/2532
f 2686/2686/2686 1708/1708/1708 1712/1712/1712
f 2678/2678/2678 2686/2686/2686 1712/1712/1712
f 2678/2678/2678 1712/1712/1712 2669/2669/2669
f 2678/2678/2678 2669/2669/2669 2683/2683/2683
f 1377/1377/1377 2683/2683/2683 2669/2669/2669
f 1377/1377/1377 2669/2669/2669 1384/1384/1384
f 1387/1387/1387 1377/1377/1377 1384/1384/1384
f 1387/1387/1387 1384/1384/1384 1386/1386/1386
f 1386/1386/1386 1384/1384/1384 1863/1863/1863
f 1386/1386/1386 1863/1863/1863 1399/1399/1399
f 1399/1399/1399 1863/1863/1863 1862/1862/1862
f 1863/1863/1863 1866/1866/1866 1862/1862/1862
f 1862/1862/1862 1866/1866/1866 1214/1214/1214
f 1866/1866/1866 1111/1111/1111 1214/1214/1214
f 1866/1866/1866 1673/1673/1673 1111/1111/1111
f 1673/1673/1673 2277/2277/2277 1111/1111/1111
f 1673/1673/1673 2273/2273/2273 2277/2277/2277
f 2268/2268/2268 2277/2277/2277 2273/2273/2273
f 1057/1057/1057 1386/1386/1386 1399/1399/1399
f 2277/2277/2277 2462/2462/2462 1547/1547/1547
f 1111/1111/1111 2277/2277/2277 1547/1547/1547
f 2268/2268/2268 2273/2273/2273 1380/1380/1380
f 2268/2268/2268 1380/1380/1380 2269/2269/2269
f 2268/2268/2268 2269/2269/2269 2277/2277/2277
f 2458/2458/2458 2277/2277/2277 2269/2269/2269
f 2277/2277/2277 2458/2458/2458 2462/2462/2462
f 2458/2458/2458 2474/2474/2474 2462/2462/2462
f 2474/2474/2474 2654/2654/2654 2462/2462/2462
f 2474/2474/2474 1385/1385/1385 2654/2654/2654
f 2723/2723/2723 2654/2654/2654 1385/1385/1385
f 2723/2723/2723 1385/1385/1385 2739/2739/2739
f 2723/2723/2723 2739/2739/2739 2726/2726/2726
f 2739/2739/2739 2065/2065/2065 2726/2726/2726
f 2726/2726/2726 2065/2065/2065 1696/1696/1696
f 2065/2065/2065 1909/1909/1909 1696/1696/1696
f 2760/2760/2760 1696/1696/1696 1909/1909/1909
f 1908/1908/1908 2760/2760/2760 1909/1909/1909
f 1908/1908/1908 2764/2764/2764 2760/2760/2760
f 1676/1676/1676 2764/2764/2764 1908/1908/1908
f 2458/2458/2458 2480/2480/2480 2474/2474/2474
f 2458/2458/2458 2269/2269/2269 2480/2480/2480
f 1503/1503/1503 2739/2739/2739 1385/1385/1385
f 2654/2654/2654 2734/2734/2734 2708/2708/2708
f 2654/2654/2654 2723/2723/2723 2734/2734/2734
f 2723/2723/2723 2726/2726/2726 2734/2734/2734
f 2710/2710/2710 2708/2708/2708 2712/2712/2712
f 2462/2462/2462 2654/2654/2654 2708/2708/2708
f 2462/2462/2462 2708/2708/2708 2710/2710/2710
f 2710/2710/2710 1547/1547/1547 2462/2462/2462
f 2710/2710/2710 1498/1498/1498 1547/1547/1547
f 1498/1498/1498 2710/2710/2710 2709/2709/2709
f 2710/2710/2710 2712/2712/2712 2709/2709/2709
f 2712/2712/2712 2476/2476/2476 2709/2709/2709
f 2712/2712/2712 2708/2708/2708 2476/2476/2476
f 2708/2708/2708 2423/2423/2423 2476/2476/2476
f 2708/2708/2708 2734/2734/2734 2423/2423/2423
f 2734/2734/2734 2419/2419/2419 2423/2423/2423
f 2734/2734/2734 2726/2726/2726 2419/2419/2419
f 2726/2726/2726 1696/1696/1696 2419/2419/2419
f 2748/2748/2748 2419/2419/2419 1696/1696/1696
f 2760/2760/2760 2748/2748/2748 1696/1696/1696
f 2764/2764/2764 2748/2748/2748 2760/2760/2760
f 2764/2764/2764 2750/2750/2750 2748/2748/2748
f 1677/1677/1677 2750/2750/2750 2764/2764/2764
f 2750/2750/2750 2423/2423/2423 2419/2419/2419
f 2748/2748/2748 2750/2750/2750 2419/2419/2419
f 2709/2709/2709 2476/2476/2476 2450/2450/2450
f 1676/1676/1676 1677/1677/1677 2764/2764/2764
f 1672/1672/1672 1677/1677/1677 1676/1676/1676
f 1490/1490/1490 1672/1672/1672 1676/1676/1676
f 1497/1497/1497 1672/1672/1672 1490/1490/1490
f 1495/1495/1495 1497/1497/1497 1490/1490/1490
f 1496/1496/1496 1497/1497/1497 1495/1495/1495
f 1482/1482/1482 1676/1676/1676 1908/1908/1908
f 1490/1490/1490 1676/1676/1676 1482/1482/1482
f 1477/1477/1477 1490/1490/1490 1482/1482/1482
f 1477/1477/1477 1482/1482/1482 1480/1480/1480
f 1480/1480/1480 1482/1482/1482 1479/1479/1479
f 1480/1480/1480 1479/1479/1479 2801/2801/2801
f 2801/2801/2801 1479/1479/1479 1769/1769/1769
f 2801/2801/2801 1769/1769/1769 2788/2788/2788
f 2788/2788/2788 1769/1769/1769 2647/2647/2647
f 2788/2788/2788 2647/2647/2647 2608/2608/2608
f 2596/2596/2596 2608/2608/2608 2647/2647/2647
f 2596/2596/2596 2602/2602/2602 2608/2608/2608
f 2477/2477/2477 2602/2602/2602 2596/2596/2596
f 2602/2602/2602 2477/2477/2477 2494/2494/2494
f 2490/2490/2490 2494/2494/2494 2477/2477/2477
f 2490/2490/2490 2456/2456/2456 2494/2494/2494
f 1701/1701/1701 2456/2456/2456 2490/2490/2490
f 1701/1701/1701 2235/2235/2235 2456/2456/2456
f 1691/1691/1691 2783/2783/2783 2581/2581/2581
f 2781/2781/2781 2581/2581/2581 2783/2783/2783
f 2783/2783/2783 2780/2780/2780 2781/2781/2781
f 2781/2781/2781 2780/2780/2780 1701/1701/1701
f 2781/2781/2781 1701/1701/1701 2649/2649/2649
f 2649/2649/2649 1701/1701/1701 2490/2490/2490
f 2649/2649/2649 2490/2490/2490 1770/1770/1770
f 1770/1770/1770 2490/2490/2490 2477/2477/2477
f 1770/1770/1770 2477/2477/2477 2063/2063/2063
f 2063/2063/2063 2477/2477/2477 2647/2647/2647
f 2477/2477/2477 2596/2596/2596 2647/2647/2647
f 2781/2781/2781 2600/2600/2600 2581/2581/2581
f 2600/2600/2600 2781/2781/2781 2649/2649/2649
f 2600/2600/2600 2649/2649/2649 2778/2778/2778
f 2778/2778/2778 2649/2649/2649 1770/1770/1770
f 2778/2778/2778 1770/1770/1770 2806/2806/2806
f 2806/2806/2806 1770/1770/1770 2063/2063/2063
f 1482/1482/1482 1908/1908/1908 1479/1479/1479
f 1479/1479/1479 1908/1908/1908 1909/1909/1909
f 1479/1479/1479 1909/1909/1909 1769/1769/1769
f 1769/1769/1769 1909/1909/1909 1762/1762/1762
f 1769/1769/1769 1762/1762/1762 2647/2647/2647
f 1762/1762/1762 2064/2064/2064 2647/2647/2647
f 2063/2063/2063 2647/2647/2647 2064/2064/2064
f 2803/2803/2803 2063/2063/2063 2064/2064/2064
f 2806/2806/2806 2063/2063/2063 2803/2803/2803
f 2804/2804/2804 2806/2806/2806 2803/2803/2803
f 2804/2804/2804 2778/2778/2778 2806/2806/2806
f 2778/2778/2778 2804/2804/2804 2557/2557/2557
f 2778/2778/2778 2557/2557/2557 2600/2600/2600
f 2582/2582/2582 2600/2600/2600 2557/2557/2557
f 2582/2582/2582 2581/2581/2581 2600/2600/2600
f 2582/2582/2582 2578/2578/2578 2581/2581/2581
f 1693/1693/1693 2581/2581/2581 2578/2578/2578
f 1693/1693/1693 1691/1691/1691 2581/2581/2581
f 1693/1693/1693 1692/1692/1692 1691/1691/1691
f 1242/1242/1242 1691/1691/1691 1692/1692/1692
f 1718/1718/1718 2557/2557/2557 2804/2804/2804
f 1718/1718/1718 2804/2804/2804 1500/1500/1500
f 1500/1500/1500 2804/2804/2804 2803/2803/2803
f 2582/2582/2582 2557/2557/2557 2578/2578/2578
f 1713/1713/1713 2578/2578/2578 2557/2557/2557
f 1713/1713/1713 2557/2557/2557 1718/1718/1718
f 1713/1713/1713 1718/1718/1718 1714/1714/1714
f 1237/1237/1237 1714/1714/1714 1718/1718/1718
f 1237/1237/1237 1718/1718/1718 1504/1504/1504
f 1504/1504/1504 1718/1718/1718 1500/1500/1500
f 1504/1504/1504 1500/1500/1500 1503/1503/1503
f 1503/1503/1503 1500/1500/1500 2739/2739/2739
f 1500/1500/1500 2803/2803/2803 2739/2739/2739
f 2739/2739/2739 2803/2803/2803 2065/2065/2065
f 2803/2803/2803 2064/2064/2064 2065/2065/2065
f 2065/2065/2065 2064/2064/2064 1909/1909/1909
f 1762/1762/1762 1909/1909/1909 2064/2064/2064
f 1318/1318/1318 2023/2023/2023 2100/2100/2100
f 2023/2023/2023 2105/2105/2105 2100/2100/2100
f 2023/2023/2023 1647/1647/1647 2105/2105/2105
f 2037/2037/2037 1647/1647/1647 2023/2023/2023
f 2037/2037/2037 2023/2023/2023 2006/2006/2006
f 2007/2007/2007 2037/2037/2037 2006/2006/2006
f 2046/2046/2046 2007/2007/2007 2006/2006/2006
f 2046/2046/2046 2006/2006/2006 2039/2039/2039
f 2006/2006/2006 2023/2023/2023 2039/2039/2039
f 3687/3687/3687 3695/3695/3695 3697/3697/3697
f 3687/3687/3687 3697/3697/3697 3696/3696/3696
f 3687/3687/3687 3696/3696/3696 3694/3694/3694
f 3687/3687/3687 3694/3694/3694 3693/3693/3693
f 3687/3687/3687 3693/3693/3693 3692/3692/3692
f 3687/3687/3687 3692/3692/3692 3691/3691/3691
f 3687/3687/3687 3691/3691/3691 3690/3690/3690
f 3688/3688/3688 3701/3701/3701 3699/3699/3699
f 3688/3688/3688 3689/3689/3689 3701/3701/3701
f 3689/3689/3689 3704/3704/3704 3701/3701/3701
f 3689/3689/3689 3690/3690/3690 3704/3704/3704
f 3690/3690/3690 3706/3706/3706 3704/3704/3704
f 3690/3690/3690 3691/3691/3691 3706/3706/3706
f 3691/3691/3691 3707/3707/3707 3706/3706/3706
f 3691/3691/3691 3692/3692/3692 3707/3707/3707
f 3692/3692/3692 3710/3710/3710 3707/3707/3707
f 3692/3692/3692 3693/3693/3693 3710/3710/3710
f 3693/3693/3693 3711/3711/3711 3710/3710/3710
f 3693/3693/3693 3694/3694/3694 3711/3711/3711
f 3694/3694/3694 3717/3717/3717 3711/3711/3711
f 3694/3694/3694 3696/3696/3696 3717/3717/3717
f 3696/3696/3696 3713/3713/3713 3717/3717/3717
f 3696/3696/3696 3697/3697/3697 3713/3713/3713
f 3697/3697/3697 3714/3714/3714 3713/3713/3713
f 3697/3697/3697 3695/3695/3695 3714/3714/3714
f 3687/3687/3687 3690/3690/3690 3689/3689/3689
f 3687/3687/3687 3689/3689/3689 3688/3688/3688
f 3687/3687/3687 3688/3688/3688 3695/3695/3695
f 3695/3695/3695 3688/3688/3688 3699/3699/3699
f 3695/3695/3695 3699/3699/3699 3714/3714/3714
f 3714/3714/3714 3699/3699/3699 3698/3698/3698
f 3714/3714/3714 3698/3698/3698 3715/3715/3715
f 3713/3713/3713 3714/3714/3714 3715/3715/3715
f 3713/3713/3713 3715/3715/3715 3716/3716/3716
f 3717/3717/3717 3713/3713/3713 3716/3716/3716
f 3717/3717/3717 3716/3716/3716 3712/3712/3712
f 3711/3711/3711 3717/3717/3717 3712/3712/3712
f 3711/3711/3711 3712/3712/3712 3709/3709/3709
f 3710/3710/3710 3711/3711/3711 3709/3709/3709
f 3710/3710/3710 3709/3709/3709 3708/3708/3708
f 3707/3707/3707 3710/3710/3710 3708/3708/3708
f 3707/3707/3707 3708/3708/3708 3705/3705/3705
f 3706/3706/3706 3707/3707/3707 3705/3705/3705
f 3706/3706/3706 3705/3705/3705 3703/3703/3703
f 3704/3704/3704 3706/3706/3706 3703/3703/3703
f 3704/3704/3704 3703/3703/3703 3702/3702/3702
f 3701/3701/3701 3704/3704/3704 3702/3702/3702
f 3701/3701/3701 3702/3702/3702 3700/3700/3700
f 3699/3699/3699 3701/3701/3701 3700/3700/3700
f 3699/3699/3699 3700/3700/3700 3698/3698/3698
f 3262/3262/3262 3270/3270/3270 3265/3265/3265
f 3251/3251/3251 3265/3265/3265 3270/3270/3270
f 3431/3431/3431 3435/3435/3435 3429/3429/3429
f 3157/3157/3157 3429/3429/3429 3435/3435/3435
f 3158/3158/3158 3428/3428/3428 3432/3432/3432
f 3430/3430/3430 3432/3432/3432 3428/3428/3428
f 3432/3432/3432 3430/3430/3430 3427/3427/3427
f 3156/3156/3156 3427/3427/3427 3430/3430/3430
f 3418/3418/3418 3421/3421/3421 3419/3419/3419
f 3155/3155/3155 3419/3419/3419 3421/3421/3421
f 3415/3415/3415 3417/3417/3417 3416/3416/3416
f 3154/3154/3154 3416/3416/3416 3417/3417/3417
f 3412/3412/3412 3414/3414/3414 3413/3413/3413
f 3153/3153/3153 3413/3413/3413 3414/3414/3414
f 3210/3210/3210 3215/3215/3215 3211/3211/3211
f 3094/3094/3094 3211/3211/3211 3215/3215/3215
f 3193/3193/3193 3198/3198/3198 3194/3194/3194
f 3093/3093/3093 3194/3194/3194 3198/3198/3198
f 3213/3213/3213 3219/3219/3219 3214/3214/3214
f 3192/3192/3192 3214/3214/3214 3219/3219/3219
f 3214/3214/3214 3192/3192/3192 3195/3195/3195
f 3191/3191/3191 3195/3195/3195 3192/3192/3192
f 3209/3209/3209 3212/3212/3212 3208/3208/3208
f 3087/3087/3087 3208/3208/3208 3212/3212/3212
f 3180/3180/3180 3190/3190/3190 3173/3173/3173
f 3081/3081/3081 3173/3173/3173 3190/3190/3190
f 3200/3200/3200 3203/3203/3203 3201/3201/3201
f 3080/3080/3080 3201/3201/3201 3203/3203/3203
f 3204/3204/3204 3207/3207/3207 3206/3206/3206
f 3079/3079/3079 3206/3206/3206 3207/3207/3207
f 3197/3197/3197 3199/3199/3199 3196/3196/3196
f 3078/3078/3078 3196/3196/3196 3199/3199/3199
f 3551/3551/3551 3040/3040/3040 3547/3547/3547
f 3546/3546/3546 3551/3551/3551 3547/3547/3547
f 3510/3510/3510 3512/3512/3512 3513/3513/3513
f 3506/3506/3506 3510/3510/3510 3513/3513/3513
f 3387/3387/3387 3510/3510/3510 3506/3506/3506
f 3515/3515/3515 3387/3387/3387 3506/3506/3506
f 3131/3131/3131 3387/3387/3387 3515/3515/3515
f 3508/3508/3508 3515/3515/3515 3506/3506/3506
f 3382/3382/3382 3506/3506/3506 3513/3513/3513
f 3393/3393/3393 3510/3510/3510 3387/3387/3387
f 2884/2884/2884 2887/2887/2887 2885/2885/2885
f 2881/2881/2881 2885/2885/2885 2887/2887/2887
f 2888/2888/2888 2889/2889/2889 2886/2886/2886
f 2880/2880/2880 2886/2886/2886 2889/2889/2889
f 3243/3243/3243 3246/3246/3246 3237/3237/3237
f 3237/3237/3237 3246/3246/3246 3145/3145/3145
f 3145/3145/3145 2972/2972/2972 3237/3237/3237
f 2972/2972/2972 3145/3145/3145 2958/2958/2958
f 3102/3102/3102 3179/3179/3179 3096/3096/3096
f 3179/3179/3179 3102/3102/3102 3145/3145/3145
f 3145/3145/3145 3142/3142/3142 3179/3179/3179
f 3142/3142/3142 3145/3145/3145 3246/3246/3246
f 3246/3246/3246 3115/3115/3115 3142/3142/3142
f 3114/3114/3114 3142/3142/3142 3115/3115/3115
f 3184/3184/3184 3179/3179/3179 3142/3142/3142
f 3179/3179/3179 3184/3184/3184 3170/3170/3170
f 3903/3903/3903 3904/3904/3904 3902/3902/3902
f 3852/3852/3852 3853/3853/3853 3904/3904/3904
f 3853/3853/3853 3852/3852/3852 3851/3851/3851
f 3848/3848/3848 3851/3851/3851 3852/3852/3852
f 3851/3851/3851 3848/3848/3848 3865/3865/3865
f 3866/3866/3866 3865/3865/3865 3848/3848/3848
f 3865/3865/3865 3866/3866/3866 3863/3863/3863
f 2963/2963/2963 2965/2965/2965 2962/2962/2962
f 2864/2864/2864 2962/2962/2962 2965/2965/2965
f 2960/2960/2960 2964/2964/2964 2961/2961/2961
f 2863/2863/2863 2961/2961/2961 2964/2964/2964
f 2955/2955/2955 2959/2959/2959 2956/2956/2956
f 2862/2862/2862 2956/2956/2956 2959/2959/2959
f 2954/2954/2954 2957/2957/2957 2953/2953/2953
f 2861/2861/2861 2953/2953/2953 2957/2957/2957
f 3236/3236/3236 3143/3143/3143 3147/3147/3147
f 3147/3147/3147 3240/3240/3240 3236/3236/3236
f 3236/3236/3236 3240/3240/3240 3238/3238/3238
f 2860/2860/2860 3238/3238/3238 3240/3240/3240
f 3240/3240/3240 3147/3147/3147 3085/3085/3085
f 3150/3150/3150 3152/3152/3152 3151/3151/3151
f 2883/2883/2883 3151/3151/3151 3152/3152/3152
f 3151/3151/3151 2883/2883/2883 3147/3147/3147
f 3147/3147/3147 3682/3682/3682 3151/3151/3151
f 3682/3682/3682 3147/3147/3147 3143/3143/3143
f 3143/3143/3143 3679/3679/3679 3682/3682/3682
f 3679/3679/3679 3143/3143/3143 2968/2968/2968
f 3010/3010/3010 3151/3151/3151 3682/3682/3682
f 3680/3680/3680 3682/3682/3682 3679/3679/3679
f 3682/3682/3682 3680/3680/3680 2970/2970/2970
f 2969/2969/2969 2970/2970/2970 3680/3680/3680
f 3900/3900/3900 3901/3901/3901 3899/3899/3899
f 3034/3034/3034 3144/3144/3144 3146/3146/3146
f 3342/3342/3342 3146/3146/3146 3144/3144/3144
f 3146/3146/3146 3342/3342/3342 3549/3549/3549
f 3350/3350/3350 3549/3549/3549 3342/3342/3342
f 3549/3549/3549 3548/3548/3548 3146/3146/3146
f 3548/3548/3548 3549/3549/3549 3539/3539/3539
f 3092/3092/3092 3144/3144/3144 2946/2946/2946
f 3144/3144/3144 3092/3092/3092 3342/3342/3342
f 3090/3090/3090 3342/3342/3342 3092/3092/3092
f 3342/3342/3342 3090/3090/3090 3350/3350/3350
f 3112/3112/3112 3350/3350/3350 3090/3090/3090
f 3350/3350/3350 3112/3112/3112 3110/3110/3110
f 3338/3338/3338 3339/3339/3339 3336/3336/3336
f 3164/3164/3164 3338/3338/3338 3336/3336/3336
f 3361/3361/3361 3338/3338/3338 3164/3164/3164
f 3355/3355/3355 3361/3361/3361 3164/3164/3164
f 3357/3357/3357 3361/3361/3361 3355/3355/3355
f 3041/3041/3041 3164/3164/3164 3336/3336/3336
f 3159/3159/3159 3338/3338/3338 3361/3361/3361
f 3163/3163/3163 3355/3355/3355 3164/3164/3164
f 3385/3385/3385 3384/3384/3384 3394/3394/3394
f 3397/3397/3397 3385/3385/3385 3394/3394/3394
f 3403/3403/3403 3385/3385/3385 3397/3397/3397
f 3398/3398/3398 3403/3403/3403 3397/3397/3397
f 3396/3396/3396 3403/3403/3403 3398/3398/3398
f 3383/3383/3383 3398/3398/3398 3397/3397/3397
f 3395/3395/3395 3397/3397/3397 3394/3394/3394
f 3113/3113/3113 3385/3385/3385 3403/3403/3403
f 2852/2852/2852 2853/2853/2853 2850/2850/2850
f 2847/2847/2847 2850/2850/2850 2853/2853/2853
f 2848/2848/2848 2851/2851/2851 2849/2849/2849
f 2846/2846/2846 2849/2849/2849 2851/2851/2851
f 2855/2855/2855 2856/2856/2856 2854/2854/2854
f 2844/2844/2844 2854/2854/2854 2856/2856/2856
f 2858/2858/2858 2859/2859/2859 2857/2857/2857
f 2843/2843/2843 2857/2857/2857 2859/2859/2859
f 2869/2869/2869 2871/2871/2871 2867/2867/2867
f 2842/2842/2842 2867/2867/2867 2871/2871/2871
f 2865/2865/2865 2868/2868/2868 2866/2866/2866
f 2841/2841/2841 2866/2866/2866 2868/2868/2868
f 2873/2873/2873 2876/2876/2876 2874/2874/2874
f 2840/2840/2840 2874/2874/2874 2876/2876/2876
f 2870/2870/2870 2875/2875/2875 2872/2872/2872
f 2839/2839/2839 2872/2872/2872 2875/2875/2875
f 3217/3217/3217 3216/3216/3216 3218/3218/3218
f 3245/3245/3245 3217/3217/3217 3218/3218/3218
f 3165/3165/3165 3217/3217/3217 3245/3245/3245
f 3247/3247/3247 3165/3165/3165 3245/3245/3245
f 3029/3029/3029 3165/3165/3165 3247/3247/3247
f 3244/3244/3244 3247/3247/3247 3245/3245/3245
f 3168/3168/3168 3245/3245/3245 3218/3218/3218
f 3166/3166/3166 3217/3217/3217 3165/3165/3165
f 3498/3498/3498 3379/3379/3379 3356/3356/3356
f 3356/3356/3356 3541/3541/3541 3498/3498/3498
f 3473/3473/3473 3498/3498/3498 3541/3541/3541
f 3472/3472/3472 3498/3498/3498 3473/3473/3473
f 3391/3391/3391 3541/3541/3541 3356/3356/3356
f 3135/3135/3135 3473/3473/3473 3137/3137/3137
f 3541/3541/3541 3137/3137/3137 3473/3473/3473
f 3541/3541/3541 3537/3537/3537 3137/3137/3137
f 3537/3537/3537 3541/3541/3541 3545/3545/3545
f 3541/3541/3541 3391/3391/3391 3545/3545/3545
f 3391/3391/3391 3392/3392/3392 3545/3545/3545
f 3392/3392/3392 3391/3391/3391 3390/3390/3390
f 3356/3356/3356 3390/3390/3390 3391/3391/3391
f 3390/3390/3390 3356/3356/3356 3380/3380/3380
f 3379/3379/3379 3380/3380/3380 3356/3356/3356
f 3380/3380/3380 3379/3379/3379 3376/3376/3376
f 3380/3380/3380 3138/3138/3138 3390/3390/3390
f 3177/3177/3177 3176/3176/3176 3182/3182/3182
f 3241/3241/3241 3182/3182/3182 3176/3176/3176
f 2988/2988/2988 3182/3182/3182 3241/3241/3241
f 3242/3242/3242 3037/3037/3037 2971/2971/2971
f 2971/2971/2971 2988/2988/2988 3242/3242/3242
f 3241/3241/3241 3242/3242/3242 2988/2988/2988
f 3242/3242/3242 3241/3241/3241 3239/3239/3239
f 3176/3176/3176 3239/3239/3239 3241/3241/3241
f 3239/3239/3239 3235/3235/3235 3242/3242/3242
f 3038/3038/3038 3039/3039/3039 3037/3037/3037
f 3185/3185/3185 3084/3084/3084 3187/3187/3187
f 3187/3187/3187 3181/3181/3181 3185/3185/3185
f 3181/3181/3181 3187/3187/3187 3177/3177/3177
f 3230/3230/3230 3177/3177/3177 3187/3187/3187
f 3176/3176/3176 3177/3177/3177 3230/3230/3230
f 3230/3230/3230 3229/3229/3229 3176/3176/3176
f 3239/3239/3239 3176/3176/3176 3229/3229/3229
f 3229/3229/3229 3025/3025/3025 3239/3239/3239
f 3025/3025/3025 3229/3229/3229 3024/3024/3024
f 3024/3024/3024 3083/3083/3083 3025/3025/3025
f 3024/3024/3024 3084/3084/3084 3083/3083/3083
f 3174/3174/3174 3083/3083/3083 3084/3084/3084
f 3084/3084/3084 3185/3185/3185 3174/3174/3174
f 3183/3183/3183 3174/3174/3174 3185/3185/3185
f 3185/3185/3185 3181/3181/3181 3183/3183/3183
f 2947/2947/2947 3183/3183/3183 3181/3181/3181
f 3083/3083/3083 2973/2973/2973 3025/3025/3025
f 3228/3228/3228 3226/3226/3226 3229/3229/3229
f 3229/3229/3229 3230/3230/3230 3228/3228/3228
f 3187/3187/3187 3228/3228/3228 3230/3230/3230
f 3228/3228/3228 3187/3187/3187 3084/3084/3084
f 3084/3084/3084 3024/3024/3024 3228/3228/3228
f 3030/3030/3030 3349/3349/3349 3347/3347/3347
f 3344/3344/3344 3347/3347/3347 3349/3349/3349
f 3347/3347/3347 3344/3344/3344 3169/3169/3169
f 3160/3160/3160 3169/3169/3169 3344/3344/3344
f 3169/3169/3169 3160/3160/3160 3222/3222/3222
f 3223/3223/3223 3222/3222/3222 3160/3160/3160
f 3222/3222/3222 3223/3223/3223 3227/3227/3227
f 3047/3047/3047 3227/3227/3227 3223/3223/3223
f 3227/3227/3227 3047/3047/3047 3171/3171/3171
f 3358/3358/3358 3171/3171/3171 3047/3047/3047
f 3171/3171/3171 3358/3358/3358 3360/3360/3360
f 3363/3363/3363 3360/3360/3360 3358/3358/3358
f 3360/3360/3360 3363/3363/3363 3026/3026/3026
f 3167/3167/3167 3026/3026/3026 3363/3363/3363
f 3026/3026/3026 3167/3167/3167 3250/3250/3250
f 3248/3248/3248 3250/3250/3250 3167/3167/3167
f 3250/3250/3250 3248/3248/3248 3249/3249/3249
f 3042/3042/3042 3249/3249/3249 3248/3248/3248
f 2837/2837/2837 2838/2838/2838 2836/2836/2836
f 2827/2827/2827 2836/2836/2836 2838/2838/2838
f 2939/2939/2939 2982/2982/2982 2978/2978/2978
f 2982/2982/2982 2975/2975/2975 2978/2978/2978
f 2975/2975/2975 2832/2832/2832 2978/2978/2978
f 2825/2825/2825 2832/2832/2832 2975/2975/2975
f 2941/2941/2941 2977/2977/2977 2981/2981/2981
f 2977/2977/2977 2976/2976/2976 2981/2981/2981
f 2976/2976/2976 2835/2835/2835 2981/2981/2981
f 2824/2824/2824 2835/2835/2835 2976/2976/2976
f 3465/3465/3465 3536/3536/3536 3544/3544/3544
f 3540/3540/3540 3544/3544/3544 3536/3536/3536
f 3544/3544/3544 3049/3049/3049 3465/3465/3465
f 3049/3049/3049 3544/3544/3544 3542/3542/3542
f 3544/3544/3544 3540/3540/3540 3542/3542/3542
f 3540/3540/3540 3050/3050/3050 3542/3542/3542
f 3050/3050/3050 3540/3540/3540 3536/3536/3536
f 3050/3050/3050 3536/3536/3536 3119/3119/3119
f 3475/3475/3475 3466/3466/3466 3465/3465/3465
f 3466/3466/3466 3463/3463/3463 3465/3465/3465
f 3463/3463/3463 3497/3497/3497 3465/3465/3465
f 3536/3536/3536 3465/3465/3465 3497/3497/3497
f 3497/3497/3497 3476/3476/3476 3536/3536/3536
f 3476/3476/3476 2985/2985/2985 3536/3536/3536
f 2985/2985/2985 3119/3119/3119 3536/3536/3536
f 2985/2985/2985 3121/3121/3121 3119/3119/3119
f 3118/3118/3118 3119/3119/3119 3121/3121/3121
f 3121/3121/3121 3111/3111/3111 3118/3118/3118
f 3109/3109/3109 3118/3118/3118 3111/3111/3111
f 3111/3111/3111 3108/3108/3108 3109/3109/3109
f 3136/3136/3136 3109/3109/3109 3108/3108/3108
f 3108/3108/3108 3495/3495/3495 3136/3136/3136
f 3136/3136/3136 3495/3495/3495 3478/3478/3478
f 3495/3495/3495 3475/3475/3475 3478/3478/3478
f 3465/3465/3465 3478/3478/3478 3475/3475/3475
f 3478/3478/3478 3465/3465/3465 3049/3049/3049
f 3897/3897/3897 3898/3898/3898 3895/3895/3895
f 3898/3898/3898 3886/3886/3886 3885/3885/3885
f 3888/3888/3888 3889/3889/3889 3887/3887/3887
f 2821/2821/2821 2822/2822/2822 3017/3017/3017
f 3005/3005/3005 3017/3017/3017 2822/2822/2822
f 3005/3005/3005 3018/3018/3018 3017/3017/3017
f 3020/3020/3020 3017/3017/3017 3018/3018/3018
f 3018/3018/3018 2831/2831/2831 3020/3020/3020
f 2828/2828/2828 3020/3020/3020 2831/2831/2831
f 3883/3883/3883 3884/3884/3884 3881/3881/3881
f 2967/2967/2967 3003/3003/3003 2999/2999/2999
f 3000/3000/3000 2999/2999/2999 3003/3003/3003
f 2999/2999/2999 3000/3000/3000 3132/3132/3132
f 3359/3359/3359 3132/3132/3132 3000/3000/3000
f 3132/3132/3132 3359/3359/3359 3369/3369/3369
f 3362/3362/3362 3369/3369/3369 3359/3359/3359
f 2966/2966/2966 3004/3004/3004 3006/3006/3006
f 3002/3002/3002 3006/3006/3006 3004/3004/3004
f 3006/3006/3006 3002/3002/3002 3134/3134/3134
f 3368/3368/3368 3134/3134/3134 3002/3002/3002
f 3134/3134/3134 3368/3368/3368 3371/3371/3371
f 3367/3367/3367 3371/3371/3371 3368/3368/3368
f 2677/2677/2677 2705/2705/2705 2662/2662/2662
f 2551/2551/2551 2662/2662/2662 2705/2705/2705
f 2092/2092/2092 2094/2094/2094 2085/2085/2085
f 1353/1353/1353 2085/2085/2085 2094/2094/2094
f 1334/1334/1334 1336/1336/1336 1335/1335/1335
f 1262/1262/1262 1335/1335/1335 1336/1336/1336
f 1340/1340/1340 1342/1342/1342 1341/1341/1341
f 1261/1261/1261 1341/1341/1341 1342/1342/1342
f 1337/1337/1337 1339/1339/1339 1338/1338/1338
f 1260/1260/1260 1338/1338/1338 1339/1339/1339
f 1257/1257/1257 1258/1258/1258 1256/1256/1256
f 1240/1240/1240 1256/1256/1256 1258/1258/1258
f 1246/1246/1246 1252/1252/1252 1249/1249/1249
f 1238/1238/1238 1249/1249/1249 1252/1252/1252
f 2062/2062/2062 1233/1233/1233 2061/2061/2061
f 2058/2058/2058 2062/2062/2062 2061/2061/2061
f 1846/1846/1846 1858/1858/1858 1845/1845/1845
f 1245/1245/1245 1845/1845/1845 1858/1858/1858
f 1245/1245/1245 1243/1243/1243 1845/1845/1845
f 1219/1219/1219 1845/1845/1845 1243/1243/1243
f 1239/1239/1239 2605/2605/2605 2611/2611/2611
f 2610/2610/2610 2611/2611/2611 2605/2605/2605
f 1356/1356/1356 2611/2611/2611 2610/2610/2610
f 2611/2611/2611 1356/1356/1356 1355/1355/1355
f 3874/3874/3874 3875/3875/3875 3873/3873/3873
f 1644/1644/1644 1650/1650/1650 1645/1645/1645
f 1209/1209/1209 1645/1645/1645 1650/1650/1650
f 1316/1316/1316 1317/1317/1317 1314/1314/1314
f 1191/1191/1191 1314/1314/1314 1317/1317/1317
f 2558/2558/2558 1841/1841/1841 2573/2573/2573
f 2573/2573/2573 2583/2583/2583 2558/2558/2558
f 1251/1251/1251 2558/2558/2558 2583/2583/2583
f 2583/2583/2583 1254/1254/1254 1251/1251/1251
f 1198/1198/1198 1199/1199/1199 1197/1197/1197
f 1176/1176/1176 1197/1197/1197 1199/1199/1199
f 2371/2371/2371 1967/1967/1967 2372/2372/2372
f 2372/2372/2372 2343/2343/2343 2371/2371/2371
f 1175/1175/1175 2371/2371/2371 2343/2343/2343
f 1193/1193/1193 1194/1194/1194 1192/1192/1192
f 1174/1174/1174 1192/1192/1192 1194/1194/1194
f 1365/1365/1365 1160/1160/1160 1366/1366/1366
f 1365/1365/1365 1366/1366/1366 1362/1362/1362
f 2234/2234/2234 1992/1992/1992 2248/2248/2248
f 2248/2248/2248 2218/2218/2218 2234/2234/2234
f 2013/2013/2013 2234/2234/2234 2218/2218/2218
f 2218/2218/2218 2228/2228/2228 2013/2013/2013
f 2238/2238/2238 2013/2013/2013 2228/2228/2228
f 2228/2228/2228 2242/2242/2242 2238/2238/2238
f 2024/2024/2024 2238/2238/2238 2242/2242/2242
f 2242/2242/2242 2157/2157/2157 2024/2024/2024
f 2131/2131/2131 2024/2024/2024 2157/2157/2157
f 2157/2157/2157 2146/2146/2146 2131/2131/2131
f 1276/1276/1276 2131/2131/2131 2146/2146/2146
f 2146/2146/2146 2111/2111/2111 1276/1276/1276
f 2114/2114/2114 1276/1276/1276 2111/2111/2111
f 2111/2111/2111 2117/2117/2117 2114/2114/2114
f 2011/2011/2011 2114/2114/2114 2117/2117/2117
f 2117/2117/2117 1289/1289/1289 2011/2011/2011
f 1285/1285/1285 2011/2011/2011 1289/1289/1289
f 1289/1289/1289 2217/2217/2217 1285/1285/1285
f 2207/2207/2207 1285/1285/1285 2217/2217/2217
f 2217/2217/2217 2243/2243/2243 2207/2207/2207
f 2017/2017/2017 2207/2207/2207 2243/2243/2243
f 2243/2243/2243 1268/1268/1268 2017/2017/2017
f 2055/2055/2055 2017/2017/2017 1268/1268/1268
f 1268/1268/1268 2192/2192/2192 2055/2055/2055
f 2179/2179/2179 2055/2055/2055 2192/2192/2192
f 2192/2192/2192 2181/2181/2181 2179/2179/2179
f 1234/1234/1234 2179/2179/2179 2181/2181/2181
f 2181/2181/2181 2219/2219/2219 1234/1234/1234
f 2221/2221/2221 1234/1234/1234 2219/2219/2219
f 2219/2219/2219 2245/2245/2245 2221/2221/2221
f 1975/1975/1975 2221/2221/2221 2245/2245/2245
f 2245/2245/2245 2184/2184/2184 1975/1975/1975
f 2182/2182/2182 1975/1975/1975 2184/2184/2184
f 2184/2184/2184 2188/2188/2188 2182/2182/2182
f 1992/1992/1992 2182/2182/2182 2188/2188/2188
f 2188/2188/2188 2248/2248/2248 1992/1992/1992
f 1087/1087/1087 1090/1090/1090 1088/1088/1088
f 1081/1081/1081 1088/1088/1088 1090/1090/1090
f 1091/1091/1091 1093/1093/1093 1092/1092/1092
f 1080/1080/1080 1092/1092/1092 1093/1093/1093
f 1082/1082/1082 1085/1085/1085 1083/1083/1083
f 1079/1079/1079 1083/1083/1083 1085/1085/1085
f 1084/1084/1084 1089/1089/1089 1086/1086/1086
f 1078/1078/1078 1086/1086/1086 1089/1089/1089
f 1106/1106/1106 1253/1253/1253 1255/1255/1255
f 1250/1250/1250 1255/1255/1255 1253/1253/1253
f 1255/1255/1255 1250/1250/1250 1186/1186/1186
f 1077/1077/1077 1186/1186/1186 1250/1250/1250
f 1105/1105/1105 1244/1244/1244 1248/1248/1248
f 1247/1247/1247 1248/1248/1248 1244/1244/1244
f 1248/1248/1248 1247/1247/1247 1185/1185/1185
f 1076/1076/1076 1185/1185/1185 1247/1247/1247
f 1217/1217/1217 1075/1075/1075 1216/1216/1216
f 1215/1215/1215 1217/1217/1217 1216/1216/1216
f 1310/1310/1310 1315/1315/1315 2746/2746/2746
f 2745/2745/2745 2746/2746/2746 1315/1315/1315
f 2744/2744/2744 2746/2746/2746 2745/2745/2745
f 2746/2746/2746 2744/2744/2744 1960/1960/1960
f 2283/2283/2283 1960/1960/1960 2744/2744/2744
f 1960/1960/1960 2283/2283/2283 2298/2298/2298
f 2285/2285/2285 2298/2298/2298 2283/2283/2283
f 1298/1298/1298 1299/1299/1299 1297/1297/1297
f 1576/1576/1576 1297/1297/1297 1299/1299/1299
f 1297/1297/1297 1576/1576/1576 1585/1585/1585
f 1577/1577/1577 1585/1585/1585 1576/1576/1576
f 1307/1307/1307 1311/1311/1311 2727/2727/2727
f 2728/2728/2728 2727/2727/2727 1311/1311/1311
f 2722/2722/2722 2727/2727/2727 2728/2728/2728
f 2727/2727/2727 2722/2722/2722 1963/1963/1963
f 2317/2317/2317 1963/1963/1963 2722/2722/2722
f 1963/1963/1963 2317/2317/2317 2338/2338/2338
f 2316/2316/2316 2338/2338/2338 2317/2317/2317
f 1295/1295/1295 1296/1296/1296 1294/1294/1294
f 1581/1581/1581 1294/1294/1294 1296/1296/1296
f 1294/1294/1294 1581/1581/1581 1589/1589/1589
f 1584/1584/1584 1589/1589/1589 1581/1581/1581
f 1781/1781/1781 2310/2310/2310 2312/2312/2312
f 2311/2311/2311 2312/2312/2312 2310/2310/2310
f 2311/2311/2311 2313/2313/2313 2312/2312/2312
f 2323/2323/2323 2312/2312/2312 2313/2313/2313
f 2312/2312/2312 2323/2323/2323 2335/2335/2335
f 2337/2337/2337 2335/2335/2335 2323/2323/2323
f 2335/2335/2335 2337/2337/2337 2197/2197/2197
f 2335/2335/2335 2197/2197/2197 2193/2193/2193
f 2193/2193/2193 2197/2197/2197 1860/1860/1860
f 1781/1781/1781 2335/2335/2335 2193/2193/2193
f 2312/2312/2312 2335/2335/2335 1781/1781/1781
f 2690/2690/2690 1999/1999/1999 2349/2349/2349
f 2672/2672/2672 1999/1999/1999 2690/2690/2690
f 2664/2664/2664 2672/2672/2672 2690/2690/2690
f 2664/2664/2664 1382/1382/1382 2672/2672/2672
f 1218/1218/1218 2672/2672/2672 1382/1382/1382
f 1382/1382/1382 2254/2254/2254 1218/1218/1218
f 2313/2313/2313 1218/1218/1218 2254/2254/2254
f 2254/2254/2254 2256/2256/2256 2313/2313/2313
f 2323/2323/2323 2313/2313/2313 2256/2256/2256
f 2256/2256/2256 2332/2332/2332 2323/2323/2323
f 2329/2329/2329 2323/2323/2323 2332/2332/2332
f 1481/1481/1481 2329/2329/2329 2332/2332/2332
f 2340/2340/2340 2346/2346/2346 2044/2044/2044
f 1368/1368/1368 2044/2044/2044 2346/2346/2346
f 1368/1368/1368 2346/2346/2346 1999/1999/1999
f 2352/2352/2352 1999/1999/1999 2346/2346/2346
f 2352/2352/2352 2349/2349/2349 1999/1999/1999
f 2352/2352/2352 2362/2362/2362 2349/2349/2349
f 2352/2352/2352 2346/2346/2346 2362/2362/2362
f 2260/2260/2260 1781/1781/1781 1148/1148/1148
f 1781/1781/1781 2260/2260/2260 2310/2310/2310
f 2255/2255/2255 2310/2310/2310 2260/2260/2260
f 2310/2310/2310 2255/2255/2255 1236/1236/1236
f 1381/1381/1381 1236/1236/1236 2255/2255/2255
f 1236/1236/1236 1381/1381/1381 2675/2675/2675
f 2666/2666/2666 2675/2675/2675 1381/1381/1381
f 2666/2666/2666 2682/2682/2682 2675/2675/2675
f 2675/2675/2675 2682/2682/2682 2044/2044/2044
f 2682/2682/2682 2348/2348/2348 2044/2044/2044
f 2340/2340/2340 2044/2044/2044 2348/2348/2348
f 2340/2340/2340 2348/2348/2348 2356/2356/2356
f 2340/2340/2340 2356/2356/2356 2346/2346/2346
f 1918/1918/1918 2346/2346/2346 2356/2356/2356
f 1918/1918/1918 2362/2362/2362 2346/2346/2346
f 1918/1918/1918 1263/1263/1263 2362/2362/2362
f 1918/1918/1918 2356/2356/2356 1263/1263/1263
f 3857/3857/3857 3858/3858/3858 3856/3856/3856
f 1179/1179/1179 1212/1212/1212 2585/2585/2585
f 2567/2567/2567 2585/2585/2585 1212/1212/1212
f 2585/2585/2585 2567/2567/2567 2569/2569/2569
f 2568/2568/2568 2569/2569/2569 2567/2567/2567
f 2569/2569/2569 2568/2568/2568 2587/2587/2587
f 2575/2575/2575 2587/2587/2587 2568/2568/2568
f 1178/1178/1178 1211/1211/1211 2564/2564/2564
f 2561/2561/2561 2564/2564/2564 1211/1211/1211
f 2564/2564/2564 2561/2561/2561 2566/2566/2566
f 2589/2589/2589 2566/2566/2566 2561/2561/2561
f 2566/2566/2566 2589/2589/2589 2637/2637/2637
f 2588/2588/2588 2637/2637/2637 2589/2589/2589
f 2743/2743/2743 2765/2765/2765 2741/2741/2741
f 2765/2765/2765 2813/2813/2813 2741/2741/2741
f 2810/2810/2810 2741/2741/2741 2813/2813/2813
f 2813/2813/2813 2793/2793/2793 2810/2810/2810
f 2793/2793/2793 2792/2792/2792 2810/2810/2810
f 2816/2816/2816 2810/2810/2810 2792/2792/2792
f 2792/2792/2792 2797/2797/2797 2816/2816/2816
f 1128/1128/1128 2816/2816/2816 2797/2797/2797
f 2797/2797/2797 1127/1127/1127 1128/1128/1128
f 2626/2626/2626 2624/2624/2624 2270/2270/2270
f 2624/2624/2624 2272/2272/2272 2270/2270/2270
f 2276/2276/2276 2270/2270/2270 2272/2272/2272
f 2699/2699/2699 2272/2272/2272 2698/2698/2698
f 2698/2698/2698 2272/2272/2272 2606/2606/2606
f 2624/2624/2624 2606/2606/2606 2272/2272/2272
f 2638/2638/2638 2606/2606/2606 2624/2624/2624
f 1784/1784/1784 2638/2638/2638 2624/2624/2624
f 1784/1784/1784 2624/2624/2624 2593/2593/2593
f 2626/2626/2626 2593/2593/2593 2624/2624/2624
f 2626/2626/2626 2607/2607/2607 2593/2593/2593
f 2626/2626/2626 2270/2270/2270 2607/2607/2607
f 2607/2607/2607 2270/2270/2270 2275/2275/2275
f 2276/2276/2276 2275/2275/2275 2270/2270/2270
f 2276/2276/2276 2702/2702/2702 2275/2275/2275
f 2276/2276/2276 2272/2272/2272 2702/2702/2702
f 2699/2699/2699 2702/2702/2702 2272/2272/2272
f 2699/2699/2699 2658/2658/2658 2702/2702/2702
f 2699/2699/2699 2698/2698/2698 2658/2658/2658
f 1530/1530/1530 2658/2658/2658 2698/2698/2698
f 1510/1510/1510 2658/2658/2658 1530/1530/1530
f 1283/1283/1283 2593/2593/2593 2607/2607/2607
f 2701/2701/2701 2275/2275/2275 2702/2702/2702
f 2701/2701/2701 2702/2702/2702 2684/2684/2684
f 2701/2701/2701 2684/2684/2684 2661/2661/2661
f 2701/2701/2701 2661/2661/2661 2275/2275/2275
f 2661/2661/2661 1328/1328/1328 2275/2275/2275
f 2607/2607/2607 2275/2275/2275 1328/1328/1328
f 1528/1528/1528 2661/2661/2661 2684/2684/2684
f 1508/1508/1508 1528/1528/1528 2684/2684/2684
f 1508/1508/1508 2684/2684/2684 2401/2401/2401
f 2415/2415/2415 2401/2401/2401 2684/2684/2684
f 1528/1528/1528 1508/1508/1508 2422/2422/2422
f 1530/1530/1530 2418/2418/2418 1510/1510/1510
f 2426/2426/2426 1510/1510/1510 2418/2418/2418
f 2426/2426/2426 2418/2418/2418 2437/2437/2437
f 2426/2426/2426 2437/2437/2437 2429/2429/2429
f 1744/1744/1744 2429/2429/2429 2437/2437/2437
f 1744/1744/1744 2427/2427/2427 2429/2429/2429
f 1744/1744/1744 1378/1378/1378 2427/2427/2427
f 2112/2112/2112 2427/2427/2427 1378/1378/1378
f 2112/2112/2112 2422/2422/2422 2427/2427/2427
f 2428/2428/2428 2427/2427/2427 2422/2422/2422
f 2428/2428/2428 2422/2422/2422 1508/1508/1508
f 2428/2428/2428 1508/1508/1508 2429/2429/2429
f 2429/2429/2429 1508/1508/1508 2401/2401/2401
f 2429/2429/2429 2401/2401/2401 1510/1510/1510
f 1510/1510/1510 2401/2401/2401 2658/2658/2658
f 2415/2415/2415 2658/2658/2658 2401/2401/2401
f 2415/2415/2415 2702/2702/2702 2658/2658/2658
f 2415/2415/2415 2684/2684/2684 2702/2702/2702
f 2428/2428/2428 2429/2429/2429 2427/2427/2427
f 2426/2426/2426 2429/2429/2429 1510/1510/1510
f 2113/2113/2113 2437/2437/2437 2418/2418/2418
f 2113/2113/2113 1378/1378/1378 2437/2437/2437
f 1744/1744/1744 2437/2437/2437 1378/1378/1378
f 2416/2416/2416 2688/2688/2688 2387/2387/2387
f 1511/1511/1511 2387/2387/2387 2688/2688/2688
f 2387/2387/2387 1511/1511/1511 2449/2449/2449
f 2082/2082/2082 2440/2440/2440 2449/2449/2449
f 2387/2387/2387 2449/2449/2449 1507/1507/1507
f 2441/2441/2441 1507/1507/1507 2449/2449/2449
f 2441/2441/2441 2449/2449/2449 2440/2440/2440
f 2441/2441/2441 2440/2440/2440 2445/2445/2445
f 2115/2115/2115 2445/2445/2445 2440/2440/2440
f 2115/2115/2115 2440/2440/2440 1379/1379/1379
f 2082/2082/2082 1379/1379/1379 2440/2440/2440
f 2082/2082/2082 2451/2451/2451 1379/1379/1379
f 2082/2082/2082 2449/2449/2449 2451/2451/2451
f 2442/2442/2442 2451/2451/2451 2449/2449/2449
f 2442/2442/2442 2449/2449/2449 1511/1511/1511
f 2442/2442/2442 1511/1511/1511 2443/2443/2443
f 1543/1543/1543 2443/2443/2443 1511/1511/1511
f 1511/1511/1511 2688/2688/2688 1543/1543/1543
f 1543/1543/1543 2688/2688/2688 2668/2668/2668
f 2116/2116/2116 1379/1379/1379 2451/2451/2451
f 2116/2116/2116 2451/2451/2451 2443/2443/2443
f 2442/2442/2442 2443/2443/2443 2451/2451/2451
f 2700/2700/2700 2603/2603/2603 2274/2274/2274
f 2650/2650/2650 2274/2274/2274 2603/2603/2603
f 2650/2650/2650 2280/2280/2280 2274/2274/2274
f 2328/2328/2328 2280/2280/2280 2650/2650/2650
f 2328/2328/2328 2599/2599/2599 2280/2280/2280
f 2328/2328/2328 2325/2325/2325 2599/2599/2599
f 1732/1732/1732 2599/2599/2599 2325/2325/2325
f 1732/1732/1732 2641/2641/2641 2599/2599/2599
f 2641/2641/2641 2613/2613/2613 2599/2599/2599
f 2599/2599/2599 2613/2613/2613 2279/2279/2279
f 2668/2668/2668 2279/2279/2279 2613/2613/2613
f 2659/2659/2659 2279/2279/2279 2668/2668/2668
f 2659/2659/2659 2668/2668/2668 2688/2688/2688
f 2659/2659/2659 2688/2688/2688 2696/2696/2696
f 2416/2416/2416 2696/2696/2696 2688/2688/2688
f 2416/2416/2416 2673/2673/2673 2696/2696/2696
f 2416/2416/2416 2387/2387/2387 2673/2673/2673
f 1507/1507/1507 2673/2673/2673 2387/2387/2387
f 2659/2659/2659 2696/2696/2696 2279/2279/2279
f 2278/2278/2278 2279/2279/2279 2696/2696/2696
f 2441/2441/2441 2445/2445/2445 1507/1507/1507
f 1541/1541/1541 1507/1507/1507 2445/2445/2445
f 1507/1507/1507 1541/1541/1541 2673/2673/2673
f 1541/1541/1541 2700/2700/2700 2673/2673/2673
f 2694/2694/2694 2673/2673/2673 2700/2700/2700
f 2694/2694/2694 2696/2696/2696 2673/2673/2673
f 2694/2694/2694 2274/2274/2274 2696/2696/2696
f 2278/2278/2278 2696/2696/2696 2274/2274/2274
f 2278/2278/2278 2274/2274/2274 2280/2280/2280
f 2278/2278/2278 2280/2280/2280 2279/2279/2279
f 2599/2599/2599 2279/2279/2279 2280/2280/2280
f 2694/2694/2694 2700/2700/2700 2274/2274/2274
f 2609/2609/2609 2650/2650/2650 2603/2603/2603
f 1333/1333/1333 2650/2650/2650 2609/2609/2609
f 1333/1333/1333 2325/2325/2325 2650/2650/2650
f 2328/2328/2328 2650/2650/2650 2325/2325/2325
f 1779/1779/1779 1778/1778/1778 1776/1776/1776
f 1779/1779/1779 2380/2380/2380 1778/1778/1778
f 2377/2377/2377 1778/1778/1778 2380/2380/2380
f 2377/2377/2377 2380/2380/2380 2353/2353/2353
f 1703/1703/1703 2353/2353/2353 2380/2380/2380
f 2353/2353/2353 1703/1703/1703 1126/1126/1126
f 1125/1125/1125 1126/1126/1126 1703/1703/1703
f 1683/1683/1683 1685/1685/1685 1684/1684/1684
f 1685/1685/1685 1414/1414/1414 1684/1684/1684
f 1400/1400/1400 1684/1684/1684 1414/1414/1414
f 1414/1414/1414 1412/1412/1412 1400/1400/1400
f 1966/1966/1966 1400/1400/1400 1412/1412/1412
f 1412/1412/1412 1964/1964/1964 1966/1966/1966
f 1965/1965/1965 1966/1966/1966 1964/1964/1964
f 3854/3854/3854 3855/3855/3855 3850/3850/3850
f 2713/2713/2713 2716/2716/2716 2711/2711/2711
f 1059/1059/1059 2716/2716/2716 2713/2713/2713
f 2716/2716/2716 1059/1059/1059 1058/1058/1058
f 3876/3876/3876 3882/3882/3882 3872/3872/3872
f 3882/3882/3882 3876/3876/3876 3878/3878/3878
f 3847/3847/3847 3878/3878/3878 3876/3876/3876
f 2502/2502/2502 2501/2501/2501 1229/1229/1229
f 2498/2498/2498 2501/2501/2501 2502/2502/2502
f 2501/2501/2501 2498/2498/2498 2579/2579/2579
f 2584/2584/2584 2579/2579/2579 2498/2498/2498
f 2580/2580/2580 2579/2579/2579 2584/2584/2584
f 2579/2579/2579 2580/2580/2580 1204/1204/1204
f 1138/1138/1138 1204/1204/1204 2580/2580/2580
f 1279/1279/1279 1055/1055/1055 1278/1278/1278
f 1278/1278/1278 1277/1277/1277 1279/1279/1279
f 2096/2096/2096 2484/2484/2484 1535/1535/1535
f 1538/1538/1538 1535/1535/1535 2484/2484/2484
f 1544/1544/1544 1535/1535/1535 1538/1538/1538
f 1538/1538/1538 1537/1537/1537 1544/1544/1544
f 1537/1537/1537 1538/1538/1538 2483/2483/2483
f 2484/2484/2484 2483/2483/2483 1538/1538/1538
f 2483/2483/2483 2484/2484/2484 2465/2465/2465
f 2103/2103/2103 2465/2465/2465 2484/2484/2484
f 2465/2465/2465 2103/2103/2103 1878/1878/1878
f 1875/1875/1875 1878/1878/1878 2103/2103/2103
f 1880/1880/1880 1878/1878/1878 1875/1875/1875
f 1875/1875/1875 2095/2095/2095 1880/1880/1880
f 1232/1232/1232 1880/1880/1880 2095/2095/2095
f 2103/2103/2103 2095/2095/2095 1875/1875/1875
f 2095/2095/2095 2103/2103/2103 2096/2096/2096
f 2484/2484/2484 2096/2096/2096 2103/2103/2103
f 1878/1878/1878 1880/1880/1880 1352/1352/1352
f 1144/1144/1144 1371/1371/1371 1165/1165/1165
f 1544/1544/1544 1165/1165/1165 1371/1371/1371
f 1371/1371/1371 1367/1367/1367 1544/1544/1544
f 1535/1535/1535 1544/1544/1544 1367/1367/1367
f 2510/2510/2510 2515/2515/2515 2640/2640/2640
f 2515/2515/2515 2516/2516/2516 2640/2640/2640
f 1857/1857/1857 2640/2640/2640 2516/2516/2516
f 2516/2516/2516 1834/1834/1834 1857/1857/1857
f 1854/1854/1854 1857/1857/1857 1834/1834/1834
f 1376/1376/1376 1852/1852/1852 1854/1854/1854
f 1857/1857/1857 1854/1854/1854 1852/1852/1852
f 1852/1852/1852 2630/2630/2630 1857/1857/1857
f 2640/2640/2640 1857/1857/1857 2630/2630/2630
f 2629/2629/2629 2640/2640/2640 2630/2630/2630
f 2640/2640/2640 2629/2629/2629 2510/2510/2510
f 2629/2629/2629 1326/1326/1326 2510/2510/2510
f 1231/1231/1231 2510/2510/2510 1326/1326/1326
f 2629/2629/2629 1324/1324/1324 1326/1326/1326
f 3845/3845/3845 3846/3846/3846 3844/3844/3844
f 1141/1141/1141 1164/1164/1164 1374/1374/1374
f 1542/1542/1542 1374/1374/1374 1164/1164/1164
f 1374/1374/1374 1542/1542/1542 1375/1375/1375
f 1536/1536/1536 1375/1375/1375 1542/1542/1542
f 2118/2118/2118 1536/1536/1536 2453/2453/2453
f 1539/1539/1539 2453/2453/2453 1536/1536/1536
f 1542/1542/1542 1539/1539/1539 1536/1536/1536
f 1539/1539/1539 1542/1542/1542 1540/1540/1540
f 1540/1540/1540 2485/2485/2485 1539/1539/1539
f 2453/2453/2453 1539/1539/1539 2485/2485/2485
f 2485/2485/2485 2472/2472/2472 2453/2453/2453
f 2108/2108/2108 2453/2453/2453 2472/2472/2472
f 2472/2472/2472 1877/1877/1877 2108/2108/2108
f 1871/1871/1871 2108/2108/2108 1877/1877/1877
f 1874/1874/1874 1871/1871/1871 1877/1877/1877
f 1871/1871/1871 1874/1874/1874 1876/1876/1876
f 1876/1876/1876 2124/2124/2124 1871/1871/1871
f 2108/2108/2108 1871/1871/1871 2124/2124/2124
f 2124/2124/2124 2118/2118/2118 2108/2108/2108
f 2453/2453/2453 2108/2108/2108 2118/2118/2118
f 1877/1877/1877 1534/1534/1534 1874/1874/1874
f 3849/3849/3849 3891/3891/3891 3868/3868/3868
f 3892/3892/3892 3891/3891/3891 3842/3842/3842
f 3892/3892/3892 3890/3890/3890 3891/3891/3891
f 3890/3890/3890 3868/3868/3868 3891/3891/3891
f 3890/3890/3890 3867/3867/3867 3868/3868/3868
f 3726/3726/3726 3725/3725/3725 3718/3718/3718
f 3726/3726/3726 3728/3728/3728 3725/3725/3725
f 3726/3726/3726 3727/3727/3727 3728/3728/3728
f 3726/3726/3726 3724/3724/3724 3727/3727/3727
f 3726/3726/3726 3723/3723/3723 3724/3724/3724
f 3726/3726/3726 3722/3722/3722 3723/3723/3723
f 3726/3726/3726 3721/3721/3721 3722/3722/3722
f 3726/3726/3726 3720/3720/3720 3721/3721/3721
f 3726/3726/3726 3719/3719/3719 3720/3720/3720
f 3726/3726/3726 3718/3718/3718 3719/3719/3719
f 2676/2676/2676 2689/2689/2689 2693/2693/2693
f 2693/2693/2693 2660/2660/2660 2676/2676/2676
f 2660/2660/2660 2693/2693/2693 1512/1512/1512
f 2627/2627/2627 2029/2029/2029 1327/1327/1327
f 2029/2029/2029 2627/2627/2627 2615/2615/2615
f 2615/2615/2615 1847/1847/1847 2029/2029/2029
f 2616/2616/2616 2029/2029/2029 1847/1847/1847
f 1847/1847/1847 2617/2617/2617 2616/2616/2616
f 2653/2653/2653 2616/2616/2616 2617/2617/2617
f 2617/2617/2617 2618/2618/2618 2653/2653/2653
f 2463/2463/2463 2653/2653/2653 2618/2618/2618
f 2618/2618/2618 2466/2466/2466 2463/2463/2463
f 2481/2481/2481 2463/2463/2463 2466/2466/2466
f 1512/1512/1512 2463/2463/2463 2481/2481/2481
f 2463/2463/2463 1512/1512/1512 1306/1306/1306
f 1306/1306/1306 1512/1512/1512 2693/2693/2693
f 2693/2693/2693 2271/2271/2271 1306/1306/1306
f 2271/2271/2271 2693/2693/2693 2689/2689/2689
f 2689/2689/2689 2461/2461/2461 2271/2271/2271
f 2486/2486/2486 2271/2271/2271 2461/2461/2461
f 2461/2461/2461 2460/2460/2460 2486/2486/2486
f 2687/2687/2687 2615/2615/2615 2627/2627/2627
f 1843/1843/1843 1327/1327/1327 2029/2029/2029
f 2029/2029/2029 2616/2616/2616 1843/1843/1843
f 1722/1722/1722 1843/1843/1843 2616/2616/2616
f 2616/2616/2616 2653/2653/2653 1722/1722/1722
f 1319/1319/1319 1722/1722/1722 2653/2653/2653
f 2653/2653/2653 2463/2463/2463 1319/1319/1319
f 1319/1319/1319 2463/2463/2463 2646/2646/2646
f 1306/1306/1306 2646/2646/2646 2463/2463/2463
f 2646/2646/2646 1306/1306/1306 2271/2271/2271
f 2271/2271/2271 2486/2486/2486 2646/2646/2646
f 2592/2592/2592 2646/2646/2646 2486/2486/2486
f 2486/2486/2486 1914/1914/1914 2592/2592/2592
f 2636/2636/2636 2592/2592/2592 1914/1914/1914
f 1914/1914/1914 2053/2053/2053 2636/2636/2636
f 2457/2457/2457 2636/2636/2636 2053/2053/2053
f 2636/2636/2636 2457/2457/2457 2471/2471/2471
f 1327/1327/1327 2471/2471/2471 2457/2457/2457
f 2471/2471/2471 1327/1327/1327 1843/1843/1843
f 1843/1843/1843 1722/1722/1722 2471/2471/2471
f 2591/2591/2591 2471/2471/2471 1722/1722/1722
f 1722/1722/1722 1319/1319/1319 2591/2591/2591
f 2646/2646/2646 2591/2591/2591 1319/1319/1319
f 2591/2591/2591 2646/2646/2646 2592/2592/2592
f 2592/2592/2592 2636/2636/2636 2591/2591/2591
f 2471/2471/2471 2591/2591/2591 2636/2636/2636
f 1914/1914/1914 2486/2486/2486 2460/2460/2460
f 2460/2460/2460 1853/1853/1853 1914/1914/1914
f 2053/2053/2053 1914/1914/1914 1853/1853/1853
f 1853/1853/1853 2042/2042/2042 2053/2053/2053
f 2031/2031/2031 2053/2053/2053 2042/2042/2042
f 2053/2053/2053 2031/2031/2031 2457/2457/2457
f 1228/1228/1228 2457/2457/2457 2031/2031/2031
f 2457/2457/2457 1228/1228/1228 1327/1327/1327
f 1230/1230/1230 1327/1327/1327 1228/1228/1228
f 1327/1327/1327 1230/1230/1230 2627/2627/2627
f 2667/2667/2667 2627/2627/2627 1230/1230/1230
f 2627/2627/2627 2667/2667/2667 2687/2687/2687
f 2685/2685/2685 2687/2687/2687 2667/2667/2667
f 2687/2687/2687 2685/2685/2685 1360/1360/1360
f 1360/1360/1360 1359/1359/1359 2687/2687/2687
f 1265/1265/1265 1741/1741/1741 1309/1309/1309
f 1308/1308/1308 1309/1309/1309 1741/1741/1741
f 1309/1309/1309 1308/1308/1308 2469/2469/2469
f 1720/1720/1720 2469/2469/2469 1308/1308/1308
f 2469/2469/2469 1720/1720/1720 2560/2560/2560
f 1842/1842/1842 2560/2560/2560 1720/1720/1720
f 2560/2560/2560 2452/2452/2452 2469/2469/2469
f 2621/2621/2621 1308/1308/1308 1741/1741/1741
f 1308/1308/1308 2621/2621/2621 1720/1720/1720
f 2628/2628/2628 1720/1720/1720 2621/2621/2621
f 1720/1720/1720 2628/2628/2628 1842/1842/1842
f 2004/2004/2004 1842/1842/1842 2628/2628/2628
f 1842/1842/1842 2004/2004/2004 1321/1321/1321
f 2560/2560/2560 1842/1842/1842 1321/1321/1321
f 1321/1321/1321 2563/2563/2563 2560/2560/2560
f 2563/2563/2563 2570/2570/2570 2560/2560/2560
f 2452/2452/2452 2560/2560/2560 2570/2570/2570
f 2570/2570/2570 1850/1850/1850 2452/2452/2452
f 1912/1912/1912 2452/2452/2452 1850/1850/1850
f 2452/2452/2452 1912/1912/1912 2469/2469/2469
f 2467/2467/2467 2469/2469/2469 1912/1912/1912
f 2469/2469/2469 2467/2467/2467 1309/1309/1309
f 2632/2632/2632 1309/1309/1309 2467/2467/2467
f 1309/1309/1309 2632/2632/2632 1265/1265/1265
f 2631/2631/2631 1265/1265/1265 2632/2632/2632
f 2651/2651/2651 1321/1321/1321 2004/2004/2004
f 2004/2004/2004 2619/2619/2619 2651/2651/2651
f 2619/2619/2619 2004/2004/2004 1844/1844/1844
f 2628/2628/2628 1844/1844/1844 2004/2004/2004
f 1844/1844/1844 2628/2628/2628 2620/2620/2620
f 2621/2621/2621 2620/2620/2620 2628/2628/2628
f 2620/2620/2620 2621/2621/2621 2623/2623/2623
f 1741/1741/1741 2623/2623/2623 2621/2621/2621
f 2623/2623/2623 1741/1741/1741 1737/1737/1737
f 1736/1736/1736 1737/1737/1737 1741/1741/1741
f 1741/1741/1741 1265/1265/1265 1736/1736/1736
f 2634/2634/2634 1736/1736/1736 1265/1265/1265
f 1265/1265/1265 2631/2631/2631 2634/2634/2634
f 2631/2631/2631 2635/2635/2635 2634/2634/2634
f 2635/2635/2635 2631/2631/2631 2632/2632/2632
f 2632/2632/2632 2259/2259/2259 2635/2635/2635
f 2259/2259/2259 2632/2632/2632 2454/2454/2454
f 2467/2467/2467 2454/2454/2454 2632/2632/2632
f 2680/2680/2680 2651/2651/2651 2619/2619/2619
f 1790/1790/1790 2634/2634/2634 2635/2635/2635
f 2454/2454/2454 2467/2467/2467 2464/2464/2464
f 1912/1912/1912 2464/2464/2464 2467/2467/2467
f 2464/2464/2464 1912/1912/1912 1851/1851/1851
f 1850/1850/1850 1851/1851/1851 1912/1912/1912
f 1851/1851/1851 1850/1850/1850 1859/1859/1859
f 2079/2079/2079 1859/1859/1859 1850/1850/1850
f 1850/1850/1850 2570/2570/2570 2079/2079/2079
f 2571/2571/2571 2079/2079/2079 2570/2570/2570
f 2570/2570/2570 2563/2563/2563 2571/2571/2571
f 1210/1210/1210 2571/2571/2571 2563/2563/2563
f 2563/2563/2563 1321/1321/1321 1210/1210/1210
f 1321/1321/1321 2651/2651/2651 1210/1210/1210
f 2703/2703/2703 1210/1210/1210 2651/2651/2651
f 2651/2651/2651 2680/2680/2680 2703/2703/2703
f 2679/2679/2679 2703/2703/2703 2680/2680/2680
f 2680/2680/2680 1363/1363/1363 2679/2679/2679
f 1363/1363/1363 2680/2680/2680 1361/1361/1361
f 3681/3681/3681 3683/3683/3683 3676/3676/3676
f 3674/3674/3674 3683/3683/3683 3681/3681/3681
f 3673/3673/3673 3672/3672/3672 3664/3664/3664
f 3661/3661/3661 3672/3672/3672 3673/3673/3673
f 3659/3659/3659 3660/3660/3660 3657/3657/3657
f 2657/2657/2657 2809/2809/2809 1516/1516/1516
f 1516/1516/1516 2643/2643/2643 2657/2657/2657
f 2604/2604/2604 2657/2657/2657 2643/2643/2643
f 2747/2747/2747 2604/2604/2604 2643/2643/2643
f 2604/2604/2604 2747/2747/2747 2799/2799/2799
f 2756/2756/2756 2799/2799/2799 2747/2747/2747
f 2290/2290/2290 2756/2756/2756 2747/2747/2747
f 2747/2747/2747 2297/2297/2297 2290/2290/2290
f 2297/2297/2297 2747/2747/2747 1768/1768/1768
f 2643/2643/2643 1768/1768/1768 2747/2747/2747
f 2799/2799/2799 2597/2597/2597 2604/2604/2604
f 2657/2657/2657 2604/2604/2604 2597/2597/2597
f 2597/2597/2597 2665/2665/2665 2657/2657/2657
f 2809/2809/2809 2657/2657/2657 2665/2665/2665
f 2665/2665/2665 2773/2773/2773 2809/2809/2809
f 2800/2800/2800 2789/2789/2789 2799/2799/2799
f 2799/2799/2799 2756/2756/2756 2800/2800/2800
f 1509/1509/1509 2800/2800/2800 2756/2756/2756
f 2756/2756/2756 2290/2290/2290 1509/1509/1509
f 1506/1506/1506 1509/1509/1509 2290/2290/2290
f 2773/2773/2773 1795/1795/1795 2775/2775/2775
f 2775/2775/2775 2809/2809/2809 2773/2773/2773
f 2809/2809/2809 2775/2775/2775 2815/2815/2815
f 2815/2815/2815 1516/1516/1516 2809/2809/2809
f 1516/1516/1516 2815/2815/2815 2162/2162/2162
f 2643/2643/2643 1516/1516/1516 2162/2162/2162
f 2162/2162/2162 2012/2012/2012 2643/2643/2643
f 1768/1768/1768 2643/2643/2643 2012/2012/2012
f 2012/2012/2012 1765/1765/1765 1768/1768/1768
f 1765/1765/1765 2012/2012/2012 2033/2033/2033
f 2003/2003/2003 2033/2033/2033 2012/2012/2012
f 2033/2033/2033 2003/2003/2003 2028/2028/2028
f 2003/2003/2003 2155/2155/2155 2028/2028/2028
f 2140/2140/2140 2028/2028/2028 2155/2155/2155
f 2155/2155/2155 2150/2150/2150 2140/2140/2140
f 1916/1916/1916 2140/2140/2140 2150/2150/2150
f 2150/2150/2150 1952/1952/1952 1916/1916/1916
f 1678/1678/1678 1916/1916/1916 1952/1952/1952
f 1213/1213/1213 2162/2162/2162 2815/2815/2815
f 1817/1817/1817 2775/2775/2775 1795/1795/1795
f 2775/2775/2775 1817/1817/1817 2815/2815/2815
f 2282/2282/2282 2815/2815/2815 1817/1817/1817
f 2815/2815/2815 2282/2282/2282 1213/1213/1213
f 1957/1957/1957 1213/1213/1213 2282/2282/2282
f 1213/1213/1213 1957/1957/1957 1952/1952/1952
f 1952/1952/1952 2150/2150/2150 1213/1213/1213
f 2162/2162/2162 1213/1213/1213 2150/2150/2150
f 2150/2150/2150 2155/2155/2155 2162/2162/2162
f 2155/2155/2155 2003/2003/2003 2162/2162/2162
f 2012/2012/2012 2162/2162/2162 2003/2003/2003
f 1952/1952/1952 1682/1682/1682 1678/1678/1678
f 1682/1682/1682 1952/1952/1952 1954/1954/1954
f 1957/1957/1957 1954/1954/1954 1952/1952/1952
f 1954/1954/1954 1957/1957/1957 2288/2288/2288
f 2282/2282/2282 2288/2288/2288 1957/1957/1957
f 2288/2288/2288 2282/2282/2282 2287/2287/2287
f 1817/1817/1817 2287/2287/2287 2282/2282/2282
f 2287/2287/2287 1817/1817/1817 1824/1824/1824
f 1795/1795/1795 1824/1824/1824 1817/1817/1817
f 1824/1824/1824 1795/1795/1795 1728/1728/1728
f 1727/1727/1727 1728/1728/1728 1795/1795/1795
f 1795/1795/1795 2773/2773/2773 1727/1727/1727
f 2697/2697/2697 1727/1727/1727 2773/2773/2773
f 2773/2773/2773 2665/2665/2665 2697/2697/2697
f 2681/2681/2681 2697/2697/2697 2665/2665/2665
f 2665/2665/2665 2597/2597/2597 2681/2681/2681
f 2789/2789/2789 2681/2681/2681 2597/2597/2597
f 2597/2597/2597 2799/2799/2799 2789/2789/2789
f 3656/3656/3656 3658/3658/3658 3653/3653/3653
f 3651/3651/3651 3658/3658/3658 3656/3656/3656
f 3648/3648/3648 3650/3650/3650 3643/3643/3643
f 3647/3647/3647 3650/3650/3650 3648/3648/3648
f 3645/3645/3645 3644/3644/3644 3642/3642/3642
f 3628/3628/3628 3644/3644/3644 3645/3645/3645
f 3633/3633/3633 3640/3640/3640 3624/3624/3624
f 3635/3635/3635 3640/3640/3640 3633/3633/3633
f 3636/3636/3636 3634/3634/3634 3631/3631/3631
f 3622/3622/3622 3634/3634/3634 3636/3636/3636
f 3614/3614/3614 3618/3618/3618 3609/3609/3609
f 3613/3613/3613 3618/3618/3618 3614/3614/3614
f 3606/3606/3606 3607/3607/3607 3605/3605/3605
f 3603/3603/3603 3607/3607/3607 3606/3606/3606
f 3594/3594/3594 3598/3598/3598 3592/3592/3592
f 3596/3596/3596 3598/3598/3598 3594/3594/3594
f 3601/3601/3601 3600/3600/3600 3599/3599/3599
f 3591/3591/3591 3600/3600/3600 3601/3601/3601
f 3584/3584/3584 3583/3583/3583 3579/3579/3579
f 3578/3578/3578 3583/3583/3583 3584/3584/3584
f 3588/3588/3588 3587/3587/3587 3585/3585/3585
f 3567/3567/3567 3587/3587/3587 3588/3588/3588
f 3571/3571/3571 3577/3577/3577 3560/3560/3560
f 3568/3568/3568 3577/3577/3577 3571/3571/3571
f 3557/3557/3557 3561/3561/3561 3550/3550/3550
f 3558/3558/3558 3561/3561/3561 3557/3557/3557
f 3533/3533/3533 3534/3534/3534 3532/3532/3532
f 1364/1364/1364 2034/2034/2034 2019/2019/2019
f 2019/2019/2019 2034/2034/2034 2035/2035/2035
f 2019/2019/2019 2035/2035/2035 2396/2396/2396
f 1529/1529/1529 2019/2019/2019 2396/2396/2396
f 1529/1529/1529 2396/2396/2396 1524/1524/1524
f 1978/1978/1978 2086/2086/2086 2089/2089/2089
f 1978/1978/1978 2089/2089/2089 1976/1976/1976
f 1977/1977/1977 1978/1978/1978 1976/1976/1976
f 1977/1977/1977 2391/2391/2391 1978/1978/1978
f 2396/2396/2396 2391/2391/2391 1977/1977/1977
f 2395/2395/2395 2391/2391/2391 2396/2396/2396
f 2395/2395/2395 2396/2396/2396 2035/2035/2035
f 1347/1347/1347 2395/2395/2395 2035/2035/2035
f 2393/2393/2393 2395/2395/2395 1347/1347/1347
f 2391/2391/2391 2395/2395/2395 2393/2393/2393
f 2391/2391/2391 2393/2393/2393 1978/1978/1978
f 2106/2106/2106 1706/1706/1706 1705/1705/1705
f 1707/1707/1707 2106/2106/2106 1705/1705/1705
f 1706/1706/1706 1480/1480/1480 2801/2801/2801
f 2156/2156/2156 1480/1480/1480 1706/1706/1706
f 2106/2106/2106 2156/2156/2156 1706/1706/1706
f 2107/2107/2107 2156/2156/2156 2106/2106/2106
f 3879/3879/3879 3841/3841/3841 3880/3880/3880
f 3879/3879/3879 3880/3880/3880 3877/3877/3877
f 3843/3843/3843 3877/3877/3877 3880/3880/3880
f 3859/3859/3859 3861/3861/3861 3896/3896/3896
f 3894/3894/3894 3896/3896/3896 3861/3861/3861
f 3896/3896/3896 3894/3894/3894 3893/3893/3893
f 3530/3530/3530 3531/3531/3531 3529/3529/3529
f 3860/3860/3860 3864/3864/3864 3862/3862/3862
f 3839/3839/3839 3862/3862/3862 3864/3864/3864
f 3122/3122/3122 3127/3127/3127 3123/3123/3123
f 3016/3016/3016 3123/3123/3123 3127/3127/3127
f 3045/3045/3045 3046/3046/3046 3044/3044/3044
f 2997/2997/2997 3044/3044/3044 3046/3046/3046
f 3340/3340/3340 3354/3354/3354 3341/3341/3341
f 2987/2987/2987 3341/3341/3341 3354/3354/3354
f 3328/3328/3328 3330/3330/3330 3323/3323/3323
f 3323/3323/3323 3066/3066/3066 3328/3328/3328
f 3454/3454/3454 3328/3328/3328 3066/3066/3066
f 3066/3066/3066 3453/3453/3453 3454/3454/3454
f 3451/3451/3451 3454/3454/3454 3453/3453/3453
f 3527/3527/3527 3528/3528/3528 3526/3526/3526
f 3253/3253/3253 3255/3255/3255 3252/3252/3252
f 3008/3008/3008 3252/3252/3252 3255/3255/3255
f 3252/3252/3252 3008/3008/3008 3365/3365/3365
f 3364/3364/3364 3365/3365/3365 3008/3008/3008
f 3365/3365/3365 3364/3364/3364 3366/3366/3366
f 3133/3133/3133 3366/3366/3366 3364/3364/3364
f 2944/2944/2944 2945/2945/2945 2943/2943/2943
f 2942/2942/2942 2943/2943/2943 2945/2945/2945
f 3496/3496/3496 3490/3490/3490 3493/3493/3493
f 3162/3162/3162 3496/3496/3496 3493/3493/3493
f 3086/3086/3086 3496/3496/3496 3162/3162/3162
f 3082/3082/3082 3086/3086/3086 3162/3162/3162
f 3125/3125/3125 3128/3128/3128 3126/3126/3126
f 3021/3021/3021 3126/3126/3126 3128/3128/3128
f 3021/3021/3021 3019/3019/3019 3126/3126/3126
f 3015/3015/3015 3126/3126/3126 3019/3019/3019
f 3019/3019/3019 3013/3013/3013 3015/3015/3015
f 3012/3012/3012 3015/3015/3015 3013/3013/3013
f 3524/3524/3524 3525/3525/3525 3523/3523/3523
f 3447/3447/3447 3449/3449/3449 3446/3446/3446
f 3446/3446/3446 3009/3009/3009 3447/3447/3447
f 3009/3009/3009 3446/3446/3446 2952/2952/2952
f 3068/3068/3068 3161/3161/3161 3069/3069/3069
f 3449/3449/3449 3069/3069/3069 3161/3161/3161
f 3161/3161/3161 3446/3446/3446 3449/3449/3449
f 3446/3446/3446 3161/3161/3161 3375/3375/3375
f 3375/3375/3375 3097/3097/3097 3446/3446/3446
f 3097/3097/3097 3375/3375/3375 3095/3095/3095
f 3377/3377/3377 3375/3375/3375 3161/3161/3161
f 3375/3375/3375 3377/3377/3377 3370/3370/3370
f 3503/3503/3503 3504/3504/3504 3502/3502/3502
f 2555/2555/2555 2574/2574/2574 2556/2556/2556
f 1163/1163/1163 2556/2556/2556 2574/2574/2574
f 2556/2556/2556 1163/1163/1163 1162/1162/1162
f 3500/3500/3500 3501/3501/3501 3499/3499/3499
f 2491/2491/2491 1145/1145/1145 1146/1146/1146
f 2489/2489/2489 2491/2491/2491 1146/1146/1146
f 2455/2455/2455 2491/2491/2491 2489/2489/2489
f 1642/1642/1642 2491/2491/2491 2455/2455/2455
f 1637/1637/1637 1642/1642/1642 2455/2455/2455
f 1639/1639/1639 1642/1642/1642 1637/1637/1637
f 3470/3470/3470 3471/3471/3471 3469/3469/3469
f 1200/1200/1200 1201/1201/1201 1773/1773/1773
f 1772/1772/1772 1773/1773/1773 1201/1201/1201
f 1772/1772/1772 1771/1771/1771 1773/1773/1773
f 1681/1681/1681 1773/1773/1773 1771/1771/1771
f 1681/1681/1681 1771/1771/1771 1698/1698/1698
f 1704/1704/1704 1698/1698/1698 1771/1771/1771
f 1704/1704/1704 1699/1699/1699 1698/1698/1698
f 1397/1397/1397 1698/1698/1698 1699/1699/1699
f 3467/3467/3467 3468/3468/3468 3460/3460/3460
f 1182/1182/1182 1184/1184/1184 1183/1183/1183
f 1122/1122/1122 1183/1183/1183 1184/1184/1184
f 2509/2509/2509 2511/2511/2511 2508/2508/2508
f 1120/1120/1120 2508/2508/2508 2511/2511/2511
f 1110/1110/1110 1112/1112/1112 1109/1109/1109
f 1107/1107/1107 1109/1109/1109 1112/1112/1112
f 1100/1100/1100 1103/1103/1103 1099/1099/1099
f 1098/1098/1098 1099/1099/1099 1103/1103/1103
f 1102/1102/1102 1104/1104/1104 1101/1101/1101
f 1097/1097/1097 1101/1101/1101 1104/1104/1104
f 1739/1739/1739 2286/2286/2286 2406/2406/2406
f 2406/2406/2406 2286/2286/2286 2281/2281/2281
f 2406/2406/2406 2281/2281/2281 2430/2430/2430
f 2430/2430/2430 2281/2281/2281 1130/1130/1130
f 2430/2430/2430 1130/1130/1130 1129/1129/1129
f 2291/2291/2291 2281/2281/2281 2286/2286/2286
f 2291/2291/2291 2286/2286/2286 2293/2293/2293
f 1742/1742/1742 2293/2293/2293 2286/2286/2286
f 1739/1739/1739 1742/1742/1742 2286/2286/2286
f 1735/1735/1735 1742/1742/1742 1739/1739/1739
f 1735/1735/1735 1739/1739/1739 2406/2406/2406
f 1300/1300/1300 1735/1735/1735 2406/2406/2406
f 1300/1300/1300 2406/2406/2406 2432/2432/2432
f 2432/2432/2432 2406/2406/2406 2430/2430/2430
f 2432/2432/2432 2430/2430/2430 2408/2408/2408
f 1177/1177/1177 1742/1742/1742 1735/1735/1735
f 3425/3425/3425 3426/3426/3426 3424/3424/3424
f 2505/2505/2505 1065/1065/1065 1203/1203/1203
f 1203/1203/1203 2500/2500/2500 2505/2505/2505
f 2503/2503/2503 2505/2505/2505 2500/2500/2500
f 3422/3422/3422 3423/3423/3423 3420/3420/3420
f 2200/2200/2200 2201/2201/2201 2196/2196/2196
f 2056/2056/2056 2196/2196/2196 2201/2201/2201
f 2196/2196/2196 2056/2056/2056 2772/2772/2772
f 2805/2805/2805 2772/2772/2772 2056/2056/2056
f 2807/2807/2807 2772/2772/2772 2805/2805/2805
f 2772/2772/2772 2807/2807/2807 1267/1267/1267
f 1062/1062/1062 1267/1267/1267 2807/2807/2807
f 2173/2173/2173 2174/2174/2174 2169/2169/2169
f 2059/2059/2059 2169/2169/2169 2174/2174/2174
f 2169/2169/2169 2059/2059/2059 2770/2770/2770
f 2786/2786/2786 2770/2770/2770 2059/2059/2059
f 2811/2811/2811 2770/2770/2770 2786/2786/2786
f 2770/2770/2770 2811/2811/2811 1269/1269/1269
f 1061/1061/1061 1269/1269/1269 2811/2811/2811
f 2767/2767/2767 1962/1962/1962 2078/2078/2078
f 2755/2755/2755 2767/2767/2767 2078/2078/2078
f 2305/2305/2305 2078/2078/2078 1962/1962/1962
f 1962/1962/1962 2304/2304/2304 2305/2305/2305
f 2302/2302/2302 2305/2305/2305 2304/2304/2304
f 2302/2302/2302 2303/2303/2303 2305/2305/2305
f 2190/2190/2190 2305/2305/2305 2303/2303/2303
f 2305/2305/2305 2190/2190/2190 2078/2078/2078
f 2749/2749/2749 2078/2078/2078 2190/2190/2190
f 2755/2755/2755 2078/2078/2078 2749/2749/2749
f 2755/2755/2755 2749/2749/2749 2757/2757/2757
f 2755/2755/2755 2757/2757/2757 2767/2767/2767
f 1312/1312/1312 2767/2767/2767 2757/2757/2757
f 1587/1587/1587 1312/1312/1312 2757/2757/2757
f 1587/1587/1587 2757/2757/2757 1592/1592/1592
f 1592/1592/1592 2757/2757/2757 2749/2749/2749
f 2766/2766/2766 1961/1961/1961 2081/2081/2081
f 2752/2752/2752 2766/2766/2766 2081/2081/2081
f 2309/2309/2309 2081/2081/2081 1961/1961/1961
f 1961/1961/1961 2308/2308/2308 2309/2309/2309
f 2306/2306/2306 2309/2309/2309 2308/2308/2308
f 2306/2306/2306 2307/2307/2307 2309/2309/2309
f 2227/2227/2227 2309/2309/2309 2307/2307/2307
f 2309/2309/2309 2227/2227/2227 2081/2081/2081
f 2751/2751/2751 2081/2081/2081 2227/2227/2227
f 2752/2752/2752 2081/2081/2081 2751/2751/2751
f 2752/2752/2752 2751/2751/2751 2769/2769/2769
f 2752/2752/2752 2769/2769/2769 2766/2766/2766
f 1313/1313/1313 2766/2766/2766 2769/2769/2769
f 1580/1580/1580 1313/1313/1313 2769/2769/2769
f 1580/1580/1580 2769/2769/2769 1583/1583/1583
f 1583/1583/1583 2769/2769/2769 2751/2751/2751
f 1096/1096/1096 1275/1275/1275 1349/1349/1349
f 1350/1350/1350 1349/1349/1349 1275/1275/1275
f 1349/1349/1349 1350/1350/1350 1348/1348/1348
f 3410/3410/3410 3411/3411/3411 3409/3409/3409
f 2315/2315/2315 2318/2318/2318 2319/2319/2319
f 2315/2315/2315 2314/2314/2314 2318/2318/2318
f 1782/1782/1782 2318/2318/2318 2314/2314/2314
f 2195/2195/2195 1867/1867/1867 2198/2198/2198
f 2199/2199/2199 2195/2195/2195 2198/2198/2198
f 1782/1782/1782 2195/2195/2195 2199/2199/2199
f 2318/2318/2318 1782/1782/1782 2199/2199/2199
f 2318/2318/2318 2199/2199/2199 1780/1780/1780
f 1780/1780/1780 2319/2319/2319 2318/2318/2318
f 1780/1780/1780 1783/1783/1783 2319/2319/2319
f 1783/1783/1783 1922/1922/1922 2319/2319/2319
f 2319/2319/2319 1922/1922/1922 2492/2492/2492
f 2487/2487/2487 2492/2492/2492 1922/1922/1922
f 2717/2717/2717 2492/2492/2492 2487/2487/2487
f 2715/2715/2715 2717/2717/2717 2487/2487/2487
f 2715/2715/2715 2714/2714/2714 2717/2717/2717
f 1392/1392/1392 2717/2717/2717 2714/2714/2714
f 2714/2714/2714 2347/2347/2347 1392/1392/1392
f 2365/2365/2365 1392/1392/1392 2347/2347/2347
f 2365/2365/2365 2347/2347/2347 2366/2366/2366
f 2365/2365/2365 2366/2366/2366 2373/2373/2373
f 2199/2199/2199 2198/2198/2198 2194/2194/2194
f 1780/1780/1780 2199/2199/2199 2194/2194/2194
f 1780/1780/1780 2194/2194/2194 1114/1114/1114
f 2365/2365/2365 2373/2373/2373 1392/1392/1392
f 1388/1388/1388 1392/1392/1392 2373/2373/2373
f 1388/1388/1388 2373/2373/2373 2040/2040/2040
f 2370/2370/2370 2040/2040/2040 2373/2373/2373
f 2370/2370/2370 2350/2350/2350 2040/2040/2040
f 2370/2370/2370 2355/2355/2355 2350/2350/2350
f 2370/2370/2370 2373/2373/2373 2355/2355/2355
f 1917/1917/1917 2373/2373/2373 2366/2366/2366
f 1917/1917/1917 2355/2355/2355 2373/2373/2373
f 1917/1917/1917 1264/1264/1264 2355/2355/2355
f 1917/1917/1917 2366/2366/2366 1264/1264/1264
f 2720/2720/2720 2040/2040/2040 2350/2350/2350
f 2735/2735/2735 2040/2040/2040 2720/2720/2720
f 2725/2725/2725 2735/2735/2735 2720/2720/2720
f 2725/2725/2725 1383/1383/1383 2735/2735/2735
f 1235/1235/1235 2735/2735/2735 1383/1383/1383
f 1383/1383/1383 2252/2252/2252 1235/1235/1235
f 2314/2314/2314 1235/1235/1235 2252/2252/2252
f 2252/2252/2252 2249/2249/2249 2314/2314/2314
f 1782/1782/1782 2314/2314/2314 2249/2249/2249
f 2249/2249/2249 1149/1149/1149 1782/1782/1782
f 1344/1344/1344 1345/1345/1345 1343/1343/1343
f 1073/1073/1073 1343/1343/1343 1345/1345/1345
f 1343/1343/1343 1073/1073/1073 1071/1071/1071
f 3259/3259/3259 3260/3260/3260 3258/3258/3258
f 1072/1072/1072 1074/1074/1074 1748/1748/1748
f 1745/1745/1745 1748/1748/1748 1074/1074/1074
f 1748/1748/1748 1745/1745/1745 1740/1740/1740
f 3686/3686/3686 3685/3685/3685 3684/3684/3684
f 3535/3535/3535 3685/3685/3685 3686/3686/3686
f 3048/3048/3048 3535/3535/3535 3686/3686/3686
f 1063/1063/1063 1064/1064/1064 1911/1911/1911
f 1913/1913/1913 1911/1911/1911 1064/1064/1064
f 1911/1911/1911 1913/1913/1913 1910/1910/1910
f 3654/3654/3654 3655/3655/3655 3043/3043/3043
f 3655/3655/3655 3654/3654/3654 3652/3652/3652
f 3032/3032/3032 3033/3033/3033 3031/3031/3031
f 1956/1956/1956 2083/2083/2083 1715/1715/1715
f 1715/1715/1715 1955/1955/1955 1956/1956/1956
f 1958/1958/1958 1956/1956/1956 1955/1955/1955
f 1955/1955/1955 1959/1959/1959 1958/1958/1958
f 1959/1959/1959 1955/1955/1955 1666/1666/1666
f 2691/2691/2691 2779/2779/2779 1725/1725/1725
f 2779/2779/2779 2691/2691/2691 2663/2663/2663
f 2695/2695/2695 2663/2663/2663 2691/2691/2691
f 2663/2663/2663 2695/2695/2695 2639/2639/2639
f 2790/2790/2790 2639/2639/2639 2695/2695/2695
f 2639/2639/2639 2790/2790/2790 2795/2795/2795
f 2776/2776/2776 2795/2795/2795 2790/2790/2790
f 2473/2473/2473 2795/2795/2795 2776/2776/2776
f 2795/2795/2795 2473/2473/2473 2482/2482/2482
f 2482/2482/2482 2473/2473/2473 2468/2468/2468
f 2468/2468/2468 2459/2459/2459 2482/2482/2482
f 2080/2080/2080 2482/2482/2482 2459/2459/2459
f 2459/2459/2459 2083/2083/2083 2080/2080/2080
f 2644/2644/2644 2080/2080/2080 2083/2083/2083
f 2083/2083/2083 1956/1956/1956 2644/2644/2644
f 1370/1370/1370 2644/2644/2644 1956/1956/1956
f 1956/1956/1956 1958/1958/1958 1370/1370/1370
f 1222/1222/1222 1370/1370/1370 1958/1958/1958
f 1505/1505/1505 2468/2468/2468 2473/2473/2473
f 1616/1616/1616 2777/2777/2777 1370/1370/1370
f 1370/1370/1370 1222/1222/1222 1616/1616/1616
f 1953/1953/1953 1616/1616/1616 1222/1222/1222
f 2656/2656/2656 1513/1513/1513 2774/2774/2774
f 1513/1513/1513 2656/2656/2656 2644/2644/2644
f 2645/2645/2645 2644/2644/2644 2656/2656/2656
f 2080/2080/2080 2644/2644/2644 2645/2645/2645
f 2644/2644/2644 1370/1370/1370 1513/1513/1513
f 1513/1513/1513 1370/1370/1370 2777/2777/2777
f 2777/2777/2777 2774/2774/2774 1513/1513/1513
f 2774/2774/2774 2777/2777/2777 2817/2817/2817
f 2817/2817/2817 2779/2779/2779 2774/2774/2774
f 2663/2663/2663 2774/2774/2774 2779/2779/2779
f 2774/2774/2774 2663/2663/2663 2656/2656/2656
f 2639/2639/2639 2656/2656/2656 2663/2663/2663
f 2656/2656/2656 2639/2639/2639 2645/2645/2645
f 2795/2795/2795 2645/2645/2645 2639/2639/2639
f 2645/2645/2645 2795/2795/2795 2080/2080/2080
f 2482/2482/2482 2080/2080/2080 2795/2795/2795
f 1958/1958/1958 1959/1959/1959 1222/1222/1222
f 2358/2358/2358 1222/1222/1222 1959/1959/1959
f 1222/1222/1222 2358/2358/2358 1953/1953/1953
f 1953/1953/1953 2358/2358/2358 2389/2389/2389
f 2389/2389/2389 1951/1951/1951 1953/1953/1953
f 1616/1616/1616 1953/1953/1953 1951/1951/1951
f 1951/1951/1951 2295/2295/2295 1616/1616/1616
f 2777/2777/2777 1616/1616/1616 2295/2295/2295
f 2295/2295/2295 1818/1818/1818 2777/2777/2777
f 2817/2817/2817 2777/2777/2777 1818/1818/1818
f 1818/1818/1818 1816/1816/1816 2817/2817/2817
f 2779/2779/2779 2817/2817/2817 1816/1816/1816
f 1816/1816/1816 1725/1725/1725 2779/2779/2779
f 1725/1725/1725 1816/1816/1816 1726/1726/1726
f 1798/1798/1798 1726/1726/1726 1816/1816/1816
f 1816/1816/1816 1818/1818/1818 1798/1798/1798
f 2284/2284/2284 1798/1798/1798 1818/1818/1818
f 1818/1818/1818 2295/2295/2295 2284/2284/2284
f 2294/2294/2294 2284/2284/2284 2295/2295/2295
f 2295/2295/2295 1951/1951/1951 2294/2294/2294
f 1266/1266/1266 2294/2294/2294 1951/1951/1951
f 2341/2341/2341 2389/2389/2389 2358/2358/2358
f 2950/2950/2950 2951/2951/2951 2882/2882/2882
f 2951/2951/2951 2950/2950/2950 2949/2949/2949
f 2878/2878/2878 2879/2879/2879 2877/2877/2877
f 1469/1469/1469 1471/1471/1471 2170/2170/2170
f 1441/1441/1441 2170/2170/2170 1471/1471/1471
f 2170/2170/2170 1441/1441/1441 1456/1456/1456
f 1456/1456/1456 2166/2166/2166 2170/2170/2170
f 2166/2166/2166 1456/1456/1456 2119/2119/2119
f 2164/2164/2164 2170/2170/2170 2166/2166/2166
f 2126/2126/2126 2119/2119/2119 1456/1456/1456
f 1456/1456/1456 1450/1450/1450 2126/2126/2126
f 1450/1450/1450 1456/1456/1456 1441/1441/1441
f 1450/1450/1450 1441/1441/1441 1415/1415/1415
f 1416/1416/1416 1415/1415/1415 1441/1441/1441
f 1416/1416/1416 1628/1628/1628 1415/1415/1415
f 2002/2002/2002 1415/1415/1415 1628/1628/1628
f 1415/1415/1415 2002/2002/2002 1453/1453/1453
f 1796/1796/1796 1453/1453/1453 2002/2002/2002
f 1453/1453/1453 1796/1796/1796 1398/1398/1398
f 1794/1794/1794 1398/1398/1398 1796/1796/1796
f 1398/1398/1398 1794/1794/1794 1438/1438/1438
f 1974/1974/1974 1438/1438/1438 1794/1794/1794
f 1438/1438/1438 1974/1974/1974 1527/1527/1527
f 1625/1625/1625 1527/1527/1527 1974/1974/1974
f 1527/1527/1527 1625/1625/1625 1523/1523/1523
f 2001/2001/2001 1523/1523/1523 1625/1625/1625
f 1523/1523/1523 2001/2001/2001 1419/1419/1419
f 1453/1453/1453 1398/1398/1398 1451/1451/1451
f 1423/1423/1423 1451/1451/1451 1398/1398/1398
f 1398/1398/1398 1438/1438/1438 1423/1423/1423
f 1424/1424/1424 1423/1423/1423 1438/1438/1438
f 1438/1438/1438 1527/1527/1527 1424/1424/1424
f 1427/1427/1427 1424/1424/1424 1527/1527/1527
f 1527/1527/1527 1523/1523/1523 1427/1427/1427
f 1458/1458/1458 1427/1427/1427 1523/1523/1523
f 1523/1523/1523 1419/1419/1419 1458/1458/1458
f 1476/1476/1476 1458/1458/1458 1419/1419/1419
f 1419/1419/1419 1724/1724/1724 1476/1476/1476
f 1485/1485/1485 1476/1476/1476 1724/1724/1724
f 1724/1724/1724 1747/1747/1747 1485/1485/1485
f 1488/1488/1488 1485/1485/1485 1747/1747/1747
f 1488/1488/1488 1484/1484/1484 1485/1485/1485
f 2099/2099/2099 1485/1485/1485 1484/1484/1484
f 1485/1485/1485 2099/2099/2099 1476/1476/1476
f 1460/1460/1460 1476/1476/1476 2099/2099/2099
f 1476/1476/1476 1460/1460/1460 1458/1458/1458
f 2072/2072/2072 1458/1458/1458 1460/1460/1460
f 1458/1458/1458 2072/2072/2072 1427/1427/1427
f 1395/1395/1395 1427/1427/1427 2072/2072/2072
f 1427/1427/1427 1395/1395/1395 1424/1424/1424
f 2073/2073/2073 1424/1424/1424 1395/1395/1395
f 1424/1424/1424 2073/2073/2073 1423/1423/1423
f 1413/1413/1413 1423/1423/1423 2073/2073/2073
f 1423/1423/1423 1413/1413/1413 1451/1451/1451
f 2126/2126/2126 1451/1451/1451 1413/1413/1413
f 1451/1451/1451 2126/2126/2126 1450/1450/1450
f 1451/1451/1451 1450/1450/1450 1453/1453/1453
f 1415/1415/1415 1453/1453/1453 1450/1450/1450
f 1331/1331/1331 1491/1491/1491 1488/1488/1488
f 1484/1484/1484 1488/1488/1488 1491/1491/1491
f 1491/1491/1491 1139/1139/1139 1484/1484/1484
f 2104/2104/2104 1484/1484/1484 1139/1139/1139
f 1484/1484/1484 2104/2104/2104 2099/2099/2099
f 2102/2102/2102 2099/2099/2099 2104/2104/2104
f 2099/2099/2099 2102/2102/2102 1460/1460/1460
f 2075/2075/2075 1460/1460/1460 2102/2102/2102
f 1460/1460/1460 2075/2075/2075 2072/2072/2072
f 2074/2074/2074 2072/2072/2072 2075/2075/2075
f 2072/2072/2072 2074/2074/2074 1395/1395/1395
f 2076/2076/2076 1395/1395/1395 2074/2074/2074
f 1395/1395/1395 2076/2076/2076 2073/2073/2073
f 2070/2070/2070 2073/2073/2073 2076/2076/2076
f 2073/2073/2073 2070/2070/2070 1413/1413/1413
f 2120/2120/2120 1413/1413/1413 2070/2070/2070
f 1413/1413/1413 2120/2120/2120 2126/2126/2126
f 2119/2119/2119 2126/2126/2126 2120/2120/2120
f 1443/1443/1443 1444/1444/1444 1442/1442/1442
f 1421/1421/1421 1442/1442/1442 1444/1444/1444
f 1444/1444/1444 1435/1435/1435 1421/1421/1421
f 1436/1436/1436 1421/1421/1421 1435/1435/1435
f 1435/1435/1435 1457/1457/1457 1436/1436/1436
f 1404/1404/1404 1436/1436/1436 1457/1457/1457
f 1457/1457/1457 1406/1406/1406 1404/1404/1404
f 1548/1548/1548 1404/1404/1404 1406/1406/1406
f 1406/1406/1406 1440/1440/1440 1548/1548/1548
f 1546/1546/1546 1548/1548/1548 1440/1440/1440
f 1440/1440/1440 1394/1394/1394 1546/1546/1546
f 1709/1709/1709 1546/1546/1546 1394/1394/1394
f 1394/1394/1394 1389/1389/1389 1709/1709/1709
f 1743/1743/1743 1709/1709/1709 1389/1389/1389
f 1389/1389/1389 1331/1331/1331 1743/1743/1743
f 1756/1756/1756 1743/1743/1743 1331/1331/1331
f 1331/1331/1331 1488/1488/1488 1756/1756/1756
f 1747/1747/1747 1756/1756/1756 1488/1488/1488
f 1801/1801/1801 1419/1419/1419 2001/2001/2001
f 1419/1419/1419 1801/1801/1801 1724/1724/1724
f 1820/1820/1820 1724/1724/1724 1801/1801/1801
f 1724/1724/1724 1820/1820/1820 1747/1747/1747
f 1993/1993/1993 1747/1747/1747 1820/1820/1820
f 1747/1747/1747 1993/1993/1993 1756/1756/1756
f 1733/1733/1733 1756/1756/1756 1993/1993/1993
f 1756/1756/1756 1733/1733/1733 1743/1743/1743
f 2021/2021/2021 1743/1743/1743 1733/1733/1733
f 1743/1743/1743 2021/2021/2021 1709/1709/1709
f 1806/1806/1806 1709/1709/1709 2021/2021/2021
f 1709/1709/1709 1806/1806/1806 1546/1546/1546
f 1800/1800/1800 1546/1546/1546 1806/1806/1806
f 1546/1546/1546 1800/1800/1800 1548/1548/1548
f 2018/2018/2018 1548/1548/1548 1800/1800/1800
f 1548/1548/1548 2018/2018/2018 1404/1404/1404
f 1804/1804/1804 1404/1404/1404 2018/2018/2018
f 1404/1404/1404 1804/1804/1804 1436/1436/1436
f 2000/2000/2000 1986/1986/1986 1983/1983/1983
f 1819/1819/1819 1983/1983/1983 1986/1986/1986
f 1983/1983/1983 1819/1819/1819 1814/1814/1814
f 1804/1804/1804 1814/1814/1814 1819/1819/1819
f 1814/1814/1814 1804/1804/1804 2050/2050/2050
f 2018/2018/2018 2050/2050/2050 1804/1804/1804
f 2050/2050/2050 2018/2018/2018 1997/1997/1997
f 1800/1800/1800 1997/1997/1997 2018/2018/2018
f 1997/1997/1997 1800/1800/1800 1797/1797/1797
f 1806/1806/1806 1797/1797/1797 1800/1800/1800
f 1797/1797/1797 1806/1806/1806 2020/2020/2020
f 2021/2021/2021 2020/2020/2020 1806/1806/1806
f 2020/2020/2020 2021/2021/2021 2047/2047/2047
f 1733/1733/1733 2047/2047/2047 2021/2021/2021
f 2047/2047/2047 1733/1733/1733 2038/2038/2038
f 1993/1993/1993 2038/2038/2038 1733/1733/1733
f 2038/2038/2038 1993/1993/1993 1995/1995/1995
f 1820/1820/1820 1995/1995/1995 1993/1993/1993
f 1819/1819/1819 1436/1436/1436 1804/1804/1804
f 1436/1436/1436 1819/1819/1819 1421/1421/1421
f 1986/1986/1986 1421/1421/1421 1819/1819/1819
f 1421/1421/1421 1986/1986/1986 1442/1442/1442
f 1640/1640/1640 1442/1442/1442 1986/1986/1986
f 1986/1986/1986 2000/2000/2000 1640/1640/1640
f 1131/1131/1131 1640/1640/1640 2000/2000/2000
f 1995/1995/1995 1820/1820/1820 1825/1825/1825
f 1801/1801/1801 1825/1825/1825 1820/1820/1820
f 1825/1825/1825 1801/1801/1801 2025/2025/2025
f 2001/2001/2001 2025/2025/2025 1801/1801/1801
f 2025/2025/2025 2001/2001/2001 1991/1991/1991
f 1625/1625/1625 1991/1991/1991 2001/2001/2001
f 1991/1991/1991 1625/1625/1625 1968/1968/1968
f 1974/1974/1974 1968/1968/1968 1625/1625/1625
f 1968/1968/1968 1974/1974/1974 1970/1970/1970
f 1794/1794/1794 1970/1970/1970 1974/1974/1974
f 1970/1970/1970 1794/1794/1794 1809/1809/1809
f 1796/1796/1796 1809/1809/1809 1794/1794/1794
f 1809/1809/1809 1796/1796/1796 2009/2009/2009
f 2002/2002/2002 2009/2009/2009 1796/1796/1796
f 2009/2009/2009 2002/2002/2002 2026/2026/2026
f 1628/1628/1628 2026/2026/2026 2002/2002/2002
f 2538/2538/2538 2539/2539/2539 2537/2537/2537
f 2537/2537/2537 2576/2576/2576 2538/2538/2538
f 2565/2565/2565 2538/2538/2538 2576/2576/2576
f 2586/2586/2586 2565/2565/2565 2576/2576/2576
f 2576/2576/2576 1906/1906/1906 2586/2586/2586
f 1905/1905/1905 2586/2586/2586 1906/1906/1906
f 3075/3075/3075 3074/3074/3074 3073/3073/3073
f 3077/3077/3077 3074/3074/3074 3075/3075/3075
f 3076/3076/3076 3077/3077/3077 3075/3075/3075
f 3836/3836/3836 3822/3822/3822 3837/3837/3837
f 3838/3838/3838 3836/3836/3836 3837/3837/3837
f 3835/3835/3835 3838/3838/3838 3837/3837/3837
f 3834/3834/3834 3835/3835/3835 3837/3837/3837
f 3833/3833/3833 3834/3834/3834 3837/3837/3837
f 3832/3832/3832 3833/3833/3833 3837/3837/3837
f 3831/3831/3831 3832/3832/3832 3837/3837/3837
f 3830/3830/3830 3831/3831/3831 3837/3837/3837
f 3829/3829/3829 3830/3830/3830 3837/3837/3837
f 3828/3828/3828 3829/3829/3829 3837/3837/3837
f 3827/3827/3827 3828/3828/3828 3837/3837/3837
f 3826/3826/3826 3827/3827/3827 3837/3837/3837
f 3825/3825/3825 3826/3826/3826 3837/3837/3837
f 3824/3824/3824 3825/3825/3825 3837/3837/3837
f 3823/3823/3823 3824/3824/3824 3837/3837/3837
f 3822/3822/3822 3823/3823/3823 3837/3837/3837
f 3805/3805/3805 3821/3821/3821 3818/3818/3818
f 3806/3806/3806 3805/3805/3805 3818/3818/3818
f 3807/3807/3807 3806/3806/3806 3818/3818/3818
f 3808/3808/3808 3807/3807/3807 3818/3818/3818
f 3809/3809/3809 3808/3808/3808 3818/3818/3818
f 3810/3810/3810 3809/3809/3809 3818/3818/3818
f 3811/3811/3811 3810/3810/3810 3818/3818/3818
f 3812/3812/3812 3811/3811/3811 3818/3818/3818
f 3813/3813/3813 3812/3812/3812 3818/3818/3818
f 3814/3814/3814 3813/3813/3813 3818/3818/3818
f 3815/3815/3815 3814/3814/3814 3818/3818/3818
f 3816/3816/3816 3815/3815/3815 3818/3818/3818
f 3817/3817/3817 3816/3816/3816 3818/3818/3818
f 3819/3819/3819 3817/3817/3817 3818/3818/3818
f 3820/3820/3820 3819/3819/3819 3818/3818/3818
f 3821/3821/3821 3820/3820/3820 3818/3818/3818
f 3794/3794/3794 3804/3804/3804 3801/3801/3801
f 3795/3795/3795 3794/3794/3794 3801/3801/3801
f 3796/3796/3796 3795/3795/3795 3801/3801/3801
f 3797/3797/3797 3796/3796/3796 3801/3801/3801
f 3798/3798/3798 3797/3797/3797 3801/3801/3801
f 3799/3799/3799 3798/3798/3798 3801/3801/3801
f 3800/3800/3800 3799/3799/3799 3801/3801/3801
f 3802/3802/3802 3800/3800/3800 3801/3801/3801
f 3803/3803/3803 3802/3802/3802 3801/3801/3801
f 3804/3804/3804 3803/3803/3803 3801/3801/3801
f 3474/3474/3474 3333/3333/3333 3479/3479/3479
f 3552/3552/3552 3479/3479/3479 3333/3333/3333
f 3479/3479/3479 3552/3552/3552 3351/3351/3351
f 3553/3553/3553 3351/3351/3351 3552/3552/3552
f 3351/3351/3351 3553/3553/3553 3555/3555/3555
f 3553/3553/3553 3554/3554/3554 3555/3555/3555
f 3552/3552/3552 3554/3554/3554 3553/3553/3553
f 3554/3554/3554 3552/3552/3552 3072/3072/3072
f 3334/3334/3334 3072/3072/3072 3552/3552/3552
f 3334/3334/3334 2984/2984/2984 3072/3072/3072
f 2983/2983/2983 3072/3072/3072 2984/2984/2984
f 3333/3333/3333 3334/3334/3334 3552/3552/3552
f 3489/3489/3489 3474/3474/3474 3479/3479/3479
f 3373/3373/3373 3351/3351/3351 3555/3555/3555
f 3351/3351/3351 3373/3373/3373 3479/3479/3479
f 3372/3372/3372 3479/3479/3479 3373/3373/3373
f 3479/3479/3479 3372/3372/3372 3489/3489/3489
f 3485/3485/3485 3489/3489/3489 3372/3372/3372
f 3372/3372/3372 3494/3494/3494 3485/3485/3485
f 3491/3491/3491 3485/3485/3485 3494/3494/3494
f 3148/3148/3148 3491/3491/3491 3494/3494/3494
f 3494/3494/3494 3372/3372/3372 3373/3373/3373
f 3373/3373/3373 3071/3071/3071 3494/3494/3494
f 3071/3071/3071 3373/3373/3373 3555/3555/3555
f 3494/3494/3494 3071/3071/3071 3070/3070/3070
f 3779/3779/3779 3782/3782/3782 3781/3781/3781
f 3779/3779/3779 3781/3781/3781 3780/3780/3780
f 3778/3778/3778 3779/3779/3779 3780/3780/3780
f 3778/3778/3778 3780/3780/3780 3777/3777/3777
f 3776/3776/3776 3778/3778/3778 3777/3777/3777
f 3776/3776/3776 3777/3777/3777 3775/3775/3775
f 3774/3774/3774 3776/3776/3776 3775/3775/3775
f 3775/3775/3775 3777/3777/3777 3764/3764/3764
f 3777/3777/3777 3765/3765/3765 3764/3764/3764
f 3777/3777/3777 3780/3780/3780 3765/3765/3765
f 3780/3780/3780 3766/3766/3766 3765/3765/3765
f 3780/3780/3780 3781/3781/3781 3766/3766/3766
f 3781/3781/3781 3767/3767/3767 3766/3766/3766
f 3781/3781/3781 3784/3784/3784 3767/3767/3767
f 3784/3784/3784 3768/3768/3768 3767/3767/3767
f 3784/3784/3784 3786/3786/3786 3768/3768/3768
f 3786/3786/3786 3769/3769/3769 3768/3768/3768
f 3786/3786/3786 3787/3787/3787 3769/3769/3769
f 3787/3787/3787 3770/3770/3770 3769/3769/3769
f 3787/3787/3787 3791/3791/3791 3770/3770/3770
f 3791/3791/3791 3772/3772/3772 3770/3770/3770
f 3791/3791/3791 3790/3790/3790 3772/3772/3772
f 3790/3790/3790 3773/3773/3773 3772/3772/3772
f 3790/3790/3790 3792/3792/3792 3773/3773/3773
f 3792/3792/3792 3771/3771/3771 3773/3773/3773
f 3765/3765/3765 3766/3766/3766 3763/3763/3763
f 3764/3764/3764 3765/3765/3765 3763/3763/3763
f 3771/3771/3771 3764/3764/3764 3763/3763/3763
f 3775/3775/3775 3764/3764/3764 3771/3771/3771
f 3792/3792/3792 3775/3775/3775 3771/3771/3771
f 3774/3774/3774 3775/3775/3775 3792/3792/3792
f 3793/3793/3793 3774/3774/3774 3792/3792/3792
f 3793/3793/3793 3792/3792/3792 3790/3790/3790
f 3789/3789/3789 3793/3793/3793 3790/3790/3790
f 3789/3789/3789 3790/3790/3790 3791/3791/3791
f 3788/3788/3788 3789/3789/3789 3791/3791/3791
f 3788/3788/3788 3791/3791/3791 3787/3787/3787
f 3785/3785/3785 3788/3788/3788 3787/3787/3787
f 3785/3785/3785 3787/3787/3787 3786/3786/3786
f 3783/3783/3783 3785/3785/3785 3786/3786/3786
f 3783/3783/3783 3786/3786/3786 3784/3784/3784
f 3782/3782/3782 3783/3783/3783 3784/3784/3784
f 3782/3782/3782 3784/3784/3784 3781/3781/3781
f 3773/3773/3773 3771/3771/3771 3763/3763/3763
f 3772/3772/3772 3773/3773/3773 3763/3763/3763
f 3770/3770/3770 3772/3772/3772 3763/3763/3763
f 3769/3769/3769 3770/3770/3770 3763/3763/3763
f 3768/3768/3768 3769/3769/3769 3763/3763/3763
f 3767/3767/3767 3768/3768/3768 3763/3763/3763
f 3766/3766/3766 3767/3767/3767 3763/3763/3763
f 1466/1466/1466 1470/1470/1470 1467/1467/1467
f 2253/2253/2253 1467/1467/1467 1470/1470/1470
f 1467/1467/1467 2253/2253/2253 2262/2262/2262
f 2262/2262/2262 1435/1435/1435 1467/1467/1467
f 1435/1435/1435 2262/2262/2262 1457/1457/1457
f 1674/1674/1674 1457/1457/1457 2262/2262/2262
f 1457/1457/1457 1674/1674/1674 1406/1406/1406
f 1432/1432/1432 1406/1406/1406 1674/1674/1674
f 1406/1406/1406 1432/1432/1432 1440/1440/1440
f 2230/2230/2230 1440/1440/1440 1432/1432/1432
f 1440/1440/1440 2230/2230/2230 1394/1394/1394
f 1391/1391/1391 1394/1394/1394 2230/2230/2230
f 1394/1394/1394 1391/1391/1391 1389/1389/1389
f 2125/2125/2125 1389/1389/1389 1391/1391/1391
f 1389/1389/1389 2125/2125/2125 1331/1331/1331
f 1491/1491/1491 1331/1331/1331 2125/2125/2125
f 1444/1444/1444 1467/1467/1467 1435/1435/1435
f 2267/2267/2267 2262/2262/2262 2253/2253/2253
f 2262/2262/2262 2267/2267/2267 1674/1674/1674
f 1675/1675/1675 1674/1674/1674 2267/2267/2267
f 1674/1674/1674 1675/1675/1675 1432/1432/1432
f 2215/2215/2215 1432/1432/1432 1675/1675/1675
f 1432/1432/1432 2215/2215/2215 2230/2230/2230
f 2206/2206/2206 2230/2230/2230 2215/2215/2215
f 2230/2230/2230 2206/2206/2206 1391/1391/1391
f 2097/2097/2097 1391/1391/1391 2206/2206/2206
f 1391/1391/1391 2097/2097/2097 2125/2125/2125
f 2098/2098/2098 2125/2125/2125 2097/2097/2097
f 2321/2321/2321 1579/1579/1579 1578/1578/1578
f 1579/1579/1579 2321/2321/2321 1594/1594/1594
f 1579/1579/1579 1594/1594/1594 1286/1286/1286
f 1601/1601/1601 1286/1286/1286 1594/1594/1594
f 1594/1594/1594 1603/1603/1603 1601/1601/1601
f 1571/1571/1571 1601/1601/1601 1603/1603/1603
f 1603/1603/1603 1598/1598/1598 1571/1571/1571
f 1597/1597/1597 1571/1571/1571 1598/1598/1598
f 1598/1598/1598 1608/1608/1608 1597/1597/1597
f 1556/1556/1556 1597/1597/1597 1608/1608/1608
f 1608/1608/1608 1555/1555/1555 1556/1556/1556
f 1558/1558/1558 1556/1556/1556 1555/1555/1555
f 1555/1555/1555 1586/1586/1586 1558/1558/1558
f 1634/1634/1634 1558/1558/1558 1586/1586/1586
f 1586/1586/1586 1569/1569/1569 1634/1634/1634
f 1638/1638/1638 1634/1634/1634 1569/1569/1569
f 1569/1569/1569 1572/1572/1572 1638/1638/1638
f 1827/1827/1827 1638/1638/1638 1572/1572/1572
f 1601/1601/1601 2203/2203/2203 1286/1286/1286
f 2203/2203/2203 1601/1601/1601 1932/1932/1932
f 1571/1571/1571 1932/1932/1932 1601/1601/1601
f 1932/1932/1932 1571/1571/1571 1934/1934/1934
f 1597/1597/1597 1934/1934/1934 1571/1571/1571
f 1934/1934/1934 1597/1597/1597 2191/2191/2191
f 1556/1556/1556 2191/2191/2191 1597/1597/1597
f 2191/2191/2191 1556/1556/1556 1730/1730/1730
f 1558/1558/1558 1730/1730/1730 1556/1556/1556
f 1730/1730/1730 1558/1558/1558 2205/2205/2205
f 1634/1634/1634 2205/2205/2205 1558/1558/1558
f 2205/2205/2205 1634/1634/1634 1731/1731/1731
f 1638/1638/1638 1731/1731/1731 1634/1634/1634
f 1731/1731/1731 1638/1638/1638 2177/2177/2177
f 1827/1827/1827 2177/2177/2177 1638/1638/1638
f 2177/2177/2177 1827/1827/1827 1815/1815/1815
f 1896/1896/1896 1815/1815/1815 1827/1827/1827
f 1815/1815/1815 1896/1896/1896 2211/2211/2211
f 2186/2186/2186 1815/1815/1815 2208/2208/2208
f 1815/1815/1815 2186/2186/2186 2177/2177/2177
f 2176/2176/2176 2177/2177/2177 2186/2186/2186
f 2177/2177/2177 2176/2176/2176 1731/1731/1731
f 2216/2216/2216 1731/1731/1731 2176/2176/2176
f 1731/1731/1731 2216/2216/2216 2205/2205/2205
f 2239/2239/2239 2205/2205/2205 2216/2216/2216
f 2205/2205/2205 2239/2239/2239 1730/1730/1730
f 2183/2183/2183 1730/1730/1730 2239/2239/2239
f 1730/1730/1730 2183/2183/2183 2191/2191/2191
f 2185/2185/2185 2191/2191/2191 2183/2183/2183
f 2191/2191/2191 2185/2185/2185 1934/1934/1934
f 1933/1933/1933 1934/1934/1934 2185/2185/2185
f 1934/1934/1934 1933/1933/1933 1932/1932/1932
f 2247/2247/2247 1932/1932/1932 1933/1933/1933
f 1932/1932/1932 2247/2247/2247 2203/2203/2203
f 2209/2209/2209 2203/2203/2203 2247/2247/2247
f 2203/2203/2203 2209/2209/2209 1926/1926/1926
f 1947/1947/1947 1926/1926/1926 2209/2209/2209
f 1926/1926/1926 1947/1947/1947 1930/1930/1930
f 2123/2123/2123 1930/1930/1930 1947/1947/1947
f 1930/1930/1930 2123/2123/2123 2110/2110/2110
f 2109/2109/2109 2110/2110/2110 2123/2123/2123
f 2110/2110/2110 2109/2109/2109 1861/1861/1861
f 2141/2141/2141 1861/1861/1861 2109/2109/2109
f 1861/1861/1861 2141/2141/2141 2145/2145/2145
f 2144/2144/2144 2145/2145/2145 2141/2141/2141
f 2145/2145/2145 2144/2144/2144 1949/1949/1949
f 2241/2241/2241 1949/1949/1949 2144/2144/2144
f 1949/1949/1949 2241/2241/2241 2244/2244/2244
f 2236/2236/2236 2244/2244/2244 2241/2241/2241
f 2244/2244/2244 2236/2236/2236 1936/1936/1936
f 2237/2237/2237 1936/1936/1936 2236/2236/2236
f 1936/1936/1936 2237/2237/2237 2211/2211/2211
f 2208/2208/2208 2211/2211/2211 2237/2237/2237
f 2211/2211/2211 2208/2208/2208 1815/1815/1815
f 1943/1943/1943 2211/2211/2211 1896/1896/1896
f 2211/2211/2211 1943/1943/1943 1936/1936/1936
f 1931/1931/1931 1936/1936/1936 1943/1943/1943
f 1936/1936/1936 1931/1931/1931 2244/2244/2244
f 1945/1945/1945 2244/2244/2244 1931/1931/1931
f 2244/2244/2244 1945/1945/1945 1949/1949/1949
f 1923/1923/1923 1949/1949/1949 1945/1945/1945
f 1949/1949/1949 1923/1923/1923 2145/2145/2145
f 1864/1864/1864 2145/2145/2145 1923/1923/1923
f 2145/2145/2145 1864/1864/1864 1861/1861/1861
f 1767/1767/1767 1861/1861/1861 1864/1864/1864
f 1861/1861/1861 1767/1767/1767 2110/2110/2110
f 1618/1618/1618 2110/2110/2110 1767/1767/1767
f 2110/2110/2110 1618/1618/1618 1930/1930/1930
f 1572/1572/1572 1550/1550/1550 1827/1827/1827
f 1896/1896/1896 1827/1827/1827 1550/1550/1550
f 1550/1550/1550 1615/1615/1615 1896/1896/1896
f 1943/1943/1943 1896/1896/1896 1615/1615/1615
f 1615/1615/1615 1646/1646/1646 1943/1943/1943
f 1931/1931/1931 1943/1943/1943 1646/1646/1646
f 1646/1646/1646 1656/1656/1656 1931/1931/1931
f 1945/1945/1945 1931/1931/1931 1656/1656/1656
f 1656/1656/1656 1658/1658/1658 1945/1945/1945
f 1923/1923/1923 1945/1945/1945 1658/1658/1658
f 1658/1658/1658 1661/1661/1661 1923/1923/1923
f 1864/1864/1864 1923/1923/1923 1661/1661/1661
f 1661/1661/1661 1619/1619/1619 1864/1864/1864
f 1767/1767/1767 1864/1864/1864 1619/1619/1619
f 1619/1619/1619 1570/1570/1570 1767/1767/1767
f 1618/1618/1618 1767/1767/1767 1570/1570/1570
f 1570/1570/1570 1582/1582/1582 1618/1618/1618
f 1617/1617/1617 1618/1618/1618 1582/1582/1582
f 1617/1617/1617 1930/1930/1930 1618/1618/1618
f 1930/1930/1930 1617/1617/1617 1926/1926/1926
f 1754/1754/1754 1615/1615/1615 2407/2407/2407
f 1615/1615/1615 1754/1754/1754 1646/1646/1646
f 1657/1657/1657 1646/1646/1646 1754/1754/1754
f 1646/1646/1646 1657/1657/1657 1656/1656/1656
f 2292/2292/2292 1656/1656/1656 1657/1657/1657
f 1656/1656/1656 2292/2292/2292 1658/1658/1658
f 1662/1662/1662 1658/1658/1658 2292/2292/2292
f 1658/1658/1658 1662/1662/1662 1661/1661/1661
f 2327/2327/2327 1661/1661/1661 1662/1662/1662
f 1661/1661/1661 2327/2327/2327 1619/1619/1619
f 1568/1568/1568 1619/1619/1619 2327/2327/2327
f 1619/1619/1619 1568/1568/1568 1570/1570/1570
f 2300/2300/2300 1570/1570/1570 1568/1568/1568
f 1570/1570/1570 2300/2300/2300 1582/1582/1582
f 1926/1926/1926 1286/1286/1286 2203/2203/2203
f 1286/1286/1286 1926/1926/1926 1617/1617/1617
f 1286/1286/1286 1617/1617/1617 1579/1579/1579
f 1582/1582/1582 1579/1579/1579 1617/1617/1617
f 1582/1582/1582 1578/1578/1578 1579/1579/1579
f 1578/1578/1578 1582/1582/1582 2300/2300/2300
f 2300/2300/2300 2299/2299/2299 1578/1578/1578
f 2299/2299/2299 2300/2300/2300 2301/2301/2301
f 1568/1568/1568 2301/2301/2301 2300/2300/2300
f 2301/2301/2301 1568/1568/1568 2330/2330/2330
f 2327/2327/2327 2330/2330/2330 1568/1568/1568
f 2330/2330/2330 2327/2327/2327 2333/2333/2333
f 1662/1662/1662 2333/2333/2333 2327/2327/2327
f 2333/2333/2333 1662/1662/1662 2289/2289/2289
f 2292/2292/2292 2289/2289/2289 1662/1662/1662
f 2289/2289/2289 2292/2292/2292 2296/2296/2296
f 1657/1657/1657 2296/2296/2296 2292/2292/2292
f 2296/2296/2296 1657/1657/1657 1755/1755/1755
f 1600/1600/1600 2376/2376/2376 2360/2360/2360
f 2376/2376/2376 1600/1600/1600 2339/2339/2339
f 2321/2321/2321 2339/2339/2339 1600/1600/1600
f 2339/2339/2339 2321/2321/2321 2320/2320/2320
f 1578/1578/1578 2320/2320/2320 2321/2321/2321
f 2320/2320/2320 1578/1578/1578 2299/2299/2299
f 1600/1600/1600 1594/1594/1594 2321/2321/2321
f 1594/1594/1594 1600/1600/1600 1603/1603/1603
f 2360/2360/2360 1603/1603/1603 1600/1600/1600
f 1603/1603/1603 2360/2360/2360 1598/1598/1598
f 1609/1609/1609 1598/1598/1598 2360/2360/2360
f 1598/1598/1598 1609/1609/1609 1608/1608/1608
f 2414/2414/2414 1608/1608/1608 1609/1609/1609
f 1608/1608/1608 2414/2414/2414 1555/1555/1555
f 1785/1785/1785 1555/1555/1555 2414/2414/2414
f 1555/1555/1555 1785/1785/1785 1586/1586/1586
f 1591/1591/1591 1586/1586/1586 1785/1785/1785
f 1586/1586/1586 1591/1591/1591 1569/1569/1569
f 2399/2399/2399 1569/1569/1569 1591/1591/1591
f 1569/1569/1569 2399/2399/2399 1572/1572/1572
f 1549/1549/1549 1572/1572/1572 2399/2399/2399
f 1572/1572/1572 1549/1549/1549 1550/1550/1550
f 2407/2407/2407 1550/1550/1550 1549/1549/1549
f 1550/1550/1550 2407/2407/2407 1615/1615/1615
f 1754/1754/1754 1755/1755/1755 1657/1657/1657
f 1755/1755/1755 1754/1754/1754 2410/2410/2410
f 2407/2407/2407 2410/2410/2410 1754/1754/1754
f 2410/2410/2410 2407/2407/2407 2390/2390/2390
f 1549/1549/1549 2390/2390/2390 2407/2407/2407
f 2390/2390/2390 1549/1549/1549 2384/2384/2384
f 2399/2399/2399 2384/2384/2384 1549/1549/1549
f 2384/2384/2384 2399/2399/2399 2385/2385/2385
f 1591/1591/1591 2385/2385/2385 2399/2399/2399
f 2385/2385/2385 1591/1591/1591 1787/1787/1787
f 1785/1785/1785 1787/1787/1787 1591/1591/1591
f 1787/1787/1787 1785/1785/1785 2405/2405/2405
f 2414/2414/2414 2405/2405/2405 1785/1785/1785
f 2405/2405/2405 2414/2414/2414 2403/2403/2403
f 1609/1609/1609 2403/2403/2403 2414/2414/2414
f 2403/2403/2403 1609/1609/1609 2345/2345/2345
f 2360/2360/2360 2345/2345/2345 1609/1609/1609
f 2345/2345/2345 2360/2360/2360 2376/2376/2376
f 2240/2240/2240 1935/1935/1935 1924/1924/1924
f 1925/1925/1925 1924/1924/1924 1935/1935/1935
f 1935/1935/1935 1946/1946/1946 1925/1925/1925
f 1869/1869/1869 1925/1925/1925 1946/1946/1946
f 1946/1946/1946 2246/2246/2246 1869/1869/1869
f 1870/1870/1870 1869/1869/1869 2246/2246/2246
f 2246/2246/2246 1868/1868/1868 1870/1870/1870
f 1764/1764/1764 1870/1870/1870 1868/1868/1868
f 1868/1868/1868 2257/2257/2257 1764/1764/1764
f 1614/1614/1614 1764/1764/1764 2257/2257/2257
f 2257/2257/2257 1929/1929/1929 1614/1614/1614
f 1613/1613/1613 1614/1614/1614 1929/1929/1929
f 1929/1929/1929 1948/1948/1948 1613/1613/1613
f 1554/1554/1554 1613/1613/1613 1948/1948/1948
f 1948/1948/1948 2151/2151/2151 1554/1554/1554
f 1602/1602/1602 1554/1554/1554 2151/2151/2151
f 2151/2151/2151 1723/1723/1723 1602/1602/1602
f 1561/1561/1561 1602/1602/1602 1723/1723/1723
f 1723/1723/1723 2151/2151/2151 2138/2138/2138
f 2154/2154/2154 2138/2138/2138 2151/2151/2151
f 2151/2151/2151 1948/1948/1948 2154/2154/2154
f 1942/1942/1942 2154/2154/2154 1948/1948/1948
f 1948/1948/1948 1929/1929/1929 1942/1942/1942
f 2250/2250/2250 1942/1942/1942 1929/1929/1929
f 1929/1929/1929 2257/2257/2257 2250/2250/2250
f 2261/2261/2261 2250/2250/2250 2257/2257/2257
f 2257/2257/2257 1868/1868/1868 2261/2261/2261
f 2214/2214/2214 2261/2261/2261 1868/1868/1868
f 1868/1868/1868 2246/2246/2246 2214/2214/2214
f 2225/2225/2225 2214/2214/2214 2246/2246/2246
f 2246/2246/2246 1946/1946/1946 2225/2225/2225
f 1941/1941/1941 2225/2225/2225 1946/1946/1946
f 1946/1946/1946 1935/1935/1935 1941/1941/1941
f 2204/2204/2204 1941/1941/1941 1935/1935/1935
f 1935/1935/1935 2240/2240/2240 2204/2204/2204
f 2229/2229/2229 2204/2204/2204 2240/2240/2240
f 2240/2240/2240 1940/1940/1940 2229/2229/2229
f 1937/1937/1937 2229/2229/2229 1940/1940/1940
f 1940/1940/1940 1944/1944/1944 1937/1937/1937
f 2220/2220/2220 1937/1937/1937 1944/1944/1944
f 1620/1620/1620 1927/1927/1927 1649/1649/1649
f 1927/1927/1927 1620/1620/1620 1822/1822/1822
f 1927/1927/1927 1822/1822/1822 1940/1940/1940
f 1944/1944/1944 1940/1940/1940 1822/1822/1822
f 1551/1551/1551 1822/1822/1822 1620/1620/1620
f 1822/1822/1822 1551/1551/1551 1826/1826/1826
f 1822/1822/1822 1826/1826/1826 1944/1944/1944
f 2222/2222/2222 1944/1944/1944 1826/1826/1826
f 1944/1944/1944 2222/2222/2222 2220/2220/2220
f 2210/2210/2210 2220/2220/2220 2222/2222/2222
f 2222/2222/2222 1938/1938/1938 2210/2210/2210
f 1928/1928/1928 2210/2210/2210 1938/1938/1938
f 1938/1938/1938 1939/1939/1939 1928/1928/1928
f 2153/2153/2153 1928/1928/1928 1939/1939/1939
f 1939/1939/1939 2167/2167/2167 2153/2153/2153
f 2163/2163/2163 2153/2153/2153 2167/2167/2167
f 2167/2167/2167 1729/1729/1729 2163/2163/2163
f 2121/2121/2121 2163/2163/2163 1729/1729/1729
f 1729/1729/1729 2127/2127/2127 2121/2121/2121
f 2122/2122/2122 2121/2121/2121 2127/2127/2127
f 2127/2127/2127 1723/1723/1723 2122/2122/2122
f 2138/2138/2138 2122/2122/2122 1723/1723/1723
f 1723/1723/1723 2127/2127/2127 1561/1561/1561
f 1599/1599/1599 1561/1561/1561 2127/2127/2127
f 2127/2127/2127 1729/1729/1729 1599/1599/1599
f 1557/1557/1557 1599/1599/1599 1729/1729/1729
f 1729/1729/1729 2167/2167/2167 1557/1557/1557
f 1559/1559/1559 1557/1557/1557 2167/2167/2167
f 2167/2167/2167 1939/1939/1939 1559/1559/1559
f 1563/1563/1563 1559/1559/1559 1939/1939/1939
f 1939/1939/1939 1938/1938/1938 1563/1563/1563
f 1553/1553/1553 1563/1563/1563 1938/1938/1938
f 1938/1938/1938 2222/2222/2222 1553/1553/1553
f 1826/1826/1826 1553/1553/1553 2222/2222/2222
f 1602/1602/1602 1604/1604/1604 1554/1554/1554
f 1604/1604/1604 1602/1602/1602 1596/1596/1596
f 1561/1561/1561 1596/1596/1596 1602/1602/1602
f 1596/1596/1596 1561/1561/1561 1593/1593/1593
f 1599/1599/1599 1593/1593/1593 1561/1561/1561
f 1593/1593/1593 1599/1599/1599 1611/1611/1611
f 1557/1557/1557 1611/1611/1611 1599/1599/1599
f 1611/1611/1611 1557/1557/1557 1565/1565/1565
f 1559/1559/1559 1565/1565/1565 1557/1557/1557
f 1565/1565/1565 1559/1559/1559 1605/1605/1605
f 1563/1563/1563 1605/1605/1605 1559/1559/1559
f 1605/1605/1605 1563/1563/1563 1564/1564/1564
f 1553/1553/1553 1564/1564/1564 1563/1563/1563
f 1564/1564/1564 1553/1553/1553 1552/1552/1552
f 1826/1826/1826 1552/1552/1552 1553/1553/1553
f 1552/1552/1552 1826/1826/1826 1551/1551/1551
f 2375/2375/2375 2400/2400/2400 1621/1621/1621
f 2394/2394/2394 1621/1621/1621 2400/2400/2400
f 1621/1621/1621 2394/2394/2394 1551/1551/1551
f 1552/1552/1552 1551/1551/1551 2394/2394/2394
f 2394/2394/2394 1562/1562/1562 1552/1552/1552
f 1564/1564/1564 1552/1552/1552 1562/1562/1562
f 1562/1562/1562 1746/1746/1746 1564/1564/1564
f 1605/1605/1605 1564/1564/1564 1746/1746/1746
f 1746/1746/1746 2342/2342/2342 1605/1605/1605
f 1565/1565/1565 1605/1605/1605 2342/2342/2342
f 2342/2342/2342 1610/1610/1610 1565/1565/1565
f 1611/1611/1611 1565/1565/1565 1610/1610/1610
f 1610/1610/1610 2402/2402/2402 1611/1611/1611
f 1593/1593/1593 1611/1611/1611 2402/2402/2402
f 2402/2402/2402 1560/1560/1560 1593/1593/1593
f 1596/1596/1596 1593/1593/1593 1560/1560/1560
f 1560/1560/1560 2431/2431/2431 1596/1596/1596
f 1604/1604/1604 1596/1596/1596 2431/2431/2431
f 2400/2400/2400 2392/2392/2392 2394/2394/2394
f 1562/1562/1562 2394/2394/2394 2392/2392/2392
f 2392/2392/2392 1750/1750/1750 1562/1562/1562
f 1746/1746/1746 1562/1562/1562 1750/1750/1750
f 1750/1750/1750 2363/2363/2363 1746/1746/1746
f 2342/2342/2342 1746/1746/1746 2363/2363/2363
f 2363/2363/2363 2357/2357/2357 2342/2342/2342
f 1610/1610/1610 2342/2342/2342 2357/2357/2357
f 2357/2357/2357 2413/2413/2413 1610/1610/1610
f 2402/2402/2402 1610/1610/1610 2413/2413/2413
f 2413/2413/2413 2409/2409/2409 2402/2402/2402
f 1560/1560/1560 2402/2402/2402 2409/2409/2409
f 2409/2409/2409 2435/2435/2435 1560/1560/1560
f 2431/2431/2431 1560/1560/1560 2435/2435/2435
f 2435/2435/2435 2433/2433/2433 2431/2431/2431
f 1545/1545/1545 2431/2431/2431 2433/2433/2433
f 2433/2433/2433 2412/2412/2412 1545/1545/1545
f 2397/2397/2397 1545/1545/1545 2412/2412/2412
f 2431/2431/2431 1545/1545/1545 1604/1604/1604
f 1588/1588/1588 1604/1604/1604 1545/1545/1545
f 1545/1545/1545 2397/2397/2397 1588/1588/1588
f 1590/1590/1590 1588/1588/1588 2397/2397/2397
f 2397/2397/2397 1566/1566/1566 1590/1590/1590
f 1573/1573/1573 1590/1590/1590 1566/1566/1566
f 1566/1566/1566 2368/2368/2368 1573/1573/1573
f 1612/1612/1612 1573/1573/1573 2368/2368/2368
f 2368/2368/2368 1622/1622/1622 1612/1612/1612
f 1663/1663/1663 1612/1612/1612 1622/1622/1622
f 1622/1622/1622 2324/2324/2324 1663/1663/1663
f 1664/1664/1664 1663/1663/1663 2324/2324/2324
f 2324/2324/2324 1660/1660/1660 1664/1664/1664
f 1651/1651/1651 1664/1664/1664 1660/1660/1660
f 1660/1660/1660 1734/1734/1734 1651/1651/1651
f 1649/1649/1649 1651/1651/1651 1734/1734/1734
f 1734/1734/1734 2369/2369/2369 1649/1649/1649
f 1620/1620/1620 1649/1649/1649 2369/2369/2369
f 2412/2412/2412 2411/2411/2411 2397/2397/2397
f 1566/1566/1566 2397/2397/2397 2411/2411/2411
f 2411/2411/2411 2351/2351/2351 1566/1566/1566
f 2368/2368/2368 1566/1566/1566 2351/2351/2351
f 2351/2351/2351 2344/2344/2344 2368/2368/2368
f 1622/1622/1622 2368/2368/2368 2344/2344/2344
f 2344/2344/2344 2331/2331/2331 1622/1622/1622
f 2324/2324/2324 1622/1622/1622 2331/2331/2331
f 2331/2331/2331 2322/2322/2322 2324/2324/2324
f 1660/1660/1660 2324/2324/2324 2322/2322/2322
f 2322/2322/2322 1738/1738/1738 1660/1660/1660
f 1734/1734/1734 1660/1660/1660 1738/1738/1738
f 1738/1738/1738 2382/2382/2382 1734/1734/1734
f 2369/2369/2369 1734/1734/1734 2382/2382/2382
f 2382/2382/2382 2375/2375/2375 2369/2369/2369
f 1621/1621/1621 2369/2369/2369 2375/2375/2375
f 2369/2369/2369 1621/1621/1621 1620/1620/1620
f 1551/1551/1551 1620/1620/1620 1621/1621/1621
f 1940/1940/1940 2240/2240/2240 1927/1927/1927
f 1924/1924/1924 1927/1927/1927 2240/2240/2240
f 1924/1924/1924 1649/1649/1649 1927/1927/1927
f 1649/1649/1649 1924/1924/1924 1651/1651/1651
f 1925/1925/1925 1651/1651/1651 1924/1924/1924
f 1651/1651/1651 1925/1925/1925 1664/1664/1664
f 1869/1869/1869 1664/1664/1664 1925/1925/1925
f 1664/1664/1664 1869/1869/1869 1663/1663/1663
f 1870/1870/1870 1663/1663/1663 1869/1869/1869
f 1663/1663/1663 1870/1870/1870 1612/1612/1612
f 1764/1764/1764 1612/1612/1612 1870/1870/1870
f 1612/1612/1612 1764/1764/1764 1573/1573/1573
f 1614/1614/1614 1573/1573/1573 1764/1764/1764
f 1573/1573/1573 1614/1614/1614 1590/1590/1590
f 1613/1613/1613 1590/1590/1590 1614/1614/1614
f 1590/1590/1590 1613/1613/1613 1588/1588/1588
f 1554/1554/1554 1588/1588/1588 1613/1613/1613
f 1588/1588/1588 1554/1554/1554 1604/1604/1604
f 1719/1719/1719 1487/1487/1487 1757/1757/1757
f 1494/1494/1494 1757/1757/1757 1487/1487/1487
f 1757/1757/1757 1494/1494/1494 1758/1758/1758
f 1259/1259/1259 1758/1758/1758 1494/1494/1494
f 1758/1758/1758 1259/1259/1259 1710/1710/1710
f 1393/1393/1393 1710/1710/1710 1259/1259/1259
f 1710/1710/1710 1393/1393/1393 1711/1711/1711
f 1396/1396/1396 1711/1711/1711 1393/1393/1393
f 1711/1711/1711 1396/1396/1396 1667/1667/1667
f 1422/1422/1422 1667/1667/1667 1396/1396/1396
f 1667/1667/1667 1422/1422/1422 1493/1493/1493
f 1401/1401/1401 1493/1493/1493 1422/1422/1422
f 1493/1493/1493 1401/1401/1401 1492/1492/1492
f 1459/1459/1459 1492/1492/1492 1401/1401/1401
f 1492/1492/1492 1459/1459/1459 1437/1437/1437
f 1439/1439/1439 1437/1437/1437 1459/1459/1459
f 1437/1437/1437 1439/1439/1439 1418/1418/1418
f 1446/1446/1446 1418/1418/1418 1439/1439/1439
f 1418/1418/1418 1446/1446/1446 1455/1455/1455
f 1447/1447/1447 1455/1455/1455 1446/1446/1446
f 1627/1627/1627 1989/1989/1989 1455/1455/1455
f 1418/1418/1418 1455/1455/1455 1989/1989/1989
f 1989/1989/1989 1626/1626/1626 1418/1418/1418
f 1437/1437/1437 1418/1418/1418 1626/1626/1626
f 1626/1626/1626 1984/1984/1984 1437/1437/1437
f 1492/1492/1492 1437/1437/1437 1984/1984/1984
f 1984/1984/1984 1805/1805/1805 1492/1492/1492
f 1493/1493/1493 1492/1492/1492 1805/1805/1805
f 1805/1805/1805 1808/1808/1808 1493/1493/1493
f 1667/1667/1667 1493/1493/1493 1808/1808/1808
f 1808/1808/1808 2015/2015/2015 1667/1667/1667
f 1711/1711/1711 1667/1667/1667 2015/2015/2015
f 2015/2015/2015 1829/1829/1829 1711/1711/1711
f 1710/1710/1710 1711/1711/1711 1829/1829/1829
f 1829/1829/1829 1803/1803/1803 1710/1710/1710
f 1758/1758/1758 1710/1710/1710 1803/1803/1803
f 1803/1803/1803 2032/2032/2032 1758/1758/1758
f 1757/1757/1757 1758/1758/1758 2032/2032/2032
f 1132/1132/1132 2008/2008/2008 1627/1627/1627
f 1989/1989/1989 1627/1627/1627 2008/2008/2008
f 2008/2008/2008 1998/1998/1998 1989/1989/1989
f 1626/1626/1626 1989/1989/1989 1998/1998/1998
f 1998/1998/1998 1990/1990/1990 1626/1626/1626
f 1984/1984/1984 1626/1626/1626 1990/1990/1990
f 1990/1990/1990 1996/1996/1996 1984/1984/1984
f 1805/1805/1805 1984/1984/1984 1996/1996/1996
f 1996/1996/1996 1807/1807/1807 1805/1805/1805
f 1808/1808/1808 1805/1805/1805 1807/1807/1807
f 1807/1807/1807 2041/2041/2041 1808/1808/1808
f 2015/2015/2015 1808/1808/1808 2041/2041/2041
f 2041/2041/2041 1994/1994/1994 2015/2015/2015
f 1829/1829/1829 2015/2015/2015 1994/1994/1994
f 1994/1994/1994 1823/1823/1823 1829/1829/1829
f 1803/1803/1803 1829/1829/1829 1823/1823/1823
f 1823/1823/1823 2030/2030/2030 1803/1803/1803
f 2032/2032/2032 1803/1803/1803 2030/2030/2030
f 2032/2032/2032 1810/1810/1810 1757/1757/1757
f 1719/1719/1719 1757/1757/1757 1810/1810/1810
f 1810/1810/1810 1811/1811/1811 1719/1719/1719
f 1405/1405/1405 1719/1719/1719 1811/1811/1811
f 1811/1811/1811 2005/2005/2005 1405/1405/1405
f 1521/1521/1521 1405/1405/1405 2005/2005/2005
f 2005/2005/2005 1813/1813/1813 1521/1521/1521
f 1520/1520/1520 1521/1521/1521 1813/1813/1813
f 1813/1813/1813 1821/1821/1821 1520/1520/1520
f 1425/1425/1425 1520/1520/1520 1821/1821/1821
f 1821/1821/1821 1987/1987/1987 1425/1425/1425
f 1407/1407/1407 1425/1425/1425 1987/1987/1987
f 1987/1987/1987 1623/1623/1623 1407/1407/1407
f 1448/1448/1448 1407/1407/1407 1623/1623/1623
f 1623/1623/1623 1971/1971/1971 1448/1448/1448
f 1417/1417/1417 1448/1448/1448 1971/1971/1971
f 1971/1971/1971 1624/1624/1624 1417/1417/1417
f 1420/1420/1420 1417/1417/1417 1624/1624/1624
f 1420/1420/1420 1445/1445/1445 1417/1417/1417
f 1449/1449/1449 1417/1417/1417 1445/1445/1445
f 1417/1417/1417 1449/1449/1449 1448/1448/1448
f 1452/1452/1452 1448/1448/1448 1449/1449/1449
f 1448/1448/1448 1452/1452/1452 1407/1407/1407
f 1426/1426/1426 1407/1407/1407 1452/1452/1452
f 1407/1407/1407 1426/1426/1426 1425/1425/1425
f 1434/1434/1434 1425/1425/1425 1426/1426/1426
f 1425/1425/1425 1434/1434/1434 1520/1520/1520
f 1433/1433/1433 1520/1520/1520 1434/1434/1434
f 1520/1520/1520 1433/1433/1433 1521/1521/1521
f 1462/1462/1462 1521/1521/1521 1433/1433/1433
f 1521/1521/1521 1462/1462/1462 1405/1405/1405
f 1478/1478/1478 1405/1405/1405 1462/1462/1462
f 1405/1405/1405 1478/1478/1478 1719/1719/1719
f 1487/1487/1487 1719/1719/1719 1478/1478/1478
f 1464/1464/1464 1468/1468/1468 1465/1465/1465
f 1445/1445/1445 1465/1465/1465 1468/1468/1468
f 1468/1468/1468 2180/2180/2180 1445/1445/1445
f 1449/1449/1449 1445/1445/1445 2180/2180/2180
f 2180/2180/2180 1454/1454/1454 1449/1449/1449
f 1452/1452/1452 1449/1449/1449 1454/1454/1454
f 1454/1454/1454 2161/2161/2161 1452/1452/1452
f 1426/1426/1426 1452/1452/1452 2161/2161/2161
f 2161/2161/2161 1429/1429/1429 1426/1426/1426
f 1434/1434/1434 1426/1426/1426 1429/1429/1429
f 1429/1429/1429 2088/2088/2088 1434/1434/1434
f 1433/1433/1433 1434/1434/1434 2088/2088/2088
f 2088/2088/2088 1430/1430/1430 1433/1433/1433
f 1462/1462/1462 1433/1433/1433 1430/1430/1430
f 1430/1430/1430 2068/2068/2068 1462/1462/1462
f 1478/1478/1478 1462/1462/1462 2068/2068/2068
f 2068/2068/2068 1475/1475/1475 1478/1478/1478
f 1487/1487/1487 1478/1478/1478 1475/1475/1475
f 1108/1108/1108 2175/2175/2175 1468/1468/1468
f 2180/2180/2180 1468/1468/1468 2175/2175/2175
f 2175/2175/2175 2187/2187/2187 2180/2180/2180
f 1454/1454/1454 2180/2180/2180 2187/2187/2187
f 2187/2187/2187 2136/2136/2136 1454/1454/1454
f 2161/2161/2161 1454/1454/1454 2136/2136/2136
f 2136/2136/2136 2147/2147/2147 2161/2161/2161
f 1429/1429/1429 2161/2161/2161 2147/2147/2147
f 2147/2147/2147 2084/2084/2084 1429/1429/1429
f 2088/2088/2088 1429/1429/1429 2084/2084/2084
f 2084/2084/2084 2090/2090/2090 2088/2088/2088
f 1430/1430/1430 2088/2088/2088 2090/2090/2090
f 2090/2090/2090 2069/2069/2069 1430/1430/1430
f 2068/2068/2068 1430/1430/1430 2069/2069/2069
f 2069/2069/2069 2077/2077/2077 2068/2068/2068
f 1475/1475/1475 2068/2068/2068 2077/2077/2077
f 2077/2077/2077 1630/1630/1630 1475/1475/1475
f 1631/1631/1631 1475/1475/1475 1630/1630/1630
f 1630/1630/1630 1629/1629/1629 1631/1631/1631
f 1483/1483/1483 1631/1631/1631 1629/1629/1629
f 1475/1475/1475 1631/1631/1631 1487/1487/1487
f 1494/1494/1494 1487/1487/1487 1631/1631/1631
f 1631/1631/1631 1483/1483/1483 1494/1494/1494
f 1259/1259/1259 1494/1494/1494 1483/1483/1483
f 1483/1483/1483 1390/1390/1390 1259/1259/1259
f 1393/1393/1393 1259/1259/1259 1390/1390/1390
f 1390/1390/1390 1655/1655/1655 1393/1393/1393
f 1396/1396/1396 1393/1393/1393 1655/1655/1655
f 1655/1655/1655 2160/2160/2160 1396/1396/1396
f 1422/1422/1422 1396/1396/1396 2160/2160/2160
f 2160/2160/2160 1431/1431/1431 1422/1422/1422
f 1401/1401/1401 1422/1422/1422 1431/1431/1431
f 1431/1431/1431 2251/2251/2251 1401/1401/1401
f 1459/1459/1459 1401/1401/1401 2251/2251/2251
f 2251/2251/2251 1461/1461/1461 1459/1459/1459
f 1439/1439/1439 1459/1459/1459 1461/1461/1461
f 1461/1461/1461 2171/2171/2171 1439/1439/1439
f 1446/1446/1446 1439/1439/1439 2171/2171/2171
f 1094/1094/1094 1665/1665/1665 1390/1390/1390
f 1655/1655/1655 1390/1390/1390 1665/1665/1665
f 1665/1665/1665 2165/2165/2165 1655/1655/1655
f 2160/2160/2160 1655/1655/1655 2165/2165/2165
f 2165/2165/2165 2137/2137/2137 2160/2160/2160
f 1431/1431/1431 2160/2160/2160 2137/2137/2137
f 2137/2137/2137 2258/2258/2258 1431/1431/1431
f 2251/2251/2251 1431/1431/1431 2258/2258/2258
f 2258/2258/2258 2264/2264/2264 2251/2251/2251
f 1461/1461/1461 2251/2251/2251 2264/2264/2264
f 2264/2264/2264 2168/2168/2168 1461/1461/1461
f 2171/2171/2171 1461/1461/1461 2168/2168/2168
f 2168/2168/2168 2172/2172/2172 2171/2171/2171
f 1463/1463/1463 2171/2171/2171 2172/2172/2172
f 2030/2030/2030 1985/1985/1985 2032/2032/2032
f 1810/1810/1810 2032/2032/2032 1985/1985/1985
f 1985/1985/1985 1802/1802/1802 1810/1810/1810
f 1811/1811/1811 1810/1810/1810 1802/1802/1802
f 1802/1802/1802 2048/2048/2048 1811/1811/1811
f 2005/2005/2005 1811/1811/1811 2048/2048/2048
f 2048/2048/2048 2052/2052/2052 2005/2005/2005
f 1813/1813/1813 2005/2005/2005 2052/2052/2052
f 2052/2052/2052 1812/1812/1812 1813/1813/1813
f 1821/1821/1821 1813/1813/1813 1812/1812/1812
f 1812/1812/1812 2022/2022/2022 1821/1821/1821
f 1987/1987/1987 1821/1821/1821 2022/2022/2022
f 2022/2022/2022 1988/1988/1988 1987/1987/1987
f 1623/1623/1623 1987/1987/1987 1988/1988/1988
f 1988/1988/1988 1969/1969/1969 1623/1623/1623
f 1971/1971/1971 1623/1623/1623 1969/1969/1969
f 1969/1969/1969 1973/1973/1973 1971/1971/1971
f 1624/1624/1624 1971/1971/1971 1973/1973/1973
f 3202/3202/3202 3205/3205/3205 3563/3563/3563
f 3205/3205/3205 3007/3007/3007 3564/3564/3564
f 3564/3564/3564 3563/3563/3563 3205/3205/3205
f 3563/3563/3563 3564/3564/3564 3562/3562/3562
f 3562/3562/3562 3543/3543/3543 3563/3563/3563
f 3543/3543/3543 3562/3562/3562 3538/3538/3538
f 3562/3562/3562 3378/3378/3378 3538/3538/3538
f 3378/3378/3378 3374/3374/3374 3538/3538/3538
f 3566/3566/3566 3374/3374/3374 3378/3378/3378
f 3374/3374/3374 3566/3566/3566 3001/3001/3001
f 3007/3007/3007 3001/3001/3001 3566/3566/3566
f 3566/3566/3566 3564/3564/3564 3007/3007/3007
f 3564/3564/3564 3566/3566/3566 3562/3562/3562
f 3378/3378/3378 3562/3562/3562 3566/3566/3566
f 3105/3105/3105 3107/3107/3107 3487/3487/3487
f 3488/3488/3488 3105/3105/3105 3487/3487/3487
f 3482/3482/3482 3488/3488/3488 3487/3487/3487
f 3462/3462/3462 3482/3482/3482 3487/3487/3487
f 3464/3464/3464 3462/3462/3462 3487/3487/3487
f 3486/3486/3486 3464/3464/3464 3487/3487/3487
f 3477/3477/3477 3486/3486/3486 3487/3487/3487
f 2986/2986/2986 3477/3477/3477 3487/3487/3487
f 3745/3745/3745 3736/3736/3736 3737/3737/3737
f 3745/3745/3745 3735/3735/3735 3736/3736/3736
f 3745/3745/3745 3734/3734/3734 3735/3735/3735
f 3745/3745/3745 3733/3733/3733 3734/3734/3734
f 3745/3745/3745 3732/3732/3732 3733/3733/3733
f 3745/3745/3745 3731/3731/3731 3732/3732/3732
f 3745/3745/3745 3730/3730/3730 3731/3731/3731
f 3745/3745/3745 3729/3729/3729 3730/3730/3730
f 3745/3745/3745 3742/3742/3742 3729/3729/3729
f 3745/3745/3745 3744/3744/3744 3742/3742/3742
f 3745/3745/3745 3743/3743/3743 3744/3744/3744
f 3745/3745/3745 3741/3741/3741 3743/3743/3743
f 3745/3745/3745 3740/3740/3740 3741/3741/3741
f 3745/3745/3745 3739/3739/3739 3740/3740/3740
f 3745/3745/3745 3738/3738/3738 3739/3739/3739
f 3745/3745/3745 3737/3737/3737 3738/3738/3738
f 3224/3224/3224 3221/3221/3221 3220/3220/3220
f 3221/3221/3221 3224/3224/3224 3175/3175/3175
f 3233/3233/3233 3175/3175/3175 3224/3224/3224
f 3186/3186/3186 3220/3220/3220 3221/3221/3221
f 3221/3221/3221 3188/3188/3188 3186/3186/3186
f 3188/3188/3188 3221/3221/3221 3178/3178/3178
f 3175/3175/3175 3178/3178/3178 3221/3221/3221
f 3231/3231/3231 3178/3178/3178 3175/3175/3175
f 3175/3175/3175 3233/3233/3233 3231/3231/3231
f 3232/3232/3232 3231/3231/3231 3233/3233/3233
f 3233/3233/3233 3234/3234/3234 3232/3232/3232
f 3224/3224/3224 3234/3234/3234 3233/3233/3233
f 3234/3234/3234 3224/3224/3224 3225/3225/3225
f 3220/3220/3220 3225/3225/3225 3224/3224/3224
f 3189/3189/3189 3225/3225/3225 3220/3220/3220
f 3220/3220/3220 3186/3186/3186 3189/3189/3189
f 3172/3172/3172 3189/3189/3189 3186/3186/3186
f 3186/3186/3186 3188/3188/3188 3172/3172/3172
f 2948/2948/2948 3172/3172/3172 3188/3188/3188
f 3761/3761/3761 3746/3746/3746 3760/3760/3760
f 3761/3761/3761 3747/3747/3747 3746/3746/3746
f 3761/3761/3761 3748/3748/3748 3747/3747/3747
f 3761/3761/3761 3749/3749/3749 3748/3748/3748
f 3761/3761/3761 3750/3750/3750 3749/3749/3749
f 3761/3761/3761 3751/3751/3751 3750/3750/3750
f 3761/3761/3761 3752/3752/3752 3751/3751/3751
f 3761/3761/3761 3753/3753/3753 3752/3752/3752
f 3761/3761/3761 3754/3754/3754 3753/3753/3753
f 3761/3761/3761 3755/3755/3755 3754/3754/3754
f 3761/3761/3761 3756/3756/3756 3755/3755/3755
f 3761/3761/3761 3757/3757/3757 3756/3756/3756
f 3761/3761/3761 3758/3758/3758 3757/3757/3757
f 3761/3761/3761 3759/3759/3759 3758/3758/3758
f 3761/3761/3761 3762/3762/3762 3759/3759/3759
f 3761/3761/3761 3760/3760/3760 3762/3762/3762
f 3389/3389/3389 3388/3388/3388 3401/3401/3401
f 3388/3388/3388 3389/3389/3389 3511/3511/3511
f 3516/3516/3516 3511/3511/3511 3389/3389/3389
f 3511/3511/3511 3516/3516/3516 3514/3514/3514
f 3116/3116/3116 3514/3514/3514 3516/3516/3516
f 3514/3514/3514 3116/3116/3116 3129/3129/3129
f 3402/3402/3402 3129/3129/3129 3116/3116/3116
f 3129/3129/3129 3402/3402/3402 3406/3406/3406
f 3407/3407/3407 3406/3406/3406 3402/3402/3402
f 3406/3406/3406 3407/3407/3407 3381/3381/3381
f 3106/3106/3106 3381/3381/3381 3407/3407/3407
f 3381/3381/3381 3106/3106/3106 3505/3505/3505
f 3509/3509/3509 3505/3505/3505 3106/3106/3106
f 3505/3505/3505 3509/3509/3509 3507/3507/3507
f 3386/3386/3386 3507/3507/3507 3509/3509/3509
f 3507/3507/3507 3386/3386/3386 3130/3130/3130
f 3399/3399/3399 3130/3130/3130 3386/3386/3386
f 3130/3130/3130 3399/3399/3399 3400/3400/3400
f 3401/3401/3401 3400/3400/3400 3399/3399/3399
f 3400/3400/3400 3401/3401/3401 3388/3388/3388
f 3035/3035/3035 3036/3036/3036 3480/3480/3480
f 3149/3149/3149 3035/3035/3035 3480/3480/3480
f 3492/3492/3492 3149/3149/3149 3480/3480/3480
f 3484/3484/3484 3492/3492/3492 3480/3480/3480
f 3483/3483/3483 3484/3484/3484 3480/3480/3480
f 3481/3481/3481 3483/3483/3483 3480/3480/3480
f 3337/3337/3337 3481/3481/3481 3480/3480/3480
f 3335/3335/3335 3337/3337/3337 3480/3480/3480
f 2540/2540/2540 1907/1907/1907 1060/1060/1060
f 1907/1907/1907 2540/2540/2540 2536/2536/2536
f 2536/2536/2536 2540/2540/2540 2522/2522/2522
f 3518/3518/3518 3517/3517/3517 3519/3519/3519
f 2938/2938/2938 2979/2979/2979 3519/3519/3519
f 2979/2979/2979 3518/3518/3518 3519/3519/3519
f 2833/2833/2833 3518/3518/3518 2979/2979/2979
f 2826/2826/2826 3518/3518/3518 2833/2833/2833
f 3520/3520/3520 3522/3522/3522 3521/3521/3521
f 2940/2940/2940 2980/2980/2980 3521/3521/3521
f 2980/2980/2980 3520/3520/3520 3521/3521/3521
f 2834/2834/2834 3520/3520/3520 2980/2980/2980
f 2823/2823/2823 3520/3520/3520 2834/2834/2834
f 3140/3140/3140 2845/2845/2845 2818/2818/2818
f 3141/3141/3141 2845/2845/2845 3140/3140/3140
f 3140/3140/3140 3139/3139/3139 3141/3141/3141
f 2448/2448/2448 2439/2439/2439 2093/2093/2093
f 2439/2439/2439 2448/2448/2448 2742/2742/2742
f 2724/2724/2724 2742/2742/2742 2448/2448/2448
f 2736/2736/2736 2742/2742/2742 2724/2724/2724
f 1346/1346/1346 1749/1749/1749 1752/1752/1752
f 1751/1751/1751 1752/1752/1752 1749/1749/1749
f 1180/1180/1180 1751/1751/1751 1749/1749/1749
f 1749/1749/1749 1181/1181/1181 1180/1180/1180
f 2937/2937/2937 2936/2936/2936 2934/2934/2934
f 2936/2936/2936 2937/2937/2937 3297/3297/3297
f 3294/3294/3294 3297/3297/3297 2937/2937/2937
f 3297/3297/3297 3294/3294/3294 3295/3295/3295
f 3065/3065/3065 3295/3295/3295 3294/3294/3294
f 1195/1195/1195 1774/1774/1774 1196/1196/1196
f 1777/1777/1777 1196/1196/1196 1774/1774/1774
f 1777/1777/1777 1774/1774/1774 1775/1775/1775
f 1687/1687/1687 1775/1775/1775 1774/1774/1774
f 1687/1687/1687 1697/1697/1697 1775/1775/1775
f 1695/1695/1695 1775/1775/1775 1697/1697/1697
f 1695/1695/1695 1697/1697/1697 1702/1702/1702
f 1403/1403/1403 1702/1702/1702 1697/1697/1697
f 1702/1702/1702 1403/1403/1403 1171/1171/1171
f 1329/1329/1329 1332/1332/1332 1330/1330/1330
f 1223/1223/1223 1330/1330/1330 1332/1332/1332
f 1332/1332/1332 1224/1224/1224 1223/1223/1223
f 2933/2933/2933 2935/2935/2935 2931/2931/2931
f 2931/2931/2931 2935/2935/2935 3326/3326/3326
f 3325/3325/3325 3326/3326/3326 2935/2935/2935
f 3326/3326/3326 3325/3325/3325 3329/3329/3329
f 3057/3057/3057 3329/3329/3329 3325/3325/3325
f 1679/1679/1679 1143/1143/1143 1142/1142/1142
f 2488/2488/2488 1143/1143/1143 1679/1679/1679
f 2478/2478/2478 2488/2488/2488 1679/1679/1679
f 2475/2475/2475 2488/2488/2488 2478/2478/2478
f 1533/1533/1533 2475/2475/2475 2478/2478/2478
f 1532/1532/1532 1533/1533/1533 2478/2478/2478
f 2909/2909/2909 2911/2911/2911 2908/2908/2908
f 2908/2908/2908 2911/2911/2911 3348/3348/3348
f 3346/3346/3346 3348/3348/3348 2911/2911/2911
f 3348/3348/3348 3346/3346/3346 3343/3343/3343
f 3064/3064/3064 3343/3343/3343 3346/3346/3346
f 1717/1717/1717 1190/1190/1190 1189/1189/1189
f 1721/1721/1721 1190/1190/1190 1717/1717/1717
f 1716/1716/1716 1721/1721/1721 1717/1717/1717
f 2912/2912/2912 2913/2913/2913 2910/2910/2910
f 2913/2913/2913 2912/2912/2912 3327/3327/3327
f 3332/3332/3332 3327/3327/3327 2912/2912/2912
f 3327/3327/3327 3332/3332/3332 3331/3331/3331
f 3063/3063/3063 3331/3331/3331 3332/3332/3332
f 2598/2598/2598 1515/1515/1515 1135/1135/1135
f 2614/2614/2614 1515/1515/1515 2598/2598/2598
f 2601/2601/2601 2614/2614/2614 2598/2598/2598
f 1208/1208/1208 2614/2614/2614 2601/2601/2601
f 3120/3120/3120 3124/3124/3124 3117/3117/3117
f 3098/3098/3098 3117/3117/3117 3124/3124/3124
f 3124/3124/3124 3104/3104/3104 3098/3098/3098
f 3103/3103/3103 3098/3098/3098 3104/3104/3104
f 3103/3103/3103 3104/3104/3104 3014/3014/3014
f 3011/3011/3011 3014/3014/3014 3104/3104/3104
f 2903/2903/2903 2902/2902/2902 2899/2899/2899
f 2902/2902/2902 2903/2903/2903 3312/3312/3312
f 3313/3313/3313 3312/3312/3312 2903/2903/2903
f 3312/3312/3312 3313/3313/3313 3315/3315/3315
f 3062/3062/3062 3315/3315/3315 3313/3313/3313
f 3089/3089/3089 3023/3023/3023 3022/3022/3022
f 3091/3091/3091 3023/3023/3023 3089/3089/3089
f 3088/3088/3088 3091/3091/3091 3089/3089/3089
f 2894/2894/2894 2898/2898/2898 2895/2895/2895
f 2895/2895/2895 2898/2898/2898 3304/3304/3304
f 3300/3300/3300 3304/3304/3304 2898/2898/2898
f 3304/3304/3304 3300/3300/3300 3298/3298/3298
f 3053/3053/3053 3298/3298/3298 3300/3300/3300
f 3310/3310/3310 3311/3311/3311 3302/3302/3302
f 3311/3311/3311 3310/3310/3310 3461/3461/3461
f 2989/2989/2989 3461/3461/3461 3310/3310/3310
f 2989/2989/2989 3459/3459/3459 3461/3461/3461
f 3457/3457/3457 3461/3461/3461 3459/3459/3459
f 3283/3283/3283 3280/3280/3280 3274/3274/3274
f 3280/3280/3280 3283/3283/3283 3442/3442/3442
f 2990/2990/2990 3442/3442/3442 3283/3283/3283
f 2990/2990/2990 3441/3441/3441 3442/3442/3442
f 3439/3439/3439 3442/3442/3442 3441/3441/3441
f 3322/3322/3322 3324/3324/3324 3317/3317/3317
f 3324/3324/3324 3322/3322/3322 3438/3438/3438
f 2991/2991/2991 3438/3438/3438 3322/3322/3322
f 2991/2991/2991 3433/3433/3433 3438/3438/3438
f 3434/3434/3434 3438/3438/3438 3433/3433/3433
f 3319/3319/3319 3321/3321/3321 3314/3314/3314
f 3321/3321/3321 3319/3319/3319 3458/3458/3458
f 2992/2992/2992 3458/3458/3458 3319/3319/3319
f 2992/2992/2992 3456/3456/3456 3458/3458/3458
f 3455/3455/3455 3458/3458/3458 3456/3456/3456
f 3293/3293/3293 3289/3289/3289 3287/3287/3287
f 3289/3289/3289 3293/3293/3293 3452/3452/3452
f 2993/2993/2993 3452/3452/3452 3293/3293/3293
f 2993/2993/2993 3448/3448/3448 3452/3452/3452
f 3450/3450/3450 3452/3452/3452 3448/3448/3448
f 3306/3306/3306 3305/3305/3305 3291/3291/3291
f 3305/3305/3305 3306/3306/3306 3440/3440/3440
f 2994/2994/2994 3440/3440/3440 3306/3306/3306
f 2994/2994/2994 3437/3437/3437 3440/3440/3440
f 3436/3436/3436 3440/3440/3440 3437/3437/3437
f 3267/3267/3267 3266/3266/3266 3261/3261/3261
f 3266/3266/3266 3267/3267/3267 3408/3408/3408
f 2995/2995/2995 3408/3408/3408 3267/3267/3267
f 2995/2995/2995 3404/3404/3404 3408/3408/3408
f 3405/3405/3405 3408/3408/3408 3404/3404/3404
f 3276/3276/3276 3271/3271/3271 3269/3269/3269
f 3271/3271/3271 3276/3276/3276 3445/3445/3445
f 2996/2996/2996 3445/3445/3445 3276/3276/3276
f 2996/2996/2996 3444/3444/3444 3445/3445/3445
f 3443/3443/3443 3445/3445/3445 3444/3444/3444
f 3256/3256/3256 3257/3257/3257 2998/2998/2998
f 3257/3257/3257 3256/3256/3256 3254/3254/3254
f 3580/3580/3580 3581/3581/3581 3565/3565/3565
f 3581/3581/3581 3580/3580/3580 3582/3582/3582
f 3575/3575/3575 3582/3582/3582 3580/3580/3580
f 3582/3582/3582 3575/3575/3575 3573/3573/3573
f 3574/3574/3574 3573/3573/3573 3575/3575/3575
f 3573/3573/3573 3574/3574/3574 3576/3576/3576
f 3565/3565/3565 3576/3576/3576 3574/3574/3574
f 3576/3576/3576 3565/3565/3565 3581/3581/3581
f 3589/3589/3589 3556/3556/3556 3027/3027/3027
f 3556/3556/3556 3589/3589/3589 3590/3590/3590
f 3586/3586/3586 3590/3590/3590 3589/3589/3589
f 3590/3590/3590 3586/3586/3586 3559/3559/3559
f 3569/3569/3569 3559/3559/3559 3586/3586/3586
f 3559/3559/3559 3569/3569/3569 3572/3572/3572
f 3570/3570/3570 3572/3572/3572 3569/3569/3569
f 3572/3572/3572 3570/3570/3570 3028/3028/3028
f 3615/3615/3615 3608/3608/3608 3610/3610/3610
f 3608/3608/3608 3615/3615/3615 3616/3616/3616
f 3617/3617/3617 3616/3616/3616 3615/3615/3615
f 3616/3616/3616 3617/3617/3617 3604/3604/3604
f 3612/3612/3612 3604/3604/3604 3617/3617/3617
f 3604/3604/3604 3612/3612/3612 3611/3611/3611
f 3610/3610/3610 3611/3611/3611 3612/3612/3612
f 3611/3611/3611 3610/3610/3610 3608/3608/3608
f 3632/3632/3632 3602/3602/3602 3621/3621/3621
f 3602/3602/3602 3632/3632/3632 3630/3630/3630
f 3629/3629/3629 3630/3630/3630 3632/3632/3632
f 3630/3630/3630 3629/3629/3629 3593/3593/3593
f 3620/3620/3620 3593/3593/3593 3629/3629/3629
f 3593/3593/3593 3620/3620/3620 3619/3619/3619
f 3621/3621/3621 3619/3619/3619 3620/3620/3620
f 3619/3619/3619 3621/3621/3621 3602/3602/3602
f 3639/3639/3639 3597/3597/3597 3627/3627/3627
f 3597/3597/3597 3639/3639/3639 3638/3638/3638
f 3641/3641/3641 3638/3638/3638 3639/3639/3639
f 3638/3638/3638 3641/3641/3641 3595/3595/3595
f 3626/3626/3626 3595/3595/3595 3641/3641/3641
f 3595/3595/3595 3626/3626/3626 3625/3625/3625
f 3627/3627/3627 3625/3625/3625 3626/3626/3626
f 3625/3625/3625 3627/3627/3627 3597/3597/3597
f 3670/3670/3670 3637/3637/3637 3662/3662/3662
f 3637/3637/3637 3670/3670/3670 3666/3666/3666
f 3669/3669/3669 3666/3666/3666 3670/3670/3670
f 3666/3666/3666 3669/3669/3669 3623/3623/3623
f 3663/3663/3663 3623/3623/3623 3669/3669/3669
f 3623/3623/3623 3663/3663/3663 3665/3665/3665
f 3662/3662/3662 3665/3665/3665 3663/3663/3663
f 3665/3665/3665 3662/3662/3662 3637/3637/3637
f 3675/3675/3675 3649/3649/3649 3668/3668/3668
f 3649/3649/3649 3675/3675/3675 3677/3677/3677
f 3678/3678/3678 3677/3677/3677 3675/3675/3675
f 3677/3677/3677 3678/3678/3678 3646/3646/3646
f 3667/3667/3667 3646/3646/3646 3678/3678/3678
f 3646/3646/3646 3667/3667/3667 3671/3671/3671
f 3668/3668/3668 3671/3671/3671 3667/3667/3667
f 3671/3671/3671 3668/3668/3668 3649/3649/3649
f 3871/3871/3871 3870/3870/3870 3840/3840/3840
f 3870/3870/3870 3871/3871/3871 3869/3869/3869
f 1641/1641/1641 2361/2361/2361 1643/1643/1643
f 2388/2388/2388 1643/1643/1643 2361/2361/2361
f 2361/2361/2361 2386/2386/2386 2388/2388/2388
f 2388/2388/2388 2386/2386/2386 2404/2404/2404
f 1855/1855/1855 2404/2404/2404 2386/2386/2386
f 2404/2404/2404 1855/1855/1855 1856/1856/1856
f 1856/1856/1856 2398/2398/2398 2404/2404/2404
f 2398/2398/2398 1856/1856/1856 1838/1838/1838
f 1848/1848/1848 1838/1838/1838 1856/1856/1856
f 1856/1856/1856 1849/1849/1849 1848/1848/1848
f 1373/1373/1373 1848/1848/1848 1849/1849/1849
f 1849/1849/1849 1856/1856/1856 1855/1855/1855
f 2388/2388/2388 2404/2404/2404 2398/2398/2398
f 2386/2386/2386 2361/2361/2361 2336/2336/2336
f 2927/2927/2927 2929/2929/2929 2926/2926/2926
f 2926/2926/2926 2929/2929/2929 3353/3353/3353
f 3345/3345/3345 3353/3353/3353 2929/2929/2929
f 3353/3353/3353 3345/3345/3345 3352/3352/3352
f 3067/3067/3067 3352/3352/3352 3345/3345/3345
f 2761/2761/2761 1137/1137/1137 1136/1136/1136
f 1137/1137/1137 2761/2761/2761 2763/2763/2763
f 2753/2753/2753 2763/2763/2763 2761/2761/2761
f 2763/2763/2763 2753/2753/2753 2496/2496/2496
f 2091/2091/2091 2496/2496/2496 2753/2753/2753
f 1056/1056/1056 2496/2496/2496 2091/2091/2091
f 2930/2930/2930 2932/2932/2932 2928/2928/2928
f 2932/2932/2932 2930/2930/2930 3320/3320/3320
f 3318/3318/3318 3320/3320/3320 2930/2930/2930
f 3320/3320/3320 3318/3318/3318 3316/3316/3316
f 3061/3061/3061 3316/3316/3316 3318/3318/3318
f 1766/1766/1766 1763/1763/1763 1761/1761/1761
f 1766/1766/1766 1761/1761/1761 2381/2381/2381
f 2383/2383/2383 2381/2381/2381 1761/1761/1761
f 2383/2383/2383 2354/2354/2354 2381/2381/2381
f 1700/1700/1700 2381/2381/2381 2354/2354/2354
f 2354/2354/2354 1123/1123/1123 1700/1700/1700
f 1124/1124/1124 1700/1700/1700 1123/1123/1123
f 1689/1689/1689 1694/1694/1694 1688/1688/1688
f 1688/1688/1688 1694/1694/1694 1402/1402/1402
f 1408/1408/1408 1402/1402/1402 1694/1694/1694
f 1402/1402/1402 1408/1408/1408 1409/1409/1409
f 1980/1980/1980 1409/1409/1409 1408/1408/1408
f 1409/1409/1409 1980/1980/1980 1981/1981/1981
f 1979/1979/1979 1981/1981/1981 1980/1980/1980
f 2900/2900/2900 2904/2904/2904 2901/2901/2901
f 2901/2901/2901 2904/2904/2904 3308/3308/3308
f 3307/3307/3307 3308/3308/3308 2904/2904/2904
f 3308/3308/3308 3307/3307/3307 3309/3309/3309
f 3058/3058/3058 3309/3309/3309 3307/3307/3307
f 1351/1351/1351 2447/2447/2447 2444/2444/2444
f 2446/2446/2446 2444/2444/2444 2447/2447/2447
f 2447/2447/2447 2731/2731/2731 2446/2446/2446
f 2729/2729/2729 2446/2446/2446 2731/2731/2731
f 2731/2731/2731 2740/2740/2740 2729/2729/2729
f 2740/2740/2740 1290/1290/1290 2729/2729/2729
f 1901/1901/1901 2531/2531/2531 1900/1900/1900
f 2530/2530/2530 1900/1900/1900 2531/2531/2531
f 2531/2531/2531 2527/2527/2527 2530/2530/2530
f 2527/2527/2527 1187/1187/1187 2530/2530/2530
f 2139/2139/2139 1067/1067/1067 1066/1066/1066
f 1067/1067/1067 2139/2139/2139 2143/2143/2143
f 2143/2143/2143 2139/2139/2139 2152/2152/2152
f 1354/1354/1354 2152/2152/2152 2139/2139/2139
f 2907/2907/2907 2906/2906/2906 2905/2905/2905
f 2906/2906/2906 2907/2907/2907 3299/3299/3299
f 3303/3303/3303 3299/3299/3299 2907/2907/2907
f 3299/3299/3299 3303/3303/3303 3301/3301/3301
f 3051/3051/3051 3301/3301/3301 3303/3303/3303
f 1837/1837/1837 1069/1069/1069 1068/1068/1068
f 1069/1069/1069 1837/1837/1837 1839/1839/1839
f 1839/1839/1839 1837/1837/1837 1840/1840/1840
f 1357/1357/1357 1840/1840/1840 1837/1837/1837
f 2897/2897/2897 2896/2896/2896 2893/2893/2893
f 2896/2896/2896 2897/2897/2897 3275/3275/3275
f 3278/3278/3278 3275/3275/3275 2897/2897/2897
f 3275/3275/3275 3278/3278/3278 3273/3273/3273
f 3060/3060/3060 3273/3273/3273 3278/3278/3278
f 1358/1358/1358 1134/1134/1134 2719/2719/2719
f 1358/1358/1358 2719/2719/2719 2730/2730/2730
f 2738/2738/2738 2730/2730/2730 2719/2719/2719
f 2738/2738/2738 2732/2732/2732 2730/2730/2730
f 1518/1518/1518 2730/2730/2730 2732/2732/2732
f 2730/2730/2730 1518/1518/1518 1514/1514/1514
f 1518/1518/1518 1517/1517/1517 1514/1514/1514
f 2730/2730/2730 1514/1514/1514 1358/1358/1358
f 1518/1518/1518 2732/2732/2732 1113/1113/1113
f 2891/2891/2891 2892/2892/2892 2890/2890/2890
f 2890/2890/2890 2892/2892/2892 3279/3279/3279
f 3277/3277/3277 3279/3279/3279 2892/2892/2892
f 3279/3279/3279 3277/3277/3277 3272/3272/3272
f 3059/3059/3059 3272/3272/3272 3277/3277/3277
f 1895/1895/1895 1894/1894/1894 1070/1070/1070
f 1895/1895/1895 1893/1893/1893 1894/1894/1894
f 1133/1133/1133 1893/1893/1893 1895/1895/1895
f 2919/2919/2919 2923/2923/2923 2918/2918/2918
f 2918/2918/2918 2923/2923/2923 3286/3286/3286
f 3281/3281/3281 3286/3286/3286 2923/2923/2923
f 3286/3286/3286 3281/3281/3281 3288/3288/3288
f 3056/3056/3056 3288/3288/3288 3281/3281/3281
f 1115/1115/1115 2706/2706/2706 1116/1116/1116
f 2707/2707/2707 1116/1116/1116 2706/2706/2706
f 2706/2706/2706 2704/2704/2704 2707/2707/2707
f 2925/2925/2925 2924/2924/2924 2922/2922/2922
f 2924/2924/2924 2925/2925/2925 3268/3268/3268
f 3264/3264/3264 3268/3268/3268 2925/2925/2925
f 3268/3268/3268 3264/3264/3264 3263/3263/3263
f 3052/3052/3052 3263/3263/3263 3264/3264/3264
f 1899/1899/1899 2612/2612/2612 2595/2595/2595
f 2625/2625/2625 2595/2595/2595 2612/2612/2612
f 2612/2612/2612 2545/2545/2545 2625/2625/2625
f 1117/1117/1117 2625/2625/2625 2545/2545/2545
f 2545/2545/2545 1118/1118/1118 1117/1117/1117
f 2914/2914/2914 2917/2917/2917 2915/2915/2915
f 2915/2915/2915 2917/2917/2917 3292/3292/3292
f 3290/3290/3290 3292/3292/3292 2917/2917/2917
f 3292/3292/3292 3290/3290/3290 3296/3296/3296
f 3055/3055/3055 3296/3296/3296 3290/3290/3290
f 2148/2148/2148 2014/2014/2014 1288/1288/1288
f 2014/2014/2014 2148/2148/2148 2133/2133/2133
f 2158/2158/2158 2133/2133/2133 2148/2148/2148
f 2133/2133/2133 2158/2158/2158 1972/1972/1972
f 2130/2130/2130 1972/1972/1972 2158/2158/2158
f 1972/1972/1972 2130/2130/2130 2128/2128/2128
f 2129/2129/2129 2128/2128/2128 2130/2130/2130
f 2128/2128/2128 2129/2129/2129 2043/2043/2043
f 2149/2149/2149 2043/2043/2043 2129/2129/2129
f 2043/2043/2043 2149/2149/2149 2159/2159/2159
f 2132/2132/2132 2159/2159/2159 2149/2149/2149
f 2159/2159/2159 2132/2132/2132 2049/2049/2049
f 2010/2010/2010 2049/2049/2049 2132/2132/2132
f 2049/2049/2049 2010/2010/2010 2045/2045/2045
f 2263/2263/2263 2045/2045/2045 2010/2010/2010
f 2045/2045/2045 2263/2263/2263 2265/2265/2265
f 2266/2266/2266 2265/2265/2265 2263/2263/2263
f 2265/2265/2265 2266/2266/2266 2027/2027/2027
f 2212/2212/2212 2027/2027/2027 2266/2266/2266
f 2027/2027/2027 2212/2212/2212 2213/2213/2213
f 2224/2224/2224 2213/2213/2213 2212/2212/2212
f 2213/2213/2213 2224/2224/2224 1305/1305/1305
f 1304/1304/1304 1305/1305/1305 2224/2224/2224
f 1305/1305/1305 1304/1304/1304 2036/2036/2036
f 2226/2226/2226 2036/2036/2036 1304/1304/1304
f 2036/2036/2036 2226/2226/2226 2223/2223/2223
f 2232/2232/2232 2223/2223/2223 2226/2226/2226
f 2223/2223/2223 2232/2232/2232 1302/1302/1302
f 1301/1301/1301 1302/1302/1302 2232/2232/2232
f 1302/1302/1302 1301/1301/1301 2051/2051/2051
f 2231/2231/2231 2051/2051/2051 1301/1301/1301
f 2051/2051/2051 2231/2231/2231 2233/2233/2233
f 2202/2202/2202 2233/2233/2233 2231/2231/2231
f 2233/2233/2233 2202/2202/2202 1287/1287/1287
f 1288/1288/1288 1287/1287/1287 2202/2202/2202
f 1287/1287/1287 1288/1288/1288 2014/2014/2014
f 2499/2499/2499 2497/2497/2497 2493/2493/2493
f 2497/2497/2497 2499/2499/2499 1119/1119/1119
f 1095/1095/1095 1119/1119/1119 2499/2499/2499
f 2921/2921/2921 2920/2920/2920 2916/2916/2916
f 2920/2920/2920 2921/2921/2921 3285/3285/3285
f 3284/3284/3284 3285/3285/3285 2921/2921/2921
f 3285/3285/3285 3284/3284/3284 3282/3282/3282
f 3054/3054/3054 3282/3282/3282 3284/3284/3284
f 2808/2808/2808 2787/2787/2787 2758/2758/2758
f 2787/2787/2787 2808/2808/2808 2421/2421/2421
f 1161/1161/1161 2421/2421/2421 2808/2808/2808
f 2820/2820/2820 2974/2974/2974 2819/2819/2819
f 3099/3099/3099 2819/2819/2819 2974/2974/2974
f 2974/2974/2974 3100/3100/3100 3099/3099/3099
f 3101/3101/3101 3099/3099/3099 3100/3100/3100
f 3100/3100/3100 2829/2829/2829 3101/3101/3101
f 2830/2830/2830 3101/3101/3101 2829/2829/2829
f 2553/2553/2553 2554/2554/2554 2552/2552/2552
f 1166/1166/1166 2504/2504/2504 1167/1167/1167
f 2507/2507/2507 1167/1167/1167 2504/2504/2504
f 2504/2504/2504 2506/2506/2506 2507/2507/2507
f 2549/2549/2549 2550/2550/2550 2548/2548/2548
f 1169/1169/1169 1170/1170/1170 1168/1168/1168
f 2546/2546/2546 2547/2547/2547 2544/2544/2544
f 2378/2378/2378 2367/2367/2367 1982/1982/1982
f 2367/2367/2367 2378/2378/2378 2379/2379/2379
f 1173/1173/1173 2379/2379/2379 2378/2378/2378
f 2542/2542/2542 2543/2543/2543 2541/2541/2541
f 1919/1919/1919 1950/1950/1950 1921/1921/1921
f 1270/1270/1270 1921/1921/1921 1950/1950/1950
f 1950/1950/1950 1271/1271/1271 1270/1270/1270
f 2520/2520/2520 2521/2521/2521 2519/2519/2519
f 1206/1206/1206 1207/1207/1207 1205/1205/1205
f 2517/2517/2517 2518/2518/2518 2512/2512/2512
f 1226/1226/1226 1227/1227/1227 1225/1225/1225
f 1903/1903/1903 1904/1904/1904 1902/1902/1902
f 1281/1281/1281 1282/1282/1282 1280/1280/1280
f 1897/1897/1897 1898/1898/1898 1892/1892/1892
f 1292/1292/1292 1293/1293/1293 1291/1291/1291
f 1890/1890/1890 1891/1891/1891 1889/1889/1889
f 1473/1473/1473 1474/1474/1474 1472/1472/1472
f 1887/1887/1887 1888/1888/1888 1886/1886/1886
f 1574/1574/1574 1575/1575/1575 1567/1567/1567
f 1884/1884/1884 1885/1885/1885 1883/1883/1883
f 1606/1606/1606 1607/1607/1607 1595/1595/1595
f 1881/1881/1881 1882/1882/1882 1872/1872/1872
f 1788/1788/1788 1789/1789/1789 1786/1786/1786
f 1835/1835/1835 1836/1836/1836 1833/1833/1833
f 1792/1792/1792 1793/1793/1793 1791/1791/1791
f 1831/1831/1831 1832/1832/1832 1828/1828/1828
g studio.a10.mesh_2
f 3924/3924/3924 3916/3916/3916 3925/3925/3925
f 3924/3924/3924 3925/3925/3925 3923/3923/3923
f 4543/4543/4543 4556/4556/4556 4560/4560/4560
f 4543/4543/4543 4555/4555/4555 4556/4556/4556
f 4543/4543/4543 4552/4552/4552 4555/4555/4555
f 4543/4543/4543 4550/4550/4550 4552/4552/4552
f 4543/4543/4543 4548/4548/4548 4550/4550/4550
f 4543/4543/4543 4547/4547/4547 4548/4548/4548
f 4543/4543/4543 4544/4544/4544 4547/4547/4547
f 4543/4543/4543 4563/4563/4563 4544/4544/4544
f 4543/4543/4543 4559/4559/4559 4563/4563/4563
f 4543/4543/4543 4560/4560/4560 4559/4559/4559
f 4560/4560/4560 4562/4562/4562 4559/4559/4559
f 4560/4560/4560 4561/4561/4561 4562/4562/4562
f 4556/4556/4556 4561/4561/4561 4560/4560/4560
f 4556/4556/4556 4557/4557/4557 4561/4561/4561
f 4555/4555/4555 4557/4557/4557 4556/4556/4556
f 4555/4555/4555 4554/4554/4554 4557/4557/4557
f 4552/4552/4552 4554/4554/4554 4555/4555/4555
f 4552/4552/4552 4553/4553/4553 4554/4554/4554
f 4550/4550/4550 4553/4553/4553 4552/4552/4552
f 4550/4550/4550 4551/4551/4551 4553/4553/4553
f 4548/4548/4548 4551/4551/4551 4550/4550/4550
f 4548/4548/4548 4549/4549/4549 4551/4551/4551
f 4547/4547/4547 4549/4549/4549 4548/4548/4548
f 4547/4547/4547 4546/4546/4546 4549/4549/4549
f 4544/4544/4544 4546/4546/4546 4547/4547/4547
f 4544/4544/4544 4545/4545/4545 4546/4546/4546
f 4563/4563/4563 4545/4545/4545 4544/4544/4544
f 4563/4563/4563 4558/4558/4558 4545/4545/4545
f 4559/4559/4559 4558/4558/4558 4563/4563/4563
f 4559/4559/4559 4562/4562/4562 4558/4558/4558
f 4279/4279/4279 4272/4272/4272 4278/4278/4278
f 4279/4279/4279 4278/4278/4278 4267/4267/4267
f 4268/4268/4268 4279/4279/4279 4267/4267/4267
f 4268/4268/4268 4267/4267/4267 4262/4262/4262
f 4173/4173/4173 4178/4178/4178 4174/4174/4174
f 4168/4168/4168 4174/4174/4174 4178/4178/4178
f 4045/4045/4045 4047/4047/4047 4044/4044/4044
f 4045/4045/4045 4044/4044/4044 4033/4033/4033
f 4032/4032/4032 4045/4045/4045 4033/4033/4033
f 4032/4032/4032 4033/4033/4033 4031/4031/4031
f 3938/3938/3938 3943/3943/3943 3939/3939/3939
f 3934/3934/3934 3939/3939/3939 3943/3943/3943
f 4532/4532/4532 4526/4526/4526 4522/4522/4522
f 4479/4479/4479 4532/4532/4532 4522/4522/4522
f 4532/4532/4532 4479/4479/4479 4501/4501/4501
f 4503/4503/4503 4532/4532/4532 4501/4501/4501
f 4479/4479/4479 4522/4522/4522 4416/4416/4416
f 4474/4474/4474 4401/4401/4401 4526/4526/4526
f 4532/4532/4532 4474/4474/4474 4526/4526/4526
f 4474/4474/4474 4532/4532/4532 4469/4469/4469
f 4470/4470/4470 4474/4474/4474 4469/4469/4469
f 4514/4514/4514 4511/4511/4511 4515/4515/4515
f 4502/4502/4502 4514/4514/4514 4515/4515/4515
f 4502/4502/4502 4515/4515/4515 4492/4492/4492
f 4489/4489/4489 4502/4502/4502 4492/4492/4492
f 4411/4411/4411 4412/4412/4412 4402/4402/4402
f 4412/4412/4412 4411/4411/4411 4406/4406/4406
f 4182/4182/4182 4291/4291/4291 4245/4245/4245
f 4291/4291/4291 4293/4293/4293 4298/4298/4298
f 4291/4291/4291 4298/4298/4298 4245/4245/4245
f 4281/4281/4281 4245/4245/4245 4298/4298/4298
f 4281/4281/4281 4298/4298/4298 4266/4266/4266
f 4293/4293/4293 4167/4167/4167 4242/4242/4242
f 4293/4293/4293 4242/4242/4242 4298/4298/4298
f 4239/4239/4239 4298/4298/4298 4242/4242/4242
f 4239/4239/4239 4242/4242/4242 4234/4234/4234
f 4414/4414/4414 4415/4415/4415 4409/4409/4409
f 4400/4400/4400 4409/4409/4409 4415/4415/4415
f 4504/4504/4504 4536/4536/4536 4539/4539/4539
f 4509/4509/4509 4504/4504/4504 4539/4539/4539
f 4510/4510/4510 4504/4504/4504 4509/4509/4509
f 4475/4475/4475 4510/4510/4510 4509/4509/4509
f 4530/4530/4530 4510/4510/4510 4475/4475/4475
f 4523/4523/4523 4530/4530/4530 4475/4475/4475
f 4538/4538/4538 4530/4530/4530 4523/4523/4523
f 4535/4535/4535 4538/4538/4538 4523/4523/4523
f 4418/4418/4418 4538/4538/4538 4535/4535/4535
f 4478/4478/4478 4418/4418/4418 4535/4535/4535
f 4531/4531/4531 4418/4418/4418 4478/4478/4478
f 4527/4527/4527 4531/4531/4531 4478/4478/4478
f 4528/4528/4528 4531/4531/4531 4527/4527/4527
f 4521/4521/4521 4528/4528/4528 4527/4527/4527
f 4536/4536/4536 4528/4528/4528 4521/4521/4521
f 4539/4539/4539 4536/4536/4536 4521/4521/4521
f 4534/4534/4534 4468/4468/4468 4533/4533/4533
f 4520/4520/4520 4534/4534/4534 4533/4533/4533
f 4519/4519/4519 4534/4534/4534 4520/4520/4520
f 4506/4506/4506 4519/4519/4519 4520/4520/4520
f 4507/4507/4507 4519/4519/4519 4506/4506/4506
f 4508/4508/4508 4507/4507/4507 4506/4506/4506
f 4491/4491/4491 4507/4507/4507 4508/4508/4508
f 4500/4500/4500 4491/4491/4491 4508/4508/4508
f 4495/4495/4495 4491/4491/4491 4500/4500/4500
f 4486/4486/4486 4495/4495/4495 4500/4500/4500
f 4540/4540/4540 4495/4495/4495 4486/4486/4486
f 4541/4541/4541 4540/4540/4540 4486/4486/4486
f 4537/4537/4537 4540/4540/4540 4541/4541/4541
f 4529/4529/4529 4537/4537/4537 4541/4541/4541
f 4468/4468/4468 4537/4537/4537 4529/4529/4529
f 4533/4533/4533 4468/4468/4468 4529/4529/4529
f 4394/4394/4394 4384/4384/4384 4392/4392/4392
f 4391/4391/4391 4394/4394/4394 4392/4392/4392
f 4159/4159/4159 4150/4150/4150 4158/4158/4158
f 4159/4159/4159 4158/4158/4158 4157/4157/4157
f 4487/4487/4487 4385/4385/4385 4393/4393/4393
f 4488/4488/4488 4487/4487/4487 4393/4393/4393
f 4490/4490/4490 4487/4487/4487 4488/4488/4488
f 4497/4497/4497 4490/4490/4490 4488/4488/4488
f 4390/4390/4390 4490/4490/4490 4497/4497/4497
f 4442/4442/4442 4390/4390/4390 4497/4497/4497
f 4449/4449/4449 4390/4390/4390 4442/4442/4442
f 4441/4441/4441 4449/4449/4449 4442/4442/4442
f 4499/4499/4499 4443/4443/4443 4437/4437/4437
f 4440/4440/4440 4499/4499/4499 4437/4437/4437
f 4423/4423/4423 4440/4440/4440 4437/4437/4437
f 4482/4482/4482 4480/4480/4480 4481/4481/4481
f 4498/4498/4498 4482/4482/4482 4481/4481/4481
f 4499/4499/4499 4482/4482/4482 4498/4498/4498
f 4496/4496/4496 4499/4499/4499 4498/4498/4498
f 4443/4443/4443 4499/4499/4499 4496/4496/4496
f 4383/4383/4383 4443/4443/4443 4496/4496/4496
f 4207/4207/4207 4205/4205/4205 4263/4263/4263
f 4207/4207/4207 4263/4263/4263 4206/4206/4206
f 4207/4207/4207 4206/4206/4206 4196/4196/4196
f 4254/4254/4254 4205/4205/4205 4149/4149/4149
f 4254/4254/4254 4263/4263/4263 4205/4205/4205
f 4259/4259/4259 4263/4263/4263 4254/4254/4254
f 4259/4259/4259 4249/4249/4249 4263/4263/4263
f 4248/4248/4248 4249/4249/4249 4259/4259/4259
f 4248/4248/4248 4252/4252/4252 4249/4249/4249
f 3948/3948/3948 4063/4063/4063 4011/4011/4011
f 4063/4063/4063 4074/4074/4074 4064/4064/4064
f 4063/4063/4063 4064/4064/4064 4011/4011/4011
f 4046/4046/4046 4011/4011/4011 4064/4064/4064
f 4046/4046/4046 4064/4064/4064 4034/4034/4034
f 4074/4074/4074 3933/3933/3933 4004/4004/4004
f 4074/4074/4074 4004/4004/4004 4064/4064/4064
f 4008/4008/4008 4064/4064/4064 4004/4004/4004
f 4008/4008/4008 4004/4004/4004 4000/4000/4000
f 3971/3971/3971 3974/3974/3974 4027/4027/4027
f 3971/3971/3971 4027/4027/4027 3972/3972/3972
f 3971/3971/3971 3972/3972/3972 3970/3970/3970
f 4029/4029/4029 3974/3974/3974 3915/3915/3915
f 4029/4029/4029 4027/4027/4027 3974/3974/3974
f 4026/4026/4026 4027/4027/4027 4029/4029/4029
f 4026/4026/4026 4019/4019/4019 4027/4027/4027
f 4017/4017/4017 4019/4019/4019 4026/4026/4026
f 4017/4017/4017 4015/4015/4015 4019/4019/4019
f 4433/4433/4433 4407/4407/4407 4405/4405/4405
f 4435/4435/4435 4407/4407/4407 4433/4433/4433
f 4430/4430/4430 4435/4435/4435 4433/4433/4433
f 4438/4438/4438 4435/4435/4435 4430/4430/4430
f 4432/4432/4432 4438/4438/4438 4430/4430/4430
f 4434/4434/4434 4438/4438/4438 4432/4432/4432
f 4431/4431/4431 4434/4434/4434 4432/4432/4432
f 4429/4429/4429 4434/4434/4434 4431/4431/4431
f 4484/4484/4484 4429/4429/4429 4431/4431/4431
f 4485/4485/4485 4429/4429/4429 4484/4484/4484
f 4483/4483/4483 4485/4485/4485 4484/4484/4484
f 4410/4410/4410 4485/4485/4485 4483/4483/4483
f 4408/4408/4408 4410/4410/4410 4483/4483/4483
f 4413/4413/4413 4410/4410/4410 4408/4408/4408
f 4405/4405/4405 4413/4413/4413 4408/4408/4408
f 4407/4407/4407 4413/4413/4413 4405/4405/4405
f 4180/4180/4180 4181/4181/4181 4166/4166/4166
f 4181/4181/4181 4180/4180/4180 4179/4179/4179
f 3947/3947/3947 3946/3946/3946 3932/3932/3932
f 3946/3946/3946 3947/3947/3947 3941/3941/3941
f 3937/3937/3937 3940/3940/3940 3967/3967/3967
f 3937/3937/3937 3944/3944/3944 3940/3940/3940
f 3945/3945/3945 3944/3944/3944 3937/3937/3937
f 3945/3945/3945 3942/3942/3942 3944/3944/3944
f 4014/4014/4014 3942/3942/3942 3945/3945/3945
f 4014/4014/4014 4012/4012/4012 3942/3942/3942
f 4016/4016/4016 4012/4012/4012 4014/4014/4014
f 4016/4016/4016 3956/3956/3956 4012/4012/4012
f 3965/3965/3965 3956/3956/3956 4016/4016/4016
f 3965/3965/3965 3964/3964/3964 3956/3956/3956
f 3966/3966/3966 3964/3964/3964 3965/3965/3965
f 3966/3966/3966 3963/3963/3963 3964/3964/3964
f 3968/3968/3968 3963/3963/3963 3966/3966/3966
f 3968/3968/3968 3959/3959/3959 3963/3963/3963
f 3967/3967/3967 3959/3959/3959 3968/3968/3968
f 3967/3967/3967 3940/3940/3940 3959/3959/3959
f 4160/4160/4160 4151/4151/4151 4246/4246/4246
f 4160/4160/4160 4246/4246/4246 4256/4256/4256
f 4256/4256/4256 4246/4246/4246 4258/4258/4258
f 4256/4256/4256 4258/4258/4258 4261/4261/4261
f 4261/4261/4261 4258/4258/4258 4156/4156/4156
f 4261/4261/4261 4156/4156/4156 4215/4215/4215
f 4215/4215/4215 4156/4156/4156 4216/4216/4216
f 4215/4215/4215 4216/4216/4216 4208/4208/4208
f 3926/3926/3926 3917/3917/3917 4018/4018/4018
f 3926/3926/3926 4018/4018/4018 4023/4023/4023
f 4023/4023/4023 4018/4018/4018 4024/4024/4024
f 4023/4023/4023 4024/4024/4024 4020/4020/4020
f 4020/4020/4020 4024/4024/4024 3922/3922/3922
f 4020/4020/4020 3922/3922/3922 3980/3980/3980
f 3980/3980/3980 3922/3922/3922 3975/3975/3975
f 3980/3980/3980 3975/3975/3975 3973/3973/3973
f 4397/4397/4397 4396/4396/4396 4473/4473/4473
f 4476/4476/4476 4397/4397/4397 4473/4473/4473
f 4477/4477/4477 4476/4476/4476 4473/4473/4473
f 4471/4471/4471 4477/4477/4477 4473/4473/4473
f 4472/4472/4472 4471/4471/4471 4473/4473/4473
f 4395/4395/4395 4472/4472/4472 4473/4473/4473
f 3912/3912/3912 3913/3913/3913 3993/3993/3993
f 3994/3994/3994 3993/3993/3993 3913/3913/3913
f 3993/3993/3993 3994/3994/3994 3991/3991/3991
f 3976/3976/3976 3991/3991/3991 3994/3994/3994
f 3991/3991/3991 3976/3976/3976 3930/3930/3930
f 3930/3930/3930 3931/3931/3931 3991/3991/3991
f 4458/4458/4458 4381/4381/4381 4380/4380/4380
f 4381/4381/4381 4458/4458/4458 4460/4460/4460
f 4463/4463/4463 4460/4460/4460 4458/4458/4458
f 4460/4460/4460 4463/4463/4463 4450/4450/4450
f 4398/4398/4398 4450/4450/4450 4463/4463/4463
f 4463/4463/4463 4399/4399/4399 4398/4398/4398
f 4376/4376/4376 4378/4378/4378 4444/4444/4444
f 4444/4444/4444 4378/4378/4378 4453/4453/4453
f 4444/4444/4444 4453/4453/4453 4452/4452/4452
f 4452/4452/4452 4453/4453/4453 4455/4455/4455
f 4452/4452/4452 4455/4455/4455 4456/4456/4456
f 4456/4456/4456 4455/4455/4455 4448/4448/4448
f 4461/4461/4461 4387/4387/4387 4386/4386/4386
f 4386/4386/4386 4459/4459/4459 4461/4461/4461
f 4462/4462/4462 4461/4461/4461 4459/4459/4459
f 4461/4461/4461 4462/4462/4462 4445/4445/4445
f 4377/4377/4377 4445/4445/4445 4462/4462/4462
f 4445/4445/4445 4377/4377/4377 4375/4375/4375
f 4265/4265/4265 4280/4280/4280 4270/4270/4270
f 4265/4265/4265 4282/4282/4282 4280/4280/4280
f 4296/4296/4296 4282/4282/4282 4265/4265/4265
f 4296/4296/4296 4295/4295/4295 4282/4282/4282
f 4188/4188/4188 4295/4295/4295 4296/4296/4296
f 4188/4188/4188 4235/4235/4235 4295/4295/4295
f 4232/4232/4232 4235/4235/4235 4188/4188/4188
f 4232/4232/4232 4233/4233/4233 4235/4235/4235
f 4260/4260/4260 4233/4233/4233 4232/4232/4232
f 4260/4260/4260 4308/4308/4308 4233/4233/4233
f 4304/4304/4304 4308/4308/4308 4260/4260/4260
f 4304/4304/4304 4299/4299/4299 4308/4308/4308
f 4191/4191/4191 4299/4299/4299 4304/4304/4304
f 4191/4191/4191 4269/4269/4269 4299/4299/4299
f 4270/4270/4270 4269/4269/4269 4191/4191/4191
f 4270/4270/4270 4280/4280/4280 4269/4269/4269
f 4219/4219/4219 4144/4144/4144 4142/4142/4142
f 4213/4213/4213 4144/4144/4144 4219/4219/4219
f 4220/4220/4220 4213/4213/4213 4219/4219/4219
f 4221/4221/4221 4213/4213/4213 4220/4220/4220
f 4210/4210/4210 4221/4221/4221 4220/4220/4220
f 4214/4214/4214 4221/4221/4221 4210/4210/4210
f 4021/4021/4021 4040/4040/4040 4042/4042/4042
f 4021/4021/4021 4067/4067/4067 4040/4040/4040
f 4071/4071/4071 4067/4067/4067 4021/4021/4021
f 4071/4071/4071 4068/4068/4068 4067/4067/4067
f 3960/3960/3960 4068/4068/4068 4071/4071/4071
f 3960/3960/3960 3999/3999/3999 4068/4068/4068
f 3998/3998/3998 3999/3999/3999 3960/3960/3960
f 3998/3998/3998 4001/4001/4001 3999/3999/3999
f 4028/4028/4028 4001/4001/4001 3998/3998/3998
f 4028/4028/4028 4065/4065/4065 4001/4001/4001
f 4073/4073/4073 4065/4065/4065 4028/4028/4028
f 4073/4073/4073 4072/4072/4072 4065/4065/4065
f 3955/3955/3955 4072/4072/4072 4073/4073/4073
f 3955/3955/3955 4037/4037/4037 4072/4072/4072
f 4042/4042/4042 4037/4037/4037 3955/3955/3955
f 4042/4042/4042 4040/4040/4040 4037/4037/4037
f 3979/3979/3979 3910/3910/3910 3909/3909/3909
f 3981/3981/3981 3910/3910/3910 3979/3979/3979
f 3986/3986/3986 3981/3981/3981 3979/3979/3979
f 3987/3987/3987 3981/3981/3981 3986/3986/3986
f 3985/3985/3985 3987/3987/3987 3986/3986/3986
f 3984/3984/3984 3987/3987/3987 3985/3985/3985
f 4316/4316/4316 4315/4315/4315 4309/4309/4309
f 4319/4319/4319 4316/4316/4316 4309/4309/4309
f 4320/4320/4320 4319/4319/4319 4309/4309/4309
f 4323/4323/4323 4320/4320/4320 4309/4309/4309
f 4327/4327/4327 4323/4323/4323 4309/4309/4309
f 4325/4325/4325 4327/4327/4327 4309/4309/4309
f 4329/4329/4329 4325/4325/4325 4309/4309/4309
f 4310/4310/4310 4329/4329/4329 4309/4309/4309
f 4313/4313/4313 4310/4310/4310 4309/4309/4309
f 4315/4315/4315 4313/4313/4313 4309/4309/4309
f 4315/4315/4315 4314/4314/4314 4313/4313/4313
f 4317/4317/4317 4314/4314/4314 4315/4315/4315
f 4316/4316/4316 4317/4317/4317 4315/4315/4315
f 4318/4318/4318 4317/4317/4317 4316/4316/4316
f 4319/4319/4319 4318/4318/4318 4316/4316/4316
f 4321/4321/4321 4318/4318/4318 4319/4319/4319
f 4320/4320/4320 4321/4321/4321 4319/4319/4319
f 4322/4322/4322 4321/4321/4321 4320/4320/4320
f 4323/4323/4323 4322/4322/4322 4320/4320/4320
f 4326/4326/4326 4322/4322/4322 4323/4323/4323
f 4327/4327/4327 4326/4326/4326 4323/4323/4323
f 4328/4328/4328 4326/4326/4326 4327/4327/4327
f 4325/4325/4325 4328/4328/4328 4327/4327/4327
f 4324/4324/4324 4328/4328/4328 4325/4325/4325
f 4329/4329/4329 4324/4324/4324 4325/4325/4325
f 4311/4311/4311 4324/4324/4324 4329/4329/4329
f 4310/4310/4310 4311/4311/4311 4329/4329/4329
f 4312/4312/4312 4311/4311/4311 4310/4310/4310
f 4313/4313/4313 4312/4312/4312 4310/4310/4310
f 4314/4314/4314 4312/4312/4312 4313/4313/4313
f 4243/4243/4243 4162/4162/4162 4163/4163/4163
f 4243/4243/4243 4163/4163/4163 4244/4244/4244
f 4243/4243/4243 4244/4244/4244 4240/4240/4240
f 4243/4243/4243 4240/4240/4240 4241/4241/4241
f 4243/4243/4243 4241/4241/4241 4236/4236/4236
f 4243/4243/4243 4236/4236/4236 4161/4161/4161
f 3978/3978/3978 3906/3906/3906 3905/3905/3905
f 3983/3983/3983 3906/3906/3906 3978/3978/3978
f 3977/3977/3977 3983/3983/3983 3978/3978/3978
f 3936/3936/3936 3983/3983/3983 3977/3977/3977
f 3935/3935/3935 3936/3936/3936 3977/3977/3977
f 3992/3992/3992 3936/3936/3936 3935/3935/3935
f 3988/3988/3988 3992/3992/3992 3935/3935/3935
f 3989/3989/3989 3992/3992/3992 3988/3988/3988
f 4209/4209/4209 4140/4140/4140 4139/4139/4139
f 4212/4212/4212 4140/4140/4140 4209/4209/4209
f 4217/4217/4217 4212/4212/4212 4209/4209/4209
f 4170/4170/4170 4212/4212/4212 4217/4217/4217
f 4169/4169/4169 4170/4170/4170 4217/4217/4217
f 4224/4224/4224 4170/4170/4170 4169/4169/4169
f 4223/4223/4223 4224/4224/4224 4169/4169/4169
f 4222/4222/4222 4224/4224/4224 4223/4223/4223
f 3951/3951/3951 3914/3914/3914 3921/3921/3921
f 3958/3958/3958 3914/3914/3914 3951/3951/3951
f 3957/3957/3957 3958/3958/3958 3951/3951/3951
f 3961/3961/3961 3958/3958/3958 3957/3957/3957
f 3911/3911/3911 3961/3961/3961 3957/3957/3957
f 3920/3920/3920 3961/3961/3961 3911/3911/3911
f 3953/3953/3953 3920/3920/3920 3911/3911/3911
f 3949/3949/3949 3920/3920/3920 3953/3953/3953
f 3950/3950/3950 3949/3949/3949 3953/3953/3953
f 3962/3962/3962 3949/3949/3949 3950/3950/3950
f 3954/3954/3954 3962/3962/3962 3950/3950/3950
f 3969/3969/3969 3962/3962/3962 3954/3954/3954
f 3921/3921/3921 3969/3969/3969 3954/3954/3954
f 3914/3914/3914 3969/3969/3969 3921/3921/3921
f 4607/4607/4607 4605/4605/4605 4599/4599/4599
f 4607/4607/4607 4598/4598/4598 4605/4605/4605
f 4607/4607/4607 4600/4600/4600 4598/4598/4598
f 4607/4607/4607 4602/4602/4602 4600/4600/4600
f 4607/4607/4607 4597/4597/4597 4602/4602/4602
f 4607/4607/4607 4606/4606/4606 4597/4597/4597
f 4607/4607/4607 4601/4601/4601 4606/4606/4606
f 4607/4607/4607 4604/4604/4604 4601/4601/4601
f 4607/4607/4607 4603/4603/4603 4604/4604/4604
f 4607/4607/4607 4599/4599/4599 4603/4603/4603
f 4586/4586/4586 4603/4603/4603 4599/4599/4599
f 4586/4586/4586 4599/4599/4599 4587/4587/4587
f 4587/4587/4587 4599/4599/4599 4605/4605/4605
f 4587/4587/4587 4605/4605/4605 4588/4588/4588
f 4588/4588/4588 4605/4605/4605 4598/4598/4598
f 4588/4588/4588 4598/4598/4598 4589/4589/4589
f 4589/4589/4589 4598/4598/4598 4600/4600/4600
f 4589/4589/4589 4600/4600/4600 4590/4590/4590
f 4590/4590/4590 4600/4600/4600 4602/4602/4602
f 4590/4590/4590 4602/4602/4602 4591/4591/4591
f 4591/4591/4591 4602/4602/4602 4597/4597/4597
f 4591/4591/4591 4597/4597/4597 4592/4592/4592
f 4592/4592/4592 4597/4597/4597 4606/4606/4606
f 4592/4592/4592 4606/4606/4606 4593/4593/4593
f 4593/4593/4593 4606/4606/4606 4601/4601/4601
f 4593/4593/4593 4601/4601/4601 4595/4595/4595
f 4595/4595/4595 4601/4601/4601 4604/4604/4604
f 4595/4595/4595 4604/4604/4604 4596/4596/4596
f 4596/4596/4596 4604/4604/4604 4603/4603/4603
f 4596/4596/4596 4603/4603/4603 4594/4594/4594
f 4141/4141/4141 4143/4143/4143 4218/4218/4218
f 4228/4228/4228 4218/4218/4218 4143/4143/4143
f 4218/4218/4218 4228/4228/4228 4227/4227/4227
f 4226/4226/4226 4227/4227/4227 4228/4228/4228
f 4227/4227/4227 4226/4226/4226 4152/4152/4152
f 4152/4152/4152 4153/4153/4153 4227/4227/4227
f 4389/4389/4389 4382/4382/4382 4419/4419/4419
f 4389/4389/4389 4425/4425/4425 4382/4382/4382
f 4427/4427/4427 4425/4425/4425 4389/4389/4389
f 4427/4427/4427 4436/4436/4436 4425/4425/4425
f 4420/4420/4420 4436/4436/4436 4427/4427/4427
f 4420/4420/4420 4417/4417/4417 4436/4436/4436
f 4421/4421/4421 4417/4417/4417 4420/4420/4420
f 4421/4421/4421 4388/4388/4388 4417/4417/4417
f 4379/4379/4379 4388/4388/4388 4421/4421/4421
f 4379/4379/4379 4428/4428/4428 4388/4388/4388
f 4439/4439/4439 4428/4428/4428 4379/4379/4379
f 4439/4439/4439 4426/4426/4426 4428/4428/4428
f 4419/4419/4419 4426/4426/4426 4439/4439/4439
f 4419/4419/4419 4382/4382/4382 4426/4426/4426
f 4371/4371/4371 4367/4367/4367 4372/4372/4372
f 4370/4370/4370 4371/4371/4371 4372/4372/4372
f 4368/4368/4368 4370/4370/4370 4372/4372/4372
f 4365/4365/4365 4368/4368/4368 4372/4372/4372
f 4363/4363/4363 4365/4365/4365 4372/4372/4372
f 4369/4369/4369 4363/4363/4363 4372/4372/4372
f 4366/4366/4366 4369/4369/4369 4372/4372/4372
f 4362/4362/4362 4366/4366/4366 4372/4372/4372
f 4364/4364/4364 4362/4362/4362 4372/4372/4372
f 4367/4367/4367 4364/4364/4364 4372/4372/4372
f 4364/4364/4364 4367/4367/4367 4352/4352/4352
f 4353/4353/4353 4364/4364/4364 4352/4352/4352
f 4362/4362/4362 4364/4364/4364 4353/4353/4353
f 4354/4354/4354 4362/4362/4362 4353/4353/4353
f 4366/4366/4366 4362/4362/4362 4354/4354/4354
f 4355/4355/4355 4366/4366/4366 4354/4354/4354
f 4369/4369/4369 4366/4366/4366 4355/4355/4355
f 4356/4356/4356 4369/4369/4369 4355/4355/4355
f 4363/4363/4363 4369/4369/4369 4356/4356/4356
f 4357/4357/4357 4363/4363/4363 4356/4356/4356
f 4365/4365/4365 4363/4363/4363 4357/4357/4357
f 4358/4358/4358 4365/4365/4365 4357/4357/4357
f 4368/4368/4368 4365/4365/4365 4358/4358/4358
f 4359/4359/4359 4368/4368/4368 4358/4358/4358
f 4370/4370/4370 4368/4368/4368 4359/4359/4359
f 4361/4361/4361 4370/4370/4370 4359/4359/4359
f 4371/4371/4371 4370/4370/4370 4361/4361/4361
f 4360/4360/4360 4371/4371/4371 4361/4361/4361
f 4367/4367/4367 4371/4371/4371 4360/4360/4360
f 4352/4352/4352 4367/4367/4367 4360/4360/4360
f 4146/4146/4146 4147/4147/4147 4230/4230/4230
f 4225/4225/4225 4230/4230/4230 4147/4147/4147
f 4230/4230/4230 4225/4225/4225 4229/4229/4229
f 4211/4211/4211 4229/4229/4229 4225/4225/4225
f 4229/4229/4229 4211/4211/4211 4165/4165/4165
f 4165/4165/4165 4164/4164/4164 4229/4229/4229
f 4184/4184/4184 4148/4148/4148 4155/4155/4155
f 4198/4198/4198 4148/4148/4148 4184/4184/4184
f 4189/4189/4189 4198/4198/4198 4184/4184/4184
f 4197/4197/4197 4198/4198/4198 4189/4189/4189
f 4145/4145/4145 4197/4197/4197 4189/4189/4189
f 4154/4154/4154 4197/4197/4197 4145/4145/4145
f 4185/4185/4185 4154/4154/4154 4145/4145/4145
f 4186/4186/4186 4154/4154/4154 4185/4185/4185
f 4183/4183/4183 4186/4186/4186 4185/4185/4185
f 4190/4190/4190 4186/4186/4186 4183/4183/4183
f 4192/4192/4192 4190/4190/4190 4183/4183/4183
f 4199/4199/4199 4190/4190/4190 4192/4192/4192
f 4155/4155/4155 4199/4199/4199 4192/4192/4192
f 4148/4148/4148 4199/4199/4199 4155/4155/4155
f 4302/4302/4302 4301/4301/4301 4271/4271/4271
f 4287/4287/4287 4301/4301/4301 4302/4302/4302
f 4287/4287/4287 4289/4289/4289 4301/4301/4301
f 4286/4286/4286 4289/4289/4289 4287/4287/4287
f 4286/4286/4286 4294/4294/4294 4289/4289/4289
f 4238/4238/4238 4294/4294/4294 4286/4286/4286
f 4238/4238/4238 4187/4187/4187 4294/4294/4294
f 4297/4297/4297 4187/4187/4187 4238/4238/4238
f 4297/4297/4297 4292/4292/4292 4187/4187/4187
f 4290/4290/4290 4292/4292/4292 4297/4297/4297
f 4290/4290/4290 4288/4288/4288 4292/4292/4292
f 4237/4237/4237 4288/4288/4288 4290/4290/4290
f 4237/4237/4237 4276/4276/4276 4288/4288/4288
f 4273/4273/4273 4276/4276/4276 4237/4237/4237
f 4273/4273/4273 4271/4271/4271 4276/4276/4276
f 4302/4302/4302 4271/4271/4271 4273/4273/4273
f 4006/4006/4006 3928/3928/3928 3929/3929/3929
f 4006/4006/4006 3929/3929/3929 4005/4005/4005
f 4006/4006/4006 4005/4005/4005 4009/4009/4009
f 4006/4006/4006 4009/4009/4009 4007/4007/4007
f 4006/4006/4006 4007/4007/4007 4010/4010/4010
f 4006/4006/4006 4010/4010/4010 3927/3927/3927
f 4306/4306/4306 4231/4231/4231 4307/4307/4307
f 4300/4300/4300 4231/4231/4231 4306/4306/4306
f 4300/4300/4300 4303/4303/4303 4231/4231/4231
f 4284/4284/4284 4303/4303/4303 4300/4300/4300
f 4284/4284/4284 4305/4305/4305 4303/4303/4303
f 4253/4253/4253 4305/4305/4305 4284/4284/4284
f 4253/4253/4253 4255/4255/4255 4305/4305/4305
f 4264/4264/4264 4255/4255/4255 4253/4253/4253
f 4264/4264/4264 4257/4257/4257 4255/4255/4255
f 4275/4275/4275 4257/4257/4257 4264/4264/4264
f 4275/4275/4275 4274/4274/4274 4257/4257/4257
f 4277/4277/4277 4274/4274/4274 4275/4275/4275
f 4277/4277/4277 4285/4285/4285 4274/4274/4274
f 4283/4283/4283 4285/4285/4285 4277/4277/4277
f 4283/4283/4283 4307/4307/4307 4285/4285/4285
f 4306/4306/4306 4307/4307/4307 4283/4283/4283
f 3919/3919/3919 3918/3918/3918 3996/3996/3996
f 3996/3996/3996 3995/3995/3995 3919/3919/3919
f 3995/3995/3995 3996/3996/3996 3990/3990/3990
f 3982/3982/3982 3990/3990/3990 3996/3996/3996
f 3990/3990/3990 3982/3982/3982 3908/3908/3908
f 3907/3907/3907 3908/3908/3908 3982/3982/3982
f 4348/4348/4348 4346/4346/4346 4347/4347/4347
f 4350/4350/4350 4348/4348/4348 4347/4347/4347
f 4349/4349/4349 4348/4348/4348 4350/4350/4350
f 4351/4351/4351 4349/4349/4349 4350/4350/4350
f 4330/4330/4330 4349/4349/4349 4351/4351/4351
f 4331/4331/4331 4330/4330/4330 4351/4351/4351
f 4332/4332/4332 4330/4330/4330 4331/4331/4331
f 4333/4333/4333 4332/4332/4332 4331/4331/4331
f 4335/4335/4335 4332/4332/4332 4333/4333/4333
f 4334/4334/4334 4335/4335/4335 4333/4333/4333
f 4336/4336/4336 4335/4335/4335 4334/4334/4334
f 4337/4337/4337 4336/4336/4336 4334/4334/4334
f 4338/4338/4338 4336/4336/4336 4337/4337/4337
f 4339/4339/4339 4338/4338/4338 4337/4337/4337
f 4341/4341/4341 4338/4338/4338 4339/4339/4339
f 4340/4340/4340 4341/4341/4341 4339/4339/4339
f 4344/4344/4344 4341/4341/4341 4340/4340/4340
f 4342/4342/4342 4344/4344/4344 4340/4340/4340
f 4345/4345/4345 4344/4344/4344 4342/4342/4342
f 4343/4343/4343 4345/4345/4345 4342/4342/4342
f 4373/4373/4373 4374/4374/4374 4447/4447/4447
f 4447/4447/4447 4374/4374/4374 4446/4446/4446
f 4447/4447/4447 4446/4446/4446 4451/4451/4451
f 4451/4451/4451 4446/4446/4446 4403/4403/4403
f 4451/4451/4451 4403/4403/4403 4404/4404/4404
f 4404/4404/4404 4403/4403/4403 4457/4457/4457
f 4404/4404/4404 4457/4457/4457 4464/4464/4464
f 4464/4464/4464 4457/4457/4457 4454/4454/4454
f 4505/4505/4505 4513/4513/4513 4512/4512/4512
f 4424/4424/4424 4505/4505/4505 4512/4512/4512
f 4542/4542/4542 4505/4505/4505 4424/4424/4424
f 4525/4525/4525 4542/4542/4542 4424/4424/4424
f 4516/4516/4516 4542/4542/4542 4525/4525/4525
f 4494/4494/4494 4516/4516/4516 4525/4525/4525
f 4467/4467/4467 4516/4516/4516 4494/4494/4494
f 4466/4466/4466 4467/4467/4467 4494/4494/4494
f 4465/4465/4465 4467/4467/4467 4466/4466/4466
f 4422/4422/4422 4465/4465/4465 4466/4466/4466
f 4517/4517/4517 4465/4465/4465 4422/4422/4422
f 4524/4524/4524 4517/4517/4517 4422/4422/4422
f 4518/4518/4518 4517/4517/4517 4524/4524/4524
f 4493/4493/4493 4518/4518/4518 4524/4524/4524
f 4513/4513/4513 4518/4518/4518 4493/4493/4493
f 4512/4512/4512 4513/4513/4513 4493/4493/4493
f 4114/4114/4114 4112/4112/4112 4113/4113/4113
f 4117/4117/4117 4114/4114/4114 4113/4113/4113
f 4115/4115/4115 4114/4114/4114 4117/4117/4117
f 4116/4116/4116 4115/4115/4115 4117/4117/4117
f 4097/4097/4097 4115/4115/4115 4116/4116/4116
f 4096/4096/4096 4097/4097/4097 4116/4116/4116
f 4098/4098/4098 4097/4097/4097 4096/4096/4096
f 4099/4099/4099 4098/4098/4098 4096/4096/4096
f 4100/4100/4100 4098/4098/4098 4099/4099/4099
f 4101/4101/4101 4100/4100/4100 4099/4099/4099
f 4103/4103/4103 4100/4100/4100 4101/4101/4101
f 4102/4102/4102 4103/4103/4103 4101/4101/4101
f 4105/4105/4105 4103/4103/4103 4102/4102/4102
f 4104/4104/4104 4105/4105/4105 4102/4102/4102
f 4107/4107/4107 4105/4105/4105 4104/4104/4104
f 4106/4106/4106 4107/4107/4107 4104/4104/4104
f 4108/4108/4108 4107/4107/4107 4106/4106/4106
f 4109/4109/4109 4108/4108/4108 4106/4106/4106
f 4111/4111/4111 4108/4108/4108 4109/4109/4109
f 4110/4110/4110 4111/4111/4111 4109/4109/4109
f 4084/4084/4084 4083/4083/4083 4082/4082/4082
f 4085/4085/4085 4084/4084/4084 4082/4082/4082
f 4085/4085/4085 4082/4082/4082 4075/4075/4075
f 4086/4086/4086 4085/4085/4085 4075/4075/4075
f 4088/4088/4088 4086/4086/4086 4075/4075/4075
f 4091/4091/4091 4088/4088/4088 4075/4075/4075
f 4090/4090/4090 4091/4091/4091 4075/4075/4075
f 4095/4095/4095 4090/4090/4090 4075/4075/4075
f 4076/4076/4076 4095/4095/4095 4075/4075/4075
f 4079/4079/4079 4076/4076/4076 4075/4075/4075
f 4081/4081/4081 4079/4079/4079 4075/4075/4075
f 4082/4082/4082 4081/4081/4081 4075/4075/4075
f 4087/4087/4087 4084/4084/4084 4085/4085/4085
f 4086/4086/4086 4087/4087/4087 4085/4085/4085
f 4089/4089/4089 4087/4087/4087 4086/4086/4086
f 4088/4088/4088 4089/4089/4089 4086/4086/4086
f 4093/4093/4093 4089/4089/4089 4088/4088/4088
f 4091/4091/4091 4093/4093/4093 4088/4088/4088
f 4094/4094/4094 4093/4093/4093 4091/4091/4091
f 4090/4090/4090 4094/4094/4094 4091/4091/4091
f 4092/4092/4092 4094/4094/4094 4090/4090/4090
f 4095/4095/4095 4092/4092/4092 4090/4090/4090
f 4077/4077/4077 4092/4092/4092 4095/4095/4095
f 4076/4076/4076 4077/4077/4077 4095/4095/4095
f 4078/4078/4078 4077/4077/4077 4076/4076/4076
f 4079/4079/4079 4078/4078/4078 4076/4076/4076
f 4080/4080/4080 4078/4078/4078 4079/4079/4079
f 4081/4081/4081 4080/4080/4080 4079/4079/4079
f 4083/4083/4083 4080/4080/4080 4081/4081/4081
f 4082/4082/4082 4083/4083/4083 4081/4081/4081
f 4124/4124/4124 4131/4131/4131 4123/4123/4123
f 4134/4134/4134 4131/4131/4131 4124/4124/4124
f 4125/4125/4125 4134/4134/4134 4124/4124/4124
f 4136/4136/4136 4134/4134/4134 4125/4125/4125
f 4126/4126/4126 4136/4136/4136 4125/4125/4125
f 4128/4128/4128 4136/4136/4136 4126/4126/4126
f 4127/4127/4127 4128/4128/4128 4126/4126/4126
f 4130/4130/4130 4128/4128/4128 4127/4127/4127
f 4118/4118/4118 4130/4130/4130 4127/4127/4127
f 4138/4138/4138 4130/4130/4130 4118/4118/4118
f 4119/4119/4119 4138/4138/4138 4118/4118/4118
f 4137/4137/4137 4138/4138/4138 4119/4119/4119
f 4120/4120/4120 4137/4137/4137 4119/4119/4119
f 4135/4135/4135 4137/4137/4137 4120/4120/4120
f 4121/4121/4121 4135/4135/4135 4120/4120/4120
f 4132/4132/4132 4135/4135/4135 4121/4121/4121
f 4122/4122/4122 4132/4132/4132 4121/4121/4121
f 4129/4129/4129 4132/4132/4132 4122/4122/4122
f 4123/4123/4123 4129/4129/4129 4122/4122/4122
f 4131/4131/4131 4129/4129/4129 4123/4123/4123
f 4129/4129/4129 4131/4131/4131 4133/4133/4133
f 4131/4131/4131 4134/4134/4134 4133/4133/4133
f 4134/4134/4134 4136/4136/4136 4133/4133/4133
f 4136/4136/4136 4128/4128/4128 4133/4133/4133
f 4128/4128/4128 4130/4130/4130 4133/4133/4133
f 4130/4130/4130 4138/4138/4138 4133/4133/4133
f 4138/4138/4138 4137/4137/4137 4133/4133/4133
f 4137/4137/4137 4135/4135/4135 4133/4133/4133
f 4135/4135/4135 4132/4132/4132 4133/4133/4133
f 4132/4132/4132 4129/4129/4129 4133/4133/4133
f 4578/4578/4578 4579/4579/4579 4577/4577/4577
f 4578/4578/4578 4576/4576/4576 4579/4579/4579
f 4575/4575/4575 4576/4576/4576 4578/4578/4578
f 4575/4575/4575 4574/4574/4574 4576/4576/4576
f 4573/4573/4573 4574/4574/4574 4575/4575/4575
f 4573/4573/4573 4572/4572/4572 4574/4574/4574
f 4571/4571/4571 4572/4572/4572 4573/4573/4573
f 4571/4571/4571 4570/4570/4570 4572/4572/4572
f 4569/4569/4569 4570/4570/4570 4571/4571/4571
f 4569/4569/4569 4568/4568/4568 4570/4570/4570
f 4567/4567/4567 4568/4568/4568 4569/4569/4569
f 4567/4567/4567 4566/4566/4566 4568/4568/4568
f 4565/4565/4565 4566/4566/4566 4567/4567/4567
f 4565/4565/4565 4564/4564/4564 4566/4566/4566
f 4581/4581/4581 4564/4564/4564 4565/4565/4565
f 4581/4581/4581 4585/4585/4585 4564/4564/4564
f 4584/4584/4584 4585/4585/4585 4581/4581/4581
f 4584/4584/4584 4582/4582/4582 4585/4585/4585
f 4583/4583/4583 4582/4582/4582 4584/4584/4584
f 4583/4583/4583 4580/4580/4580 4582/4582/4582
f 4043/4043/4043 4036/4036/4036 4025/4025/4025
f 4039/4039/4039 4036/4036/4036 4043/4043/4043
f 4039/4039/4039 4050/4050/4050 4036/4036/4036
f 4052/4052/4052 4050/4050/4050 4039/4039/4039
f 4052/4052/4052 4070/4070/4070 4050/4050/4050
f 4062/4062/4062 4070/4070/4070 4052/4052/4052
f 4062/4062/4062 3997/3997/3997 4070/4070/4070
f 4066/4066/4066 3997/3997/3997 4062/4062/4062
f 4066/4066/4066 4069/4069/4069 3997/3997/3997
f 4053/4053/4053 4069/4069/4069 4066/4066/4066
f 4053/4053/4053 4061/4061/4061 4069/4069/4069
f 4013/4013/4013 4061/4061/4061 4053/4053/4053
f 4013/4013/4013 4022/4022/4022 4061/4061/4061
f 4030/4030/4030 4022/4022/4022 4013/4013/4013
f 4030/4030/4030 4025/4025/4025 4022/4022/4022
f 4043/4043/4043 4025/4025/4025 4030/4030/4030
f 4203/4203/4203 4201/4201/4201 4193/4193/4193
f 4204/4204/4204 4201/4201/4201 4203/4203/4203
f 4204/4204/4204 4171/4171/4171 4201/4201/4201
f 4172/4172/4172 4171/4171/4171 4204/4204/4204
f 4172/4172/4172 4177/4177/4177 4171/4171/4171
f 4175/4175/4175 4177/4177/4177 4172/4172/4172
f 4175/4175/4175 4176/4176/4176 4177/4177/4177
f 4251/4251/4251 4176/4176/4176 4175/4175/4175
f 4251/4251/4251 4247/4247/4247 4176/4176/4176
f 4250/4250/4250 4247/4247/4247 4251/4251/4251
f 4250/4250/4250 4194/4194/4194 4247/4247/4247
f 4195/4195/4195 4194/4194/4194 4250/4250/4250
f 4195/4195/4195 4200/4200/4200 4194/4194/4194
f 4202/4202/4202 4200/4200/4200 4195/4195/4195
f 4202/4202/4202 4193/4193/4193 4200/4200/4200
f 4203/4203/4203 4193/4193/4193 4202/4202/4202
f 4060/4060/4060 4059/4059/4059 4035/4035/4035
f 4055/4055/4055 4059/4059/4059 4060/4060/4060
f 4055/4055/4055 4048/4048/4048 4059/4059/4059
f 4056/4056/4056 4048/4048/4048 4055/4055/4055
f 4056/4056/4056 4057/4057/4057 4048/4048/4048
f 4003/4003/4003 4057/4057/4057 4056/4056/4056
f 4003/4003/4003 3952/3952/3952 4057/4057/4057
f 4054/4054/4054 3952/3952/3952 4003/4003/4003
f 4054/4054/4054 4058/4058/4058 3952/3952/3952
f 4049/4049/4049 4058/4058/4058 4054/4054/4054
f 4049/4049/4049 4051/4051/4051 4058/4058/4058
f 4002/4002/4002 4051/4051/4051 4049/4049/4049
f 4002/4002/4002 4041/4041/4041 4051/4051/4051
f 4038/4038/4038 4041/4041/4041 4002/4002/4002
f 4038/4038/4038 4035/4035/4035 4041/4041/4041
f 4060/4060/4060 4035/4035/4035 4038/4038/4038
g studio.a10.mesh_3
f 4753/4753/4753 4754/4754/4754 4745/4745/4745
f 4754/4754/4754 4753/4753/4753 4755/4755/4755
f 4757/4757/4757 4754/4754/4754 4755/4755/4755
f 4756/4756/4756 4757/4757/4757 4755/4755/4755
f 4757/4757/4757 4756/4756/4756 4752/4752/4752
f 4637/4637/4637 4608/4608/4608 4671/4671/4671
f 4655/4655/4655 4652/4652/4652 4641/4641/4641
f 4652/4652/4652 4640/4640/4640 4641/4641/4641
f 4641/4641/4641 4640/4640/4640 4639/4639/4639
f 4640/4640/4640 4608/4608/4608 4639/4639/4639
f 4639/4639/4639 4608/4608/4608 4638/4638/4638
f 4638/4638/4638 4608/4608/4608 4637/4637/4637
f 4643/4643/4643 4638/4638/4638 4637/4637/4637
f 4643/4643/4643 4642/4642/4642 4638/4638/4638
f 4648/4648/4648 4642/4642/4642 4643/4643/4643
f 4648/4648/4648 4653/4653/4653 4642/4642/4642
f 4653/4653/4653 4641/4641/4641 4642/4642/4642
f 4642/4642/4642 4641/4641/4641 4639/4639/4639
f 4642/4642/4642 4639/4639/4639 4638/4638/4638
f 4656/4656/4656 4655/4655/4655 4654/4654/4654
f 4761/4761/4761 4655/4655/4655 4656/4656/4656
f 4761/4761/4761 4762/4762/4762 4655/4655/4655
f 4762/4762/4762 4652/4652/4652 4655/4655/4655
f 4674/4674/4674 4723/4723/4723 4726/4726/4726
f 4723/4723/4723 4725/4725/4725 4726/4726/4726
f 4723/4723/4723 4724/4724/4724 4725/4725/4725
f 4723/4723/4723 4717/4717/4717 4724/4724/4724
f 4717/4717/4717 4718/4718/4718 4724/4724/4724
f 4717/4717/4717 4672/4672/4672 4718/4718/4718
f 4671/4671/4671 4672/4672/4672 4717/4717/4717
f 4673/4673/4673 4671/4671/4671 4717/4717/4717
f 4673/4673/4673 4637/4637/4637 4671/4671/4671
f 4644/4644/4644 4637/4637/4637 4673/4673/4673
f 4644/4644/4644 4643/4643/4643 4637/4637/4637
f 4646/4646/4646 4643/4643/4643 4644/4644/4644
f 4646/4646/4646 4648/4648/4648 4643/4643/4643
f 4648/4648/4648 4646/4646/4646 4649/4649/4649
f 4654/4654/4654 4648/4648/4648 4649/4649/4649
f 4654/4654/4654 4653/4653/4653 4648/4648/4648
f 4655/4655/4655 4653/4653/4653 4654/4654/4654
f 4655/4655/4655 4641/4641/4641 4653/4653/4653
f 4673/4673/4673 4717/4717/4717 4723/4723/4723
f 4674/4674/4674 4673/4673/4673 4723/4723/4723
f 4674/4674/4674 4644/4644/4644 4673/4673/4673
f 4645/4645/4645 4644/4644/4644 4674/4674/4674
f 4645/4645/4645 4646/4646/4646 4644/4644/4644
f 4649/4649/4649 4646/4646/4646 4645/4645/4645
f 4614/4614/4614 4610/4610/4610 4618/4618/4618
f 4618/4618/4618 4610/4610/4610 4616/4616/4616
f 4610/4610/4610 4611/4611/4611 4616/4616/4616
f 4616/4616/4616 4611/4611/4611 4612/4612/4612
f 4762/4762/4762 4612/4612/4612 4611/4611/4611
f 4768/4768/4768 4612/4612/4612 4762/4762/4762
f 4768/4768/4768 4762/4762/4762 4761/4761/4761
f 4760/4760/4760 4768/4768/4768 4761/4761/4761
f 4761/4761/4761 4656/4656/4656 4760/4760/4760
f 4760/4760/4760 4656/4656/4656 4657/4657/4657
f 4656/4656/4656 4654/4654/4654 4657/4657/4657
f 4657/4657/4657 4654/4654/4654 4651/4651/4651
f 4651/4651/4651 4654/4654/4654 4649/4649/4649
f 4651/4651/4651 4649/4649/4649 4647/4647/4647
f 4647/4647/4647 4649/4649/4649 4645/4645/4645
f 4647/4647/4647 4645/4645/4645 4675/4675/4675
f 4675/4675/4675 4645/4645/4645 4674/4674/4674
f 4675/4675/4675 4674/4674/4674 4726/4726/4726
f 4623/4623/4623 4612/4612/4612 4768/4768/4768
f 4616/4616/4616 4612/4612/4612 4623/4623/4623
f 4622/4622/4622 4616/4616/4616 4623/4623/4623
f 4622/4622/4622 4621/4621/4621 4616/4616/4616
f 4621/4621/4621 4618/4618/4618 4616/4616/4616
f 4617/4617/4617 4618/4618/4618 4621/4621/4621
f 4620/4620/4620 4619/4619/4619 4617/4617/4617
f 4620/4620/4620 4617/4617/4617 4621/4621/4621
f 4620/4620/4620 4621/4621/4621 4624/4624/4624
f 4624/4624/4624 4621/4621/4621 4622/4622/4622
f 4624/4624/4624 4622/4622/4622 4630/4630/4630
f 4630/4630/4630 4622/4622/4622 4623/4623/4623
f 4660/4660/4660 4630/4630/4630 4623/4623/4623
f 4660/4660/4660 4623/4623/4623 4768/4768/4768
f 4767/4767/4767 4660/4660/4660 4768/4768/4768
f 4767/4767/4767 4768/4768/4768 4760/4760/4760
f 4767/4767/4767 4760/4760/4760 4667/4667/4667
f 4760/4760/4760 4657/4657/4657 4667/4667/4667
f 4667/4667/4667 4657/4657/4657 4659/4659/4659
f 4659/4659/4659 4657/4657/4657 4651/4651/4651
f 4659/4659/4659 4651/4651/4651 4650/4650/4650
f 4650/4650/4650 4651/4651/4651 4647/4647/4647
f 4650/4650/4650 4647/4647/4647 4676/4676/4676
f 4676/4676/4676 4647/4647/4647 4675/4675/4675
f 4722/4722/4722 4719/4719/4719 4721/4721/4721
f 4722/4722/4722 4721/4721/4721 4734/4734/4734
f 4729/4729/4729 4722/4722/4722 4734/4734/4734
f 4729/4729/4729 4734/4734/4734 4732/4732/4732
f 4728/4728/4728 4729/4729/4729 4732/4732/4732
f 4731/4731/4731 4728/4728/4728 4732/4732/4732
f 4727/4727/4727 4728/4728/4728 4731/4731/4731
f 4730/4730/4730 4727/4727/4727 4731/4731/4731
f 4676/4676/4676 4727/4727/4727 4730/4730/4730
f 4677/4677/4677 4676/4676/4676 4730/4730/4730
f 4677/4677/4677 4650/4650/4650 4676/4676/4676
f 4658/4658/4658 4650/4650/4650 4677/4677/4677
f 4658/4658/4658 4659/4659/4659 4650/4650/4650
f 4664/4664/4664 4659/4659/4659 4658/4658/4658
f 4664/4664/4664 4667/4667/4667 4659/4659/4659
f 4664/4664/4664 4666/4666/4666 4667/4667/4667
f 4666/4666/4666 4669/4669/4669 4667/4667/4667
f 4669/4669/4669 4767/4767/4767 4667/4667/4667
f 4662/4662/4662 4767/4767/4767 4669/4669/4669
f 4660/4660/4660 4767/4767/4767 4662/4662/4662
f 4665/4665/4665 4662/4662/4662 4669/4669/4669
f 4734/4734/4734 4721/4721/4721 4735/4735/4735
f 4732/4732/4732 4734/4734/4734 4735/4735/4735
f 4666/4666/4666 4665/4665/4665 4669/4669/4669
f 4665/4665/4665 4666/4666/4666 4663/4663/4663
f 4663/4663/4663 4666/4666/4666 4664/4664/4664
f 4670/4670/4670 4663/4663/4663 4664/4664/4664
f 4670/4670/4670 4664/4664/4664 4658/4658/4658
f 4670/4670/4670 4658/4658/4658 4678/4678/4678
f 4678/4678/4678 4658/4658/4658 4677/4677/4677
f 4678/4678/4678 4677/4677/4677 4738/4738/4738
f 4677/4677/4677 4730/4730/4730 4738/4738/4738
f 4738/4738/4738 4730/4730/4730 4741/4741/4741
f 4730/4730/4730 4731/4731/4731 4741/4741/4741
f 4741/4741/4741 4731/4731/4731 4737/4737/4737
f 4731/4731/4731 4732/4732/4732 4737/4737/4737
f 4737/4737/4737 4732/4732/4732 4736/4736/4736
f 4736/4736/4736 4732/4732/4732 4735/4735/4735
f 4736/4736/4736 4735/4735/4735 4769/4769/4769
f 4764/4764/4764 4736/4736/4736 4769/4769/4769
f 4737/4737/4737 4736/4736/4736 4764/4764/4764
f 4747/4747/4747 4737/4737/4737 4764/4764/4764
f 4741/4741/4741 4737/4737/4737 4747/4747/4747
f 4751/4751/4751 4741/4741/4741 4747/4747/4747
f 4738/4738/4738 4741/4741/4741 4751/4751/4751
f 4749/4749/4749 4738/4738/4738 4751/4751/4751
f 4678/4678/4678 4738/4738/4738 4749/4749/4749
f 4679/4679/4679 4678/4678/4678 4749/4749/4749
f 4679/4679/4679 4670/4670/4670 4678/4678/4678
f 4663/4663/4663 4670/4670/4670 4679/4679/4679
f 4680/4680/4680 4663/4663/4663 4679/4679/4679
f 4668/4668/4668 4663/4663/4663 4680/4680/4680
f 4668/4668/4668 4665/4665/4665 4663/4663/4663
f 4668/4668/4668 4636/4636/4636 4665/4665/4665
f 4665/4665/4665 4636/4636/4636 4662/4662/4662
f 4636/4636/4636 4661/4661/4661 4662/4662/4662
f 4661/4661/4661 4660/4660/4660 4662/4662/4662
f 4630/4630/4630 4660/4660/4660 4661/4661/4661
f 4632/4632/4632 4630/4630/4630 4661/4661/4661
f 4629/4629/4629 4630/4630/4630 4632/4632/4632
f 4629/4629/4629 4624/4624/4624 4630/4630/4630
f 4635/4635/4635 4632/4632/4632 4661/4661/4661
f 4636/4636/4636 4635/4635/4635 4661/4661/4661
f 4635/4635/4635 4636/4636/4636 4668/4668/4668
f 4751/4751/4751 4747/4747/4747 4746/4746/4746
f 4751/4751/4751 4746/4746/4746 4748/4748/4748
f 4749/4749/4749 4751/4751/4751 4748/4748/4748
f 4679/4679/4679 4749/4749/4749 4748/4748/4748
f 4680/4680/4680 4679/4679/4679 4748/4748/4748
f 4764/4764/4764 4765/4765/4765 4766/4766/4766
f 4747/4747/4747 4764/4764/4764 4766/4766/4766
f 4750/4750/4750 4747/4747/4747 4766/4766/4766
f 4747/4747/4747 4750/4750/4750 4746/4746/4746
f 4746/4746/4746 4750/4750/4750 4744/4744/4744
f 4748/4748/4748 4746/4746/4746 4744/4744/4744
f 4743/4743/4743 4748/4748/4748 4744/4744/4744
f 4680/4680/4680 4748/4748/4748 4743/4743/4743
f 4681/4681/4681 4680/4680/4680 4743/4743/4743
f 4681/4681/4681 4668/4668/4668 4680/4680/4680
f 4634/4634/4634 4668/4668/4668 4681/4681/4681
f 4634/4634/4634 4635/4635/4635 4668/4668/4668
f 4634/4634/4634 4633/4633/4633 4635/4635/4635
f 4633/4633/4633 4632/4632/4632 4635/4635/4635
f 4633/4633/4633 4628/4628/4628 4632/4632/4632
f 4628/4628/4628 4629/4629/4629 4632/4632/4632
f 4628/4628/4628 4625/4625/4625 4629/4629/4629
f 4625/4625/4625 4624/4624/4624 4629/4629/4629
f 4631/4631/4631 4633/4633/4633 4634/4634/4634
f 4631/4631/4631 4634/4634/4634 4682/4682/4682
f 4682/4682/4682 4634/4634/4634 4681/4681/4681
f 4627/4627/4627 4628/4628/4628 4633/4633/4633
f 4631/4631/4631 4627/4627/4627 4633/4633/4633
f 4627/4627/4627 4631/4631/4631 4683/4683/4683
f 4683/4683/4683 4631/4631/4631 4682/4682/4682
f 4683/4683/4683 4682/4682/4682 4711/4711/4711
f 4682/4682/4682 4715/4715/4715 4711/4711/4711
f 4682/4682/4682 4681/4681/4681 4715/4715/4715
f 4681/4681/4681 4743/4743/4743 4715/4715/4715
f 4626/4626/4626 4625/4625/4625 4628/4628/4628
f 4627/4627/4627 4626/4626/4626 4628/4628/4628
f 4626/4626/4626 4627/4627/4627 4684/4684/4684
f 4684/4684/4684 4627/4627/4627 4683/4683/4683
f 4684/4684/4684 4683/4683/4683 4707/4707/4707
f 4683/4683/4683 4711/4711/4711 4707/4707/4707
f 4711/4711/4711 4712/4712/4712 4707/4707/4707
f 4715/4715/4715 4712/4712/4712 4711/4711/4711
f 4714/4714/4714 4712/4712/4712 4715/4715/4715
f 4715/4715/4715 4743/4743/4743 4714/4714/4714
f 4743/4743/4743 4716/4716/4716 4714/4714/4714
f 4744/4744/4744 4716/4716/4716 4743/4743/4743
f 4625/4625/4625 4620/4620/4620 4624/4624/4624
f 4619/4619/4619 4620/4620/4620 4625/4625/4625
f 4626/4626/4626 4619/4619/4619 4625/4625/4625
f 4619/4619/4619 4626/4626/4626 4685/4685/4685
f 4685/4685/4685 4626/4626/4626 4684/4684/4684
f 4685/4685/4685 4684/4684/4684 4706/4706/4706
f 4684/4684/4684 4707/4707/4707 4706/4706/4706
f 4707/4707/4707 4708/4708/4708 4706/4706/4706
f 4712/4712/4712 4708/4708/4708 4707/4707/4707
f 4712/4712/4712 4713/4713/4713 4708/4708/4708
f 4714/4714/4714 4713/4713/4713 4712/4712/4712
f 4739/4739/4739 4713/4713/4713 4714/4714/4714
f 4716/4716/4716 4739/4739/4739 4714/4714/4714
f 4742/4742/4742 4739/4739/4739 4716/4716/4716
f 4744/4744/4744 4742/4742/4742 4716/4716/4716
f 4750/4750/4750 4742/4742/4742 4744/4744/4744
f 4750/4750/4750 4766/4766/4766 4742/4742/4742
f 4742/4742/4742 4766/4766/4766 4740/4740/4740
f 4685/4685/4685 4706/4706/4706 4699/4699/4699
f 4739/4739/4739 4742/4742/4742 4740/4740/4740
f 4739/4739/4739 4740/4740/4740 4710/4710/4710
f 4740/4740/4740 4703/4703/4703 4710/4710/4710
f 4703/4703/4703 4702/4702/4702 4710/4710/4710
f 4702/4702/4702 4703/4703/4703 4696/4696/4696
f 4702/4702/4702 4696/4696/4696 4700/4700/4700
f 4696/4696/4696 4698/4698/4698 4700/4700/4700
f 4700/4700/4700 4698/4698/4698 4697/4697/4697
f 4701/4701/4701 4700/4700/4700 4697/4697/4697
f 4701/4701/4701 4697/4697/4697 4699/4699/4699
f 4705/4705/4705 4701/4701/4701 4699/4699/4699
f 4706/4706/4706 4705/4705/4705 4699/4699/4699
f 4708/4708/4708 4705/4705/4705 4706/4706/4706
f 4708/4708/4708 4709/4709/4709 4705/4705/4705
f 4713/4713/4713 4709/4709/4709 4708/4708/4708
f 4713/4713/4713 4710/4710/4710 4709/4709/4709
f 4713/4713/4713 4739/4739/4739 4710/4710/4710
f 4709/4709/4709 4704/4704/4704 4705/4705/4705
f 4709/4709/4709 4710/4710/4710 4704/4704/4704
f 4710/4710/4710 4702/4702/4702 4704/4704/4704
f 4702/4702/4702 4700/4700/4700 4704/4704/4704
f 4704/4704/4704 4700/4700/4700 4701/4701/4701
f 4705/4705/4705 4704/4704/4704 4701/4701/4701
f 4766/4766/4766 4765/4765/4765 4740/4740/4740
f 4765/4765/4765 4703/4703/4703 4740/4740/4740
f 4765/4765/4765 4692/4692/4692 4703/4703/4703
f 4703/4703/4703 4692/4692/4692 4696/4696/4696
f 4692/4692/4692 4691/4691/4691 4696/4696/4696
f 4696/4696/4696 4691/4691/4691 4690/4690/4690
f 4698/4698/4698 4696/4696/4696 4690/4690/4690
f 4698/4698/4698 4690/4690/4690 4695/4695/4695
f 4697/4697/4697 4698/4698/4698 4695/4695/4695
f 4697/4697/4697 4695/4695/4695 4694/4694/4694
f 4697/4697/4697 4694/4694/4694 4699/4699/4699
f 4686/4686/4686 4699/4699/4699 4694/4694/4694
f 4686/4686/4686 4685/4685/4685 4699/4699/4699
f 4686/4686/4686 4619/4619/4619 4685/4685/4685
f 4615/4615/4615 4619/4619/4619 4686/4686/4686
f 4619/4619/4619 4615/4615/4615 4617/4617/4617
f 4615/4615/4615 4614/4614/4614 4617/4617/4617
f 4614/4614/4614 4618/4618/4618 4617/4617/4617
f 4763/4763/4763 4692/4692/4692 4765/4765/4765
f 4691/4691/4691 4692/4692/4692 4763/4763/4763
f 4609/4609/4609 4610/4610/4610 4614/4614/4614
f 4613/4613/4613 4609/4609/4609 4614/4614/4614
f 4613/4613/4613 4614/4614/4614 4615/4615/4615
f 4688/4688/4688 4613/4613/4613 4615/4615/4615
f 4687/4687/4687 4688/4688/4688 4615/4615/4615
f 4687/4687/4687 4694/4694/4694 4688/4688/4688
f 4687/4687/4687 4686/4686/4686 4694/4694/4694
f 4687/4687/4687 4615/4615/4615 4686/4686/4686
f 4688/4688/4688 4609/4609/4609 4613/4613/4613
f 4695/4695/4695 4690/4690/4690 4689/4689/4689
f 4695/4695/4695 4689/4689/4689 4693/4693/4693
f 4694/4694/4694 4695/4695/4695 4693/4693/4693
f 4694/4694/4694 4693/4693/4693 4688/4688/4688
f 4693/4693/4693 4689/4689/4689 4688/4688/4688
f 4676/4676/4676 4675/4675/4675 4727/4727/4727
f 4675/4675/4675 4726/4726/4726 4727/4727/4727
f 4727/4727/4727 4726/4726/4726 4728/4728/4728
f 4726/4726/4726 4725/4725/4725 4728/4728/4728
f 4728/4728/4728 4725/4725/4725 4729/4729/4729
f 4725/4725/4725 4724/4724/4724 4729/4729/4729
f 4724/4724/4724 4722/4722/4722 4729/4729/4729
f 4724/4724/4724 4718/4718/4718 4722/4722/4722
f 4718/4718/4718 4719/4719/4719 4722/4722/4722
f 4718/4718/4718 4672/4672/4672 4719/4719/4719
f 4719/4719/4719 4672/4672/4672 4720/4720/4720
f 4719/4719/4719 4720/4720/4720 4721/4721/4721
f 4721/4721/4721 4720/4720/4720 4733/4733/4733
f 4721/4721/4721 4733/4733/4733 4735/4735/4735
f 4735/4735/4735 4733/4733/4733 4763/4763/4763
f 4735/4735/4735 4763/4763/4763 4769/4769/4769
f 4769/4769/4769 4763/4763/4763 4765/4765/4765
f 4769/4769/4769 4765/4765/4765 4764/4764/4764
f 4759/4759/4759 4774/4774/4774 4771/4771/4771
f 4772/4772/4772 4771/4771/4771 4774/4774/4774
f 4772/4772/4772 4770/4770/4770 4771/4771/4771
f 4772/4772/4772 4773/4773/4773 4770/4770/4770
f 4758/4758/4758 4770/4770/4770 4773/4773/4773
g studio.a10.mesh_4
f 4778/4778/4778 4775/4775/4775 4777/4777/4777
f 4776/4776/4776 4778/4778/4778 4777/4777/4777
f 4782/4782/4782 4779/4779/4779 4781/4781/4781
f 4780/4780/4780 4782/4782/4782 4781/4781/4781
